customer_id,total_orders,average_order_value,total_spending,weekend_orders,late_night_orders,active_months_x,ordering_frequency,active_months_y,average_rating_given,cluster,cluster_name,dbscan_cluster
CUST_0001,5,157.95,789.75,2,2,5.466666666666667,0.9146341463414634,5.466666666666667,3.6,0,Regular Moderate-Value Customers,0
CUST_0002,3,125.34666666666665,376.03999999999996,1,1,2.3,1.3043478260869565,2.3,3.6666666666666665,2,Occasional Low-Spend Customers,0
CUST_0003,3,194.97000000000003,584.9100000000001,0,1,1.3666666666666667,2.1951219512195124,1.3666666666666667,3.3333333333333335,2,Occasional Low-Spend Customers,0
CUST_0004,3,280.41,841.23,1,1,5.033333333333333,0.5960264900662252,5.033333333333333,4.0,0,Regular Moderate-Value Customers,0
CUST_0005,2,148.73000000000002,297.46000000000004,0,2,4.466666666666667,0.44776119402985076,4.466666666666667,3.0,0,Regular Moderate-Value Customers,0
CUST_0006,3,212.01999999999998,636.06,0,2,4.833333333333333,0.6206896551724138,4.833333333333333,3.0,0,Regular Moderate-Value Customers,0
CUST_0007,6,230.3066666666667,1381.8400000000001,3,1,4.366666666666666,1.3740458015267176,4.366666666666666,2.8333333333333335,1,Premium Frequent Diners,0
CUST_0008,8,223.28125,1786.25,2,4,4.833333333333333,1.6551724137931036,4.833333333333333,3.375,1,Premium Frequent Diners,0
CUST_0009,5,286.614,1433.07,1,3,4.733333333333333,1.056338028169014,4.733333333333333,3.2,0,Regular Moderate-Value Customers,0
CUST_0010,5,355.116,1775.58,1,0,4.133333333333334,1.2096774193548385,4.133333333333334,2.4,0,Regular Moderate-Value Customers,-1
CUST_0011,6,174.86166666666668,1049.17,1,4,5.5,1.0909090909090908,5.5,3.0,1,Premium Frequent Diners,0
CUST_0012,9,225.88,2032.92,1,4,2.7666666666666666,3.253012048192771,2.7666666666666666,3.4444444444444446,1,Premium Frequent Diners,-1
CUST_0013,6,210.78,1264.68,0,2,4.433333333333334,1.3533834586466165,4.433333333333334,3.1666666666666665,0,Regular Moderate-Value Customers,0
CUST_0014,6,187.865,1127.19,2,3,3.4,1.7647058823529411,3.4,3.0,1,Premium Frequent Diners,0
CUST_0015,4,205.3075,821.23,0,3,4.233333333333333,0.9448818897637795,4.233333333333333,3.25,0,Regular Moderate-Value Customers,0
CUST_0016,2,107.285,214.57,2,1,1.0,2.0,1.0,3.0,2,Occasional Low-Spend Customers,0
CUST_0017,4,301.39,1205.56,0,0,3.8,1.0526315789473684,3.8,3.75,0,Regular Moderate-Value Customers,0
CUST_0018,4,197.35250000000002,789.4100000000001,1,1,4.966666666666667,0.8053691275167785,4.966666666666667,3.5,0,Regular Moderate-Value Customers,0
CUST_0019,8,233.94625000000002,1871.5700000000002,4,4,3.2,2.5,3.2,3.625,1,Premium Frequent Diners,0
CUST_0020,8,184.625,1477.0,5,5,3.9,2.0512820512820515,3.9,2.875,1,Premium Frequent Diners,0
CUST_0021,3,230.06333333333336,690.19,1,2,4.533333333333333,0.6617647058823529,4.533333333333333,3.0,0,Regular Moderate-Value Customers,0
CUST_0022,5,164.026,820.13,4,2,3.566666666666667,1.4018691588785046,3.566666666666667,2.2,0,Regular Moderate-Value Customers,-1
CUST_0023,9,188.76666666666668,1698.9,2,4,5.033333333333333,1.7880794701986755,5.033333333333333,3.0,1,Premium Frequent Diners,0
CUST_0024,5,324.63800000000003,1623.19,1,3,2.9,1.7241379310344829,2.9,3.6,1,Premium Frequent Diners,0
CUST_0025,5,214.80599999999998,1074.03,0,0,3.8666666666666667,1.293103448275862,3.8666666666666667,3.4,0,Regular Moderate-Value Customers,0
CUST_0026,6,209.36333333333334,1256.18,0,2,3.933333333333333,1.5254237288135595,3.933333333333333,3.3333333333333335,0,Regular Moderate-Value Customers,0
CUST_0027,4,156.27,625.08,0,1,5.133333333333334,0.7792207792207791,5.133333333333334,2.5,0,Regular Moderate-Value Customers,0
CUST_0028,4,147.6275,590.51,1,2,2.5,1.6,2.5,3.5,2,Occasional Low-Spend Customers,0
CUST_0029,6,254.37666666666667,1526.26,0,2,5.0,1.2,5.0,3.1666666666666665,0,Regular Moderate-Value Customers,0
CUST_0030,2,174.41,348.82,1,1,1.8666666666666667,1.0714285714285714,1.8666666666666667,3.0,2,Occasional Low-Spend Customers,0
CUST_0031,7,246.55285714285716,1725.8700000000001,1,3,5.133333333333334,1.3636363636363635,5.133333333333334,2.857142857142857,1,Premium Frequent Diners,0
CUST_0032,3,126.41333333333334,379.24,2,1,2.1666666666666665,1.3846153846153848,2.1666666666666665,3.3333333333333335,2,Occasional Low-Spend Customers,0
CUST_0033,4,169.575,678.3,3,0,3.6,1.1111111111111112,3.6,3.75,0,Regular Moderate-Value Customers,0
CUST_0034,4,219.3375,877.35,1,1,1.7,2.3529411764705883,1.7,2.75,2,Occasional Low-Spend Customers,0
CUST_0035,3,240.22,720.66,1,2,2.7333333333333334,1.0975609756097562,2.7333333333333334,2.6666666666666665,2,Occasional Low-Spend Customers,0
CUST_0036,1,136.03,136.03,0,0,1.0,1.0,1.0,2.0,2,Occasional Low-Spend Customers,1
CUST_0037,3,133.23666666666668,399.71000000000004,1,0,2.1,1.4285714285714286,2.1,2.6666666666666665,2,Occasional Low-Spend Customers,0
CUST_0038,4,237.185,948.74,1,3,2.8666666666666667,1.3953488372093024,2.8666666666666667,2.5,0,Regular Moderate-Value Customers,0
CUST_0039,5,175.368,876.84,1,1,3.6,1.3888888888888888,3.6,3.6,0,Regular Moderate-Value Customers,0
CUST_0040,2,135.85500000000002,271.71000000000004,1,0,4.733333333333333,0.4225352112676056,4.733333333333333,3.0,0,Regular Moderate-Value Customers,0
CUST_0041,4,324.0325,1296.13,0,1,4.133333333333334,0.9677419354838709,4.133333333333334,3.75,0,Regular Moderate-Value Customers,0
CUST_0042,5,192.042,960.21,1,2,4.533333333333333,1.1029411764705883,4.533333333333333,3.4,0,Regular Moderate-Value Customers,0
CUST_0043,5,155.95,779.75,0,1,4.433333333333334,1.1278195488721805,4.433333333333334,3.6,0,Regular Moderate-Value Customers,0
CUST_0044,8,291.4075,2331.26,1,4,4.0,2.0,4.0,3.0,1,Premium Frequent Diners,0
CUST_0045,4,234.1775,936.71,2,3,4.066666666666666,0.9836065573770493,4.066666666666666,4.0,0,Regular Moderate-Value Customers,0
CUST_0046,5,265.172,1325.8600000000001,1,2,3.933333333333333,1.2711864406779663,3.933333333333333,3.2,0,Regular Moderate-Value Customers,0
CUST_0047,8,250.625,2005.0,3,2,4.766666666666667,1.6783216783216783,4.766666666666667,3.375,1,Premium Frequent Diners,0
CUST_0048,3,145.1966666666667,435.59000000000003,2,0,4.666666666666667,0.6428571428571428,4.666666666666667,3.0,0,Regular Moderate-Value Customers,0
CUST_0049,4,181.245,724.98,1,1,1.9333333333333333,2.0689655172413794,1.9333333333333333,3.75,2,Occasional Low-Spend Customers,0
CUST_0051,6,155.63666666666666,933.8199999999999,3,2,5.366666666666666,1.1180124223602486,5.366666666666666,3.6666666666666665,0,Regular Moderate-Value Customers,0
CUST_0052,8,139.8,1118.4,3,3,5.166666666666667,1.5483870967741935,5.166666666666667,3.5,1,Premium Frequent Diners,0
CUST_0053,5,239.092,1195.46,3,1,3.466666666666667,1.4423076923076923,3.466666666666667,3.2,0,Regular Moderate-Value Customers,0
CUST_0054,6,135.74333333333334,814.46,2,2,2.8333333333333335,2.1176470588235294,2.8333333333333335,3.0,2,Occasional Low-Spend Customers,0
CUST_0055,5,138.156,690.78,0,1,3.2666666666666666,1.530612244897959,3.2666666666666666,3.6,2,Occasional Low-Spend Customers,0
CUST_0056,9,169.64333333333332,1526.79,3,3,4.566666666666666,1.9708029197080292,4.566666666666666,3.4444444444444446,1,Premium Frequent Diners,0
CUST_0057,6,194.19333333333336,1165.16,2,3,5.533333333333333,1.0843373493975903,5.533333333333333,3.5,1,Premium Frequent Diners,0
CUST_0058,2,180.03,360.06,1,0,1.0,2.0,1.0,4.0,2,Occasional Low-Spend Customers,0
CUST_0059,8,187.405,1499.24,2,4,4.266666666666667,1.875,4.266666666666667,3.125,1,Premium Frequent Diners,0
CUST_0060,6,262.085,1572.51,5,2,4.933333333333334,1.2162162162162162,4.933333333333334,3.0,1,Premium Frequent Diners,0
CUST_0061,6,175.8033333333333,1054.82,0,3,5.433333333333334,1.1042944785276072,5.433333333333334,3.1666666666666665,0,Regular Moderate-Value Customers,0
CUST_0062,4,215.36,861.44,1,0,4.266666666666667,0.9375,4.266666666666667,2.25,0,Regular Moderate-Value Customers,0
CUST_0063,3,220.57000000000002,661.71,0,1,5.733333333333333,0.5232558139534884,5.733333333333333,4.666666666666667,0,Regular Moderate-Value Customers,-1
CUST_0064,3,319.88,959.64,2,1,3.3666666666666667,0.8910891089108911,3.3666666666666667,3.0,0,Regular Moderate-Value Customers,0
CUST_0065,7,243.08857142857144,1701.6200000000001,2,1,5.533333333333333,1.2650602409638554,5.533333333333333,3.2857142857142856,1,Premium Frequent Diners,0
CUST_0066,3,167.47333333333333,502.42,1,1,2.9,1.0344827586206897,2.9,4.0,2,Occasional Low-Spend Customers,0
CUST_0067,6,365.1933333333333,2191.16,1,1,5.4,1.111111111111111,5.4,3.1666666666666665,1,Premium Frequent Diners,0
CUST_0068,4,117.895,471.58,1,1,3.7666666666666666,1.0619469026548674,3.7666666666666666,4.5,0,Regular Moderate-Value Customers,0
CUST_0069,5,230.38000000000002,1151.9,2,3,4.9,1.0204081632653061,4.9,3.8,0,Regular Moderate-Value Customers,0
CUST_0070,5,216.69,1083.45,0,1,3.4,1.4705882352941178,3.4,2.6,0,Regular Moderate-Value Customers,0
CUST_0071,4,238.8475,955.39,2,1,5.2,0.7692307692307692,5.2,3.25,0,Regular Moderate-Value Customers,0
CUST_0072,6,236.67833333333337,1420.0700000000002,1,1,5.2,1.1538461538461537,5.2,2.6666666666666665,0,Regular Moderate-Value Customers,0
CUST_0073,4,273.175,1092.7,1,1,5.466666666666667,0.7317073170731707,5.466666666666667,3.75,0,Regular Moderate-Value Customers,0
CUST_0074,7,164.18428571428572,1149.29,3,3,5.6,1.25,5.6,3.2857142857142856,1,Premium Frequent Diners,0
CUST_0075,3,149.06666666666666,447.2,1,0,1.3,2.3076923076923075,1.3,3.0,2,Occasional Low-Spend Customers,0
CUST_0076,5,227.48000000000002,1137.4,1,1,4.966666666666667,1.006711409395973,4.966666666666667,2.4,0,Regular Moderate-Value Customers,0
CUST_0077,11,163.0290909090909,1793.32,2,6,5.8,1.896551724137931,5.8,3.090909090909091,1,Premium Frequent Diners,-1
CUST_0078,2,149.86,299.72,1,1,1.0,2.0,1.0,3.0,2,Occasional Low-Spend Customers,0
CUST_0079,4,182.88,731.52,1,3,3.7666666666666666,1.0619469026548674,3.7666666666666666,3.25,0,Regular Moderate-Value Customers,0
CUST_0080,8,197.025,1576.2,1,2,4.766666666666667,1.6783216783216783,4.766666666666667,3.0,1,Premium Frequent Diners,0
CUST_0081,4,199.0325,796.13,3,0,4.433333333333334,0.9022556390977443,4.433333333333334,3.5,0,Regular Moderate-Value Customers,0
CUST_0082,6,229.56500000000003,1377.39,0,2,4.933333333333334,1.2162162162162162,4.933333333333334,3.1666666666666665,0,Regular Moderate-Value Customers,0
CUST_0083,4,267.9075,1071.63,0,2,3.033333333333333,1.3186813186813187,3.033333333333333,3.25,0,Regular Moderate-Value Customers,0
CUST_0084,4,284.1075,1136.43,2,2,1.4666666666666666,2.7272727272727275,1.4666666666666666,3.0,2,Occasional Low-Spend Customers,0
CUST_0085,4,140.9575,563.83,1,1,2.033333333333333,1.9672131147540985,2.033333333333333,4.0,2,Occasional Low-Spend Customers,0
CUST_0086,9,236.17999999999998,2125.62,0,2,4.8,1.875,4.8,3.4444444444444446,1,Premium Frequent Diners,0
CUST_0087,6,202.71333333333334,1216.28,3,2,3.6,1.6666666666666665,3.6,3.1666666666666665,1,Premium Frequent Diners,0
CUST_0088,9,190.61666666666667,1715.55,5,2,4.7,1.9148936170212765,4.7,3.2222222222222223,1,Premium Frequent Diners,0
CUST_0089,6,208.15333333333334,1248.92,1,3,4.0,1.5,4.0,2.8333333333333335,1,Premium Frequent Diners,0
CUST_0090,5,172.98399999999998,864.92,1,0,3.8666666666666667,1.293103448275862,3.8666666666666667,3.4,0,Regular Moderate-Value Customers,0
CUST_0091,4,166.5625,666.25,1,2,2.433333333333333,1.6438356164383563,2.433333333333333,3.25,2,Occasional Low-Spend Customers,0
CUST_0092,5,204.908,1024.54,3,1,3.7,1.3513513513513513,3.7,3.6,0,Regular Moderate-Value Customers,0
CUST_0093,9,167.37444444444444,1506.37,4,4,5.1,1.7647058823529413,5.1,2.888888888888889,1,Premium Frequent Diners,0
CUST_0094,3,154.82666666666668,464.48,1,0,3.3,0.9090909090909092,3.3,2.6666666666666665,0,Regular Moderate-Value Customers,0
CUST_0095,8,192.64625,1541.17,4,2,3.8666666666666667,2.0689655172413794,3.8666666666666667,3.125,1,Premium Frequent Diners,0
CUST_0096,5,128.25799999999998,641.29,1,1,3.7,1.3513513513513513,3.7,3.6,0,Regular Moderate-Value Customers,0
CUST_0097,3,312.06,936.1800000000001,1,3,2.7,1.111111111111111,2.7,2.6666666666666665,2,Occasional Low-Spend Customers,0
CUST_0098,1,176.44,176.44,0,0,1.0,1.0,1.0,4.0,2,Occasional Low-Spend Customers,0
CUST_0099,6,228.96666666666667,1373.8,2,1,3.2333333333333334,1.8556701030927836,3.2333333333333334,2.8333333333333335,0,Regular Moderate-Value Customers,0
CUST_0100,1,225.24,225.24,0,0,1.0,1.0,1.0,3.0,2,Occasional Low-Spend Customers,0
CUST_0101,6,142.23666666666665,853.42,2,2,5.033333333333333,1.1920529801324504,5.033333333333333,2.8333333333333335,0,Regular Moderate-Value Customers,0
CUST_0102,2,220.72,441.44,1,1,2.0,1.0,2.0,3.0,2,Occasional Low-Spend Customers,0
CUST_0103,4,152.64,610.56,2,2,5.033333333333333,0.794701986754967,5.033333333333333,3.25,0,Regular Moderate-Value Customers,0
CUST_0104,7,259.71857142857147,1818.0300000000002,3,3,5.433333333333334,1.2883435582822085,5.433333333333334,3.4285714285714284,1,Premium Frequent Diners,0
CUST_0105,9,192.90666666666667,1736.16,2,2,3.8666666666666667,2.3275862068965516,3.8666666666666667,3.3333333333333335,1,Premium Frequent Diners,0
CUST_0106,6,273.1433333333333,1638.86,1,0,4.3,1.3953488372093024,4.3,3.3333333333333335,0,Regular Moderate-Value Customers,0
CUST_0107,4,222.0125,888.05,1,1,2.4,1.6666666666666667,2.4,3.5,2,Occasional Low-Spend Customers,0
CUST_0108,3,255.82333333333335,767.47,0,1,5.133333333333334,0.5844155844155844,5.133333333333334,3.0,0,Regular Moderate-Value Customers,0
CUST_0109,4,172.7,690.8,1,0,3.8666666666666667,1.0344827586206897,3.8666666666666667,2.5,0,Regular Moderate-Value Customers,0
CUST_0110,5,203.43,1017.1500000000001,2,2,4.033333333333333,1.2396694214876034,4.033333333333333,3.8,0,Regular Moderate-Value Customers,0
CUST_0111,4,162.16,648.64,1,1,5.6,0.7142857142857143,5.6,2.75,0,Regular Moderate-Value Customers,0
CUST_0112,6,223.045,1338.27,2,2,4.866666666666666,1.2328767123287672,4.866666666666666,3.1666666666666665,1,Premium Frequent Diners,0
CUST_0113,6,178.42499999999998,1070.55,2,1,4.9,1.2244897959183672,4.9,2.8333333333333335,0,Regular Moderate-Value Customers,0
CUST_0114,5,269.35,1346.75,1,1,2.566666666666667,1.9480519480519478,2.566666666666667,3.6,2,Occasional Low-Spend Customers,0
CUST_0115,8,182.70125,1461.61,3,1,3.8333333333333335,2.0869565217391304,3.8333333333333335,3.0,1,Premium Frequent Diners,0
CUST_0116,3,167.75666666666666,503.27,2,2,3.8,0.7894736842105263,3.8,2.6666666666666665,0,Regular Moderate-Value Customers,0
CUST_0117,2,169.745,339.49,0,1,1.0,2.0,1.0,2.5,2,Occasional Low-Spend Customers,0
CUST_0118,4,403.75,1615.0,1,0,1.5333333333333334,2.608695652173913,1.5333333333333334,3.0,2,Occasional Low-Spend Customers,-1
CUST_0119,2,200.23,400.46,0,0,4.666666666666667,0.42857142857142855,4.666666666666667,3.5,0,Regular Moderate-Value Customers,0
CUST_0120,3,159.83,479.49,1,0,3.566666666666667,0.8411214953271028,3.566666666666667,3.0,0,Regular Moderate-Value Customers,0
CUST_0121,5,159.038,795.19,0,3,4.833333333333333,1.0344827586206897,4.833333333333333,3.6,0,Regular Moderate-Value Customers,0
CUST_0122,7,155.13714285714286,1085.96,3,4,5.066666666666666,1.381578947368421,5.066666666666666,3.4285714285714284,1,Premium Frequent Diners,0
CUST_0123,5,205.27800000000002,1026.39,1,1,4.966666666666667,1.006711409395973,4.966666666666667,3.0,0,Regular Moderate-Value Customers,0
CUST_0124,2,257.07,514.14,0,2,1.0,2.0,1.0,4.5,2,Occasional Low-Spend Customers,-1
CUST_0125,6,167.0,1002.0,2,3,4.633333333333334,1.2949640287769784,4.633333333333334,3.0,1,Premium Frequent Diners,0
CUST_0126,2,205.955,411.91,1,0,2.8666666666666667,0.6976744186046512,2.8666666666666667,1.5,0,Regular Moderate-Value Customers,0
CUST_0127,4,188.2125,752.85,3,1,3.433333333333333,1.1650485436893205,3.433333333333333,2.75,0,Regular Moderate-Value Customers,0
CUST_0128,10,181.466,1814.66,2,3,3.8,2.6315789473684212,3.8,3.5,1,Premium Frequent Diners,0
CUST_0129,2,211.245,422.49,0,2,2.4,0.8333333333333334,2.4,3.0,2,Occasional Low-Spend Customers,0
CUST_0130,6,188.12333333333333,1128.74,2,1,5.466666666666667,1.0975609756097562,5.466666666666667,3.0,0,Regular Moderate-Value Customers,0
CUST_0131,5,255.002,1275.01,0,1,5.8,0.8620689655172414,5.8,2.8,0,Regular Moderate-Value Customers,0
CUST_0132,6,147.90833333333333,887.45,0,3,3.9,1.5384615384615385,3.9,3.0,0,Regular Moderate-Value Customers,0
CUST_0133,9,227.24666666666667,2045.22,2,3,5.266666666666667,1.7088607594936709,5.266666666666667,3.5555555555555554,1,Premium Frequent Diners,0
CUST_0134,3,338.32666666666665,1014.98,1,1,4.1,0.7317073170731708,4.1,3.0,0,Regular Moderate-Value Customers,0
CUST_0135,5,161.78199999999998,808.91,1,2,2.3333333333333335,2.142857142857143,2.3333333333333335,2.6,2,Occasional Low-Spend Customers,0
CUST_0136,5,256.322,1281.6100000000001,2,1,4.833333333333333,1.0344827586206897,4.833333333333333,3.4,0,Regular Moderate-Value Customers,0
CUST_0137,3,219.60666666666668,658.82,2,0,3.933333333333333,0.7627118644067797,3.933333333333333,3.0,0,Regular Moderate-Value Customers,0
CUST_0138,8,177.30625,1418.45,3,2,4.033333333333333,1.9834710743801653,4.033333333333333,3.125,1,Premium Frequent Diners,0
CUST_0139,7,231.27714285714288,1618.94,3,1,5.033333333333333,1.390728476821192,5.033333333333333,2.857142857142857,1,Premium Frequent Diners,0
CUST_0140,2,380.475,760.95,1,1,1.0,2.0,1.0,2.5,2,Occasional Low-Spend Customers,-1
CUST_0141,6,216.42666666666665,1298.56,3,5,4.4,1.3636363636363635,4.4,3.3333333333333335,1,Premium Frequent Diners,0
CUST_0142,4,143.1175,572.47,1,1,4.333333333333333,0.9230769230769231,4.333333333333333,3.25,0,Regular Moderate-Value Customers,0
CUST_0143,3,167.25,501.75,0,0,4.066666666666666,0.7377049180327869,4.066666666666666,2.3333333333333335,0,Regular Moderate-Value Customers,0
CUST_0144,8,198.09875,1584.79,4,2,5.833333333333333,1.3714285714285714,5.833333333333333,3.5,1,Premium Frequent Diners,0
CUST_0145,4,267.71500000000003,1070.8600000000001,2,2,4.9,0.8163265306122448,4.9,3.0,0,Regular Moderate-Value Customers,0
CUST_0146,7,135.47142857142856,948.3,2,2,4.233333333333333,1.6535433070866141,4.233333333333333,3.0,1,Premium Frequent Diners,0
CUST_0147,7,201.65857142857143,1411.6100000000001,1,1,3.8666666666666667,1.8103448275862069,3.8666666666666667,3.5714285714285716,1,Premium Frequent Diners,0
CUST_0148,4,213.0275,852.11,1,2,4.9,0.8163265306122448,4.9,3.0,0,Regular Moderate-Value Customers,0
CUST_0149,7,179.3842857142857,1255.69,2,4,4.866666666666666,1.4383561643835618,4.866666666666666,3.0,1,Premium Frequent Diners,0
CUST_0150,1,253.6,253.6,0,0,1.0,1.0,1.0,3.0,2,Occasional Low-Spend Customers,0
CUST_0151,1,329.51,329.51,0,1,1.0,1.0,1.0,3.0,2,Occasional Low-Spend Customers,0
CUST_0152,4,127.555,510.22,1,1,3.8,1.0526315789473684,3.8,2.5,0,Regular Moderate-Value Customers,0
CUST_0153,3,203.82000000000002,611.46,2,1,3.933333333333333,0.7627118644067797,3.933333333333333,3.3333333333333335,0,Regular Moderate-Value Customers,0
CUST_0154,5,236.06799999999998,1180.34,2,1,1.3333333333333333,3.75,1.3333333333333333,3.4,2,Occasional Low-Spend Customers,2
CUST_0155,5,245.13599999999997,1225.6799999999998,1,1,4.6,1.0869565217391306,4.6,2.6,0,Regular Moderate-Value Customers,0
CUST_0156,5,209.94,1049.7,2,2,4.8,1.0416666666666667,4.8,2.2,0,Regular Moderate-Value Customers,0
CUST_0157,4,191.065,764.26,0,1,2.2333333333333334,1.791044776119403,2.2333333333333334,3.5,2,Occasional Low-Spend Customers,0
CUST_0158,8,200.89875,1607.19,2,4,5.766666666666667,1.3872832369942196,5.766666666666667,3.125,1,Premium Frequent Diners,0
CUST_0159,3,171.13666666666666,513.41,1,0,1.7,1.7647058823529411,1.7,3.3333333333333335,2,Occasional Low-Spend Customers,0
CUST_0160,6,201.62666666666667,1209.76,1,1,5.2,1.1538461538461537,5.2,2.8333333333333335,0,Regular Moderate-Value Customers,0
CUST_0161,4,306.3125,1225.25,2,1,2.2666666666666666,1.7647058823529411,2.2666666666666666,3.25,2,Occasional Low-Spend Customers,0
CUST_0162,4,179.7025,718.81,0,1,2.5,1.6,2.5,2.5,2,Occasional Low-Spend Customers,0
CUST_0163,6,223.35666666666668,1340.14,1,3,5.9,1.0169491525423728,5.9,3.0,1,Premium Frequent Diners,0
CUST_0164,6,198.6,1191.6,1,3,4.466666666666667,1.3432835820895521,4.466666666666667,3.1666666666666665,0,Regular Moderate-Value Customers,0
CUST_0165,9,195.19222222222223,1756.73,3,3,4.866666666666666,1.8493150684931507,4.866666666666666,3.3333333333333335,1,Premium Frequent Diners,0
CUST_0166,8,158.7375,1269.9,4,4,4.933333333333334,1.6216216216216215,4.933333333333334,3.0,1,Premium Frequent Diners,0
CUST_0167,6,262.88166666666666,1577.29,1,2,4.7,1.276595744680851,4.7,3.6666666666666665,1,Premium Frequent Diners,0
CUST_0168,2,103.22,206.44,0,2,1.1333333333333333,1.7647058823529411,1.1333333333333333,4.0,2,Occasional Low-Spend Customers,0
CUST_0169,5,207.83,1039.15,0,3,4.966666666666667,1.006711409395973,4.966666666666667,2.6,0,Regular Moderate-Value Customers,0
CUST_0170,7,345.0314285714286,2415.2200000000003,1,1,4.6,1.5217391304347827,4.6,3.0,1,Premium Frequent Diners,0
CUST_0171,4,227.2475,908.99,0,2,4.9,0.8163265306122448,4.9,3.0,0,Regular Moderate-Value Customers,0
CUST_0172,6,225.975,1355.85,2,2,5.2,1.1538461538461537,5.2,3.3333333333333335,1,Premium Frequent Diners,0
CUST_0173,3,230.87,692.61,0,1,3.2666666666666666,0.9183673469387755,3.2666666666666666,2.6666666666666665,0,Regular Moderate-Value Customers,0
CUST_0174,1,100.0,100.0,1,0,1.0,1.0,1.0,3.0,2,Occasional Low-Spend Customers,0
CUST_0175,7,265.95142857142855,1861.6599999999999,0,4,4.966666666666667,1.4093959731543624,4.966666666666667,2.857142857142857,1,Premium Frequent Diners,0
CUST_0176,6,250.885,1505.31,3,3,5.3,1.1320754716981132,5.3,3.5,1,Premium Frequent Diners,0
CUST_0177,5,159.142,795.71,1,2,5.566666666666666,0.8982035928143713,5.566666666666666,3.2,0,Regular Moderate-Value Customers,0
CUST_0178,6,241.07666666666668,1446.46,2,2,2.1333333333333333,2.8125,2.1333333333333333,3.0,2,Occasional Low-Spend Customers,0
CUST_0179,4,234.5375,938.15,1,1,3.033333333333333,1.3186813186813187,3.033333333333333,2.5,0,Regular Moderate-Value Customers,0
CUST_0180,6,188.75833333333333,1132.55,3,2,5.366666666666666,1.1180124223602486,5.366666666666666,3.6666666666666665,1,Premium Frequent Diners,0
CUST_0181,6,203.5566666666667,1221.3400000000001,1,4,4.466666666666667,1.3432835820895521,4.466666666666667,3.0,1,Premium Frequent Diners,0
CUST_0182,2,176.70499999999998,353.40999999999997,0,1,2.933333333333333,0.6818181818181819,2.933333333333333,4.5,2,Occasional Low-Spend Customers,0
CUST_0183,3,172.09333333333333,516.28,0,1,3.966666666666667,0.7563025210084033,3.966666666666667,2.3333333333333335,0,Regular Moderate-Value Customers,0
CUST_0184,5,206.37800000000001,1031.89,2,1,2.966666666666667,1.6853932584269662,2.966666666666667,2.6,2,Occasional Low-Spend Customers,0
CUST_0185,1,188.41,188.41,1,0,1.0,1.0,1.0,4.0,2,Occasional Low-Spend Customers,0
CUST_0186,6,327.4816666666666,1964.8899999999999,1,2,5.266666666666667,1.139240506329114,5.266666666666667,3.6666666666666665,1,Premium Frequent Diners,0
CUST_0187,8,445.89875,3567.19,2,3,3.533333333333333,2.2641509433962264,3.533333333333333,2.625,1,Premium Frequent Diners,-1
CUST_0188,4,181.72,726.88,1,2,4.1,0.9756097560975611,4.1,3.5,0,Regular Moderate-Value Customers,0
CUST_0189,4,228.535,914.14,0,0,2.6,1.5384615384615383,2.6,3.5,2,Occasional Low-Spend Customers,0
CUST_0190,2,240.73,481.46,1,0,2.1333333333333333,0.9375,2.1333333333333333,2.0,2,Occasional Low-Spend Customers,0
CUST_0191,5,172.54000000000002,862.7,1,2,3.066666666666667,1.6304347826086956,3.066666666666667,3.0,2,Occasional Low-Spend Customers,0
CUST_0192,8,232.60125,1860.81,5,2,4.133333333333334,1.9354838709677418,4.133333333333334,3.5,1,Premium Frequent Diners,0
CUST_0193,3,196.89333333333335,590.6800000000001,2,1,3.966666666666667,0.7563025210084033,3.966666666666667,2.3333333333333335,0,Regular Moderate-Value Customers,0
CUST_0194,2,155.39499999999998,310.78999999999996,1,1,1.9666666666666666,1.0169491525423728,1.9666666666666666,4.0,2,Occasional Low-Spend Customers,0
CUST_0195,4,207.945,831.78,3,0,2.433333333333333,1.6438356164383563,2.433333333333333,2.75,2,Occasional Low-Spend Customers,0
CUST_0196,5,158.978,794.89,1,3,4.366666666666666,1.1450381679389314,4.366666666666666,3.2,0,Regular Moderate-Value Customers,0
CUST_0197,5,216.16,1080.8,1,0,4.2,1.1904761904761905,4.2,3.6,0,Regular Moderate-Value Customers,0
CUST_0198,3,170.28333333333333,510.85,3,2,1.8,1.6666666666666665,1.8,3.6666666666666665,2,Occasional Low-Spend Customers,0
CUST_0199,4,240.8675,963.47,2,1,4.2,0.9523809523809523,4.2,2.5,0,Regular Moderate-Value Customers,0
CUST_0200,5,337.07399999999996,1685.37,1,3,2.2,2.2727272727272725,2.2,3.4,2,Occasional Low-Spend Customers,0
CUST_0201,3,143.20333333333335,429.61,3,1,1.8333333333333333,1.6363636363636365,1.8333333333333333,3.3333333333333335,2,Occasional Low-Spend Customers,0
CUST_0202,5,196.192,980.96,1,2,4.433333333333334,1.1278195488721805,4.433333333333334,3.4,0,Regular Moderate-Value Customers,0
CUST_0203,6,197.1,1182.6,3,4,4.933333333333334,1.2162162162162162,4.933333333333334,3.3333333333333335,1,Premium Frequent Diners,0
CUST_0204,7,162.68428571428572,1138.79,1,3,3.7,1.8918918918918919,3.7,2.857142857142857,1,Premium Frequent Diners,0
CUST_0205,7,279.9585714285714,1959.71,3,2,3.3666666666666667,2.0792079207920793,3.3666666666666667,2.857142857142857,1,Premium Frequent Diners,0
CUST_0207,5,126.43200000000002,632.1600000000001,0,2,1.3666666666666667,3.658536585365854,1.3666666666666667,3.4,2,Occasional Low-Spend Customers,-1
CUST_0208,12,218.32500000000002,2619.9,5,3,5.466666666666667,2.1951219512195124,5.466666666666667,3.1666666666666665,1,Premium Frequent Diners,0
CUST_0209,3,202.46666666666667,607.4,1,0,1.5,2.0,1.5,3.0,2,Occasional Low-Spend Customers,0
CUST_0210,8,194.975,1559.8,3,3,4.533333333333333,1.7647058823529411,4.533333333333333,3.25,1,Premium Frequent Diners,0
CUST_0211,6,246.78833333333333,1480.73,2,2,4.733333333333333,1.267605633802817,4.733333333333333,3.1666666666666665,1,Premium Frequent Diners,0
CUST_0212,3,226.8066666666667,680.4200000000001,2,0,4.4,0.6818181818181818,4.4,3.3333333333333335,0,Regular Moderate-Value Customers,0
CUST_0213,7,225.32,1577.24,2,2,5.066666666666666,1.381578947368421,5.066666666666666,3.2857142857142856,1,Premium Frequent Diners,0
CUST_0214,4,236.37,945.48,0,2,3.7,1.081081081081081,3.7,3.25,0,Regular Moderate-Value Customers,0
CUST_0215,4,211.945,847.78,1,2,1.3333333333333333,3.0,1.3333333333333333,3.75,2,Occasional Low-Spend Customers,2
CUST_0216,5,163.348,816.74,2,1,5.7,0.8771929824561403,5.7,3.4,0,Regular Moderate-Value Customers,0
CUST_0217,5,238.68400000000003,1193.42,0,2,4.933333333333334,1.0135135135135134,4.933333333333334,3.6,0,Regular Moderate-Value Customers,0
CUST_0218,6,201.26,1207.56,2,2,4.433333333333334,1.3533834586466165,4.433333333333334,3.0,0,Regular Moderate-Value Customers,0
CUST_0219,3,236.33333333333334,709.0,0,1,2.7666666666666666,1.0843373493975903,2.7666666666666666,3.0,2,Occasional Low-Spend Customers,0
CUST_0220,2,252.005,504.01,0,1,1.0,2.0,1.0,4.5,2,Occasional Low-Spend Customers,-1
CUST_0221,12,197.97333333333333,2375.68,2,5,5.366666666666666,2.236024844720497,5.366666666666666,2.9166666666666665,1,Premium Frequent Diners,0
CUST_0222,4,196.9775,787.91,0,0,1.5333333333333334,2.608695652173913,1.5333333333333334,3.0,2,Occasional Low-Spend Customers,0
CUST_0223,4,151.96,607.84,0,2,4.7,0.851063829787234,4.7,3.5,0,Regular Moderate-Value Customers,0
CUST_0224,4,192.32,769.28,3,2,2.8,1.4285714285714286,2.8,3.75,2,Occasional Low-Spend Customers,0
CUST_0225,4,201.365,805.46,2,2,4.133333333333334,0.9677419354838709,4.133333333333334,3.75,0,Regular Moderate-Value Customers,0
CUST_0226,6,214.4316666666667,1286.5900000000001,2,3,2.8666666666666667,2.0930232558139537,2.8666666666666667,3.0,1,Premium Frequent Diners,0
CUST_0227,3,180.16,540.48,2,1,3.7,0.8108108108108107,3.7,3.3333333333333335,0,Regular Moderate-Value Customers,0
CUST_0228,6,197.64333333333335,1185.8600000000001,2,2,4.033333333333333,1.4876033057851241,4.033333333333333,2.6666666666666665,0,Regular Moderate-Value Customers,0
CUST_0229,7,272.61285714285714,1908.29,2,3,3.8,1.842105263157895,3.8,2.857142857142857,1,Premium Frequent Diners,0
CUST_0230,5,184.536,922.6800000000001,2,2,4.633333333333334,1.079136690647482,4.633333333333334,3.8,0,Regular Moderate-Value Customers,0
CUST_0231,4,251.91,1007.64,2,3,5.066666666666666,0.7894736842105263,5.066666666666666,3.0,0,Regular Moderate-Value Customers,0
CUST_0232,8,147.60875000000001,1180.8700000000001,2,2,4.766666666666667,1.6783216783216783,4.766666666666667,3.25,1,Premium Frequent Diners,0
CUST_0233,6,214.88,1289.28,1,2,5.233333333333333,1.1464968152866242,5.233333333333333,3.0,0,Regular Moderate-Value Customers,0
CUST_0234,9,242.3177777777778,2180.86,2,3,3.3,2.7272727272727275,3.3,3.888888888888889,1,Premium Frequent Diners,0
CUST_0235,10,186.92000000000002,1869.2,3,3,5.7,1.7543859649122806,5.7,3.0,1,Premium Frequent Diners,0
CUST_0236,5,218.32799999999997,1091.6399999999999,2,1,4.2,1.1904761904761905,4.2,2.8,0,Regular Moderate-Value Customers,0
CUST_0237,3,210.24666666666667,630.74,2,1,3.3666666666666667,0.8910891089108911,3.3666666666666667,3.0,0,Regular Moderate-Value Customers,0
CUST_0238,3,252.74666666666667,758.24,1,0,3.533333333333333,0.8490566037735849,3.533333333333333,2.0,0,Regular Moderate-Value Customers,0
CUST_0239,5,268.394,1341.97,2,2,4.566666666666666,1.094890510948905,4.566666666666666,3.4,0,Regular Moderate-Value Customers,0
CUST_0240,7,253.9485714285714,1777.6399999999999,3,2,5.366666666666666,1.3043478260869565,5.366666666666666,3.5714285714285716,1,Premium Frequent Diners,0
CUST_0241,3,239.29,717.87,1,2,2.6333333333333333,1.139240506329114,2.6333333333333333,3.0,2,Occasional Low-Spend Customers,0
CUST_0242,4,181.915,727.66,1,1,4.666666666666667,0.8571428571428571,4.666666666666667,3.0,0,Regular Moderate-Value Customers,0
CUST_0243,6,183.21333333333334,1099.28,1,3,4.633333333333334,1.2949640287769784,4.633333333333334,3.0,0,Regular Moderate-Value Customers,0
CUST_0244,4,163.2775,653.11,0,2,2.8,1.4285714285714286,2.8,3.0,2,Occasional Low-Spend Customers,0
CUST_0245,5,197.704,988.52,3,4,1.7333333333333334,2.8846153846153846,1.7333333333333334,3.6,2,Occasional Low-Spend Customers,-1
CUST_0246,6,226.00500000000002,1356.0300000000002,1,5,3.6666666666666665,1.6363636363636365,3.6666666666666665,3.3333333333333335,1,Premium Frequent Diners,0
CUST_0247,2,171.725,343.45,0,1,1.9,1.0526315789473684,1.9,3.5,2,Occasional Low-Spend Customers,0
CUST_0248,2,180.59,361.18,1,0,1.5333333333333334,1.3043478260869565,1.5333333333333334,3.5,2,Occasional Low-Spend Customers,0
CUST_0249,7,341.5942857142857,2391.16,1,1,5.233333333333333,1.3375796178343948,5.233333333333333,2.857142857142857,1,Premium Frequent Diners,0
CUST_0250,3,228.03333333333333,684.1,0,2,3.6333333333333333,0.8256880733944955,3.6333333333333333,4.333333333333333,0,Regular Moderate-Value Customers,0
CUST_0251,1,159.19,159.19,0,0,1.0,1.0,1.0,4.0,2,Occasional Low-Spend Customers,0
CUST_0252,3,158.56333333333333,475.69,0,0,1.3666666666666667,2.1951219512195124,1.3666666666666667,3.0,2,Occasional Low-Spend Customers,0
CUST_0253,13,277.8,3611.4,1,7,4.3,3.0232558139534884,4.3,3.1538461538461537,1,Premium Frequent Diners,-1
CUST_0254,4,145.24,580.96,0,1,4.466666666666667,0.8955223880597015,4.466666666666667,3.75,0,Regular Moderate-Value Customers,0
CUST_0255,6,221.2166666666667,1327.3000000000002,1,1,2.933333333333333,2.0454545454545454,2.933333333333333,3.6666666666666665,2,Occasional Low-Spend Customers,0
CUST_0256,5,206.88599999999997,1034.4299999999998,1,1,3.1666666666666665,1.5789473684210527,3.1666666666666665,3.2,0,Regular Moderate-Value Customers,0
CUST_0257,11,191.24545454545452,2103.7,3,2,4.7,2.3404255319148937,4.7,3.090909090909091,1,Premium Frequent Diners,-1
CUST_0258,3,151.55999999999997,454.67999999999995,0,0,2.3333333333333335,1.2857142857142856,2.3333333333333335,4.0,2,Occasional Low-Spend Customers,0
CUST_0259,5,276.85,1384.25,3,3,5.166666666666667,0.9677419354838709,5.166666666666667,3.4,1,Premium Frequent Diners,0
CUST_0260,7,305.20714285714286,2136.45,1,2,4.333333333333333,1.6153846153846154,4.333333333333333,2.7142857142857144,1,Premium Frequent Diners,0
CUST_0261,4,309.33000000000004,1237.3200000000002,0,0,1.9,2.1052631578947367,1.9,3.5,2,Occasional Low-Spend Customers,0
CUST_0262,3,188.97000000000003,566.9100000000001,1,1,1.0,3.0,1.0,3.6666666666666665,2,Occasional Low-Spend Customers,2
CUST_0263,1,217.66,217.66,1,0,1.0,1.0,1.0,4.0,2,Occasional Low-Spend Customers,0
CUST_0264,5,164.65,823.25,3,1,3.066666666666667,1.6304347826086956,3.066666666666667,3.0,0,Regular Moderate-Value Customers,0
CUST_0265,6,268.09666666666664,1608.58,2,2,4.3,1.3953488372093024,4.3,2.8333333333333335,1,Premium Frequent Diners,0
CUST_0266,8,200.25875,1602.07,2,2,5.2,1.5384615384615383,5.2,3.125,1,Premium Frequent Diners,0
CUST_0267,3,231.0566666666667,693.1700000000001,1,1,1.9666666666666666,1.5254237288135595,1.9666666666666666,3.6666666666666665,2,Occasional Low-Spend Customers,0
CUST_0268,8,219.4525,1755.62,2,3,5.3,1.509433962264151,5.3,2.875,1,Premium Frequent Diners,0
CUST_0269,5,132.552,662.76,0,2,2.2666666666666666,2.2058823529411766,2.2666666666666666,3.2,2,Occasional Low-Spend Customers,0
CUST_0270,7,267.32428571428574,1871.27,0,4,5.866666666666666,1.1931818181818183,5.866666666666666,3.2857142857142856,1,Premium Frequent Diners,0
CUST_0271,9,217.92,1961.28,2,3,4.3,2.0930232558139537,4.3,3.2222222222222223,1,Premium Frequent Diners,0
CUST_0272,2,159.185,318.37,0,1,3.2666666666666666,0.6122448979591837,3.2666666666666666,2.5,0,Regular Moderate-Value Customers,0
CUST_0273,7,287.4814285714286,2012.37,1,0,4.666666666666667,1.5,4.666666666666667,2.857142857142857,1,Premium Frequent Diners,0
CUST_0274,4,204.60500000000002,818.4200000000001,1,2,4.666666666666667,0.8571428571428571,4.666666666666667,3.5,0,Regular Moderate-Value Customers,0
CUST_0275,7,158.69571428571427,1110.87,1,1,5.566666666666666,1.25748502994012,5.566666666666666,3.142857142857143,0,Regular Moderate-Value Customers,0
CUST_0276,6,258.4216666666667,1550.53,3,3,3.4,1.7647058823529411,3.4,3.3333333333333335,1,Premium Frequent Diners,0
CUST_0277,5,178.822,894.11,1,1,5.433333333333334,0.920245398773006,5.433333333333334,3.4,0,Regular Moderate-Value Customers,0
CUST_0278,7,193.61999999999998,1355.34,1,3,4.3,1.627906976744186,4.3,3.0,1,Premium Frequent Diners,0
CUST_0279,4,168.76,675.04,2,1,2.7333333333333334,1.4634146341463414,2.7333333333333334,2.75,2,Occasional Low-Spend Customers,0
CUST_0280,5,220.002,1100.01,2,2,5.7,0.8771929824561403,5.7,2.8,0,Regular Moderate-Value Customers,0
CUST_0281,6,181.17666666666665,1087.06,2,2,3.7333333333333334,1.6071428571428572,3.7333333333333334,3.6666666666666665,0,Regular Moderate-Value Customers,0
CUST_0282,4,245.04,980.16,3,2,3.933333333333333,1.0169491525423728,3.933333333333333,2.5,0,Regular Moderate-Value Customers,0
CUST_0283,1,105.11,105.11,0,0,1.0,1.0,1.0,3.0,2,Occasional Low-Spend Customers,0
CUST_0284,3,271.90333333333336,815.71,2,1,4.533333333333333,0.6617647058823529,4.533333333333333,2.6666666666666665,0,Regular Moderate-Value Customers,0
CUST_0285,3,199.26,597.78,1,2,4.266666666666667,0.703125,4.266666666666667,3.6666666666666665,0,Regular Moderate-Value Customers,0
CUST_0286,3,185.35,556.05,1,2,1.0,3.0,1.0,3.0,2,Occasional Low-Spend Customers,0
CUST_0287,3,193.88666666666668,581.6600000000001,0,1,4.7,0.6382978723404255,4.7,3.3333333333333335,0,Regular Moderate-Value Customers,0
CUST_0288,5,327.11800000000005,1635.5900000000001,0,2,4.0,1.25,4.0,3.4,0,Regular Moderate-Value Customers,0
CUST_0289,6,232.205,1393.23,6,2,5.333333333333333,1.125,5.333333333333333,3.1666666666666665,1,Premium Frequent Diners,-1
CUST_0290,3,294.3866666666667,883.1600000000001,2,1,4.433333333333334,0.6766917293233082,4.433333333333334,2.6666666666666665,0,Regular Moderate-Value Customers,0
CUST_0291,2,145.125,290.25,2,1,1.0,2.0,1.0,3.0,2,Occasional Low-Spend Customers,0
CUST_0292,8,217.88125000000002,1743.0500000000002,4,1,5.7,1.4035087719298245,5.7,3.5,1,Premium Frequent Diners,0
CUST_0293,10,224.92,2249.2,2,6,5.5,1.8181818181818181,5.5,3.4,1,Premium Frequent Diners,0
CUST_0294,2,174.34,348.68,0,0,1.6,1.25,1.6,3.5,2,Occasional Low-Spend Customers,0
CUST_0295,3,135.75666666666666,407.27,1,1,2.6,1.1538461538461537,2.6,3.6666666666666665,2,Occasional Low-Spend Customers,0
CUST_0296,5,151.528,757.64,2,1,1.4666666666666666,3.409090909090909,1.4666666666666666,3.4,2,Occasional Low-Spend Customers,2
CUST_0297,5,226.47200000000004,1132.3600000000001,1,2,3.6,1.3888888888888888,3.6,2.8,0,Regular Moderate-Value Customers,0
CUST_0298,4,135.645,542.58,1,2,4.766666666666667,0.8391608391608392,4.766666666666667,2.75,0,Regular Moderate-Value Customers,0
CUST_0299,7,153.37714285714284,1073.6399999999999,2,2,5.333333333333333,1.3125,5.333333333333333,3.142857142857143,1,Premium Frequent Diners,0
CUST_0300,5,315.898,1579.49,2,0,2.4,2.0833333333333335,2.4,2.6,2,Occasional Low-Spend Customers,-1
CUST_0302,6,240.64000000000001,1443.8400000000001,0,1,1.9666666666666666,3.050847457627119,1.9666666666666666,3.5,2,Occasional Low-Spend Customers,-1
CUST_0303,5,253.70999999999998,1268.55,2,3,3.5,1.4285714285714286,3.5,3.2,1,Premium Frequent Diners,0
CUST_0304,3,115.39999999999999,346.2,1,1,1.9333333333333333,1.5517241379310345,1.9333333333333333,3.6666666666666665,2,Occasional Low-Spend Customers,0
CUST_0306,6,179.405,1076.43,2,2,4.7,1.276595744680851,4.7,3.3333333333333335,0,Regular Moderate-Value Customers,0
CUST_0307,8,323.40625,2587.25,3,1,4.2,1.9047619047619047,4.2,3.375,1,Premium Frequent Diners,-1
CUST_0308,7,208.36714285714285,1458.57,0,2,4.0,1.75,4.0,3.0,1,Premium Frequent Diners,0
CUST_0309,7,196.6185714285714,1376.33,2,2,3.6333333333333333,1.926605504587156,3.6333333333333333,3.857142857142857,1,Premium Frequent Diners,0
CUST_0310,3,142.02,426.06,1,1,2.1333333333333333,1.40625,2.1333333333333333,3.6666666666666665,2,Occasional Low-Spend Customers,0
CUST_0311,8,216.58375,1732.67,2,2,5.4,1.4814814814814814,5.4,3.125,1,Premium Frequent Diners,0
CUST_0312,1,111.57,111.57,0,0,1.0,1.0,1.0,3.0,2,Occasional Low-Spend Customers,0
CUST_0313,4,159.72750000000002,638.9100000000001,1,1,4.866666666666666,0.8219178082191781,4.866666666666666,3.75,0,Regular Moderate-Value Customers,0
CUST_0314,3,146.79666666666665,440.39,1,0,2.5,1.2,2.5,2.6666666666666665,2,Occasional Low-Spend Customers,0
CUST_0315,2,149.51,299.02,0,2,2.533333333333333,0.7894736842105263,2.533333333333333,4.5,2,Occasional Low-Spend Customers,0
CUST_0316,4,206.375,825.5,1,0,5.533333333333333,0.7228915662650602,5.533333333333333,2.75,0,Regular Moderate-Value Customers,0
CUST_0317,10,272.161,2721.61,1,4,4.533333333333333,2.2058823529411766,4.533333333333333,3.5,1,Premium Frequent Diners,0
CUST_0318,8,187.42249999999999,1499.3799999999999,3,3,5.133333333333334,1.5584415584415583,5.133333333333334,2.75,1,Premium Frequent Diners,0
CUST_0319,5,172.99200000000002,864.96,1,2,4.666666666666667,1.0714285714285714,4.666666666666667,3.4,0,Regular Moderate-Value Customers,0
CUST_0320,8,212.34875,1698.79,3,2,4.066666666666666,1.9672131147540985,4.066666666666666,3.125,1,Premium Frequent Diners,0
CUST_0321,4,273.2075,1092.83,2,2,4.533333333333333,0.8823529411764706,4.533333333333333,3.25,0,Regular Moderate-Value Customers,0
CUST_0322,3,260.96,782.8799999999999,2,0,4.4,0.6818181818181818,4.4,2.6666666666666665,0,Regular Moderate-Value Customers,0
CUST_0323,5,311.796,1558.98,2,1,3.8,1.3157894736842106,3.8,2.8,0,Regular Moderate-Value Customers,0
CUST_0324,6,258.54333333333335,1551.26,2,1,4.266666666666667,1.40625,4.266666666666667,3.6666666666666665,1,Premium Frequent Diners,0
CUST_0325,9,213.89333333333332,1925.04,4,3,4.9,1.8367346938775508,4.9,3.4444444444444446,1,Premium Frequent Diners,0
CUST_0326,5,240.03000000000003,1200.15,0,1,3.2666666666666666,1.530612244897959,3.2666666666666666,3.6,0,Regular Moderate-Value Customers,0
CUST_0327,5,216.76,1083.8,1,2,3.3666666666666667,1.4851485148514851,3.3666666666666667,3.8,0,Regular Moderate-Value Customers,0
CUST_0328,4,234.895,939.58,0,2,3.8,1.0526315789473684,3.8,3.0,0,Regular Moderate-Value Customers,0
CUST_0329,4,263.9275,1055.71,1,1,1.8,2.2222222222222223,1.8,3.0,2,Occasional Low-Spend Customers,0
CUST_0330,8,207.64125,1661.13,2,2,5.333333333333333,1.5,5.333333333333333,3.375,1,Premium Frequent Diners,0
CUST_0331,6,221.34,1328.04,2,3,4.866666666666666,1.2328767123287672,4.866666666666666,3.1666666666666665,1,Premium Frequent Diners,0
CUST_0332,6,194.49166666666667,1166.95,3,2,5.633333333333334,1.0650887573964496,5.633333333333334,2.6666666666666665,1,Premium Frequent Diners,0
CUST_0333,9,196.70666666666668,1770.3600000000001,2,4,2.8,3.2142857142857144,2.8,3.5555555555555554,1,Premium Frequent Diners,-1
CUST_0334,6,174.165,1044.99,1,1,4.966666666666667,1.2080536912751678,4.966666666666667,3.8333333333333335,0,Regular Moderate-Value Customers,0
CUST_0335,2,146.77,293.54,0,1,1.8,1.1111111111111112,1.8,3.5,2,Occasional Low-Spend Customers,0
CUST_0336,8,202.66875,1621.35,2,1,5.2,1.5384615384615383,5.2,3.5,1,Premium Frequent Diners,0
CUST_0337,5,228.71800000000002,1143.5900000000001,2,2,3.3666666666666667,1.4851485148514851,3.3666666666666667,3.2,0,Regular Moderate-Value Customers,0
CUST_0338,4,174.0,696.0,1,0,5.733333333333333,0.6976744186046512,5.733333333333333,3.25,0,Regular Moderate-Value Customers,0
CUST_0339,6,430.5083333333334,2583.05,1,2,5.6,1.0714285714285714,5.6,2.5,1,Premium Frequent Diners,-1
CUST_0340,4,269.9575,1079.83,0,1,4.466666666666667,0.8955223880597015,4.466666666666667,4.0,0,Regular Moderate-Value Customers,0
CUST_0341,5,154.56199999999998,772.81,1,2,3.033333333333333,1.6483516483516485,3.033333333333333,3.6,2,Occasional Low-Spend Customers,0
CUST_0342,7,167.63857142857142,1173.47,0,2,4.7,1.4893617021276595,4.7,2.857142857142857,0,Regular Moderate-Value Customers,0
CUST_0343,3,299.98333333333335,899.95,1,1,3.1333333333333333,0.9574468085106383,3.1333333333333333,3.0,0,Regular Moderate-Value Customers,0
CUST_0344,5,199.34,996.7,1,1,3.966666666666667,1.2605042016806722,3.966666666666667,3.6,0,Regular Moderate-Value Customers,0
CUST_0345,7,227.74857142857144,1594.24,3,4,5.1,1.3725490196078431,5.1,3.7142857142857144,1,Premium Frequent Diners,0
CUST_0346,3,230.36333333333334,691.09,1,0,2.0,1.5,2.0,3.0,2,Occasional Low-Spend Customers,0
CUST_0347,2,165.435,330.87,0,0,3.466666666666667,0.5769230769230769,3.466666666666667,3.0,0,Regular Moderate-Value Customers,0
CUST_0348,7,209.63285714285712,1467.4299999999998,0,3,4.1,1.707317073170732,4.1,3.0,1,Premium Frequent Diners,0
CUST_0349,5,230.118,1150.59,0,2,3.933333333333333,1.2711864406779663,3.933333333333333,3.0,0,Regular Moderate-Value Customers,0
CUST_0350,2,325.22,650.44,2,0,1.0,2.0,1.0,4.5,2,Occasional Low-Spend Customers,-1
CUST_0351,3,115.31666666666666,345.95,2,2,2.2,1.3636363636363635,2.2,3.3333333333333335,2,Occasional Low-Spend Customers,0
CUST_0352,2,264.73,529.46,1,1,1.0,2.0,1.0,3.5,2,Occasional Low-Spend Customers,0
CUST_0353,9,194.6211111111111,1751.59,2,2,5.633333333333334,1.5976331360946745,5.633333333333334,3.2222222222222223,1,Premium Frequent Diners,0
CUST_0354,5,150.71599999999998,753.5799999999999,2,2,3.7333333333333334,1.3392857142857142,3.7333333333333334,3.0,0,Regular Moderate-Value Customers,0
CUST_0355,2,342.20500000000004,684.4100000000001,1,1,3.1,0.6451612903225806,3.1,2.5,0,Regular Moderate-Value Customers,0
CUST_0356,8,208.4925,1667.94,0,3,4.2,1.9047619047619047,4.2,3.75,1,Premium Frequent Diners,0
CUST_0357,4,133.17000000000002,532.6800000000001,2,0,2.9,1.3793103448275863,2.9,2.5,2,Occasional Low-Spend Customers,0
CUST_0359,8,175.93,1407.44,3,2,4.433333333333334,1.8045112781954886,4.433333333333334,2.875,1,Premium Frequent Diners,0
CUST_0360,2,197.22,394.44,1,1,3.033333333333333,0.6593406593406593,3.033333333333333,3.0,0,Regular Moderate-Value Customers,0
CUST_0361,2,197.70999999999998,395.41999999999996,0,1,1.0,2.0,1.0,2.5,2,Occasional Low-Spend Customers,0
CUST_0362,3,246.31000000000003,738.9300000000001,2,1,4.466666666666667,0.6716417910447761,4.466666666666667,2.6666666666666665,0,Regular Moderate-Value Customers,0
CUST_0363,5,169.14600000000002,845.73,0,1,4.233333333333333,1.1811023622047243,4.233333333333333,3.2,0,Regular Moderate-Value Customers,0
CUST_0364,7,170.31142857142854,1192.1799999999998,3,3,4.633333333333334,1.5107913669064748,4.633333333333334,2.5714285714285716,1,Premium Frequent Diners,0
CUST_0365,8,181.42,1451.36,3,2,5.566666666666666,1.437125748502994,5.566666666666666,3.25,1,Premium Frequent Diners,0
CUST_0366,4,213.8,855.2,0,3,5.633333333333334,0.7100591715976331,5.633333333333334,2.75,0,Regular Moderate-Value Customers,0
CUST_0367,2,301.275,602.55,0,0,3.3333333333333335,0.6,3.3333333333333335,3.0,0,Regular Moderate-Value Customers,0
CUST_0368,6,251.78166666666667,1510.69,3,4,4.466666666666667,1.3432835820895521,4.466666666666667,3.6666666666666665,1,Premium Frequent Diners,0
CUST_0369,3,168.72,506.15999999999997,2,1,4.4,0.6818181818181818,4.4,3.6666666666666665,0,Regular Moderate-Value Customers,0
CUST_0370,1,467.35,467.35,0,1,1.0,1.0,1.0,3.0,2,Occasional Low-Spend Customers,-1
CUST_0371,5,217.16000000000003,1085.8000000000002,2,2,4.566666666666666,1.094890510948905,4.566666666666666,3.8,0,Regular Moderate-Value Customers,0
CUST_0372,2,455.135,910.27,2,0,2.066666666666667,0.9677419354838709,2.066666666666667,4.0,2,Occasional Low-Spend Customers,-1
CUST_0373,8,197.52875,1580.23,3,4,3.566666666666667,2.2429906542056073,3.566666666666667,3.375,1,Premium Frequent Diners,0
CUST_0374,4,199.20499999999998,796.8199999999999,1,2,2.6,1.5384615384615383,2.6,3.25,2,Occasional Low-Spend Customers,0
CUST_0375,4,235.935,943.74,0,1,1.9333333333333333,2.0689655172413794,1.9333333333333333,3.25,2,Occasional Low-Spend Customers,0
CUST_0376,7,222.60285714285712,1558.2199999999998,1,4,5.066666666666666,1.381578947368421,5.066666666666666,3.4285714285714284,1,Premium Frequent Diners,0
CUST_0377,3,251.15666666666667,753.47,1,0,1.8,1.6666666666666665,1.8,3.6666666666666665,2,Occasional Low-Spend Customers,0
CUST_0378,4,278.9525,1115.81,0,1,5.566666666666666,0.718562874251497,5.566666666666666,3.25,0,Regular Moderate-Value Customers,0
CUST_0379,5,174.708,873.54,4,0,4.633333333333334,1.079136690647482,4.633333333333334,2.8,0,Regular Moderate-Value Customers,0
CUST_0380,3,320.1166666666667,960.35,0,2,2.8,1.0714285714285714,2.8,4.0,2,Occasional Low-Spend Customers,-1
CUST_0381,11,260.3218181818182,2863.54,5,5,4.5,2.4444444444444446,4.5,3.1818181818181817,1,Premium Frequent Diners,-1
CUST_0382,11,159.43454545454546,1753.78,2,3,5.1,2.1568627450980395,5.1,3.5454545454545454,1,Premium Frequent Diners,0
CUST_0383,6,155.54,933.24,2,2,3.3333333333333335,1.7999999999999998,3.3333333333333335,2.8333333333333335,0,Regular Moderate-Value Customers,0
CUST_0384,4,191.8325,767.33,1,2,3.3666666666666667,1.188118811881188,3.3666666666666667,3.25,0,Regular Moderate-Value Customers,0
CUST_0385,5,219.61800000000002,1098.0900000000001,1,3,5.066666666666666,0.986842105263158,5.066666666666666,4.2,0,Regular Moderate-Value Customers,0
CUST_0386,2,534.695,1069.39,2,1,1.0,2.0,1.0,3.0,2,Occasional Low-Spend Customers,-1
CUST_0387,10,173.393,1733.93,1,3,4.466666666666667,2.2388059701492535,4.466666666666667,3.0,1,Premium Frequent Diners,0
CUST_0388,2,408.59499999999997,817.1899999999999,1,0,3.066666666666667,0.6521739130434783,3.066666666666667,2.5,0,Regular Moderate-Value Customers,-1
CUST_0389,2,223.075,446.15,2,1,1.6,1.25,1.6,3.5,2,Occasional Low-Spend Customers,0
CUST_0390,4,224.85000000000002,899.4000000000001,1,2,2.6,1.5384615384615383,2.6,3.25,2,Occasional Low-Spend Customers,0
CUST_0391,4,316.5125,1266.05,3,1,2.6666666666666665,1.5,2.6666666666666665,3.0,2,Occasional Low-Spend Customers,0
CUST_0392,4,182.895,731.58,1,1,4.366666666666666,0.9160305343511451,4.366666666666666,2.75,0,Regular Moderate-Value Customers,0
CUST_0393,7,290.0914285714286,2030.64,2,4,3.466666666666667,2.019230769230769,3.466666666666667,3.5714285714285716,1,Premium Frequent Diners,0
CUST_0394,6,255.41833333333332,1532.51,1,3,5.833333333333333,1.0285714285714287,5.833333333333333,3.3333333333333335,1,Premium Frequent Diners,0
CUST_0395,5,223.092,1115.46,2,2,4.466666666666667,1.1194029850746268,4.466666666666667,3.8,0,Regular Moderate-Value Customers,0
CUST_0396,9,306.8122222222222,2761.31,3,5,4.7,1.9148936170212765,4.7,3.2222222222222223,1,Premium Frequent Diners,-1
CUST_0397,2,357.465,714.93,0,2,3.7666666666666666,0.5309734513274337,3.7666666666666666,4.0,0,Regular Moderate-Value Customers,-1
CUST_0398,5,301.312,1506.56,1,1,3.6333333333333333,1.3761467889908257,3.6333333333333333,3.2,0,Regular Moderate-Value Customers,0
CUST_0399,3,391.8,1175.4,0,1,2.3,1.3043478260869565,2.3,3.0,2,Occasional Low-Spend Customers,0
CUST_0400,4,279.865,1119.46,3,2,4.866666666666666,0.8219178082191781,4.866666666666666,2.0,0,Regular Moderate-Value Customers,0
CUST_0401,6,234.6,1407.6,1,1,4.966666666666667,1.2080536912751678,4.966666666666667,3.3333333333333335,0,Regular Moderate-Value Customers,0
CUST_0402,5,183.416,917.0799999999999,3,0,3.533333333333333,1.4150943396226416,3.533333333333333,3.2,0,Regular Moderate-Value Customers,0
CUST_0403,5,216.594,1082.97,0,2,4.4,1.1363636363636362,4.4,3.4,0,Regular Moderate-Value Customers,0
CUST_0404,2,548.8299999999999,1097.6599999999999,0,0,1.7333333333333334,1.1538461538461537,1.7333333333333334,2.0,2,Occasional Low-Spend Customers,-1
CUST_0405,4,236.4375,945.75,1,1,2.5,1.6,2.5,2.75,2,Occasional Low-Spend Customers,0
CUST_0406,2,131.265,262.53,0,0,1.0,2.0,1.0,3.0,2,Occasional Low-Spend Customers,0
CUST_0407,3,177.72333333333333,533.17,0,2,4.833333333333333,0.6206896551724138,4.833333333333333,3.6666666666666665,0,Regular Moderate-Value Customers,0
CUST_0408,2,100.0,200.0,1,1,1.0,2.0,1.0,3.0,2,Occasional Low-Spend Customers,0
CUST_0409,5,209.32799999999997,1046.6399999999999,3,3,3.5,1.4285714285714286,3.5,3.4,1,Premium Frequent Diners,0
CUST_0410,5,169.64000000000001,848.2,1,3,3.7,1.3513513513513513,3.7,3.8,0,Regular Moderate-Value Customers,0
CUST_0411,5,201.856,1009.28,2,2,3.1666666666666665,1.5789473684210527,3.1666666666666665,3.4,0,Regular Moderate-Value Customers,0
CUST_0412,4,282.695,1130.78,2,0,2.2333333333333334,1.791044776119403,2.2333333333333334,3.25,2,Occasional Low-Spend Customers,0
CUST_0413,5,124.86800000000001,624.34,2,2,5.266666666666667,0.949367088607595,5.266666666666667,3.0,0,Regular Moderate-Value Customers,0
CUST_0414,3,197.46333333333334,592.39,1,1,3.6,0.8333333333333333,3.6,2.3333333333333335,0,Regular Moderate-Value Customers,0
CUST_0415,8,187.35625,1498.85,2,3,2.433333333333333,3.2876712328767126,2.433333333333333,3.375,1,Premium Frequent Diners,-1
CUST_0416,7,190.76,1335.32,2,3,3.8666666666666667,1.8103448275862069,3.8666666666666667,3.4285714285714284,1,Premium Frequent Diners,0
CUST_0417,12,221.2675,2655.21,2,4,5.233333333333333,2.2929936305732483,5.233333333333333,3.0833333333333335,1,Premium Frequent Diners,0
CUST_0418,5,218.32,1091.6,1,0,2.6,1.923076923076923,2.6,2.6,2,Occasional Low-Spend Customers,0
CUST_0419,4,243.845,975.38,1,2,3.6333333333333333,1.1009174311926606,3.6333333333333333,2.75,0,Regular Moderate-Value Customers,0
CUST_0420,8,310.86125,2486.89,1,3,4.933333333333334,1.6216216216216215,4.933333333333334,3.375,1,Premium Frequent Diners,0
CUST_0421,5,247.81199999999998,1239.06,1,3,4.333333333333333,1.153846153846154,4.333333333333333,3.8,0,Regular Moderate-Value Customers,0
CUST_0422,3,364.8233333333333,1094.47,0,1,3.933333333333333,0.7627118644067797,3.933333333333333,4.0,0,Regular Moderate-Value Customers,0
CUST_0423,5,237.26999999999998,1186.35,4,2,2.066666666666667,2.419354838709677,2.066666666666667,3.4,2,Occasional Low-Spend Customers,0
CUST_0424,3,192.29,576.87,0,0,1.0,3.0,1.0,3.0,2,Occasional Low-Spend Customers,0
CUST_0425,4,192.5875,770.35,1,1,4.066666666666666,0.9836065573770493,4.066666666666666,3.25,0,Regular Moderate-Value Customers,0
CUST_0426,3,180.92999999999998,542.79,0,2,1.0,3.0,1.0,4.0,2,Occasional Low-Spend Customers,2
CUST_0427,7,200.91285714285712,1406.3899999999999,2,3,5.133333333333334,1.3636363636363635,5.133333333333334,3.142857142857143,1,Premium Frequent Diners,0
CUST_0428,5,288.474,1442.37,1,5,2.8333333333333335,1.7647058823529411,2.8333333333333335,2.2,1,Premium Frequent Diners,-1
CUST_0429,2,126.72,253.44,1,0,2.5,0.8,2.5,3.0,2,Occasional Low-Spend Customers,0
CUST_0431,6,171.1,1026.6,2,5,2.6666666666666665,2.25,2.6666666666666665,4.166666666666667,1,Premium Frequent Diners,-1
CUST_0432,2,300.3,600.6,0,0,1.0,2.0,1.0,3.0,2,Occasional Low-Spend Customers,0
CUST_0433,5,198.57999999999998,992.9,2,4,4.366666666666666,1.1450381679389314,4.366666666666666,3.2,1,Premium Frequent Diners,0
CUST_0434,6,160.99833333333333,965.99,1,1,2.466666666666667,2.4324324324324325,2.466666666666667,3.5,2,Occasional Low-Spend Customers,0
CUST_0435,6,182.6783333333333,1096.07,1,1,4.033333333333333,1.4876033057851241,4.033333333333333,2.5,0,Regular Moderate-Value Customers,0
CUST_0436,4,159.9725,639.89,1,2,5.266666666666667,0.759493670886076,5.266666666666667,3.0,0,Regular Moderate-Value Customers,0
CUST_0437,4,263.475,1053.9,1,3,3.9,1.0256410256410258,3.9,3.25,0,Regular Moderate-Value Customers,0
CUST_0438,7,190.75,1335.25,3,4,5.6,1.25,5.6,2.7142857142857144,1,Premium Frequent Diners,0
CUST_0439,5,201.44400000000002,1007.22,3,2,3.433333333333333,1.4563106796116505,3.433333333333333,3.6,0,Regular Moderate-Value Customers,0
CUST_0440,7,327.7214285714286,2294.05,2,3,5.166666666666667,1.3548387096774193,5.166666666666667,2.857142857142857,1,Premium Frequent Diners,0
CUST_0441,5,288.61,1443.0500000000002,1,2,3.1666666666666665,1.5789473684210527,3.1666666666666665,3.0,0,Regular Moderate-Value Customers,0
CUST_0442,5,206.042,1030.21,3,1,2.433333333333333,2.0547945205479454,2.433333333333333,3.4,2,Occasional Low-Spend Customers,0
CUST_0443,6,242.225,1453.35,0,2,4.4,1.3636363636363635,4.4,4.0,0,Regular Moderate-Value Customers,0
CUST_0444,4,244.005,976.02,2,1,1.4333333333333333,2.7906976744186047,1.4333333333333333,2.75,2,Occasional Low-Spend Customers,0
CUST_0445,6,221.04333333333332,1326.26,1,2,4.8,1.25,4.8,3.3333333333333335,0,Regular Moderate-Value Customers,0
CUST_0446,5,320.89,1604.45,2,1,2.5,2.0,2.5,3.6,2,Occasional Low-Spend Customers,0
CUST_0447,6,365.55,2193.3,3,2,4.3,1.3953488372093024,4.3,3.3333333333333335,1,Premium Frequent Diners,-1
CUST_0448,5,196.058,980.29,0,0,3.8666666666666667,1.293103448275862,3.8666666666666667,3.0,0,Regular Moderate-Value Customers,0
CUST_0449,8,158.85,1270.8,5,4,4.633333333333334,1.7266187050359711,4.633333333333334,2.875,1,Premium Frequent Diners,0
CUST_0450,5,162.678,813.39,2,2,4.1,1.2195121951219514,4.1,3.0,0,Regular Moderate-Value Customers,0
CUST_0451,1,139.6,139.6,1,0,1.0,1.0,1.0,4.0,2,Occasional Low-Spend Customers,0
CUST_0452,4,333.2275,1332.91,1,2,1.0,4.0,1.0,3.75,2,Occasional Low-Spend Customers,-1
CUST_0453,3,236.80333333333337,710.4100000000001,0,1,1.3666666666666667,2.1951219512195124,1.3666666666666667,2.6666666666666665,2,Occasional Low-Spend Customers,0
CUST_0454,5,124.53600000000002,622.6800000000001,0,3,5.033333333333333,0.9933774834437087,5.033333333333333,3.6,0,Regular Moderate-Value Customers,0
CUST_0455,7,261.3771428571428,1829.6399999999999,1,4,5.433333333333334,1.2883435582822085,5.433333333333334,2.857142857142857,1,Premium Frequent Diners,0
CUST_0456,8,182.04375,1456.35,0,2,5.7,1.4035087719298245,5.7,2.5,1,Premium Frequent Diners,0
CUST_0457,7,223.94857142857146,1567.64,2,3,5.133333333333334,1.3636363636363635,5.133333333333334,3.0,1,Premium Frequent Diners,0
CUST_0458,4,179.775,719.1,0,1,2.3,1.7391304347826089,2.3,3.0,2,Occasional Low-Spend Customers,0
CUST_0459,3,239.13333333333333,717.4,0,0,1.4,2.142857142857143,1.4,2.0,2,Occasional Low-Spend Customers,0
CUST_0460,3,408.71333333333337,1226.14,1,2,3.7333333333333334,0.8035714285714286,3.7333333333333334,2.6666666666666665,0,Regular Moderate-Value Customers,0
CUST_0461,4,168.4675,673.87,2,1,4.233333333333333,0.9448818897637795,4.233333333333333,2.25,0,Regular Moderate-Value Customers,0
CUST_0462,4,274.0175,1096.07,2,2,1.0,4.0,1.0,3.25,2,Occasional Low-Spend Customers,-1
CUST_0463,7,187.32714285714286,1311.29,2,2,4.933333333333334,1.4189189189189189,4.933333333333334,3.142857142857143,1,Premium Frequent Diners,0
CUST_0464,13,233.7030769230769,3038.14,6,5,5.7,2.280701754385965,5.7,3.3076923076923075,1,Premium Frequent Diners,-1
CUST_0465,4,251.79,1007.16,1,1,4.333333333333333,0.9230769230769231,4.333333333333333,3.75,0,Regular Moderate-Value Customers,0
CUST_0466,5,169.786,848.9300000000001,1,2,5.033333333333333,0.9933774834437087,5.033333333333333,3.2,0,Regular Moderate-Value Customers,0
CUST_0467,9,238.27666666666664,2144.49,5,4,3.3333333333333335,2.6999999999999997,3.3333333333333335,3.0,1,Premium Frequent Diners,-1
CUST_0468,6,248.06166666666664,1488.37,0,1,4.5,1.3333333333333333,4.5,3.5,0,Regular Moderate-Value Customers,0
CUST_0469,3,124.90333333333332,374.71,0,1,4.533333333333333,0.6617647058823529,4.533333333333333,4.333333333333333,0,Regular Moderate-Value Customers,0
CUST_0470,5,385.21999999999997,1926.1,2,2,1.7333333333333334,2.8846153846153846,1.7333333333333334,2.8,2,Occasional Low-Spend Customers,-1
CUST_0471,5,227.996,1139.98,3,3,2.4,2.0833333333333335,2.4,2.6,2,Occasional Low-Spend Customers,0
CUST_0472,7,215.35857142857142,1507.51,1,4,4.666666666666667,1.5,4.666666666666667,3.2857142857142856,1,Premium Frequent Diners,0
CUST_0473,8,242.53375,1940.27,2,4,4.2,1.9047619047619047,4.2,3.375,1,Premium Frequent Diners,0
CUST_0474,5,195.296,976.48,2,1,3.6666666666666665,1.3636363636363638,3.6666666666666665,3.0,0,Regular Moderate-Value Customers,0
CUST_0475,6,128.09333333333333,768.56,1,0,5.733333333333333,1.0465116279069768,5.733333333333333,2.5,0,Regular Moderate-Value Customers,0
CUST_0476,5,192.13400000000001,960.6700000000001,1,3,4.1,1.2195121951219514,4.1,2.8,0,Regular Moderate-Value Customers,0
CUST_0477,7,225.30714285714288,1577.15,2,3,5.333333333333333,1.3125,5.333333333333333,2.857142857142857,1,Premium Frequent Diners,0
CUST_0478,4,173.39,693.56,1,0,2.1,1.9047619047619047,2.1,3.0,2,Occasional Low-Spend Customers,0
CUST_0479,5,292.90999999999997,1464.55,1,3,4.7,1.0638297872340425,4.7,3.6,0,Regular Moderate-Value Customers,0
CUST_0480,4,179.41500000000002,717.6600000000001,0,1,2.533333333333333,1.5789473684210527,2.533333333333333,4.25,2,Occasional Low-Spend Customers,0
CUST_0481,8,219.75375,1758.03,2,3,4.233333333333333,1.889763779527559,4.233333333333333,3.25,1,Premium Frequent Diners,0
CUST_0482,8,191.43875,1531.51,2,4,4.166666666666667,1.92,4.166666666666667,2.875,1,Premium Frequent Diners,0
CUST_0483,3,204.49333333333334,613.48,1,1,1.8666666666666667,1.6071428571428572,1.8666666666666667,3.6666666666666665,2,Occasional Low-Spend Customers,0
CUST_0484,2,146.865,293.73,0,1,1.0,2.0,1.0,2.5,2,Occasional Low-Spend Customers,0
CUST_0485,6,286.695,1720.17,3,1,5.266666666666667,1.139240506329114,5.266666666666667,3.1666666666666665,1,Premium Frequent Diners,0
CUST_0486,6,185.465,1112.79,3,4,5.266666666666667,1.139240506329114,5.266666666666667,3.0,1,Premium Frequent Diners,0
CUST_0487,5,202.762,1013.8100000000001,2,1,3.6666666666666665,1.3636363636363638,3.6666666666666665,3.0,0,Regular Moderate-Value Customers,0
CUST_0488,2,150.185,300.37,1,1,1.0,2.0,1.0,2.5,2,Occasional Low-Spend Customers,0
CUST_0489,3,187.76666666666665,563.3,1,0,1.9,1.5789473684210527,1.9,3.6666666666666665,2,Occasional Low-Spend Customers,0
CUST_0490,5,188.71599999999998,943.5799999999999,2,2,5.633333333333334,0.8875739644970414,5.633333333333334,3.2,0,Regular Moderate-Value Customers,0
CUST_0491,3,334.05333333333334,1002.16,1,0,4.1,0.7317073170731708,4.1,3.3333333333333335,0,Regular Moderate-Value Customers,0
CUST_0492,10,269.383,2693.83,3,4,4.166666666666667,2.4,4.166666666666667,3.2,1,Premium Frequent Diners,0
CUST_0493,3,181.81000000000003,545.4300000000001,0,2,1.0333333333333334,2.9032258064516125,1.0333333333333334,4.0,2,Occasional Low-Spend Customers,2
CUST_0494,3,169.92,509.76,1,1,1.4666666666666666,2.0454545454545454,1.4666666666666666,4.0,2,Occasional Low-Spend Customers,0
CUST_0495,4,194.635,778.54,0,1,4.366666666666666,0.9160305343511451,4.366666666666666,4.0,0,Regular Moderate-Value Customers,0
CUST_0496,3,235.85666666666668,707.57,1,2,3.3,0.9090909090909092,3.3,3.3333333333333335,0,Regular Moderate-Value Customers,0
CUST_0497,6,187.69500000000002,1126.17,1,0,5.5,1.0909090909090908,5.5,3.0,0,Regular Moderate-Value Customers,0
CUST_0498,2,332.495,664.99,1,1,3.6666666666666665,0.5454545454545455,3.6666666666666665,3.5,0,Regular Moderate-Value Customers,0
CUST_0499,5,208.392,1041.96,1,0,5.866666666666666,0.8522727272727273,5.866666666666666,3.2,0,Regular Moderate-Value Customers,0
CUST_0500,3,215.53333333333333,646.6,3,2,2.8,1.0714285714285714,2.8,3.3333333333333335,0,Regular Moderate-Value Customers,0
CUST_0501,4,278.96500000000003,1115.8600000000001,2,1,3.3,1.2121212121212122,3.3,3.25,0,Regular Moderate-Value Customers,0
CUST_0502,8,221.8825,1775.06,2,3,3.8666666666666667,2.0689655172413794,3.8666666666666667,3.75,1,Premium Frequent Diners,0
CUST_0503,12,179.40583333333333,2152.87,4,2,3.466666666666667,3.4615384615384612,3.466666666666667,3.25,1,Premium Frequent Diners,-1
CUST_0504,4,230.0125,920.05,2,1,3.1666666666666665,1.2631578947368423,3.1666666666666665,2.5,0,Regular Moderate-Value Customers,0
CUST_0505,3,214.48000000000002,643.44,0,1,1.8333333333333333,1.6363636363636365,1.8333333333333333,4.0,2,Occasional Low-Spend Customers,0
CUST_0506,3,165.05666666666664,495.16999999999996,0,2,5.266666666666667,0.569620253164557,5.266666666666667,3.3333333333333335,0,Regular Moderate-Value Customers,0
CUST_0507,1,100.0,100.0,0,1,1.0,1.0,1.0,4.0,2,Occasional Low-Spend Customers,0
CUST_0508,4,343.895,1375.58,0,2,1.2,3.3333333333333335,1.2,2.75,2,Occasional Low-Spend Customers,-1
CUST_0509,4,362.4925,1449.97,2,3,2.8666666666666667,1.3953488372093024,2.8666666666666667,4.0,1,Premium Frequent Diners,0
CUST_0510,4,177.2225,708.89,1,1,4.133333333333334,0.9677419354838709,4.133333333333334,2.75,0,Regular Moderate-Value Customers,0
CUST_0511,3,191.28333333333333,573.85,0,1,4.066666666666666,0.7377049180327869,4.066666666666666,3.3333333333333335,0,Regular Moderate-Value Customers,0
CUST_0512,4,229.3275,917.31,0,1,2.5,1.6,2.5,3.75,2,Occasional Low-Spend Customers,0
CUST_0513,5,290.002,1450.01,3,2,4.9,1.0204081632653061,4.9,3.0,1,Premium Frequent Diners,0
CUST_0514,6,211.16666666666666,1267.0,1,3,4.6,1.3043478260869565,4.6,3.0,1,Premium Frequent Diners,0
CUST_0515,1,100.0,100.0,1,0,1.0,1.0,1.0,2.0,2,Occasional Low-Spend Customers,1
CUST_0516,5,176.01000000000002,880.0500000000001,1,3,2.6666666666666665,1.875,2.6666666666666665,3.2,2,Occasional Low-Spend Customers,0
CUST_0517,4,149.0,596.0,2,2,3.8333333333333335,1.0434782608695652,3.8333333333333335,3.5,0,Regular Moderate-Value Customers,0
CUST_0518,2,100.0,200.0,0,0,3.466666666666667,0.5769230769230769,3.466666666666667,4.0,0,Regular Moderate-Value Customers,0
CUST_0519,1,174.19,174.19,1,0,1.0,1.0,1.0,4.0,2,Occasional Low-Spend Customers,0
CUST_0520,9,190.89111111111112,1718.02,3,1,5.833333333333333,1.542857142857143,5.833333333333333,3.111111111111111,1,Premium Frequent Diners,0
CUST_0521,6,196.30166666666665,1177.81,2,3,5.233333333333333,1.1464968152866242,5.233333333333333,3.3333333333333335,1,Premium Frequent Diners,0
CUST_0522,8,192.61374999999998,1540.9099999999999,1,2,4.5,1.7777777777777777,4.5,2.875,1,Premium Frequent Diners,0
CUST_0523,1,100.0,100.0,0,0,1.0,1.0,1.0,4.0,2,Occasional Low-Spend Customers,0
CUST_0524,2,206.76,413.52,1,1,4.2,0.47619047619047616,4.2,4.0,0,Regular Moderate-Value Customers,0
CUST_0525,5,184.434,922.17,2,1,4.4,1.1363636363636362,4.4,3.0,0,Regular Moderate-Value Customers,0
CUST_0526,1,128.86,128.86,0,0,1.0,1.0,1.0,2.0,2,Occasional Low-Spend Customers,1
CUST_0527,9,260.27666666666664,2342.49,2,1,5.533333333333333,1.6265060240963856,5.533333333333333,2.888888888888889,1,Premium Frequent Diners,0
CUST_0528,7,193.95142857142858,1357.66,1,1,4.433333333333334,1.5789473684210527,4.433333333333334,2.7142857142857144,0,Regular Moderate-Value Customers,0
CUST_0529,5,202.134,1010.67,2,1,3.7333333333333334,1.3392857142857142,3.7333333333333334,3.2,0,Regular Moderate-Value Customers,0
CUST_0530,4,249.0725,996.29,1,1,4.2,0.9523809523809523,4.2,2.5,0,Regular Moderate-Value Customers,0
CUST_0531,5,171.21800000000002,856.09,1,3,1.0,5.0,1.0,3.2,2,Occasional Low-Spend Customers,-1
CUST_0532,3,228.29666666666665,684.89,1,0,3.3333333333333335,0.8999999999999999,3.3333333333333335,3.3333333333333335,0,Regular Moderate-Value Customers,0
CUST_0533,8,226.90375,1815.23,1,2,5.3,1.509433962264151,5.3,3.0,1,Premium Frequent Diners,0
CUST_0534,2,271.42,542.84,1,0,1.2,1.6666666666666667,1.2,2.0,2,Occasional Low-Spend Customers,0
CUST_0535,5,169.43400000000003,847.1700000000001,0,3,5.033333333333333,0.9933774834437087,5.033333333333333,2.4,0,Regular Moderate-Value Customers,0
CUST_0536,4,182.06,728.24,1,2,1.4333333333333333,2.7906976744186047,1.4333333333333333,2.75,2,Occasional Low-Spend Customers,0
CUST_0537,3,227.92,683.76,0,2,3.6,0.8333333333333333,3.6,3.0,0,Regular Moderate-Value Customers,0
CUST_0538,8,130.86625,1046.93,2,4,5.833333333333333,1.3714285714285714,5.833333333333333,3.25,1,Premium Frequent Diners,0
CUST_0539,2,499.375,998.75,2,0,1.0,2.0,1.0,2.5,2,Occasional Low-Spend Customers,-1
CUST_0540,7,206.07571428571427,1442.53,2,3,4.533333333333333,1.5441176470588236,4.533333333333333,2.857142857142857,1,Premium Frequent Diners,0
CUST_0541,9,197.38777777777779,1776.49,0,3,5.033333333333333,1.7880794701986755,5.033333333333333,3.0,1,Premium Frequent Diners,0
CUST_0542,3,143.47333333333333,430.42,1,1,5.433333333333334,0.5521472392638036,5.433333333333334,3.0,0,Regular Moderate-Value Customers,0
CUST_0543,7,189.19857142857146,1324.39,4,1,2.8,2.5,2.8,3.7142857142857144,1,Premium Frequent Diners,0
CUST_0544,3,132.14333333333335,396.43,0,0,3.7666666666666666,0.7964601769911505,3.7666666666666666,3.3333333333333335,0,Regular Moderate-Value Customers,0
CUST_0545,9,230.0922222222222,2070.83,4,2,4.133333333333334,2.1774193548387095,4.133333333333334,3.4444444444444446,1,Premium Frequent Diners,0
CUST_0546,6,261.50666666666666,1569.04,3,2,5.4,1.111111111111111,5.4,3.3333333333333335,1,Premium Frequent Diners,0
CUST_0547,7,206.04571428571427,1442.32,1,3,4.666666666666667,1.5,4.666666666666667,3.4285714285714284,1,Premium Frequent Diners,0
CUST_0548,2,177.735,355.47,0,2,2.7333333333333334,0.7317073170731707,2.7333333333333334,3.0,2,Occasional Low-Spend Customers,0
CUST_0549,6,203.15166666666667,1218.91,1,2,4.9,1.2244897959183672,4.9,3.1666666666666665,0,Regular Moderate-Value Customers,0
CUST_0550,10,211.74,2117.4,4,4,4.366666666666666,2.290076335877863,4.366666666666666,3.2,1,Premium Frequent Diners,0
CUST_0551,4,249.8075,999.23,1,1,4.933333333333334,0.8108108108108107,4.933333333333334,3.0,0,Regular Moderate-Value Customers,0
CUST_0552,3,147.42,442.26,0,0,2.7666666666666666,1.0843373493975903,2.7666666666666666,3.6666666666666665,2,Occasional Low-Spend Customers,0
CUST_0553,7,156.8385714285714,1097.87,0,2,5.066666666666666,1.381578947368421,5.066666666666666,3.142857142857143,0,Regular Moderate-Value Customers,0
CUST_0554,4,158.51250000000002,634.0500000000001,1,2,4.233333333333333,0.9448818897637795,4.233333333333333,3.0,0,Regular Moderate-Value Customers,0
CUST_0555,7,255.93428571428572,1791.54,4,1,2.2666666666666666,3.088235294117647,2.2666666666666666,3.2857142857142856,1,Premium Frequent Diners,-1
CUST_0557,5,310.066,1550.33,2,3,3.533333333333333,1.4150943396226416,3.533333333333333,4.0,1,Premium Frequent Diners,0
CUST_0558,9,197.02555555555557,1773.23,1,1,5.366666666666666,1.6770186335403727,5.366666666666666,3.4444444444444446,1,Premium Frequent Diners,0
CUST_0559,3,199.12333333333333,597.37,1,1,2.4,1.25,2.4,3.6666666666666665,2,Occasional Low-Spend Customers,0
CUST_0560,11,241.8227272727273,2660.05,4,3,5.6,1.9642857142857144,5.6,3.090909090909091,1,Premium Frequent Diners,0
CUST_0561,9,248.43666666666664,2235.93,4,5,3.8333333333333335,2.3478260869565215,3.8333333333333335,3.6666666666666665,1,Premium Frequent Diners,0
CUST_0562,6,167.01166666666666,1002.0699999999999,2,0,5.7,1.0526315789473684,5.7,2.6666666666666665,0,Regular Moderate-Value Customers,0
CUST_0563,2,152.38,304.76,2,1,1.0,2.0,1.0,3.0,2,Occasional Low-Spend Customers,0
CUST_0564,5,217.68400000000003,1088.42,0,3,4.9,1.0204081632653061,4.9,3.0,0,Regular Moderate-Value Customers,0
CUST_0565,4,161.05,644.2,0,3,5.0,0.8,5.0,3.25,0,Regular Moderate-Value Customers,0
CUST_0566,10,250.263,2502.63,5,6,5.3,1.8867924528301887,5.3,3.0,1,Premium Frequent Diners,-1
CUST_0567,3,183.54333333333332,550.63,0,1,5.066666666666666,0.5921052631578948,5.066666666666666,3.3333333333333335,0,Regular Moderate-Value Customers,0
CUST_0568,7,266.81428571428575,1867.7,1,2,3.933333333333333,1.7796610169491527,3.933333333333333,3.4285714285714284,1,Premium Frequent Diners,0
CUST_0569,9,295.30111111111114,2657.71,4,4,5.8,1.5517241379310345,5.8,2.888888888888889,1,Premium Frequent Diners,-1
CUST_0570,7,225.27285714285716,1576.91,1,1,4.5,1.5555555555555556,4.5,3.4285714285714284,1,Premium Frequent Diners,0
CUST_0571,6,312.47166666666664,1874.83,2,3,4.266666666666667,1.40625,4.266666666666667,3.0,1,Premium Frequent Diners,0
CUST_0572,3,727.7933333333334,2183.38,1,1,4.1,0.7317073170731708,4.1,3.3333333333333335,0,Regular Moderate-Value Customers,-1
CUST_0573,12,189.77666666666667,2277.32,2,4,5.466666666666667,2.1951219512195124,5.466666666666667,3.25,1,Premium Frequent Diners,0
CUST_0574,7,347.61,2433.27,2,2,5.633333333333334,1.242603550295858,5.633333333333334,3.4285714285714284,1,Premium Frequent Diners,0
CUST_0575,4,288.9625,1155.85,1,2,3.566666666666667,1.1214953271028036,3.566666666666667,2.75,0,Regular Moderate-Value Customers,0
CUST_0576,2,192.725,385.45,0,2,3.6666666666666665,0.5454545454545455,3.6666666666666665,3.5,0,Regular Moderate-Value Customers,0
CUST_0577,4,164.7475,658.99,1,1,3.8,1.0526315789473684,3.8,2.75,0,Regular Moderate-Value Customers,0
CUST_0578,6,162.26000000000002,973.5600000000001,2,1,4.2,1.4285714285714286,4.2,2.6666666666666665,0,Regular Moderate-Value Customers,0
CUST_0579,7,235.82285714285715,1650.76,1,3,3.033333333333333,2.307692307692308,3.033333333333333,2.857142857142857,1,Premium Frequent Diners,0
CUST_0580,4,205.58999999999997,822.3599999999999,2,3,3.8,1.0526315789473684,3.8,2.5,0,Regular Moderate-Value Customers,0
CUST_0581,3,265.58666666666664,796.76,1,2,1.9333333333333333,1.5517241379310345,1.9333333333333333,3.6666666666666665,2,Occasional Low-Spend Customers,0
CUST_0582,4,270.6425,1082.57,4,1,5.166666666666667,0.7741935483870968,5.166666666666667,3.75,0,Regular Moderate-Value Customers,0
CUST_0583,9,180.91,1628.19,3,3,4.666666666666667,1.9285714285714284,4.666666666666667,3.0,1,Premium Frequent Diners,0
CUST_0584,6,260.0416666666667,1560.25,1,3,1.9,3.1578947368421053,1.9,3.0,2,Occasional Low-Spend Customers,0
CUST_0585,8,258.59,2068.72,3,3,4.966666666666667,1.610738255033557,4.966666666666667,3.375,1,Premium Frequent Diners,0
CUST_0586,6,153.60333333333332,921.62,2,1,4.866666666666666,1.2328767123287672,4.866666666666666,3.5,0,Regular Moderate-Value Customers,0
CUST_0587,3,324.02666666666664,972.0799999999999,0,1,2.466666666666667,1.2162162162162162,2.466666666666667,3.3333333333333335,2,Occasional Low-Spend Customers,0
CUST_0588,4,127.14750000000001,508.59000000000003,1,2,2.9,1.3793103448275863,2.9,3.0,2,Occasional Low-Spend Customers,0
CUST_0589,9,198.63,1787.67,3,4,4.6,1.956521739130435,4.6,3.0,1,Premium Frequent Diners,0
CUST_0590,6,190.5716666666667,1143.43,1,3,2.966666666666667,2.0224719101123596,2.966666666666667,3.6666666666666665,1,Premium Frequent Diners,0
CUST_0591,4,191.16750000000002,764.6700000000001,2,2,3.4,1.1764705882352942,3.4,2.25,0,Regular Moderate-Value Customers,0
CUST_0592,8,255.16375,2041.31,2,1,4.866666666666666,1.6438356164383563,4.866666666666666,3.375,1,Premium Frequent Diners,0
CUST_0593,4,157.9025,631.61,1,1,2.5,1.6,2.5,2.5,2,Occasional Low-Spend Customers,0
CUST_0594,4,249.025,996.1,2,0,5.733333333333333,0.6976744186046512,5.733333333333333,3.25,0,Regular Moderate-Value Customers,0
CUST_0595,4,212.76999999999998,851.0799999999999,3,1,4.2,0.9523809523809523,4.2,3.5,0,Regular Moderate-Value Customers,0
CUST_0596,4,201.255,805.02,2,2,1.0,4.0,1.0,2.75,2,Occasional Low-Spend Customers,-1
CUST_0597,5,154.904,774.52,2,2,2.7333333333333334,1.829268292682927,2.7333333333333334,4.0,2,Occasional Low-Spend Customers,0
CUST_0598,5,131.418,657.09,1,2,1.4333333333333333,3.488372093023256,1.4333333333333333,3.6,2,Occasional Low-Spend Customers,2
CUST_0599,5,322.13599999999997,1610.6799999999998,0,0,3.3333333333333335,1.5,3.3333333333333335,3.2,0,Regular Moderate-Value Customers,0
CUST_0600,6,233.50166666666667,1401.01,2,2,3.533333333333333,1.6981132075471699,3.533333333333333,3.3333333333333335,1,Premium Frequent Diners,0
CUST_0601,8,163.31875,1306.55,2,5,5.466666666666667,1.4634146341463414,5.466666666666667,2.875,1,Premium Frequent Diners,0
CUST_0602,6,217.80166666666665,1306.81,3,1,4.633333333333334,1.2949640287769784,4.633333333333334,3.3333333333333335,0,Regular Moderate-Value Customers,0
CUST_0603,4,195.98250000000002,783.9300000000001,2,2,4.9,0.8163265306122448,4.9,3.0,0,Regular Moderate-Value Customers,0
CUST_0604,9,203.5188888888889,1831.67,2,1,5.433333333333334,1.656441717791411,5.433333333333334,2.888888888888889,1,Premium Frequent Diners,0
CUST_0605,5,173.43800000000002,867.19,3,3,5.466666666666667,0.9146341463414634,5.466666666666667,3.0,0,Regular Moderate-Value Customers,0
CUST_0606,8,167.98,1343.84,2,1,4.833333333333333,1.6551724137931036,4.833333333333333,2.875,1,Premium Frequent Diners,0
CUST_0607,4,160.0725,640.29,1,2,2.4,1.6666666666666667,2.4,3.25,2,Occasional Low-Spend Customers,0
CUST_0608,3,246.76,740.28,1,0,1.4333333333333333,2.0930232558139537,1.4333333333333333,3.3333333333333335,2,Occasional Low-Spend Customers,0
CUST_0609,2,103.18,206.36,0,1,1.0,2.0,1.0,4.0,2,Occasional Low-Spend Customers,0
CUST_0610,3,127.33999999999999,382.02,0,1,4.8,0.625,4.8,2.3333333333333335,0,Regular Moderate-Value Customers,0
CUST_0612,6,266.68833333333333,1600.13,2,2,5.5,1.0909090909090908,5.5,2.8333333333333335,1,Premium Frequent Diners,0
CUST_0613,1,216.69,216.69,0,0,1.0,1.0,1.0,4.0,2,Occasional Low-Spend Customers,0
CUST_0614,5,143.51600000000002,717.58,2,1,3.566666666666667,1.4018691588785046,3.566666666666667,2.6,0,Regular Moderate-Value Customers,0
CUST_0615,4,189.8825,759.53,0,0,3.466666666666667,1.1538461538461537,3.466666666666667,3.0,0,Regular Moderate-Value Customers,0
CUST_0616,2,143.385,286.77,0,1,1.3,1.5384615384615383,1.3,3.5,2,Occasional Low-Spend Customers,0
CUST_0617,11,259.93,2859.23,4,5,4.466666666666667,2.462686567164179,4.466666666666667,3.1818181818181817,1,Premium Frequent Diners,0
CUST_0618,3,246.08666666666667,738.26,1,2,2.033333333333333,1.4754098360655739,2.033333333333333,3.6666666666666665,2,Occasional Low-Spend Customers,0
CUST_0619,7,258.13714285714286,1806.96,0,2,4.033333333333333,1.7355371900826446,4.033333333333333,3.0,1,Premium Frequent Diners,0
CUST_0620,5,227.43,1137.15,2,0,4.0,1.25,4.0,3.8,0,Regular Moderate-Value Customers,0
CUST_0621,6,171.0,1026.0,3,1,3.5,1.7142857142857142,3.5,3.0,0,Regular Moderate-Value Customers,0
CUST_0622,5,202.87,1014.35,1,1,5.766666666666667,0.8670520231213873,5.766666666666667,3.2,0,Regular Moderate-Value Customers,0
CUST_0623,11,223.28363636363636,2456.12,3,4,4.366666666666666,2.5190839694656493,4.366666666666666,3.3636363636363638,1,Premium Frequent Diners,0
CUST_0624,5,179.148,895.74,2,2,2.933333333333333,1.7045454545454546,2.933333333333333,3.2,2,Occasional Low-Spend Customers,0
CUST_0625,5,190.736,953.68,2,3,3.8,1.3157894736842106,3.8,2.8,0,Regular Moderate-Value Customers,0
CUST_0626,6,244.79999999999998,1468.8,2,2,5.866666666666666,1.0227272727272727,5.866666666666666,3.5,1,Premium Frequent Diners,0
CUST_0627,4,248.62,994.48,3,2,5.566666666666666,0.718562874251497,5.566666666666666,3.75,0,Regular Moderate-Value Customers,0
CUST_0628,8,178.12125,1424.97,2,3,5.266666666666667,1.518987341772152,5.266666666666667,3.375,1,Premium Frequent Diners,0
CUST_0629,2,163.04000000000002,326.08000000000004,0,0,2.1333333333333333,0.9375,2.1333333333333333,3.0,2,Occasional Low-Spend Customers,0
CUST_0630,3,176.98333333333335,530.95,1,2,1.6,1.875,1.6,4.0,2,Occasional Low-Spend Customers,0
CUST_0631,4,208.32500000000002,833.3000000000001,2,2,4.433333333333334,0.9022556390977443,4.433333333333334,2.75,0,Regular Moderate-Value Customers,0
CUST_0632,5,230.436,1152.18,1,2,5.0,1.0,5.0,3.0,0,Regular Moderate-Value Customers,0
CUST_0633,3,189.01333333333332,567.04,2,1,3.6333333333333333,0.8256880733944955,3.6333333333333333,4.0,0,Regular Moderate-Value Customers,0
CUST_0634,4,272.98,1091.92,3,3,2.2,1.8181818181818181,2.2,3.25,2,Occasional Low-Spend Customers,0
CUST_0635,7,216.67857142857142,1516.75,2,1,4.5,1.5555555555555556,4.5,3.4285714285714284,1,Premium Frequent Diners,0
CUST_0636,2,215.665,431.33,2,1,1.0,2.0,1.0,4.5,2,Occasional Low-Spend Customers,-1
CUST_0637,11,182.82999999999998,2011.1299999999999,0,2,4.933333333333334,2.22972972972973,4.933333333333334,4.181818181818182,1,Premium Frequent Diners,-1
CUST_0638,4,234.0725,936.29,1,3,3.8,1.0526315789473684,3.8,2.75,0,Regular Moderate-Value Customers,0
CUST_0639,4,287.03999999999996,1148.1599999999999,2,3,2.3333333333333335,1.7142857142857142,2.3333333333333335,3.0,2,Occasional Low-Spend Customers,0
CUST_0640,10,241.273,2412.73,6,4,3.4,2.9411764705882355,3.4,3.3,1,Premium Frequent Diners,-1
CUST_0641,5,212.204,1061.02,1,1,4.066666666666666,1.2295081967213115,4.066666666666666,2.8,0,Regular Moderate-Value Customers,0
CUST_0642,3,269.1333333333333,807.4,0,0,2.7,1.111111111111111,2.7,2.6666666666666665,2,Occasional Low-Spend Customers,0
CUST_0643,8,270.21875,2161.75,3,3,4.766666666666667,1.6783216783216783,4.766666666666667,3.125,1,Premium Frequent Diners,0
CUST_0644,3,183.30333333333337,549.9100000000001,1,0,4.133333333333334,0.7258064516129031,4.133333333333334,3.0,0,Regular Moderate-Value Customers,0
CUST_0645,1,100.0,100.0,0,1,1.0,1.0,1.0,2.0,2,Occasional Low-Spend Customers,1
CUST_0646,8,180.74,1445.92,1,2,5.833333333333333,1.3714285714285714,5.833333333333333,3.25,1,Premium Frequent Diners,0
CUST_0647,9,163.86777777777777,1474.81,1,3,5.766666666666667,1.560693641618497,5.766666666666667,2.5555555555555554,1,Premium Frequent Diners,0
CUST_0648,3,287.68666666666667,863.06,0,1,3.1666666666666665,0.9473684210526316,3.1666666666666665,3.0,0,Regular Moderate-Value Customers,0
CUST_0649,5,213.82200000000003,1069.1100000000001,3,3,4.066666666666666,1.2295081967213115,4.066666666666666,3.6,1,Premium Frequent Diners,0
CUST_0650,4,248.4075,993.63,2,2,3.6333333333333333,1.1009174311926606,3.6333333333333333,3.75,0,Regular Moderate-Value Customers,0
CUST_0651,8,151.98875,1215.91,1,2,5.566666666666666,1.437125748502994,5.566666666666666,2.75,1,Premium Frequent Diners,0
CUST_0652,5,296.746,1483.73,2,1,3.8,1.3157894736842106,3.8,3.2,0,Regular Moderate-Value Customers,0
CUST_0653,10,209.677,2096.77,5,4,5.633333333333334,1.7751479289940828,5.633333333333334,3.3,1,Premium Frequent Diners,0
CUST_0654,4,120.3925,481.57,1,1,3.9,1.0256410256410258,3.9,2.5,0,Regular Moderate-Value Customers,0
CUST_0655,4,193.625,774.5,2,1,5.3,0.7547169811320755,5.3,3.25,0,Regular Moderate-Value Customers,0
CUST_0656,5,263.91999999999996,1319.6,3,1,5.366666666666666,0.9316770186335405,5.366666666666666,3.4,0,Regular Moderate-Value Customers,0
CUST_0657,7,222.8542857142857,1559.98,3,1,3.533333333333333,1.9811320754716981,3.533333333333333,3.5714285714285716,1,Premium Frequent Diners,0
CUST_0658,2,143.865,287.73,1,0,1.0,2.0,1.0,3.5,2,Occasional Low-Spend Customers,0
CUST_0659,4,230.16750000000002,920.6700000000001,1,1,5.166666666666667,0.7741935483870968,5.166666666666667,3.5,0,Regular Moderate-Value Customers,0
CUST_0660,1,121.18,121.18,0,0,1.0,1.0,1.0,4.0,2,Occasional Low-Spend Customers,0
CUST_0661,3,222.92333333333332,668.77,1,1,4.133333333333334,0.7258064516129031,4.133333333333334,2.0,0,Regular Moderate-Value Customers,0
CUST_0662,8,233.8325,1870.66,4,1,5.366666666666666,1.4906832298136647,5.366666666666666,2.625,1,Premium Frequent Diners,0
CUST_0663,3,134.91333333333333,404.74,1,0,3.2666666666666666,0.9183673469387755,3.2666666666666666,2.6666666666666665,0,Regular Moderate-Value Customers,0
CUST_0664,8,265.02875,2120.23,2,3,3.7666666666666666,2.1238938053097347,3.7666666666666666,3.625,1,Premium Frequent Diners,0
CUST_0665,3,186.98000000000002,560.94,0,2,4.333333333333333,0.6923076923076924,4.333333333333333,3.6666666666666665,0,Regular Moderate-Value Customers,0
CUST_0666,8,171.37125,1370.97,1,3,5.433333333333334,1.4723926380368098,5.433333333333334,3.0,1,Premium Frequent Diners,0
CUST_0667,4,203.91,815.64,1,1,1.8,2.2222222222222223,1.8,3.25,2,Occasional Low-Spend Customers,0
CUST_0668,8,214.7425,1717.94,2,5,5.266666666666667,1.518987341772152,5.266666666666667,3.125,1,Premium Frequent Diners,0
CUST_0669,3,211.91333333333333,635.74,1,2,3.8333333333333335,0.7826086956521738,3.8333333333333335,3.6666666666666665,0,Regular Moderate-Value Customers,0
CUST_0670,5,281.706,1408.5300000000002,0,1,2.8333333333333335,1.7647058823529411,2.8333333333333335,2.8,2,Occasional Low-Spend Customers,0
CUST_0671,6,286.945,1721.67,1,2,3.7333333333333334,1.6071428571428572,3.7333333333333334,3.6666666666666665,1,Premium Frequent Diners,0
CUST_0672,4,254.255,1017.02,2,0,2.8333333333333335,1.4117647058823528,2.8333333333333335,4.0,2,Occasional Low-Spend Customers,0
CUST_0673,6,199.32500000000002,1195.95,1,0,5.6,1.0714285714285714,5.6,2.5,0,Regular Moderate-Value Customers,0
CUST_0674,1,146.38,146.38,0,0,1.0,1.0,1.0,3.0,2,Occasional Low-Spend Customers,0
CUST_0675,7,215.00714285714284,1505.05,1,2,4.166666666666667,1.68,4.166666666666667,2.5714285714285716,1,Premium Frequent Diners,0
CUST_0676,8,183.80375,1470.43,2,1,3.8333333333333335,2.0869565217391304,3.8333333333333335,3.375,1,Premium Frequent Diners,0
CUST_0677,5,161.294,806.47,0,2,2.3,2.173913043478261,2.3,3.8,2,Occasional Low-Spend Customers,0
CUST_0678,2,141.32999999999998,282.65999999999997,0,0,3.7666666666666666,0.5309734513274337,3.7666666666666666,2.0,0,Regular Moderate-Value Customers,0
CUST_0679,4,175.3075,701.23,0,3,4.966666666666667,0.8053691275167785,4.966666666666667,3.75,0,Regular Moderate-Value Customers,0
CUST_0680,8,186.48624999999998,1491.8899999999999,2,4,4.333333333333333,1.8461538461538463,4.333333333333333,3.625,1,Premium Frequent Diners,0
CUST_0681,4,174.815,699.26,1,1,1.6333333333333333,2.4489795918367347,1.6333333333333333,3.0,2,Occasional Low-Spend Customers,0
CUST_0682,4,275.415,1101.66,1,1,3.433333333333333,1.1650485436893205,3.433333333333333,3.0,0,Regular Moderate-Value Customers,0
CUST_0683,3,287.9,863.6999999999999,1,2,2.0,1.5,2.0,3.3333333333333335,2,Occasional Low-Spend Customers,0
CUST_0684,4,216.0775,864.31,3,1,4.266666666666667,0.9375,4.266666666666667,2.75,0,Regular Moderate-Value Customers,0
CUST_0685,7,259.42,1815.94,3,4,4.1,1.707317073170732,4.1,2.7142857142857144,1,Premium Frequent Diners,0
CUST_0686,4,152.88,611.52,3,1,3.0,1.3333333333333333,3.0,3.25,0,Regular Moderate-Value Customers,0
CUST_0687,8,182.23624999999998,1457.8899999999999,4,3,5.333333333333333,1.5,5.333333333333333,2.625,1,Premium Frequent Diners,0
CUST_0688,5,171.938,859.6899999999999,1,1,3.3666666666666667,1.4851485148514851,3.3666666666666667,3.4,0,Regular Moderate-Value Customers,0
CUST_0689,6,149.07833333333335,894.47,2,5,2.1333333333333333,2.8125,2.1333333333333333,3.1666666666666665,2,Occasional Low-Spend Customers,-1
CUST_0690,4,195.14,780.56,2,3,5.033333333333333,0.794701986754967,5.033333333333333,3.25,0,Regular Moderate-Value Customers,0
CUST_0691,3,153.44,460.32,0,0,2.566666666666667,1.1688311688311688,2.566666666666667,3.6666666666666665,2,Occasional Low-Spend Customers,0
CUST_0692,4,176.8625,707.45,2,1,4.233333333333333,0.9448818897637795,4.233333333333333,2.75,0,Regular Moderate-Value Customers,0
CUST_0693,2,220.435,440.87,1,0,1.0,2.0,1.0,2.5,2,Occasional Low-Spend Customers,0
CUST_0694,5,168.356,841.78,1,2,3.8,1.3157894736842106,3.8,3.4,0,Regular Moderate-Value Customers,0
CUST_0695,6,222.45000000000002,1334.7,3,1,4.0,1.5,4.0,3.5,1,Premium Frequent Diners,0
CUST_0696,7,230.74714285714285,1615.23,2,0,4.466666666666667,1.5671641791044775,4.466666666666667,2.7142857142857144,1,Premium Frequent Diners,0
CUST_0697,5,189.096,945.48,2,4,5.233333333333333,0.9554140127388535,5.233333333333333,3.4,0,Regular Moderate-Value Customers,0
CUST_0698,8,181.56625,1452.53,1,2,3.933333333333333,2.0338983050847457,3.933333333333333,3.25,1,Premium Frequent Diners,0
CUST_0699,5,187.302,936.51,3,3,3.3,1.5151515151515151,3.3,3.6,1,Premium Frequent Diners,0
CUST_0700,6,171.21166666666667,1027.27,4,2,5.066666666666666,1.1842105263157896,5.066666666666666,3.8333333333333335,1,Premium Frequent Diners,0
CUST_0701,5,278.714,1393.57,3,0,5.5,0.9090909090909091,5.5,2.8,0,Regular Moderate-Value Customers,0
CUST_0702,8,281.33,2250.64,0,3,5.033333333333333,1.589403973509934,5.033333333333333,2.875,1,Premium Frequent Diners,0
CUST_0703,6,254.37,1526.22,4,3,2.433333333333333,2.4657534246575343,2.433333333333333,3.1666666666666665,1,Premium Frequent Diners,-1
CUST_0704,6,367.37999999999994,2204.2799999999997,2,1,5.033333333333333,1.1920529801324504,5.033333333333333,2.5,1,Premium Frequent Diners,0
CUST_0705,6,168.94833333333335,1013.69,2,1,4.466666666666667,1.3432835820895521,4.466666666666667,2.8333333333333335,0,Regular Moderate-Value Customers,0
CUST_0706,10,145.774,1457.74,2,2,5.5,1.8181818181818181,5.5,3.1,1,Premium Frequent Diners,0
CUST_0707,4,137.53,550.12,1,3,5.266666666666667,0.759493670886076,5.266666666666667,2.5,0,Regular Moderate-Value Customers,0
CUST_0708,7,181.99857142857144,1273.99,2,4,5.633333333333334,1.242603550295858,5.633333333333334,3.0,1,Premium Frequent Diners,0
CUST_0709,6,195.36666666666667,1172.2,0,1,5.733333333333333,1.0465116279069768,5.733333333333333,3.8333333333333335,0,Regular Moderate-Value Customers,0
CUST_0710,6,214.225,1285.35,0,1,4.766666666666667,1.2587412587412588,4.766666666666667,3.5,0,Regular Moderate-Value Customers,0
CUST_0711,6,156.09666666666666,936.5799999999999,2,2,3.8333333333333335,1.5652173913043477,3.8333333333333335,2.6666666666666665,0,Regular Moderate-Value Customers,0
CUST_0712,5,185.302,926.51,2,3,3.966666666666667,1.2605042016806722,3.966666666666667,3.6,0,Regular Moderate-Value Customers,0
CUST_0713,7,171.2942857142857,1199.06,2,3,4.133333333333334,1.693548387096774,4.133333333333334,3.5714285714285716,1,Premium Frequent Diners,0
CUST_0714,4,200.595,802.38,1,1,1.2333333333333334,3.243243243243243,1.2333333333333334,3.5,2,Occasional Low-Spend Customers,2
CUST_0715,5,183.374,916.87,1,4,3.1333333333333333,1.5957446808510638,3.1333333333333333,3.0,0,Regular Moderate-Value Customers,0
CUST_0716,7,200.34714285714284,1402.4299999999998,3,4,5.233333333333333,1.3375796178343948,5.233333333333333,3.857142857142857,1,Premium Frequent Diners,0
CUST_0717,7,189.97714285714284,1329.84,4,2,5.3,1.3207547169811322,5.3,3.0,1,Premium Frequent Diners,0
CUST_0718,8,200.30625,1602.45,1,3,5.4,1.4814814814814814,5.4,3.0,1,Premium Frequent Diners,0
CUST_0719,6,300.1033333333333,1800.62,3,1,5.533333333333333,1.0843373493975903,5.533333333333333,3.8333333333333335,1,Premium Frequent Diners,0
CUST_0720,2,229.31,458.62,1,0,4.666666666666667,0.42857142857142855,4.666666666666667,2.0,0,Regular Moderate-Value Customers,0
CUST_0721,3,180.15333333333334,540.46,1,1,3.0,1.0,3.0,3.3333333333333335,0,Regular Moderate-Value Customers,0
CUST_0722,2,250.68,501.36,0,0,3.3666666666666667,0.594059405940594,3.3666666666666667,2.0,0,Regular Moderate-Value Customers,0
CUST_0723,7,199.1057142857143,1393.74,4,2,3.8666666666666667,1.8103448275862069,3.8666666666666667,2.857142857142857,1,Premium Frequent Diners,0
CUST_0724,3,151.73333333333332,455.2,0,0,4.266666666666667,0.703125,4.266666666666667,4.0,0,Regular Moderate-Value Customers,0
CUST_0725,2,360.81,721.62,0,1,2.7,0.7407407407407407,2.7,4.5,2,Occasional Low-Spend Customers,-1
CUST_0726,5,244.408,1222.04,3,0,2.8,1.7857142857142858,2.8,2.8,2,Occasional Low-Spend Customers,0
CUST_0727,6,184.6,1107.6,3,0,5.366666666666666,1.1180124223602486,5.366666666666666,2.8333333333333335,0,Regular Moderate-Value Customers,0
CUST_0728,5,174.27800000000002,871.3900000000001,0,1,4.466666666666667,1.1194029850746268,4.466666666666667,3.4,0,Regular Moderate-Value Customers,0
CUST_0729,1,201.87,201.87,0,0,1.0,1.0,1.0,3.0,2,Occasional Low-Spend Customers,0
CUST_0730,7,161.08571428571426,1127.6,2,3,4.5,1.5555555555555556,4.5,3.7142857142857144,1,Premium Frequent Diners,0
CUST_0731,5,140.168,700.84,1,1,5.266666666666667,0.949367088607595,5.266666666666667,4.0,0,Regular Moderate-Value Customers,0
CUST_0732,5,213.1,1065.5,2,1,5.433333333333334,0.920245398773006,5.433333333333334,3.2,0,Regular Moderate-Value Customers,0
CUST_0733,4,258.7575,1035.03,2,2,3.8666666666666667,1.0344827586206897,3.8666666666666667,3.75,0,Regular Moderate-Value Customers,0
CUST_0734,5,123.138,615.69,3,3,3.8,1.3157894736842106,3.8,3.2,0,Regular Moderate-Value Customers,0
CUST_0735,9,197.8,1780.2,4,2,3.4,2.6470588235294117,3.4,3.5555555555555554,1,Premium Frequent Diners,0
CUST_0736,3,274.92,824.76,1,2,3.466666666666667,0.8653846153846153,3.466666666666667,3.3333333333333335,0,Regular Moderate-Value Customers,0
CUST_0737,8,194.71,1557.68,0,2,4.666666666666667,1.7142857142857142,4.666666666666667,2.875,1,Premium Frequent Diners,0
CUST_0738,4,184.845,739.38,1,1,3.7333333333333334,1.0714285714285714,3.7333333333333334,2.5,0,Regular Moderate-Value Customers,0
CUST_0739,9,204.73,1842.57,3,3,4.733333333333333,1.9014084507042253,4.733333333333333,2.7777777777777777,1,Premium Frequent Diners,0
CUST_0740,6,289.59,1737.54,4,0,3.933333333333333,1.5254237288135595,3.933333333333333,3.1666666666666665,1,Premium Frequent Diners,0
CUST_0741,4,301.9375,1207.75,1,1,4.866666666666666,0.8219178082191781,4.866666666666666,3.75,0,Regular Moderate-Value Customers,0
CUST_0742,1,162.11,162.11,0,1,1.0,1.0,1.0,2.0,2,Occasional Low-Spend Customers,1
CUST_0743,8,184.64625,1477.17,5,2,5.166666666666667,1.5483870967741935,5.166666666666667,3.75,1,Premium Frequent Diners,0
CUST_0744,2,166.70499999999998,333.40999999999997,1,1,2.8666666666666667,0.6976744186046512,2.8666666666666667,3.5,2,Occasional Low-Spend Customers,0
CUST_0745,2,223.685,447.37,0,1,5.666666666666667,0.3529411764705882,5.666666666666667,3.0,0,Regular Moderate-Value Customers,0
CUST_0746,7,344.61571428571426,2412.31,2,2,4.566666666666666,1.5328467153284673,4.566666666666666,2.4285714285714284,1,Premium Frequent Diners,0
CUST_0747,7,154.69142857142856,1082.84,5,2,4.7,1.4893617021276595,4.7,3.857142857142857,1,Premium Frequent Diners,0
CUST_0748,3,167.43333333333334,502.3,1,1,2.2333333333333334,1.3432835820895521,2.2333333333333334,3.0,2,Occasional Low-Spend Customers,0
CUST_0749,4,307.86749999999995,1231.4699999999998,0,0,3.2,1.25,3.2,2.25,0,Regular Moderate-Value Customers,0
CUST_0750,3,189.56000000000003,568.6800000000001,2,1,2.2666666666666666,1.3235294117647058,2.2666666666666666,3.0,2,Occasional Low-Spend Customers,0
CUST_0751,4,228.6725,914.69,2,3,4.066666666666666,0.9836065573770493,4.066666666666666,3.25,0,Regular Moderate-Value Customers,0
CUST_0752,3,359.91,1079.73,0,2,4.633333333333334,0.6474820143884892,4.633333333333334,3.3333333333333335,0,Regular Moderate-Value Customers,0
CUST_0753,4,237.72750000000002,950.9100000000001,2,2,5.1,0.7843137254901962,5.1,3.25,0,Regular Moderate-Value Customers,0
CUST_0754,8,177.67625,1421.41,0,1,3.1333333333333333,2.5531914893617023,3.1333333333333333,2.875,2,Occasional Low-Spend Customers,-1
CUST_0755,2,195.575,391.15,1,0,3.566666666666667,0.5607476635514018,3.566666666666667,4.0,0,Regular Moderate-Value Customers,0
CUST_0756,7,161.75142857142856,1132.26,4,2,5.566666666666666,1.25748502994012,5.566666666666666,3.7142857142857144,1,Premium Frequent Diners,0
CUST_0757,10,186.006,1860.06,4,3,4.133333333333334,2.419354838709677,4.133333333333334,3.8,1,Premium Frequent Diners,0
CUST_0758,1,170.29,170.29,0,1,1.0,1.0,1.0,3.0,2,Occasional Low-Spend Customers,0
CUST_0759,4,123.775,495.1,2,0,4.6,0.8695652173913044,4.6,3.0,0,Regular Moderate-Value Customers,0
CUST_0760,1,100.0,100.0,0,1,1.0,1.0,1.0,2.0,2,Occasional Low-Spend Customers,1
CUST_0761,7,199.73142857142858,1398.1200000000001,2,5,5.433333333333334,1.2883435582822085,5.433333333333334,3.5714285714285716,1,Premium Frequent Diners,0
CUST_0762,8,166.83625,1334.69,0,3,5.6,1.4285714285714286,5.6,3.25,1,Premium Frequent Diners,0
CUST_0763,8,198.975,1591.8,4,1,3.5,2.2857142857142856,3.5,3.125,1,Premium Frequent Diners,0
CUST_0764,3,342.69000000000005,1028.0700000000002,1,2,4.466666666666667,0.6716417910447761,4.466666666666667,2.6666666666666665,0,Regular Moderate-Value Customers,0
CUST_0765,3,193.02,579.0600000000001,0,0,2.1,1.4285714285714286,2.1,2.3333333333333335,2,Occasional Low-Spend Customers,0
CUST_0766,7,272.7785714285714,1909.45,2,3,2.7,2.5925925925925926,2.7,3.5714285714285716,1,Premium Frequent Diners,0
CUST_0767,2,258.71500000000003,517.4300000000001,0,1,3.5,0.5714285714285714,3.5,3.5,0,Regular Moderate-Value Customers,0
CUST_0768,4,262.755,1051.02,1,1,2.6,1.5384615384615383,2.6,3.75,2,Occasional Low-Spend Customers,0
CUST_0769,6,213.26666666666665,1279.6,2,4,5.433333333333334,1.1042944785276072,5.433333333333334,3.1666666666666665,1,Premium Frequent Diners,0
CUST_0770,4,240.9275,963.71,3,1,1.5,2.6666666666666665,1.5,3.25,2,Occasional Low-Spend Customers,0
CUST_0771,5,204.038,1020.19,1,1,2.8,1.7857142857142858,2.8,3.0,2,Occasional Low-Spend Customers,0
CUST_0772,5,244.956,1224.78,3,1,4.766666666666667,1.048951048951049,4.766666666666667,3.0,0,Regular Moderate-Value Customers,0
CUST_0773,1,514.18,514.18,0,0,1.0,1.0,1.0,3.0,2,Occasional Low-Spend Customers,-1
CUST_0774,5,195.878,979.39,1,2,4.466666666666667,1.1194029850746268,4.466666666666667,4.2,0,Regular Moderate-Value Customers,0
CUST_0775,5,218.51,1092.55,1,2,5.733333333333333,0.872093023255814,5.733333333333333,3.0,0,Regular Moderate-Value Customers,0
CUST_0776,2,188.10500000000002,376.21000000000004,0,0,2.4,0.8333333333333334,2.4,2.0,2,Occasional Low-Spend Customers,0
CUST_0777,2,213.145,426.29,0,1,5.3,0.37735849056603776,5.3,2.5,0,Regular Moderate-Value Customers,0
CUST_0778,8,203.72125,1629.77,4,5,2.066666666666667,3.8709677419354835,2.066666666666667,2.5,1,Premium Frequent Diners,-1
CUST_0779,3,159.42999999999998,478.28999999999996,1,0,3.9,0.7692307692307693,3.9,4.0,0,Regular Moderate-Value Customers,0
CUST_0780,4,244.0025,976.01,2,1,5.1,0.7843137254901962,5.1,3.5,0,Regular Moderate-Value Customers,0
CUST_0781,2,242.635,485.27,1,1,3.6666666666666665,0.5454545454545455,3.6666666666666665,4.0,0,Regular Moderate-Value Customers,0
CUST_0782,7,189.78,1328.46,2,3,5.433333333333334,1.2883435582822085,5.433333333333334,3.0,1,Premium Frequent Diners,0
CUST_0783,11,188.18090909090913,2069.9900000000002,3,4,5.1,2.1568627450980395,5.1,3.5454545454545454,1,Premium Frequent Diners,0
CUST_0784,7,242.69714285714286,1698.88,3,2,5.733333333333333,1.2209302325581395,5.733333333333333,2.7142857142857144,1,Premium Frequent Diners,0
CUST_0785,7,269.2542857142857,1884.78,4,3,5.233333333333333,1.3375796178343948,5.233333333333333,2.5714285714285716,1,Premium Frequent Diners,0
CUST_0786,5,208.302,1041.51,2,1,5.066666666666666,0.986842105263158,5.066666666666666,2.4,0,Regular Moderate-Value Customers,0
CUST_0787,6,275.53833333333336,1653.23,0,1,4.4,1.3636363636363635,4.4,3.3333333333333335,0,Regular Moderate-Value Customers,0
CUST_0788,4,169.89999999999998,679.5999999999999,1,1,4.566666666666666,0.8759124087591241,4.566666666666666,3.5,0,Regular Moderate-Value Customers,0
CUST_0789,3,143.08666666666667,429.26,2,0,3.3,0.9090909090909092,3.3,3.0,0,Regular Moderate-Value Customers,0
CUST_0790,4,254.3675,1017.47,3,2,4.433333333333334,0.9022556390977443,4.433333333333334,3.0,0,Regular Moderate-Value Customers,0
CUST_0791,7,220.36142857142858,1542.53,4,0,3.466666666666667,2.019230769230769,3.466666666666667,2.7142857142857144,1,Premium Frequent Diners,0
CUST_0792,7,177.4557142857143,1242.19,5,2,3.7333333333333334,1.875,3.7333333333333334,2.857142857142857,1,Premium Frequent Diners,0
CUST_0793,10,230.391,2303.91,2,1,4.3,2.3255813953488373,4.3,3.0,1,Premium Frequent Diners,-1
CUST_0794,5,275.358,1376.79,1,4,2.966666666666667,1.6853932584269662,2.966666666666667,3.0,1,Premium Frequent Diners,0
CUST_0795,6,211.4433333333333,1268.6599999999999,1,3,5.0,1.2,5.0,3.3333333333333335,1,Premium Frequent Diners,0
CUST_0796,3,206.5666666666667,619.7,1,0,3.2666666666666666,0.9183673469387755,3.2666666666666666,3.3333333333333335,0,Regular Moderate-Value Customers,0
CUST_0797,3,242.39666666666665,727.1899999999999,0,0,2.1666666666666665,1.3846153846153848,2.1666666666666665,3.3333333333333335,2,Occasional Low-Spend Customers,0
CUST_0798,8,164.8925,1319.14,1,2,2.8,2.857142857142857,2.8,3.125,1,Premium Frequent Diners,-1
CUST_0799,12,187.46,2249.52,7,5,2.966666666666667,4.044943820224719,2.966666666666667,3.3333333333333335,1,Premium Frequent Diners,-1
CUST_0800,6,255.545,1533.27,2,2,3.533333333333333,1.6981132075471699,3.533333333333333,3.0,1,Premium Frequent Diners,0
CUST_0801,6,177.9,1067.4,1,2,4.266666666666667,1.40625,4.266666666666667,3.3333333333333335,0,Regular Moderate-Value Customers,0
CUST_0802,6,219.29166666666666,1315.75,2,0,2.966666666666667,2.0224719101123596,2.966666666666667,3.0,2,Occasional Low-Spend Customers,0
CUST_0803,6,199.57000000000002,1197.42,3,1,5.133333333333334,1.1688311688311688,5.133333333333334,3.1666666666666665,0,Regular Moderate-Value Customers,0
CUST_0804,3,128.5,385.5,2,1,3.7333333333333334,0.8035714285714286,3.7333333333333334,2.6666666666666665,0,Regular Moderate-Value Customers,0
CUST_0805,6,165.195,991.17,1,0,4.966666666666667,1.2080536912751678,4.966666666666667,2.8333333333333335,0,Regular Moderate-Value Customers,0
CUST_0806,4,205.7875,823.15,1,2,1.9333333333333333,2.0689655172413794,1.9333333333333333,2.75,2,Occasional Low-Spend Customers,0
CUST_0807,3,313.95666666666665,941.87,2,1,2.7666666666666666,1.0843373493975903,2.7666666666666666,3.3333333333333335,2,Occasional Low-Spend Customers,0
CUST_0808,4,172.965,691.86,0,1,2.2333333333333334,1.791044776119403,2.2333333333333334,3.75,2,Occasional Low-Spend Customers,0
CUST_0809,4,202.38000000000002,809.5200000000001,0,0,5.833333333333333,0.6857142857142857,5.833333333333333,2.75,0,Regular Moderate-Value Customers,0
CUST_0810,6,216.83833333333334,1301.03,3,1,3.7666666666666666,1.592920353982301,3.7666666666666666,3.3333333333333335,1,Premium Frequent Diners,0
CUST_0811,4,163.7025,654.81,1,0,3.8,1.0526315789473684,3.8,3.0,0,Regular Moderate-Value Customers,0
CUST_0812,7,243.25857142857143,1702.81,2,1,1.5333333333333334,4.565217391304348,1.5333333333333334,3.0,2,Occasional Low-Spend Customers,-1
CUST_0813,8,227.73375000000001,1821.8700000000001,2,5,5.366666666666666,1.4906832298136647,5.366666666666666,3.625,1,Premium Frequent Diners,0
CUST_0814,3,181.14000000000001,543.4200000000001,2,1,2.1,1.4285714285714286,2.1,3.0,2,Occasional Low-Spend Customers,0
CUST_0815,5,208.15,1040.75,2,2,4.766666666666667,1.048951048951049,4.766666666666667,3.4,0,Regular Moderate-Value Customers,0
CUST_0816,6,312.51,1875.06,2,1,3.433333333333333,1.7475728155339807,3.433333333333333,2.1666666666666665,1,Premium Frequent Diners,-1
CUST_0817,3,362.87000000000006,1088.6100000000001,0,1,1.6,1.875,1.6,3.6666666666666665,2,Occasional Low-Spend Customers,-1
CUST_0818,1,293.6,293.6,0,1,1.0,1.0,1.0,3.0,2,Occasional Low-Spend Customers,0
CUST_0819,8,275.93375,2207.47,4,2,5.5,1.4545454545454546,5.5,2.875,1,Premium Frequent Diners,0
CUST_0820,9,209.94333333333333,1889.49,1,3,5.233333333333333,1.7197452229299364,5.233333333333333,3.111111111111111,1,Premium Frequent Diners,0
CUST_0821,4,261.24,1044.96,0,2,2.966666666666667,1.348314606741573,2.966666666666667,3.0,2,Occasional Low-Spend Customers,0
CUST_0822,5,203.542,1017.71,0,1,4.666666666666667,1.0714285714285714,4.666666666666667,2.4,0,Regular Moderate-Value Customers,0
CUST_0823,4,151.6625,606.65,1,2,2.8,1.4285714285714286,2.8,3.5,2,Occasional Low-Spend Customers,0
CUST_0824,4,338.9275,1355.71,2,3,1.8,2.2222222222222223,1.8,3.25,2,Occasional Low-Spend Customers,0
CUST_0825,8,212.125,1697.0,2,2,5.466666666666667,1.4634146341463414,5.466666666666667,3.0,1,Premium Frequent Diners,0
CUST_0826,5,108.58599999999998,542.93,2,2,3.6,1.3888888888888888,3.6,3.8,0,Regular Moderate-Value Customers,0
CUST_0827,2,422.095,844.19,1,0,1.0,2.0,1.0,3.5,2,Occasional Low-Spend Customers,-1
CUST_0828,6,255.68500000000003,1534.1100000000001,1,1,4.4,1.3636363636363635,4.4,3.0,0,Regular Moderate-Value Customers,0
CUST_0829,2,391.165,782.33,1,0,1.0,2.0,1.0,2.5,2,Occasional Low-Spend Customers,-1
CUST_0830,4,178.70250000000001,714.8100000000001,1,0,4.933333333333334,0.8108108108108107,4.933333333333334,2.5,0,Regular Moderate-Value Customers,0
CUST_0831,6,250.71166666666667,1504.27,2,3,3.1666666666666665,1.8947368421052633,3.1666666666666665,3.5,1,Premium Frequent Diners,0
CUST_0832,6,246.00833333333333,1476.05,1,2,3.3666666666666667,1.7821782178217822,3.3666666666666667,3.0,1,Premium Frequent Diners,0
CUST_0833,6,315.42833333333334,1892.57,1,2,5.633333333333334,1.0650887573964496,5.633333333333334,3.3333333333333335,1,Premium Frequent Diners,0
CUST_0834,3,140.49666666666667,421.49,1,2,1.3333333333333333,2.25,1.3333333333333333,2.6666666666666665,2,Occasional Low-Spend Customers,0
CUST_0835,2,205.77,411.54,0,0,3.966666666666667,0.5042016806722689,3.966666666666667,4.0,0,Regular Moderate-Value Customers,0
CUST_0836,9,271.6922222222222,2445.23,1,4,5.633333333333334,1.5976331360946745,5.633333333333334,3.5555555555555554,1,Premium Frequent Diners,0
CUST_0837,4,141.6925,566.77,0,2,4.233333333333333,0.9448818897637795,4.233333333333333,3.25,0,Regular Moderate-Value Customers,0
CUST_0838,9,239.91777777777781,2159.26,1,4,4.733333333333333,1.9014084507042253,4.733333333333333,3.3333333333333335,1,Premium Frequent Diners,0
CUST_0839,9,235.00111111111113,2115.01,2,1,2.8,3.2142857142857144,2.8,3.3333333333333335,1,Premium Frequent Diners,-1
CUST_0840,6,197.54333333333332,1185.26,4,3,5.066666666666666,1.1842105263157896,5.066666666666666,3.3333333333333335,1,Premium Frequent Diners,0
CUST_0841,8,170.8975,1367.18,3,3,4.133333333333334,1.9354838709677418,4.133333333333334,3.625,1,Premium Frequent Diners,0
CUST_0842,4,124.575,498.3,1,0,2.4,1.6666666666666667,2.4,3.25,2,Occasional Low-Spend Customers,0
CUST_0843,6,281.39166666666665,1688.35,1,5,3.3,1.8181818181818183,3.3,3.1666666666666665,1,Premium Frequent Diners,0
CUST_0844,4,153.26749999999998,613.0699999999999,2,2,4.166666666666667,0.96,4.166666666666667,3.5,0,Regular Moderate-Value Customers,0
CUST_0845,9,182.20444444444445,1639.84,1,2,5.4,1.6666666666666665,5.4,3.3333333333333335,1,Premium Frequent Diners,0
CUST_0846,4,244.945,979.78,1,2,3.7333333333333334,1.0714285714285714,3.7333333333333334,2.75,0,Regular Moderate-Value Customers,0
CUST_0847,4,125.95,503.8,1,2,4.266666666666667,0.9375,4.266666666666667,3.75,0,Regular Moderate-Value Customers,0
CUST_0848,6,179.54333333333332,1077.26,3,0,5.0,1.2,5.0,3.5,0,Regular Moderate-Value Customers,0
CUST_0849,10,214.397,2143.97,1,3,4.833333333333333,2.0689655172413794,4.833333333333333,2.8,1,Premium Frequent Diners,0
CUST_0850,9,191.7911111111111,1726.12,2,4,5.166666666666667,1.7419354838709677,5.166666666666667,3.111111111111111,1,Premium Frequent Diners,0
CUST_0851,4,231.3075,925.23,0,1,1.0,4.0,1.0,3.75,2,Occasional Low-Spend Customers,-1
CUST_0852,6,146.98499999999999,881.91,5,0,4.533333333333333,1.3235294117647058,4.533333333333333,3.5,0,Regular Moderate-Value Customers,-1
CUST_0853,2,208.925,417.85,0,0,1.4333333333333333,1.3953488372093024,1.4333333333333333,3.5,2,Occasional Low-Spend Customers,0
CUST_0854,4,176.68,706.72,2,1,1.7,2.3529411764705883,1.7,2.75,2,Occasional Low-Spend Customers,0
CUST_0855,7,198.18285714285713,1387.28,4,3,4.866666666666666,1.4383561643835618,4.866666666666666,3.2857142857142856,1,Premium Frequent Diners,0
CUST_0856,7,228.9742857142857,1602.82,2,3,5.3,1.3207547169811322,5.3,3.2857142857142856,1,Premium Frequent Diners,0
CUST_0857,6,220.57833333333335,1323.47,1,1,4.3,1.3953488372093024,4.3,3.1666666666666665,0,Regular Moderate-Value Customers,0
CUST_0858,7,218.07285714285715,1526.51,1,1,4.966666666666667,1.4093959731543624,4.966666666666667,3.857142857142857,1,Premium Frequent Diners,0
CUST_0859,6,216.0,1296.0,2,2,4.333333333333333,1.3846153846153848,4.333333333333333,3.8333333333333335,1,Premium Frequent Diners,0
CUST_0860,5,235.842,1179.21,2,0,3.933333333333333,1.2711864406779663,3.933333333333333,2.6,0,Regular Moderate-Value Customers,0
CUST_0861,6,170.655,1023.9300000000001,3,1,3.6666666666666665,1.6363636363636365,3.6666666666666665,3.1666666666666665,0,Regular Moderate-Value Customers,0
CUST_0862,4,170.895,683.58,2,2,5.066666666666666,0.7894736842105263,5.066666666666666,3.25,0,Regular Moderate-Value Customers,0
CUST_0863,3,270.5133333333333,811.54,1,2,5.666666666666667,0.5294117647058824,5.666666666666667,3.3333333333333335,0,Regular Moderate-Value Customers,0
CUST_0864,3,187.98333333333335,563.95,2,1,3.7,0.8108108108108107,3.7,3.0,0,Regular Moderate-Value Customers,0
CUST_0865,4,308.7,1234.8,1,1,4.566666666666666,0.8759124087591241,4.566666666666666,3.5,0,Regular Moderate-Value Customers,0
CUST_0866,4,187.82750000000001,751.3100000000001,1,1,5.1,0.7843137254901962,5.1,2.75,0,Regular Moderate-Value Customers,0
CUST_0867,6,166.55833333333334,999.35,1,4,4.0,1.5,4.0,3.5,1,Premium Frequent Diners,0
CUST_0868,4,212.5,850.0,1,2,2.6,1.5384615384615383,2.6,3.5,2,Occasional Low-Spend Customers,0
CUST_0869,7,216.96857142857144,1518.78,2,3,4.866666666666666,1.4383561643835618,4.866666666666666,3.0,1,Premium Frequent Diners,0
CUST_0870,10,234.904,2349.04,5,4,5.233333333333333,1.910828025477707,5.233333333333333,3.3,1,Premium Frequent Diners,0
CUST_0871,4,204.905,819.62,1,1,3.7,1.081081081081081,3.7,3.0,0,Regular Moderate-Value Customers,0
CUST_0872,3,211.11666666666665,633.3499999999999,0,2,3.1666666666666665,0.9473684210526316,3.1666666666666665,2.6666666666666665,0,Regular Moderate-Value Customers,0
CUST_0873,3,170.20666666666668,510.62,0,0,2.066666666666667,1.4516129032258063,2.066666666666667,3.0,2,Occasional Low-Spend Customers,0
CUST_0874,7,133.57,934.99,1,0,2.8333333333333335,2.4705882352941173,2.8333333333333335,3.142857142857143,2,Occasional Low-Spend Customers,0
CUST_0875,5,222.996,1114.98,1,3,4.3,1.1627906976744187,4.3,3.8,0,Regular Moderate-Value Customers,0
CUST_0876,3,212.49333333333334,637.48,1,0,3.7666666666666666,0.7964601769911505,3.7666666666666666,2.6666666666666665,0,Regular Moderate-Value Customers,0
CUST_0877,3,216.67999999999998,650.04,0,1,3.466666666666667,0.8653846153846153,3.466666666666667,3.0,0,Regular Moderate-Value Customers,0
CUST_0878,5,157.32999999999998,786.65,1,2,4.966666666666667,1.006711409395973,4.966666666666667,3.2,0,Regular Moderate-Value Customers,0
CUST_0879,3,130.73333333333332,392.2,0,1,2.3,1.3043478260869565,2.3,3.6666666666666665,2,Occasional Low-Spend Customers,0
CUST_0880,8,276.62375000000003,2212.9900000000002,0,4,5.733333333333333,1.3953488372093024,5.733333333333333,3.25,1,Premium Frequent Diners,0
CUST_0881,6,203.44833333333335,1220.69,1,1,3.9,1.5384615384615385,3.9,4.0,0,Regular Moderate-Value Customers,0
CUST_0882,5,148.23,741.15,1,1,3.1,1.6129032258064515,3.1,3.2,2,Occasional Low-Spend Customers,0
CUST_0883,4,171.925,687.7,2,1,3.1333333333333333,1.2765957446808511,3.1333333333333333,3.25,0,Regular Moderate-Value Customers,0
CUST_0884,7,193.87714285714287,1357.14,0,2,5.6,1.25,5.6,3.4285714285714284,0,Regular Moderate-Value Customers,0
CUST_0885,3,225.85333333333332,677.56,0,1,1.4666666666666666,2.0454545454545454,1.4666666666666666,3.3333333333333335,2,Occasional Low-Spend Customers,0
CUST_0886,6,232.49,1394.94,1,3,2.3333333333333335,2.571428571428571,2.3333333333333335,3.0,2,Occasional Low-Spend Customers,0
CUST_0887,8,235.0775,1880.62,2,2,3.6,2.2222222222222223,3.6,3.5,1,Premium Frequent Diners,0
CUST_0888,5,210.35399999999998,1051.77,2,1,1.4333333333333333,3.488372093023256,1.4333333333333333,2.8,2,Occasional Low-Spend Customers,0
CUST_0889,7,155.31714285714287,1087.22,3,2,5.633333333333334,1.242603550295858,5.633333333333334,3.5714285714285716,1,Premium Frequent Diners,0
CUST_0890,8,268.9125,2151.3,1,4,4.133333333333334,1.9354838709677418,4.133333333333334,3.375,1,Premium Frequent Diners,0
CUST_0891,8,256.72749999999996,2053.8199999999997,1,4,5.3,1.509433962264151,5.3,3.625,1,Premium Frequent Diners,0
CUST_0892,9,165.4377777777778,1488.94,3,2,5.533333333333333,1.6265060240963856,5.533333333333333,2.888888888888889,1,Premium Frequent Diners,0
CUST_0893,5,246.58599999999996,1232.9299999999998,1,0,2.7333333333333334,1.829268292682927,2.7333333333333334,3.4,2,Occasional Low-Spend Customers,0
CUST_0894,2,248.385,496.77,0,2,1.4,1.4285714285714286,1.4,3.5,2,Occasional Low-Spend Customers,0
CUST_0895,2,178.35000000000002,356.70000000000005,1,1,2.7,0.7407407407407407,2.7,3.0,2,Occasional Low-Spend Customers,0
CUST_0896,3,305.27000000000004,915.8100000000001,2,2,5.333333333333333,0.5625,5.333333333333333,2.3333333333333335,0,Regular Moderate-Value Customers,0
CUST_0897,3,301.14,903.42,2,2,1.4666666666666666,2.0454545454545454,1.4666666666666666,2.6666666666666665,2,Occasional Low-Spend Customers,0
CUST_0898,9,233.88222222222223,2104.94,2,5,4.066666666666666,2.2131147540983607,4.066666666666666,2.6666666666666665,1,Premium Frequent Diners,-1
CUST_0899,8,216.55125,1732.41,1,4,3.466666666666667,2.3076923076923075,3.466666666666667,3.625,1,Premium Frequent Diners,0
CUST_0900,6,223.41166666666663,1340.4699999999998,3,3,3.7333333333333334,1.6071428571428572,3.7333333333333334,3.8333333333333335,1,Premium Frequent Diners,0
CUST_0901,3,166.23,498.69,0,1,1.8,1.6666666666666665,1.8,2.6666666666666665,2,Occasional Low-Spend Customers,0
CUST_0902,8,241.77375,1934.19,6,3,5.466666666666667,1.4634146341463414,5.466666666666667,3.25,1,Premium Frequent Diners,0
CUST_0903,3,232.45333333333335,697.36,0,2,4.1,0.7317073170731708,4.1,3.6666666666666665,0,Regular Moderate-Value Customers,0
CUST_0904,2,240.475,480.95,0,0,4.866666666666666,0.4109589041095891,4.866666666666666,2.5,0,Regular Moderate-Value Customers,0
CUST_0905,5,200.298,1001.49,3,1,3.8666666666666667,1.293103448275862,3.8666666666666667,3.8,0,Regular Moderate-Value Customers,0
CUST_0906,3,175.09,525.27,0,2,2.9,1.0344827586206897,2.9,3.6666666666666665,2,Occasional Low-Spend Customers,0
CUST_0907,5,214.86599999999999,1074.33,4,1,5.866666666666666,0.8522727272727273,5.866666666666666,3.4,0,Regular Moderate-Value Customers,0
CUST_0908,2,205.275,410.55,0,1,4.666666666666667,0.42857142857142855,4.666666666666667,3.5,0,Regular Moderate-Value Customers,0
CUST_0909,5,335.762,1678.81,1,0,4.7,1.0638297872340425,4.7,2.8,0,Regular Moderate-Value Customers,0
CUST_0910,3,265.29,795.87,2,0,5.333333333333333,0.5625,5.333333333333333,4.333333333333333,0,Regular Moderate-Value Customers,0
CUST_0911,4,227.3425,909.37,1,4,5.7,0.7017543859649122,5.7,3.75,0,Regular Moderate-Value Customers,0
CUST_0912,5,150.53,752.65,2,1,4.8,1.0416666666666667,4.8,3.4,0,Regular Moderate-Value Customers,0
CUST_0913,12,156.57333333333335,1878.88,4,4,4.366666666666666,2.7480916030534353,4.366666666666666,3.0833333333333335,1,Premium Frequent Diners,0
CUST_0914,5,403.058,2015.29,1,2,4.633333333333334,1.079136690647482,4.633333333333334,3.2,1,Premium Frequent Diners,0
CUST_0915,5,222.92200000000003,1114.6100000000001,2,2,5.233333333333333,0.9554140127388535,5.233333333333333,2.6,0,Regular Moderate-Value Customers,0
CUST_0916,8,153.3525,1226.82,5,2,5.066666666666666,1.5789473684210527,5.066666666666666,2.5,1,Premium Frequent Diners,0
CUST_0917,7,277.0542857142857,1939.3799999999999,4,2,5.566666666666666,1.25748502994012,5.566666666666666,3.4285714285714284,1,Premium Frequent Diners,0
CUST_0918,7,213.54571428571427,1494.82,0,3,4.366666666666666,1.603053435114504,4.366666666666666,3.142857142857143,1,Premium Frequent Diners,0
CUST_0919,4,189.3275,757.31,0,2,2.6666666666666665,1.5,2.6666666666666665,3.0,2,Occasional Low-Spend Customers,0
CUST_0920,6,260.8616666666667,1565.17,1,4,4.666666666666667,1.2857142857142856,4.666666666666667,3.8333333333333335,1,Premium Frequent Diners,0
CUST_0921,1,349.98,349.98,0,0,1.0,1.0,1.0,2.0,2,Occasional Low-Spend Customers,-1
CUST_0922,6,163.19666666666666,979.18,3,1,5.066666666666666,1.1842105263157896,5.066666666666666,3.3333333333333335,0,Regular Moderate-Value Customers,0
CUST_0923,6,294.55333333333334,1767.32,1,2,5.3,1.1320754716981132,5.3,2.5,1,Premium Frequent Diners,0
CUST_0924,2,142.555,285.11,0,0,3.0,0.6666666666666666,3.0,5.0,2,Occasional Low-Spend Customers,0
CUST_0925,3,225.58,676.74,0,0,3.033333333333333,0.989010989010989,3.033333333333333,3.0,2,Occasional Low-Spend Customers,0
CUST_0926,5,205.46800000000002,1027.3400000000001,2,1,5.033333333333333,0.9933774834437087,5.033333333333333,3.4,0,Regular Moderate-Value Customers,0
CUST_0927,4,200.2275,800.91,2,2,3.4,1.1764705882352942,3.4,2.75,0,Regular Moderate-Value Customers,0
CUST_0928,1,175.54,175.54,1,0,1.0,1.0,1.0,2.0,2,Occasional Low-Spend Customers,1
CUST_0929,4,228.195,912.78,1,0,5.466666666666667,0.7317073170731707,5.466666666666667,4.0,0,Regular Moderate-Value Customers,0
CUST_0930,3,419.0566666666667,1257.17,0,1,5.833333333333333,0.5142857142857143,5.833333333333333,3.0,0,Regular Moderate-Value Customers,-1
CUST_0931,2,219.925,439.85,0,1,3.7666666666666666,0.5309734513274337,3.7666666666666666,3.5,0,Regular Moderate-Value Customers,0
CUST_0932,3,111.2,333.6,1,2,2.1,1.4285714285714286,2.1,3.0,2,Occasional Low-Spend Customers,0
CUST_0933,2,186.59,373.18,1,1,3.8,0.5263157894736842,3.8,3.0,0,Regular Moderate-Value Customers,0
CUST_0934,4,170.7725,683.09,1,2,5.0,0.8,5.0,3.25,0,Regular Moderate-Value Customers,0
CUST_0935,5,173.036,865.18,3,1,4.6,1.0869565217391306,4.6,2.6,0,Regular Moderate-Value Customers,0
CUST_0936,3,345.95666666666665,1037.87,0,1,4.4,0.6818181818181818,4.4,2.6666666666666665,0,Regular Moderate-Value Customers,0
CUST_0937,7,318.1685714285714,2227.18,2,1,2.533333333333333,2.763157894736842,2.533333333333333,3.4285714285714284,1,Premium Frequent Diners,-1
CUST_0938,3,130.73333333333335,392.20000000000005,0,1,4.9,0.6122448979591836,4.9,2.6666666666666665,0,Regular Moderate-Value Customers,0
CUST_0939,3,207.9466666666667,623.84,0,2,4.6,0.6521739130434783,4.6,3.0,0,Regular Moderate-Value Customers,0
CUST_0940,11,232.19272727272727,2554.12,4,5,5.833333333333333,1.885714285714286,5.833333333333333,3.0,1,Premium Frequent Diners,0
CUST_0941,1,381.91,381.91,0,0,1.0,1.0,1.0,2.0,2,Occasional Low-Spend Customers,-1
CUST_0942,6,242.73166666666665,1456.3899999999999,3,1,3.8333333333333335,1.5652173913043477,3.8333333333333335,3.0,1,Premium Frequent Diners,0
CUST_0943,3,296.3233333333333,888.97,2,1,3.1666666666666665,0.9473684210526316,3.1666666666666665,3.0,0,Regular Moderate-Value Customers,0
CUST_0944,3,236.64,709.92,0,0,1.2333333333333334,2.4324324324324325,1.2333333333333334,2.6666666666666665,2,Occasional Low-Spend Customers,0
CUST_0945,4,189.8875,759.55,1,1,2.7666666666666666,1.4457831325301205,2.7666666666666666,3.5,2,Occasional Low-Spend Customers,0
CUST_0946,3,212.20000000000002,636.6,0,2,2.1,1.4285714285714286,2.1,4.0,2,Occasional Low-Spend Customers,0
CUST_0947,3,261.45,784.35,0,1,4.666666666666667,0.6428571428571428,4.666666666666667,3.0,0,Regular Moderate-Value Customers,0
CUST_0948,6,181.56833333333336,1089.41,1,1,4.566666666666666,1.3138686131386863,4.566666666666666,3.5,0,Regular Moderate-Value Customers,0
CUST_0949,6,190.83666666666667,1145.02,4,2,4.3,1.3953488372093024,4.3,3.5,1,Premium Frequent Diners,0
CUST_0950,10,212.214,2122.14,1,1,4.3,2.3255813953488373,4.3,3.4,1,Premium Frequent Diners,0
CUST_0951,5,209.86000000000004,1049.3000000000002,3,2,3.1,1.6129032258064515,3.1,3.2,0,Regular Moderate-Value Customers,0
CUST_0952,5,250.968,1254.84,0,2,1.4333333333333333,3.488372093023256,1.4333333333333333,3.8,2,Occasional Low-Spend Customers,2
CUST_0953,4,244.6025,978.41,2,1,2.966666666666667,1.348314606741573,2.966666666666667,3.0,0,Regular Moderate-Value Customers,0
CUST_0954,1,192.87,192.87,0,1,1.0,1.0,1.0,4.0,2,Occasional Low-Spend Customers,0
CUST_0955,3,241.74,725.22,1,1,2.533333333333333,1.1842105263157896,2.533333333333333,2.3333333333333335,2,Occasional Low-Spend Customers,0
CUST_0956,7,228.41285714285715,1598.89,2,1,4.133333333333334,1.693548387096774,4.133333333333334,3.2857142857142856,1,Premium Frequent Diners,0
CUST_0957,4,193.475,773.9,1,0,2.033333333333333,1.9672131147540985,2.033333333333333,3.25,2,Occasional Low-Spend Customers,0
CUST_0958,4,170.0725,680.29,0,0,3.1333333333333333,1.2765957446808511,3.1333333333333333,3.5,2,Occasional Low-Spend Customers,0
CUST_0959,5,221.292,1106.46,1,3,2.9,1.7241379310344829,2.9,3.0,2,Occasional Low-Spend Customers,0
CUST_0960,4,215.78,863.12,0,1,5.166666666666667,0.7741935483870968,5.166666666666667,3.5,0,Regular Moderate-Value Customers,0
CUST_0961,3,267.24666666666667,801.74,0,1,4.266666666666667,0.703125,4.266666666666667,3.6666666666666665,0,Regular Moderate-Value Customers,0
CUST_0962,4,159.32,637.28,1,2,3.3333333333333335,1.2,3.3333333333333335,3.5,0,Regular Moderate-Value Customers,0
CUST_0963,6,289.25166666666667,1735.51,0,0,4.266666666666667,1.40625,4.266666666666667,3.8333333333333335,0,Regular Moderate-Value Customers,0
CUST_0964,2,169.24,338.48,0,1,1.7666666666666666,1.1320754716981132,1.7666666666666666,3.0,2,Occasional Low-Spend Customers,0
CUST_0965,5,232.92399999999998,1164.62,0,1,4.8,1.0416666666666667,4.8,2.6,0,Regular Moderate-Value Customers,0
CUST_0966,4,269.4325,1077.73,2,1,4.3,0.9302325581395349,4.3,3.5,0,Regular Moderate-Value Customers,0
CUST_0967,6,230.65833333333333,1383.95,1,5,3.8666666666666667,1.5517241379310345,3.8666666666666667,2.5,1,Premium Frequent Diners,0
CUST_0968,4,180.6875,722.75,3,2,5.466666666666667,0.7317073170731707,5.466666666666667,3.5,0,Regular Moderate-Value Customers,0
CUST_0969,6,237.17166666666665,1423.03,1,2,4.366666666666666,1.3740458015267176,4.366666666666666,3.3333333333333335,0,Regular Moderate-Value Customers,0
CUST_0970,3,236.21,708.63,0,0,3.8,0.7894736842105263,3.8,3.0,0,Regular Moderate-Value Customers,0
CUST_0971,4,147.7,590.8,1,1,4.233333333333333,0.9448818897637795,4.233333333333333,4.0,0,Regular Moderate-Value Customers,0
CUST_0972,5,205.94,1029.7,0,0,1.6333333333333333,3.061224489795918,1.6333333333333333,2.6,2,Occasional Low-Spend Customers,0
CUST_0973,4,264.7425,1058.97,2,2,4.733333333333333,0.8450704225352113,4.733333333333333,4.25,0,Regular Moderate-Value Customers,0
CUST_0974,3,147.52333333333334,442.57,0,0,2.433333333333333,1.2328767123287672,2.433333333333333,2.6666666666666665,2,Occasional Low-Spend Customers,0
CUST_0975,3,129.93666666666664,389.80999999999995,1,0,3.2666666666666666,0.9183673469387755,3.2666666666666666,2.0,0,Regular Moderate-Value Customers,0
CUST_0976,6,159.79166666666666,958.75,2,2,4.533333333333333,1.3235294117647058,4.533333333333333,2.6666666666666665,0,Regular Moderate-Value Customers,0
CUST_0977,7,222.77285714285716,1559.41,1,4,5.633333333333334,1.242603550295858,5.633333333333334,2.857142857142857,1,Premium Frequent Diners,0
CUST_0978,2,212.555,425.11,1,1,1.4333333333333333,1.3953488372093024,1.4333333333333333,3.5,2,Occasional Low-Spend Customers,0
CUST_0979,5,205.92199999999997,1029.61,2,2,2.433333333333333,2.0547945205479454,2.433333333333333,3.4,2,Occasional Low-Spend Customers,0
CUST_0980,4,246.86,987.44,1,0,3.7,1.081081081081081,3.7,2.5,0,Regular Moderate-Value Customers,0
CUST_0981,3,151.53333333333333,454.6,1,1,2.1666666666666665,1.3846153846153848,2.1666666666666665,3.3333333333333335,2,Occasional Low-Spend Customers,0
CUST_0982,8,181.13375,1449.07,2,3,4.933333333333334,1.6216216216216215,4.933333333333334,3.25,1,Premium Frequent Diners,0
CUST_0983,6,251.9083333333333,1511.4499999999998,3,1,4.8,1.25,4.8,3.1666666666666665,1,Premium Frequent Diners,0
CUST_0984,4,215.8675,863.47,2,2,3.4,1.1764705882352942,3.4,2.75,0,Regular Moderate-Value Customers,0
CUST_0985,4,158.42,633.68,1,1,3.3666666666666667,1.188118811881188,3.3666666666666667,4.0,0,Regular Moderate-Value Customers,0
CUST_0986,5,263.394,1316.97,1,2,3.1666666666666665,1.5789473684210527,3.1666666666666665,3.2,0,Regular Moderate-Value Customers,0
CUST_0987,5,210.31799999999998,1051.59,2,0,4.133333333333334,1.2096774193548385,4.133333333333334,3.4,0,Regular Moderate-Value Customers,0
CUST_0988,5,278.062,1390.31,2,1,5.5,0.9090909090909091,5.5,4.0,0,Regular Moderate-Value Customers,0
CUST_0989,9,223.57888888888888,2012.21,5,4,5.3,1.6981132075471699,5.3,3.3333333333333335,1,Premium Frequent Diners,0
CUST_0990,3,288.06333333333333,864.1899999999999,0,0,3.7333333333333334,0.8035714285714286,3.7333333333333334,3.0,0,Regular Moderate-Value Customers,0
CUST_0991,4,225.1325,900.53,2,3,1.6333333333333333,2.4489795918367347,1.6333333333333333,2.5,2,Occasional Low-Spend Customers,0
CUST_0992,8,170.02375,1360.19,1,4,4.633333333333334,1.7266187050359711,4.633333333333334,3.25,1,Premium Frequent Diners,0
CUST_0993,7,235.03571428571428,1645.25,2,2,3.3666666666666667,2.0792079207920793,3.3666666666666667,3.2857142857142856,1,Premium Frequent Diners,0
CUST_0994,4,356.13250000000005,1424.5300000000002,1,2,3.466666666666667,1.1538461538461537,3.466666666666667,3.5,0,Regular Moderate-Value Customers,0
CUST_0995,4,128.1825,512.73,1,0,5.133333333333334,0.7792207792207791,5.133333333333334,3.25,0,Regular Moderate-Value Customers,0
CUST_0996,3,314.3733333333333,943.1199999999999,0,0,4.866666666666666,0.6164383561643836,4.866666666666666,3.0,0,Regular Moderate-Value Customers,0
CUST_0997,4,185.9975,743.99,0,1,4.0,1.0,4.0,3.25,0,Regular Moderate-Value Customers,0
CUST_0998,3,433.99,1301.97,0,0,1.0,3.0,1.0,3.6666666666666665,2,Occasional Low-Spend Customers,-1
CUST_0999,8,257.81624999999997,2062.5299999999997,4,4,3.7666666666666666,2.1238938053097347,3.7666666666666666,3.625,1,Premium Frequent Diners,-1
CUST_1000,1,167.74,167.74,0,0,1.0,1.0,1.0,3.0,2,Occasional Low-Spend Customers,0
