order_id,customer_id,restaurant_id,order_timestamp,order_amount,number_of_items,weather,traffic_condition,order_status,preparation_time_minutes_order,delivery_id,driver_id,delivery_distance_km,preparation_time_minutes_delivery,delivery_time_minutes,tip_amount,category,rating,hour,day_of_week,is_weekend,time_of_day
ORD_00001,CUST_0785,REST_025,2026-05-10 00:04:01,100.0,1,Cloudy,Medium,Delivered,28.0,DEL_00001,DRV_0292,7.57,28.0,77.8,10.68,South Indian,4.0,0,6,1,Night
ORD_00002,CUST_0894,REST_066,2026-04-30 05:33:18,396.77,1,Cloudy,Low,Delivered,30.0,DEL_00002,DRV_0419,8.61,30.0,68.3,47.62,North Indian,3.5,5,3,0,Night
ORD_00003,CUST_0776,REST_100,2026-02-03 10:44:48,197.8,5,Clear,Low,Delivered,38.0,DEL_00003,DRV_0424,19.09,38.0,117.3,22.97,Pizza,3.9,10,1,0,Morning
ORD_00004,CUST_0569,REST_018,2026-05-17 07:27:57,145.79,5,Rain,High,Delivered,32.0,DEL_00004,DRV_0407,5.79,32.0,89.5,26.44,Pizza,3.6,7,6,1,Morning
ORD_00005,CUST_0298,REST_005,2026-05-21 01:33:11,147.25,2,Rain,Low,Delivered,39.0,DEL_00005,DRV_0201,3.9,39.0,68.2,17.81,Chinese,4.4,1,3,0,Night
ORD_00006,CUST_0610,REST_019,2026-06-04 09:08:16,100.0,2,Clear,Medium,Delivered,27.0,DEL_00006,DRV_0418,10.39,27.0,80.9,4.82,Indian,4.4,9,3,0,Morning
ORD_00007,CUST_0137,REST_042,2026-02-22 11:46:51,251.22,4,Rain,Medium,Delivered,32.0,DEL_00007,DRV_0442,6.71,32.0,79.9,15.88,Healthy,5.0,11,6,1,Morning
ORD_00008,CUST_0376,REST_018,2026-02-15 23:30:22,209.35,4,Clear,High,Delivered,31.0,DEL_00008,DRV_0499,6.37,31.0,83.6,35.5,Pizza,3.6,23,6,1,Night
ORD_00009,CUST_0087,REST_032,2026-04-06 10:47:00,162.92,3,Cloudy,High,Delivered,22.0,DEL_00009,DRV_0082,5.89,22.0,72.2,31.17,Healthy,3.9,10,0,0,Morning
ORD_00010,CUST_0419,REST_021,2026-04-02 20:29:14,366.2,5,Rain,Medium,Delivered,26.0,DEL_00010,DRV_0128,12.35,26.0,102.1,52.01,Fast Food,3.7,20,3,0,Evening
ORD_00011,CUST_0754,REST_010,2026-04-07 18:54:29,100.0,6,Cloudy,Low,Delivered,29.0,DEL_00011,DRV_0080,2.96,29.0,45.0,16.88,Healthy,4.9,18,1,0,Evening
ORD_00012,CUST_0199,REST_037,2026-01-29 14:11:59,130.55,3,Clear,Medium,Delivered,17.0,DEL_00012,DRV_0189,7.64,17.0,76.7,37.51,Chinese,3.8,14,3,0,Afternoon
ORD_00013,CUST_0463,REST_049,2026-06-19 14:07:22,113.58,3,Rain,Low,Delivered,28.0,DEL_00013,DRV_0480,5.91,28.0,70.0,21.71,Cafe,3.6,14,4,0,Afternoon
ORD_00014,CUST_0437,REST_086,2026-02-25 23:26:03,155.5,1,Clear,Low,Delivered,34.0,DEL_00014,DRV_0156,9.02,34.0,65.4,18.01,Chinese,3.8,23,2,0,Night
ORD_00015,CUST_0310,REST_013,2026-06-20 18:51:46,188.13,6,Clear,Medium,Delivered,8.0,DEL_00015,DRV_0316,2.83,8.0,34.2,16.1,Cafe,3.2,18,5,1,Evening
ORD_00016,CUST_0596,REST_055,2026-05-02 09:25:49,229.64,1,Clear,Medium,Delivered,40.0,DEL_00016,DRV_0160,1.77,40.0,56.7,38.06,North Indian,4.2,9,5,1,Morning
ORD_00017,CUST_0754,REST_017,2026-05-06 20:15:27,149.78,4,Rain,Low,Delivered,17.0,DEL_00017,DRV_0242,12.33,17.0,95.2,26.56,Pizza,4.5,20,2,0,Evening
ORD_00018,CUST_0281,REST_009,2026-03-31 22:25:26,111.88,3,Rain,Low,Delivered,21.0,DEL_00018,DRV_0314,1.14,21.0,32.1,16.4,Biryani,4.6,22,1,0,Night
ORD_00019,CUST_0323,REST_088,2026-03-15 10:52:54,458.2,4,Clear,High,Delivered,36.0,DEL_00019,DRV_0082,2.65,36.0,69.1,58.19,Cafe,3.8,10,6,1,Morning
ORD_00020,CUST_0764,REST_044,2026-05-01 00:04:49,682.94,6,Rain,High,Delivered,19.0,DEL_00020,DRV_0044,1.39,19.0,62.5,58.96,Biryani,4.1,0,4,0,Night
ORD_00021,CUST_0702,REST_078,2026-04-08 04:18:39,196.14,6,Clear,Medium,Delivered,36.0,DEL_00021,DRV_0162,8.19,36.0,75.5,34.11,Biryani,3.9,4,2,0,Night
ORD_00022,CUST_0951,REST_046,2026-04-22 17:59:16,119.55,5,Heavy Rain,Medium,Delivered,13.0,DEL_00022,DRV_0221,2.14,13.0,52.4,9.56,North Indian,3.7,17,2,0,Evening
ORD_00023,CUST_0942,REST_008,2026-02-22 06:24:38,408.09,2,Cloudy,High,Delivered,26.0,DEL_00023,DRV_0149,5.46,26.0,62.9,49.98,Desserts,4.5,6,6,1,Morning
ORD_00024,CUST_0152,REST_037,2026-02-02 14:10:39,100.0,1,Clear,Medium,Delivered,17.0,DEL_00024,DRV_0124,2.13,17.0,54.5,23.75,Chinese,3.8,14,0,0,Afternoon
ORD_00025,CUST_0994,REST_019,2026-06-10 10:30:02,150.79,5,Clear,Medium,Delivered,21.0,DEL_00025,DRV_0001,1.67,21.0,45.5,16.7,Indian,4.4,10,2,0,Morning
ORD_00026,CUST_0302,REST_063,2026-01-09 16:28:26,123.61,5,Clear,Medium,Delivered,12.0,DEL_00026,DRV_0183,11.77,12.0,74.6,32.46,Biryani,4.7,16,4,0,Afternoon
ORD_00029,CUST_0688,REST_094,2026-03-30 19:01:51,112.7,6,Clear,Low,Delivered,21.0,DEL_00029,DRV_0097,4.69,21.0,54.3,11.62,Cafe,4.6,19,0,0,Evening
ORD_00030,CUST_0008,REST_071,2026-01-11 02:30:02,182.54,6,Heavy Rain,Medium,Delivered,25.0,DEL_00030,DRV_0021,1.72,25.0,46.0,14.85,Healthy,4.9,2,6,1,Night
ORD_00031,CUST_0807,REST_026,2026-03-16 05:19:31,184.0,3,Cloudy,Medium,Delivered,39.0,DEL_00031,DRV_0355,13.87,39.0,111.6,25.64,Fast Food,3.0,5,0,0,Night
ORD_00032,CUST_0235,REST_046,2026-03-01 13:59:44,128.8,4,Cloudy,Low,Delivered,13.0,DEL_00032,DRV_0439,2.58,13.0,49.5,33.97,North Indian,3.7,13,6,1,Afternoon
ORD_00033,CUST_0675,REST_046,2026-05-18 19:56:31,147.85,6,Clear,High,Delivered,15.0,DEL_00033,DRV_0411,7.2,15.0,85.5,29.05,North Indian,3.7,19,0,0,Evening
ORD_00034,CUST_0561,REST_075,2026-05-30 03:39:46,159.66,5,Rain,Low,Delivered,9.0,DEL_00034,DRV_0404,1.44,9.0,24.6,23.61,Fast Food,3.5,3,5,1,Night
ORD_00035,CUST_0302,REST_014,2026-03-10 10:07:05,282.99,3,Cloudy,Medium,Delivered,32.0,DEL_00035,DRV_0223,5.06,32.0,57.3,51.22,Fast Food,5.0,10,1,0,Morning
ORD_00036,CUST_0038,REST_085,2026-05-16 02:02:38,167.06,3,Rain,Medium,Delivered,20.0,DEL_00036,DRV_0400,5.96,20.0,63.8,31.59,South Indian,3.4,2,5,1,Night
ORD_00037,CUST_0136,REST_063,2026-01-21 21:26:06,285.31,5,Heavy Rain,Medium,Delivered,12.0,DEL_00037,DRV_0462,4.28,12.0,72.3,45.5,Biryani,4.7,21,2,0,Evening
ORD_00038,CUST_0822,REST_072,2026-01-15 12:05:59,250.18,6,Clear,Medium,Delivered,19.0,DEL_00038,DRV_0048,7.06,19.0,66.7,30.53,Chinese,3.8,12,3,0,Afternoon
ORD_00039,CUST_0421,REST_003,2026-03-26 01:12:49,248.23,5,Clear,Medium,Delivered,15.0,DEL_00039,DRV_0032,3.46,15.0,35.9,37.3,South Indian,4.4,1,3,0,Night
ORD_00040,CUST_0219,REST_028,2026-04-06 20:15:34,388.9,2,Rain,High,Delivered,24.0,DEL_00040,DRV_0489,2.67,24.0,79.5,66.47,Indian,4.4,20,0,0,Evening
ORD_00041,CUST_0348,REST_029,2026-02-05 04:25:33,100.0,6,Rain,High,Delivered,29.0,DEL_00041,DRV_0288,4.43,29.0,75.2,25.64,Pizza,3.9,4,3,0,Night
ORD_00042,CUST_0808,REST_087,2026-06-03 12:43:53,139.74,4,Cloudy,Medium,Delivered,8.0,DEL_00042,DRV_0437,1.8,8.0,47.7,12.37,Healthy,4.0,12,2,0,Afternoon
ORD_00043,CUST_0546,REST_018,2026-01-03 06:18:27,478.1,5,Clear,High,Delivered,32.0,DEL_00043,DRV_0380,1.85,32.0,61.1,35.48,Pizza,3.6,6,5,1,Morning
ORD_00044,CUST_0864,REST_035,2026-06-20 15:33:28,157.35,6,Cloudy,Low,Delivered,34.0,DEL_00044,DRV_0437,2.59,34.0,49.7,28.7,North Indian,4.8,15,5,1,Afternoon
ORD_00045,CUST_0079,REST_077,2026-04-06 22:31:09,100.0,1,Clear,High,Delivered,12.0,DEL_00045,DRV_0130,10.67,12.0,80.0,17.91,Fast Food,4.1,22,0,0,Night
ORD_00046,CUST_0748,REST_076,2026-04-13 11:32:06,162.12,2,Clear,High,Delivered,17.0,DEL_00046,DRV_0441,4.03,17.0,55.9,27.71,Chinese,3.7,11,0,0,Morning
ORD_00047,CUST_0895,REST_047,2026-03-03 22:11:57,195.24,4,Clear,Medium,Delivered,26.0,DEL_00047,DRV_0493,14.79,26.0,95.7,9.37,Desserts,4.4,22,1,0,Night
ORD_00049,CUST_0161,REST_075,2026-04-11 23:01:15,377.54,1,Clear,Medium,Delivered,12.0,DEL_00049,DRV_0485,2.69,12.0,40.8,45.79,Fast Food,3.5,23,5,1,Night
ORD_00050,CUST_0687,REST_059,2026-06-23 04:58:08,122.42,6,Heavy Rain,Low,Delivered,34.0,DEL_00050,DRV_0245,11.47,34.0,104.3,22.07,Pizza,4.0,4,1,0,Night
ORD_00051,CUST_0878,REST_075,2026-05-19 12:48:25,217.18,1,Rain,High,Delivered,9.0,DEL_00051,DRV_0052,2.59,9.0,61.1,36.26,Fast Food,3.5,12,1,0,Afternoon
ORD_00052,CUST_0308,REST_059,2026-03-26 13:20:26,160.09,4,Rain,Medium,Delivered,31.0,DEL_00052,DRV_0209,3.72,31.0,85.0,33.79,Pizza,4.0,13,3,0,Afternoon
ORD_00053,CUST_0374,REST_047,2026-04-07 12:42:13,100.0,2,Rain,Medium,Delivered,25.0,DEL_00053,DRV_0352,1.66,25.0,64.5,24.6,Desserts,4.4,12,1,0,Afternoon
ORD_00054,CUST_0976,REST_095,2026-02-04 09:23:33,100.61,1,Clear,Medium,Delivered,24.0,DEL_00054,DRV_0230,9.43,24.0,76.2,11.18,Pizza,3.7,9,2,0,Morning
ORD_00055,CUST_0733,REST_095,2026-06-03 05:43:53,108.39,3,Rain,High,Delivered,32.0,DEL_00055,DRV_0465,4.17,32.0,81.6,17.55,Pizza,3.7,5,2,0,Night
ORD_00056,CUST_0009,REST_013,2026-03-15 10:24:21,329.35,4,Rain,Medium,Delivered,11.0,DEL_00056,DRV_0186,9.16,11.0,76.3,38.45,Cafe,3.2,10,6,1,Morning
ORD_00057,CUST_0801,REST_078,2026-01-02 05:42:28,167.14,4,Rain,Low,Delivered,34.0,DEL_00057,DRV_0162,6.05,34.0,67.1,21.73,Biryani,3.9,5,4,0,Night
ORD_00058,CUST_0444,REST_089,2026-03-06 09:47:14,136.04,5,Cloudy,Medium,Delivered,18.0,DEL_00058,DRV_0199,4.09,18.0,54.5,22.81,North Indian,4.1,9,4,0,Morning
ORD_00059,CUST_0113,REST_033,2026-01-29 14:46:25,108.41,2,Clear,High,Delivered,30.0,DEL_00059,DRV_0477,5.44,30.0,89.0,23.18,Fast Food,4.1,14,3,0,Afternoon
ORD_00060,CUST_0989,REST_097,2026-01-19 22:49:06,349.98,3,Clear,Medium,Delivered,12.0,DEL_00060,DRV_0401,10.07,12.0,66.0,44.59,Cafe,4.7,22,0,0,Night
ORD_00061,CUST_0205,REST_062,2026-04-24 01:28:40,405.58,3,Clear,High,Delivered,22.0,DEL_00061,DRV_0472,4.64,22.0,64.2,63.43,Fast Food,3.5,1,4,0,Night
ORD_00062,CUST_0405,REST_079,2026-04-15 04:00:50,347.79,5,Heavy Rain,High,Delivered,34.0,DEL_00062,DRV_0456,3.76,34.0,81.4,46.79,Healthy,4.4,4,2,0,Night
ORD_00063,CUST_0698,REST_016,2026-02-13 11:21:22,237.66,1,Clear,Medium,Delivered,25.0,DEL_00063,DRV_0279,0.84,25.0,38.9,37.51,Indian,3.7,11,4,0,Morning
ORD_00064,CUST_0853,REST_044,2026-01-27 19:13:52,212.6,1,Rain,Medium,Delivered,27.0,DEL_00064,DRV_0033,5.88,27.0,79.4,21.35,Biryani,4.1,19,1,0,Evening
ORD_00065,CUST_0197,REST_058,2026-05-08 08:02:25,100.0,3,Clear,Medium,Delivered,16.0,DEL_00065,DRV_0413,4.19,16.0,43.0,21.3,Fast Food,4.7,8,4,0,Morning
ORD_00066,CUST_0778,REST_006,2026-04-28 03:21:14,158.35,2,Cloudy,Medium,Delivered,23.0,DEL_00066,DRV_0019,11.05,23.0,83.3,26.76,Cafe,3.9,3,1,0,Night
ORD_00067,CUST_0774,REST_089,2026-06-12 12:14:03,124.45,1,Clear,Medium,Delivered,21.0,DEL_00067,DRV_0121,1.63,21.0,53.0,20.6,North Indian,4.1,12,4,0,Afternoon
ORD_00068,CUST_0760,REST_015,2026-05-28 02:57:06,100.0,4,Clear,High,Delivered,27.0,DEL_00068,DRV_0069,6.0,27.0,75.7,16.48,Healthy,4.6,2,3,0,Night
ORD_00069,CUST_0115,REST_004,2026-02-03 18:09:21,324.2,6,Clear,High,Delivered,15.0,DEL_00069,DRV_0293,1.24,15.0,40.9,35.11,Healthy,3.7,18,1,0,Evening
ORD_00070,CUST_0121,REST_056,2026-05-26 16:38:15,123.63,5,Cloudy,Medium,Delivered,36.0,DEL_00070,DRV_0215,3.55,36.0,61.0,21.7,Desserts,4.2,16,1,0,Afternoon
ORD_00071,CUST_0653,REST_064,2026-01-09 01:07:49,349.94,2,Clear,Medium,Delivered,12.0,DEL_00071,DRV_0123,10.54,12.0,74.0,49.56,Biryani,5.0,1,4,0,Night
ORD_00072,CUST_0065,REST_068,2026-01-12 20:58:46,294.41,1,Rain,Medium,Delivered,21.0,DEL_00072,DRV_0410,10.41,21.0,91.4,35.86,Indian,4.5,20,0,0,Evening
ORD_00073,CUST_0276,REST_094,2026-05-16 18:18:08,246.21,6,Clear,Medium,Delivered,22.0,DEL_00073,DRV_0280,5.82,22.0,63.0,27.64,Cafe,4.6,18,5,1,Evening
ORD_00074,CUST_0825,REST_034,2026-05-22 07:57:05,253.94,3,Rain,Medium,Delivered,14.0,DEL_00074,DRV_0054,5.87,14.0,57.0,19.11,Desserts,4.0,7,4,0,Morning
ORD_00076,CUST_0302,REST_095,2026-02-20 11:41:50,503.62,1,Cloudy,Medium,Delivered,33.0,DEL_00076,DRV_0097,4.2,33.0,68.0,40.02,Pizza,3.7,11,4,0,Morning
ORD_00077,CUST_0392,REST_056,2026-02-02 17:14:26,185.62,3,Clear,Low,Delivered,31.0,DEL_00077,DRV_0346,3.87,31.0,37.0,15.78,Desserts,4.2,17,0,0,Evening
ORD_00079,CUST_0969,REST_009,2026-01-08 10:16:40,126.85,5,Clear,Low,Delivered,25.0,DEL_00079,DRV_0042,4.7,25.0,55.3,25.45,Biryani,4.6,10,3,0,Morning
ORD_00080,CUST_0369,REST_063,2026-04-08 20:43:14,108.62,4,Cloudy,Medium,Delivered,11.0,DEL_00080,DRV_0413,1.8,11.0,45.5,13.16,Biryani,4.7,20,2,0,Evening
ORD_00081,CUST_0233,REST_072,2026-05-05 10:51:02,235.69,4,Rain,Low,Delivered,15.0,DEL_00081,DRV_0441,3.36,15.0,45.2,27.82,Chinese,3.8,10,1,0,Morning
ORD_00082,CUST_0195,REST_078,2026-01-17 08:36:27,204.31,6,Clear,High,Delivered,33.0,DEL_00082,DRV_0246,8.07,33.0,82.5,31.59,Biryani,3.9,8,5,1,Morning
ORD_00083,CUST_0907,REST_033,2026-03-08 00:23:15,117.43,3,Clear,Low,Delivered,31.0,DEL_00083,DRV_0419,5.57,31.0,58.9,22.65,Fast Food,4.1,0,6,1,Night
ORD_00086,CUST_0921,REST_055,2026-02-19 12:02:57,349.98,3,Clear,High,Delivered,37.0,DEL_00086,DRV_0058,4.87,37.0,84.6,18.59,North Indian,4.2,12,3,0,Afternoon
ORD_00087,CUST_0689,REST_076,2026-01-27 01:00:56,129.37,1,Clear,Medium,Delivered,16.0,DEL_00087,DRV_0127,6.43,16.0,60.5,26.25,Chinese,3.7,1,1,0,Night
ORD_00088,CUST_0177,REST_057,2026-06-06 06:38:04,150.45,2,Clear,High,Delivered,26.0,DEL_00088,DRV_0428,2.25,26.0,64.1,12.13,Desserts,4.7,6,5,1,Morning
ORD_00089,CUST_0217,REST_002,2026-05-05 08:41:11,402.5,1,Clear,High,Delivered,41.0,DEL_00089,DRV_0263,9.63,41.0,92.4,65.56,North Indian,4.2,8,1,0,Morning
ORD_00090,CUST_0011,REST_013,2026-02-25 22:37:41,100.0,5,Clear,Medium,Delivered,13.0,DEL_00090,DRV_0144,4.49,13.0,43.2,24.37,Cafe,3.2,22,2,0,Night
ORD_00091,CUST_0446,REST_004,2026-05-19 15:16:57,121.53,6,Rain,High,Delivered,14.0,DEL_00091,DRV_0468,2.21,14.0,53.1,21.99,Healthy,3.7,15,1,0,Afternoon
ORD_00092,CUST_0630,REST_084,2026-01-15 23:18:40,118.77,3,Clear,Low,Delivered,25.0,DEL_00092,DRV_0093,2.64,25.0,37.3,13.2,North Indian,3.3,23,3,0,Night
ORD_00093,CUST_0164,REST_050,2026-01-30 07:23:50,441.39,1,Cloudy,Medium,Delivered,20.0,DEL_00093,DRV_0035,9.36,20.0,73.9,37.35,Desserts,4.0,7,4,0,Morning
ORD_00094,CUST_0551,REST_048,2026-05-29 21:33:04,542.59,3,Rain,Low,Delivered,38.0,DEL_00094,DRV_0092,6.55,38.0,77.5,63.74,Chinese,4.0,21,4,0,Evening
ORD_00095,CUST_0053,REST_078,2026-02-16 17:01:42,274.06,4,Clear,High,Delivered,32.0,DEL_00095,DRV_0263,8.27,32.0,85.4,49.31,Biryani,3.9,17,0,0,Evening
ORD_00096,CUST_0218,REST_030,2026-05-24 16:25:33,278.9,2,Cloudy,High,Delivered,25.0,DEL_00096,DRV_0470,5.68,25.0,69.0,52.82,South Indian,4.1,16,6,1,Afternoon
ORD_00097,CUST_0718,REST_029,2026-01-06 00:17:53,131.74,5,Rain,High,Delivered,32.0,DEL_00097,DRV_0014,0.5,32.0,63.3,36.41,Pizza,3.9,0,1,0,Night
ORD_00098,CUST_0999,REST_008,2026-04-25 02:29:43,529.02,1,Clear,Low,Delivered,25.0,DEL_00098,DRV_0315,2.29,25.0,35.6,79.31,Desserts,4.5,2,5,1,Night
ORD_00099,CUST_0824,REST_012,2026-01-06 13:45:37,210.03,2,Clear,Medium,Delivered,15.0,DEL_00099,DRV_0484,9.52,15.0,77.2,42.86,South Indian,4.6,13,1,0,Afternoon
ORD_00100,CUST_0360,REST_041,2026-05-23 13:42:58,289.81,5,Heavy Rain,Medium,Delivered,34.0,DEL_00100,DRV_0318,2.07,34.0,73.3,19.05,North Indian,4.9,13,5,1,Afternoon
ORD_00102,CUST_0056,REST_050,2026-05-02 05:51:14,156.43,6,Clear,Low,Delivered,23.0,DEL_00102,DRV_0376,1.61,23.0,33.2,19.21,Desserts,4.0,5,5,1,Night
ORD_00103,CUST_0118,REST_002,2026-06-12 09:13:04,452.45,4,Clear,Medium,Delivered,40.0,DEL_00103,DRV_0322,3.32,40.0,63.3,41.27,North Indian,4.2,9,4,0,Morning
ORD_00104,CUST_0900,REST_055,2026-05-31 05:04:52,243.92,6,Clear,High,Delivered,39.0,DEL_00104,DRV_0278,3.51,39.0,72.5,51.42,North Indian,4.2,5,6,1,Night
ORD_00105,CUST_0253,REST_056,2026-05-18 22:29:29,402.73,6,Clear,Medium,Delivered,30.0,DEL_00105,DRV_0144,1.99,30.0,50.0,43.82,Desserts,4.2,22,0,0,Night
ORD_00106,CUST_0798,REST_014,2026-05-07 23:41:40,208.6,3,Clear,Medium,Delivered,31.0,DEL_00106,DRV_0355,2.56,31.0,53.1,25.97,Fast Food,5.0,23,3,0,Night
ORD_00107,CUST_0780,REST_006,2026-04-29 02:59:57,113.68,3,Cloudy,Medium,Delivered,17.0,DEL_00107,DRV_0495,5.25,17.0,59.6,17.99,Cafe,3.9,2,2,0,Night
ORD_00109,CUST_0845,REST_081,2026-06-23 20:43:52,191.83,4,Clear,High,Delivered,29.0,DEL_00109,DRV_0496,20.0,29.0,137.6,37.19,Desserts,4.1,20,1,0,Evening
ORD_00110,CUST_0180,REST_089,2026-03-10 11:30:45,128.44,5,Rain,Medium,Delivered,17.0,DEL_00110,DRV_0459,6.79,17.0,67.0,33.67,North Indian,4.1,11,1,0,Morning
ORD_00111,CUST_0415,REST_061,2026-04-26 07:51:33,100.0,4,Clear,Low,Delivered,33.0,DEL_00111,DRV_0376,7.15,33.0,61.9,19.46,Healthy,4.4,7,6,1,Morning
ORD_00112,CUST_0870,REST_096,2026-05-30 07:22:26,351.0,4,Clear,Medium,Delivered,34.0,DEL_00112,DRV_0491,8.37,34.0,78.3,43.44,Biryani,3.3,7,5,1,Morning
ORD_00113,CUST_0235,REST_012,2026-01-17 22:45:08,134.33,2,Cloudy,High,Delivered,14.0,DEL_00113,DRV_0299,5.87,14.0,60.4,17.46,South Indian,4.6,22,5,1,Night
ORD_00114,CUST_0855,REST_013,2026-01-23 21:02:33,195.59,3,Clear,Medium,Delivered,17.0,DEL_00114,DRV_0353,2.71,17.0,57.7,23.4,Cafe,3.2,21,4,0,Evening
ORD_00115,CUST_0708,REST_019,2026-03-12 07:42:46,213.34,4,Clear,Medium,Delivered,25.0,DEL_00115,DRV_0354,7.1,25.0,62.5,17.63,Indian,4.4,7,3,0,Morning
ORD_00116,CUST_0820,REST_044,2026-04-22 05:39:46,131.17,4,Rain,Low,Delivered,21.0,DEL_00116,DRV_0372,3.67,21.0,55.5,23.61,Biryani,4.1,5,2,0,Night
ORD_00117,CUST_0080,REST_089,2026-06-08 23:29:21,402.6,4,Clear,Low,Delivered,17.0,DEL_00117,DRV_0481,1.74,17.0,30.3,38.42,North Indian,4.1,23,0,0,Night
ORD_00118,CUST_0647,REST_095,2026-05-26 13:31:32,100.0,1,Cloudy,High,Delivered,25.0,DEL_00118,DRV_0467,6.21,25.0,90.1,30.66,Pizza,3.7,13,1,0,Afternoon
ORD_00119,CUST_0022,REST_059,2026-05-26 00:25:54,209.33,4,Clear,Medium,Delivered,37.0,DEL_00119,DRV_0404,5.77,37.0,66.8,19.79,Pizza,4.0,0,1,0,Night
ORD_00120,CUST_0477,REST_037,2026-03-17 18:47:32,207.55,4,Clear,Medium,Delivered,19.0,DEL_00120,DRV_0394,7.19,19.0,52.1,45.13,Chinese,3.8,18,1,0,Evening
ORD_00121,CUST_0843,REST_025,2026-03-12 23:49:44,175.94,5,Cloudy,Medium,Delivered,30.0,DEL_00121,DRV_0403,4.18,30.0,53.5,37.88,South Indian,4.0,23,3,0,Night
ORD_00122,CUST_0440,REST_016,2026-01-03 14:07:06,100.0,6,Rain,High,Delivered,26.0,DEL_00122,DRV_0245,7.77,26.0,110.4,15.91,Indian,3.7,14,5,1,Afternoon
ORD_00123,CUST_0737,REST_038,2026-04-07 12:42:49,292.64,1,Clear,Low,Delivered,33.0,DEL_00123,DRV_0491,2.11,33.0,51.9,22.1,Indian,3.7,12,1,0,Afternoon
ORD_00124,CUST_0570,REST_043,2026-03-17 06:09:20,272.85,4,Cloudy,High,Delivered,22.0,DEL_00124,DRV_0012,1.24,22.0,59.0,47.22,Fast Food,3.7,6,1,0,Morning
ORD_00125,CUST_0093,REST_087,2026-01-28 00:15:31,125.02,6,Rain,Medium,Delivered,13.0,DEL_00125,DRV_0394,4.76,13.0,49.0,28.94,Healthy,4.0,0,2,0,Night
ORD_00126,CUST_0192,REST_014,2026-05-25 22:02:01,267.5,4,Rain,High,Delivered,27.0,DEL_00126,DRV_0071,3.1,27.0,70.9,45.57,Fast Food,5.0,22,0,0,Night
ORD_00127,CUST_0103,REST_006,2026-06-06 13:00:14,222.78,2,Clear,High,Delivered,20.0,DEL_00127,DRV_0184,2.42,20.0,65.4,37.91,Cafe,3.9,13,5,1,Afternoon
ORD_00129,CUST_0007,REST_023,2026-01-31 12:39:48,113.33,6,Cloudy,Low,Delivered,42.0,DEL_00129,DRV_0011,6.49,42.0,81.0,21.68,South Indian,4.6,12,5,1,Afternoon
ORD_00131,CUST_0567,REST_012,2026-01-13 18:23:55,214.9,5,Clear,High,Delivered,13.0,DEL_00131,DRV_0208,3.42,13.0,53.8,28.63,South Indian,4.6,18,1,0,Evening
ORD_00132,CUST_0231,REST_013,2026-03-23 08:49:21,132.9,1,Clear,Low,Delivered,14.0,DEL_00132,DRV_0225,11.28,14.0,61.7,30.43,Cafe,3.2,8,0,0,Morning
ORD_00133,CUST_0874,REST_100,2026-05-24 13:49:52,113.05,1,Cloudy,Low,Delivered,28.0,DEL_00133,DRV_0317,1.56,28.0,53.7,15.81,Pizza,3.9,13,6,1,Afternoon
ORD_00134,CUST_0574,REST_098,2026-06-23 16:59:57,136.53,2,Clear,Low,Delivered,22.0,DEL_00134,DRV_0382,2.95,22.0,39.1,19.7,Biryani,4.7,16,1,0,Afternoon
ORD_00135,CUST_0240,REST_006,2026-01-19 02:57:11,141.96,2,Cloudy,Medium,Delivered,21.0,DEL_00135,DRV_0422,9.23,21.0,71.0,16.01,Cafe,3.9,2,0,0,Night
ORD_00136,CUST_0090,REST_063,2026-03-19 11:06:41,113.83,5,Rain,Low,Delivered,11.0,DEL_00136,DRV_0273,3.99,11.0,45.2,15.53,Biryani,4.7,11,3,0,Morning
ORD_00137,CUST_0232,REST_038,2026-02-19 14:37:38,100.0,4,Rain,High,Delivered,31.0,DEL_00137,DRV_0054,5.16,31.0,92.0,18.86,Indian,3.7,14,3,0,Afternoon
ORD_00138,CUST_0457,REST_050,2026-06-17 03:23:58,339.34,5,Clear,High,Delivered,28.0,DEL_00138,DRV_0173,3.47,28.0,68.1,36.31,Desserts,4.0,3,2,0,Night
ORD_00139,CUST_0233,REST_052,2026-01-11 22:22:25,309.16,4,Clear,Medium,Delivered,24.0,DEL_00139,DRV_0247,9.71,24.0,84.3,38.03,Healthy,4.6,22,6,1,Night
ORD_00140,CUST_0354,REST_040,2026-02-25 15:32:51,100.0,6,Cloudy,Medium,Delivered,25.0,DEL_00140,DRV_0153,2.81,25.0,49.7,22.69,Desserts,4.1,15,2,0,Afternoon
ORD_00141,CUST_0333,REST_008,2026-04-11 08:50:05,195.38,6,Cloudy,Medium,Delivered,24.0,DEL_00141,DRV_0106,4.66,24.0,56.8,32.26,Desserts,4.5,8,5,1,Morning
ORD_00142,CUST_0439,REST_061,2026-01-11 05:13:36,110.36,3,Heavy Rain,Medium,Delivered,39.0,DEL_00142,DRV_0159,7.31,39.0,86.7,12.8,Healthy,4.4,5,6,1,Night
ORD_00143,CUST_0375,REST_008,2026-01-06 17:57:06,156.98,2,Cloudy,Medium,Delivered,24.0,DEL_00143,DRV_0106,2.48,24.0,52.7,22.25,Desserts,4.5,17,1,0,Evening
ORD_00144,CUST_0292,REST_097,2026-02-08 08:33:24,149.96,3,Clear,Medium,Delivered,12.0,DEL_00144,DRV_0193,1.46,12.0,30.2,21.94,Cafe,4.7,8,6,1,Morning
ORD_00145,CUST_0345,REST_034,2026-06-18 05:37:45,143.26,3,Cloudy,Medium,Delivered,18.0,DEL_00145,DRV_0295,0.7,18.0,39.9,22.03,Desserts,4.0,5,3,0,Night
ORD_00146,CUST_0664,REST_079,2026-04-28 07:13:04,545.46,2,Cloudy,Medium,Delivered,25.0,DEL_00146,DRV_0276,6.48,25.0,72.7,55.52,Healthy,4.4,7,1,0,Morning
ORD_00147,CUST_0428,REST_100,2026-02-21 05:38:39,142.28,3,Cloudy,Medium,Delivered,35.0,DEL_00147,DRV_0073,1.95,35.0,53.4,15.62,Pizza,3.9,5,5,1,Night
ORD_00148,CUST_0657,REST_060,2026-03-25 09:16:03,116.22,1,Cloudy,Medium,Delivered,21.0,DEL_00148,DRV_0043,5.78,21.0,58.5,18.35,Chinese,4.2,9,2,0,Morning
ORD_00149,CUST_0130,REST_057,2026-01-06 06:11:58,119.17,4,Clear,Low,Delivered,20.0,DEL_00149,DRV_0372,5.59,20.0,53.4,26.83,Desserts,4.7,6,1,0,Morning
ORD_00150,CUST_0141,REST_099,2026-05-16 02:41:39,321.85,5,Clear,Medium,Delivered,28.0,DEL_00150,DRV_0194,1.84,28.0,51.3,52.19,Healthy,3.7,2,5,1,Night
ORD_00151,CUST_0415,REST_046,2026-04-04 19:06:14,100.0,2,Clear,Medium,Delivered,23.0,DEL_00151,DRV_0129,4.92,23.0,69.1,16.29,North Indian,3.7,19,5,1,Evening
ORD_00153,CUST_0626,REST_087,2026-02-22 07:00:37,401.72,6,Clear,Medium,Delivered,12.0,DEL_00153,DRV_0108,6.69,12.0,47.2,16.94,Healthy,4.0,7,6,1,Morning
ORD_00154,CUST_0284,REST_040,2026-06-20 01:40:08,207.31,5,Rain,High,Delivered,27.0,DEL_00154,DRV_0103,20.0,27.0,134.0,31.9,Desserts,4.1,1,5,1,Night
ORD_00155,CUST_0956,REST_045,2026-04-15 07:52:17,201.45,5,Clear,Low,Delivered,33.0,DEL_00155,DRV_0435,3.08,33.0,43.7,19.84,Pizza,4.2,7,2,0,Morning
ORD_00156,CUST_0923,REST_055,2026-04-30 08:34:52,585.63,5,Rain,Medium,Delivered,40.0,DEL_00156,DRV_0133,5.1,40.0,81.3,28.12,North Indian,4.2,8,3,0,Morning
ORD_00157,CUST_0655,REST_051,2026-03-25 00:37:29,207.57,3,Clear,Medium,Delivered,14.0,DEL_00157,DRV_0250,2.37,14.0,40.1,20.07,Healthy,3.6,0,2,0,Night
ORD_00158,CUST_0223,REST_086,2026-01-19 20:00:55,122.79,3,Clear,Medium,Delivered,37.0,DEL_00158,DRV_0396,11.32,37.0,99.9,33.05,Chinese,3.8,20,0,0,Evening
ORD_00159,CUST_0744,REST_005,2026-05-26 15:41:59,155.22,3,Clear,Medium,Delivered,41.0,DEL_00159,DRV_0270,3.64,41.0,63.2,21.76,Chinese,4.4,15,1,0,Afternoon
ORD_00160,CUST_0463,REST_095,2026-03-05 16:39:54,100.0,3,Clear,High,Delivered,27.0,DEL_00160,DRV_0444,1.8,27.0,59.2,19.59,Pizza,3.7,16,3,0,Afternoon
ORD_00161,CUST_0545,REST_013,2026-05-14 12:48:09,361.68,1,Rain,Low,Delivered,9.0,DEL_00161,DRV_0103,5.06,9.0,53.8,46.34,Cafe,3.2,12,3,0,Afternoon
ORD_00162,CUST_0276,REST_028,2026-03-11 02:15:09,248.64,3,Clear,High,Delivered,26.0,DEL_00162,DRV_0480,2.95,26.0,57.7,34.76,Indian,4.4,2,2,0,Night
ORD_00163,CUST_0682,REST_084,2026-04-19 14:23:54,336.44,2,Clear,High,Delivered,25.0,DEL_00163,DRV_0296,5.69,25.0,90.7,55.79,North Indian,3.3,14,6,1,Afternoon
ORD_00164,CUST_0140,REST_097,2026-05-12 04:17:55,353.24,5,Rain,Medium,Delivered,9.0,DEL_00164,DRV_0238,4.09,9.0,46.8,12.74,Cafe,4.7,4,1,0,Night
ORD_00166,CUST_0713,REST_062,2026-05-22 21:31:54,107.81,6,Clear,Medium,Delivered,21.0,DEL_00166,DRV_0137,0.81,21.0,50.0,30.73,Fast Food,3.5,21,4,0,Evening
ORD_00167,CUST_0023,REST_093,2026-02-06 04:50:13,176.19,3,Clear,Medium,Delivered,22.0,DEL_00167,DRV_0426,4.48,22.0,45.9,29.22,Indian,3.8,4,4,0,Night
ORD_00168,CUST_0968,REST_087,2026-06-06 00:08:52,112.17,6,Clear,High,Delivered,9.0,DEL_00168,DRV_0298,2.33,9.0,41.1,9.5,Healthy,4.0,0,5,1,Night
ORD_00169,CUST_0736,REST_024,2026-03-02 13:33:49,198.49,5,Clear,Low,Delivered,29.0,DEL_00169,DRV_0289,8.45,29.0,81.1,13.86,Cafe,4.3,13,0,0,Afternoon
ORD_00170,CUST_0880,REST_098,2026-04-06 11:15:44,337.87,1,Clear,Low,Delivered,27.0,DEL_00170,DRV_0025,10.69,27.0,73.7,49.4,Biryani,4.7,11,0,0,Morning
ORD_00171,CUST_0270,REST_007,2026-03-05 20:16:18,165.26,5,Rain,Low,Delivered,16.0,DEL_00171,DRV_0118,2.84,16.0,44.8,36.26,Healthy,3.9,20,3,0,Evening
ORD_00172,CUST_0859,REST_038,2026-04-18 15:29:42,196.86,6,Rain,Medium,Delivered,30.0,DEL_00172,DRV_0230,0.5,30.0,54.0,29.45,Indian,3.7,15,5,1,Afternoon
ORD_00174,CUST_0333,REST_068,2026-04-27 07:40:01,281.89,4,Clear,High,Delivered,27.0,DEL_00174,DRV_0256,2.19,27.0,60.5,15.22,Indian,4.5,7,0,0,Morning
ORD_00175,CUST_0085,REST_098,2026-03-05 01:50:26,125.55,1,Clear,Medium,Delivered,24.0,DEL_00175,DRV_0009,5.42,24.0,72.3,7.19,Biryani,4.7,1,3,0,Night
ORD_00176,CUST_0621,REST_042,2026-02-26 19:26:34,100.0,3,Cloudy,High,Delivered,28.0,DEL_00176,DRV_0119,2.28,28.0,74.4,15.25,Healthy,5.0,19,3,0,Evening
ORD_00178,CUST_0741,REST_005,2026-01-29 08:07:46,312.1,5,Rain,Medium,Delivered,34.0,DEL_00178,DRV_0091,1.49,34.0,57.9,53.79,Chinese,4.4,8,3,0,Morning
ORD_00179,CUST_0240,REST_064,2026-04-25 01:58:12,231.71,5,Cloudy,Low,Delivered,14.0,DEL_00179,DRV_0172,6.15,14.0,43.2,22.52,Biryani,5.0,1,5,1,Night
ORD_00180,CUST_0890,REST_050,2026-05-08 22:52:39,127.47,5,Clear,Low,Delivered,30.0,DEL_00180,DRV_0211,11.95,30.0,86.9,23.1,Desserts,4.0,22,4,0,Night
ORD_00181,CUST_0363,REST_087,2026-05-13 20:31:57,100.0,2,Cloudy,Medium,Delivered,15.0,DEL_00181,DRV_0314,1.45,15.0,45.8,22.19,Healthy,4.0,20,2,0,Evening
ORD_00182,CUST_0822,REST_015,2026-01-06 10:14:57,237.93,2,Clear,High,Delivered,33.0,DEL_00182,DRV_0409,5.91,33.0,76.9,29.77,Healthy,4.6,10,1,0,Morning
ORD_00183,CUST_0389,REST_095,2026-05-17 02:51:01,195.94,3,Clear,Medium,Delivered,24.0,DEL_00183,DRV_0116,1.0,24.0,50.2,27.65,Pizza,3.7,2,6,1,Night
ORD_00184,CUST_0653,REST_073,2026-05-30 03:02:27,169.15,4,Clear,Medium,Delivered,42.0,DEL_00184,DRV_0288,4.13,42.0,66.4,15.96,South Indian,3.9,3,5,1,Night
ORD_00185,CUST_0668,REST_053,2026-03-09 07:41:44,493.91,2,Clear,Medium,Delivered,20.0,DEL_00185,DRV_0022,4.0,20.0,56.1,31.88,Desserts,5.0,7,0,0,Morning
ORD_00186,CUST_0299,REST_025,2026-02-06 14:30:33,107.69,1,Cloudy,Low,Delivered,27.0,DEL_00186,DRV_0349,3.96,27.0,62.4,10.24,South Indian,4.0,14,4,0,Afternoon
ORD_00187,CUST_0857,REST_089,2026-03-27 07:18:25,481.19,6,Cloudy,Medium,Delivered,18.0,DEL_00187,DRV_0055,1.34,18.0,38.0,41.1,North Indian,4.1,7,4,0,Morning
ORD_00188,CUST_0371,REST_085,2026-01-14 14:02:47,184.47,3,Clear,Low,Delivered,18.0,DEL_00188,DRV_0476,4.26,18.0,53.1,13.41,South Indian,3.4,14,2,0,Afternoon
ORD_00189,CUST_0099,REST_009,2026-02-08 05:30:34,100.0,4,Heavy Rain,High,Delivered,21.0,DEL_00189,DRV_0445,4.18,21.0,72.9,24.31,Biryani,4.6,5,6,1,Night
ORD_00190,CUST_0047,REST_038,2026-01-01 18:28:58,164.26,1,Clear,High,Delivered,33.0,DEL_00190,DRV_0108,0.69,33.0,61.7,12.17,Indian,3.7,18,3,0,Evening
ORD_00191,CUST_0999,REST_022,2026-06-08 23:34:18,307.27,5,Clear,Medium,Delivered,21.0,DEL_00191,DRV_0441,0.92,21.0,44.7,37.29,Biryani,4.5,23,0,0,Night
ORD_00192,CUST_0839,REST_087,2026-02-26 12:10:37,148.3,2,Clear,Medium,Delivered,15.0,DEL_00192,DRV_0077,4.89,15.0,59.8,22.32,Healthy,4.0,12,3,0,Afternoon
ORD_00193,CUST_0422,REST_049,2026-01-23 07:39:07,100.0,1,Cloudy,Low,Delivered,32.0,DEL_00193,DRV_0061,8.05,32.0,77.5,18.87,Cafe,3.6,7,4,0,Morning
ORD_00194,CUST_0480,REST_068,2026-05-05 09:29:45,165.59,4,Heavy Rain,Medium,Delivered,24.0,DEL_00194,DRV_0122,4.73,24.0,71.9,40.56,Indian,4.5,9,1,0,Morning
ORD_00195,CUST_0579,REST_093,2026-02-20 19:21:36,113.13,3,Cloudy,High,Delivered,21.0,DEL_00195,DRV_0092,5.13,21.0,82.9,17.32,Indian,3.8,19,4,0,Evening
ORD_00196,CUST_0062,REST_015,2026-04-21 17:16:17,237.58,1,Rain,High,Delivered,27.0,DEL_00196,DRV_0323,2.58,27.0,82.7,17.84,Healthy,4.6,17,1,0,Evening
ORD_00197,CUST_0109,REST_065,2026-02-03 12:08:34,277.37,3,Clear,Low,Delivered,24.0,DEL_00197,DRV_0222,3.94,24.0,67.3,19.54,South Indian,4.7,12,1,0,Afternoon
ORD_00198,CUST_0679,REST_054,2026-06-10 08:30:00,101.4,5,Clear,Low,Delivered,23.0,DEL_00198,DRV_0459,1.41,23.0,33.1,13.17,Healthy,4.2,8,2,0,Morning
ORD_00199,CUST_0549,REST_030,2026-03-12 14:57:45,122.95,4,Cloudy,Medium,Delivered,26.0,DEL_00199,DRV_0130,5.99,26.0,77.2,26.37,South Indian,4.1,14,3,0,Afternoon
ORD_00200,CUST_0119,REST_093,2026-05-28 08:06:35,274.83,4,Cloudy,High,Delivered,24.0,DEL_00200,DRV_0498,2.16,24.0,53.6,25.28,Indian,3.8,8,3,0,Morning
ORD_00201,CUST_0598,REST_020,2026-04-21 04:38:41,113.03,2,Clear,High,Delivered,23.0,DEL_00201,DRV_0370,1.51,23.0,56.4,31.75,Desserts,3.4,4,1,0,Night
ORD_00202,CUST_0382,REST_033,2026-02-25 07:39:37,100.0,6,Rain,Medium,Delivered,31.0,DEL_00202,DRV_0441,4.27,31.0,69.8,12.61,Fast Food,4.1,7,2,0,Morning
ORD_00203,CUST_0392,REST_100,2026-06-14 00:53:40,100.0,4,Clear,High,Delivered,30.0,DEL_00203,DRV_0248,8.46,30.0,82.0,16.45,Pizza,3.9,0,6,1,Night
ORD_00204,CUST_0977,REST_086,2026-04-13 02:01:56,220.0,1,Clear,High,Delivered,41.0,DEL_00204,DRV_0121,4.74,41.0,85.7,20.83,Chinese,3.8,2,0,0,Night
ORD_00205,CUST_0052,REST_077,2026-02-26 00:41:36,214.87,1,Cloudy,Low,Delivered,20.0,DEL_00205,DRV_0201,8.43,20.0,61.4,32.88,Fast Food,4.1,0,3,0,Night
ORD_00206,CUST_0603,REST_007,2026-01-02 13:52:02,124.43,1,Cloudy,High,Delivered,20.0,DEL_00206,DRV_0161,3.06,20.0,66.6,15.8,Healthy,3.9,13,4,0,Afternoon
ORD_00207,CUST_0289,REST_008,2026-01-03 23:41:56,181.78,5,Clear,Low,Delivered,29.0,DEL_00207,DRV_0250,5.08,29.0,55.5,16.05,Desserts,4.5,23,5,1,Night
ORD_00208,CUST_0337,REST_028,2026-02-15 18:44:09,419.86,4,Clear,Medium,Delivered,25.0,DEL_00208,DRV_0218,3.62,25.0,50.2,42.65,Indian,4.4,18,6,1,Evening
ORD_00209,CUST_0810,REST_045,2026-01-25 15:43:59,106.09,4,Clear,Low,Delivered,41.0,DEL_00209,DRV_0063,6.45,41.0,68.4,12.01,Pizza,4.2,15,6,1,Afternoon
ORD_00210,CUST_0204,REST_073,2026-06-08 15:37:20,100.0,1,Cloudy,Medium,Delivered,41.0,DEL_00210,DRV_0400,5.56,41.0,84.8,30.13,South Indian,3.9,15,0,0,Afternoon
ORD_00211,CUST_0880,REST_089,2026-03-11 07:35:35,232.83,2,Rain,High,Delivered,25.0,DEL_00211,DRV_0217,2.4,25.0,62.5,35.43,North Indian,4.1,7,2,0,Morning
ORD_00212,CUST_0238,REST_080,2026-01-25 16:38:40,170.59,2,Cloudy,Medium,Delivered,31.0,DEL_00212,DRV_0385,12.31,31.0,98.4,25.54,South Indian,5.0,16,6,1,Afternoon
ORD_00213,CUST_0382,REST_074,2026-04-27 16:35:20,122.67,4,Clear,Low,Delivered,9.0,DEL_00213,DRV_0341,1.59,9.0,20.6,11.0,Indian,4.2,16,0,0,Afternoon
ORD_00214,CUST_0667,REST_011,2026-03-24 17:45:03,259.47,4,Heavy Rain,Low,Delivered,13.0,DEL_00214,DRV_0064,4.62,13.0,49.0,10.92,Pizza,4.9,17,1,0,Evening
ORD_00215,CUST_0752,REST_031,2026-05-15 13:10:29,287.6,3,Rain,Medium,Delivered,29.0,DEL_00215,DRV_0212,2.18,29.0,67.5,21.26,North Indian,4.0,13,4,0,Afternoon
ORD_00216,CUST_0136,REST_012,2026-03-14 15:33:59,100.0,4,Clear,Medium,Delivered,18.0,DEL_00216,DRV_0120,4.18,18.0,62.5,9.84,South Indian,4.6,15,5,1,Afternoon
ORD_00217,CUST_0407,REST_095,2026-06-02 09:15:00,126.6,1,Clear,Medium,Delivered,30.0,DEL_00217,DRV_0069,2.06,30.0,54.1,24.08,Pizza,3.7,9,1,0,Morning
ORD_00218,CUST_0508,REST_078,2026-03-11 23:06:46,648.48,6,Clear,Low,Delivered,36.0,DEL_00218,DRV_0124,4.16,36.0,57.8,55.42,Biryani,3.9,23,2,0,Night
ORD_00219,CUST_0362,REST_051,2026-03-07 01:31:50,249.85,5,Clear,High,Delivered,13.0,DEL_00219,DRV_0377,4.94,13.0,55.5,22.45,Healthy,3.6,1,5,1,Night
ORD_00220,CUST_0381,REST_044,2026-05-10 11:18:06,262.92,4,Rain,High,Delivered,24.0,DEL_00220,DRV_0145,6.4,24.0,78.9,23.2,Biryani,4.1,11,6,1,Morning
ORD_00221,CUST_0881,REST_096,2026-03-17 09:20:38,345.53,4,Rain,Medium,Delivered,31.0,DEL_00221,DRV_0296,1.04,31.0,47.5,33.96,Biryani,3.3,9,1,0,Morning
ORD_00222,CUST_0576,REST_050,2026-05-04 04:09:25,182.98,1,Rain,Medium,Delivered,30.0,DEL_00222,DRV_0358,2.98,30.0,70.9,17.1,Desserts,4.0,4,0,0,Night
ORD_00223,CUST_0635,REST_017,2026-04-29 17:04:26,280.95,3,Clear,High,Delivered,18.0,DEL_00223,DRV_0129,7.02,18.0,71.8,33.79,Pizza,4.5,17,2,0,Evening
ORD_00224,CUST_0254,REST_035,2026-01-20 08:04:23,269.06,6,Cloudy,Medium,Delivered,26.0,DEL_00224,DRV_0013,5.37,26.0,64.2,32.28,North Indian,4.8,8,1,0,Morning
ORD_00225,CUST_0477,REST_001,2026-03-16 08:01:12,243.83,4,Clear,Medium,Delivered,17.0,DEL_00225,DRV_0274,16.13,17.0,97.1,20.0,Pizza,4.8,8,0,0,Morning
ORD_00226,CUST_0114,REST_029,2026-04-07 11:51:42,151.85,2,Clear,Medium,Delivered,30.0,DEL_00226,DRV_0068,2.91,30.0,64.1,33.57,Pizza,3.9,11,1,0,Morning
ORD_00227,CUST_0020,REST_051,2026-06-20 11:08:54,199.26,2,Cloudy,Low,Delivered,11.0,DEL_00227,DRV_0367,0.5,11.0,25.3,30.95,Healthy,3.6,11,5,1,Morning
ORD_00228,CUST_0528,REST_064,2026-03-11 20:14:38,131.16,2,Clear,Medium,Delivered,13.0,DEL_00228,DRV_0270,12.51,13.0,87.5,14.34,Biryani,5.0,20,2,0,Evening
ORD_00229,CUST_0145,REST_004,2026-02-23 04:17:21,182.55,5,Cloudy,High,Delivered,10.0,DEL_00229,DRV_0496,6.82,10.0,75.3,2.12,Healthy,3.7,4,0,0,Night
ORD_00230,CUST_0208,REST_087,2026-05-10 02:49:57,100.0,5,Cloudy,Low,Delivered,12.0,DEL_00230,DRV_0133,9.29,12.0,59.1,4.27,Healthy,4.0,2,6,1,Night
ORD_00231,CUST_0531,REST_028,2026-03-23 01:22:57,117.35,6,Rain,High,Delivered,24.0,DEL_00231,DRV_0062,2.35,24.0,56.1,17.92,Indian,4.4,1,0,0,Night
ORD_00233,CUST_0504,REST_063,2026-04-01 10:52:37,107.87,4,Rain,Medium,Delivered,18.0,DEL_00233,DRV_0026,4.86,18.0,58.9,17.34,Biryani,4.7,10,2,0,Morning
ORD_00234,CUST_0904,REST_076,2026-02-04 09:16:33,137.31,4,Heavy Rain,Medium,Delivered,14.0,DEL_00234,DRV_0247,3.1,14.0,58.1,28.94,Chinese,3.7,9,2,0,Morning
ORD_00235,CUST_0166,REST_053,2026-06-08 04:59:12,165.64,5,Rain,Medium,Delivered,17.0,DEL_00235,DRV_0189,8.39,17.0,77.3,32.19,Desserts,5.0,4,0,0,Night
ORD_00236,CUST_0550,REST_085,2026-03-01 03:37:42,226.16,6,Rain,High,Delivered,13.0,DEL_00236,DRV_0452,4.07,13.0,58.1,30.97,South Indian,3.4,3,6,1,Night
ORD_00237,CUST_0181,REST_017,2026-01-19 00:23:30,305.54,4,Cloudy,Medium,Delivered,14.0,DEL_00237,DRV_0286,6.71,14.0,57.9,47.32,Pizza,4.5,0,0,0,Night
ORD_00238,CUST_0861,REST_040,2026-01-22 06:05:01,140.46,1,Clear,High,Delivered,23.0,DEL_00238,DRV_0446,1.49,23.0,48.3,33.38,Desserts,4.1,6,3,0,Morning
ORD_00239,CUST_0617,REST_013,2026-02-05 03:38:19,377.78,3,Cloudy,Medium,Delivered,17.0,DEL_00239,DRV_0318,4.96,17.0,60.0,33.69,Cafe,3.2,3,3,0,Night
ORD_00240,CUST_0612,REST_052,2026-04-25 23:54:21,303.76,2,Cloudy,Medium,Delivered,26.0,DEL_00240,DRV_0337,7.27,26.0,77.3,48.21,Healthy,4.6,23,5,1,Night
ORD_00241,CUST_0602,REST_058,2026-01-04 14:29:16,239.19,2,Cloudy,High,Delivered,15.0,DEL_00241,DRV_0220,2.73,15.0,73.7,7.78,Fast Food,4.7,14,6,1,Afternoon
ORD_00242,CUST_0927,REST_096,2026-05-13 22:56:35,197.26,1,Rain,Low,Delivered,33.0,DEL_00242,DRV_0326,3.9,33.0,61.8,39.04,Biryani,3.3,22,2,0,Night
ORD_00243,CUST_0812,REST_037,2026-02-07 06:43:24,216.05,4,Clear,Medium,Delivered,16.0,DEL_00243,DRV_0441,4.15,16.0,56.7,28.99,Chinese,3.8,6,5,1,Morning
ORD_00244,CUST_0444,REST_079,2026-04-05 04:50:23,348.24,6,Clear,Low,Delivered,25.0,DEL_00244,DRV_0249,4.15,25.0,43.1,33.92,Healthy,4.4,4,6,1,Night
ORD_00245,CUST_0332,REST_076,2026-03-15 13:44:47,355.3,6,Cloudy,High,Delivered,16.0,DEL_00245,DRV_0091,2.0,16.0,62.9,60.41,Chinese,3.7,13,6,1,Afternoon
ORD_00246,CUST_0503,REST_061,2026-03-10 00:04:05,377.75,5,Clear,Medium,Delivered,31.0,DEL_00246,DRV_0036,7.37,31.0,67.0,16.49,Healthy,4.4,0,1,0,Night
ORD_00247,CUST_0913,REST_079,2026-06-09 17:46:44,185.44,4,Clear,High,Delivered,33.0,DEL_00247,DRV_0007,3.37,33.0,70.7,26.04,Healthy,4.4,17,1,0,Evening
ORD_00248,CUST_0079,REST_034,2026-03-05 23:12:51,245.98,6,Clear,High,Delivered,18.0,DEL_00248,DRV_0321,6.29,18.0,69.0,39.18,Desserts,4.0,23,3,0,Night
ORD_00249,CUST_0585,REST_070,2026-05-11 04:19:36,379.54,4,Clear,Low,Delivered,18.0,DEL_00249,DRV_0202,4.61,18.0,30.6,30.49,Desserts,4.2,4,0,0,Night
ORD_00250,CUST_0935,REST_017,2026-06-13 04:10:13,128.63,2,Rain,Low,Delivered,10.0,DEL_00250,DRV_0333,2.2,10.0,40.3,21.17,Pizza,4.5,4,5,1,Night
ORD_00251,CUST_0938,REST_020,2026-05-26 01:18:29,152.15,2,Cloudy,Medium,Delivered,22.0,DEL_00251,DRV_0041,5.3,22.0,64.1,29.17,Desserts,3.4,1,1,0,Night
ORD_00252,CUST_0688,REST_073,2026-05-19 09:34:41,182.88,5,Clear,Medium,Delivered,39.0,DEL_00252,DRV_0032,2.67,39.0,57.1,17.59,South Indian,3.9,9,1,0,Morning
ORD_00253,CUST_0396,REST_059,2026-03-29 23:43:33,297.31,2,Clear,Low,Delivered,36.0,DEL_00253,DRV_0142,3.3,36.0,53.4,45.22,Pizza,4.0,23,6,1,Night
ORD_00254,CUST_0608,REST_069,2026-02-16 17:14:14,299.87,4,Clear,Low,Delivered,33.0,DEL_00254,DRV_0256,1.11,33.0,33.4,58.33,Chinese,3.7,17,0,0,Evening
ORD_00255,CUST_0857,REST_087,2026-01-26 09:43:19,159.66,1,Clear,Medium,Delivered,11.0,DEL_00255,DRV_0161,7.27,11.0,52.0,6.93,Healthy,4.0,9,0,0,Morning
ORD_00256,CUST_0103,REST_033,2026-01-10 00:02:05,100.0,5,Clear,Low,Delivered,29.0,DEL_00256,DRV_0030,1.42,29.0,47.2,17.76,Fast Food,4.1,0,5,1,Night
ORD_00257,CUST_0402,REST_078,2026-03-15 09:05:59,207.56,1,Rain,High,Delivered,32.0,DEL_00257,DRV_0457,7.35,32.0,85.2,27.87,Biryani,3.9,9,6,1,Morning
ORD_00258,CUST_0975,REST_017,2026-06-29 08:05:03,109.39,4,Clear,High,Delivered,15.0,DEL_00258,DRV_0262,4.02,15.0,56.1,17.51,Pizza,4.5,8,0,0,Morning
ORD_00259,CUST_0224,REST_057,2026-03-20 15:10:32,100.0,5,Cloudy,High,Delivered,28.0,DEL_00259,DRV_0010,4.68,28.0,65.1,24.16,Desserts,4.7,15,4,0,Afternoon
ORD_00260,CUST_0518,REST_083,2026-01-16 13:19:21,100.0,1,Rain,Low,Delivered,15.0,DEL_00260,DRV_0203,3.04,15.0,53.8,31.05,Pizza,4.8,13,4,0,Afternoon
ORD_00261,CUST_0634,REST_097,2026-03-14 02:09:16,216.92,5,Heavy Rain,Low,Delivered,13.0,DEL_00261,DRV_0359,1.49,13.0,44.2,39.29,Cafe,4.7,2,5,1,Night
ORD_00262,CUST_0236,REST_001,2026-05-18 15:30:51,383.21,4,Clear,Medium,Delivered,17.0,DEL_00262,DRV_0276,8.82,17.0,70.5,36.37,Pizza,4.8,15,0,0,Afternoon
ORD_00263,CUST_0427,REST_013,2026-05-22 06:08:50,185.19,6,Cloudy,High,Delivered,15.0,DEL_00263,DRV_0345,2.36,15.0,54.8,7.45,Cafe,3.2,6,4,0,Morning
ORD_00264,CUST_0116,REST_027,2026-03-08 04:06:49,203.62,5,Clear,Medium,Delivered,24.0,DEL_00264,DRV_0124,10.29,24.0,85.5,20.12,South Indian,4.0,4,6,1,Night
ORD_00265,CUST_0163,REST_070,2026-01-04 00:12:46,347.44,6,Clear,Medium,Delivered,17.0,DEL_00265,DRV_0118,12.01,17.0,76.9,38.17,Desserts,4.2,0,6,1,Night
ORD_00267,CUST_0230,REST_006,2026-01-21 00:52:06,241.31,5,Rain,Medium,Delivered,25.0,DEL_00267,DRV_0278,3.77,25.0,58.1,30.15,Cafe,3.9,0,2,0,Night
ORD_00268,CUST_0182,REST_097,2026-02-19 09:18:56,180.12,5,Clear,Medium,Delivered,14.0,DEL_00268,DRV_0076,1.58,14.0,28.8,23.1,Cafe,4.7,9,3,0,Morning
ORD_00269,CUST_0249,REST_094,2026-01-16 10:01:43,247.48,6,Cloudy,Low,Delivered,20.0,DEL_00269,DRV_0014,6.76,20.0,56.4,38.39,Cafe,4.6,10,4,0,Morning
ORD_00270,CUST_0318,REST_099,2026-05-23 08:51:10,138.95,2,Cloudy,Medium,Delivered,25.0,DEL_00270,DRV_0106,8.9,25.0,75.9,9.37,Healthy,3.7,8,5,1,Morning
ORD_00271,CUST_0965,REST_023,2026-01-29 17:53:07,115.6,6,Heavy Rain,Medium,Delivered,39.0,DEL_00271,DRV_0176,4.35,39.0,84.0,19.7,South Indian,4.6,17,3,0,Evening
ORD_00272,CUST_0210,REST_010,2026-05-25 09:41:40,195.84,6,Cloudy,Medium,Delivered,27.0,DEL_00272,DRV_0182,4.26,27.0,51.6,18.89,Healthy,4.9,9,0,0,Morning
ORD_00273,CUST_0656,REST_051,2026-06-28 17:50:53,449.01,6,Clear,Medium,Delivered,19.0,DEL_00273,DRV_0036,5.68,19.0,55.9,77.61,Healthy,3.6,17,6,1,Evening
ORD_00274,CUST_0392,REST_019,2026-05-26 11:45:25,291.05,4,Clear,High,Delivered,23.0,DEL_00274,DRV_0445,2.58,23.0,62.8,47.34,Indian,4.4,11,1,0,Morning
ORD_00275,CUST_0857,REST_051,2026-06-04 18:26:58,137.11,3,Clear,Medium,Delivered,21.0,DEL_00275,DRV_0055,1.1,21.0,42.1,28.12,Healthy,3.6,18,3,0,Evening
ORD_00276,CUST_0096,REST_092,2026-04-24 13:57:08,100.0,6,Rain,Medium,Delivered,21.0,DEL_00276,DRV_0270,5.11,21.0,63.8,20.06,Indian,4.1,13,4,0,Afternoon
ORD_00277,CUST_0894,REST_087,2026-06-12 01:43:21,100.0,5,Cloudy,High,Delivered,8.0,DEL_00277,DRV_0002,1.29,8.0,42.5,21.75,Healthy,4.0,1,4,0,Night
ORD_00278,CUST_0858,REST_068,2026-04-28 19:06:24,373.85,1,Cloudy,High,Delivered,26.0,DEL_00278,DRV_0256,3.9,26.0,73.7,26.39,Indian,4.5,19,1,0,Evening
ORD_00279,CUST_0756,REST_084,2026-05-19 08:20:18,107.2,2,Clear,Medium,Delivered,24.0,DEL_00279,DRV_0002,2.73,24.0,48.2,20.58,North Indian,3.3,8,1,0,Morning
ORD_00280,CUST_0086,REST_083,2026-06-08 06:41:22,151.56,6,Rain,Low,Delivered,16.0,DEL_00280,DRV_0061,3.28,16.0,42.0,29.29,Pizza,4.8,6,0,0,Morning
ORD_00281,CUST_0415,REST_042,2026-04-08 01:04:00,374.9,6,Cloudy,High,Delivered,32.0,DEL_00281,DRV_0363,3.48,32.0,79.2,21.65,Healthy,5.0,1,2,0,Night
ORD_00282,CUST_0394,REST_091,2026-06-30 13:14:04,100.0,2,Heavy Rain,Low,Delivered,10.0,DEL_00282,DRV_0107,5.82,10.0,66.7,20.04,Cafe,4.6,13,1,0,Afternoon
ORD_00283,CUST_0696,REST_057,2026-05-01 14:19:02,411.89,6,Cloudy,High,Delivered,22.0,DEL_00283,DRV_0134,2.92,22.0,71.9,50.78,Desserts,4.7,14,4,0,Afternoon
ORD_00284,CUST_0633,REST_098,2026-02-07 21:31:12,157.67,5,Clear,Low,Delivered,21.0,DEL_00284,DRV_0409,4.52,21.0,54.7,25.84,Biryani,4.7,21,5,1,Evening
ORD_00285,CUST_0844,REST_068,2026-01-24 08:40:22,100.0,3,Clear,High,Delivered,28.0,DEL_00285,DRV_0451,1.86,28.0,60.2,14.18,Indian,4.5,8,5,1,Morning
ORD_00286,CUST_0501,REST_038,2026-05-02 19:08:35,158.22,6,Clear,Medium,Delivered,30.0,DEL_00286,DRV_0023,2.25,30.0,59.9,25.63,Indian,3.7,19,5,1,Evening
ORD_00287,CUST_0604,REST_062,2026-01-21 08:39:04,121.82,2,Cloudy,High,Delivered,21.0,DEL_00287,DRV_0073,6.06,21.0,75.9,29.99,Fast Food,3.5,8,2,0,Morning
ORD_00288,CUST_0582,REST_007,2026-01-10 11:27:18,231.01,6,Cloudy,Medium,Delivered,19.0,DEL_00288,DRV_0351,2.94,19.0,46.0,32.07,Healthy,3.9,11,5,1,Morning
ORD_00289,CUST_0916,REST_071,2026-06-20 08:58:46,126.92,4,Clear,High,Delivered,23.0,DEL_00289,DRV_0028,1.98,23.0,61.2,26.59,Healthy,4.9,8,5,1,Morning
ORD_00290,CUST_0133,REST_050,2026-03-12 20:10:32,100.0,5,Clear,Low,Delivered,21.0,DEL_00290,DRV_0025,4.52,21.0,57.4,20.41,Desserts,4.0,20,3,0,Evening
ORD_00291,CUST_0791,REST_052,2026-05-26 11:41:45,160.56,5,Clear,Low,Delivered,30.0,DEL_00291,DRV_0355,3.98,30.0,49.2,34.53,Healthy,4.6,11,1,0,Morning
ORD_00292,CUST_0649,REST_026,2026-05-10 22:49:41,100.0,3,Rain,Low,Delivered,36.0,DEL_00292,DRV_0065,9.58,36.0,89.3,12.65,Fast Food,3.0,22,6,1,Night
ORD_00293,CUST_0314,REST_026,2026-05-07 16:51:33,202.83,4,Clear,High,Delivered,41.0,DEL_00293,DRV_0194,5.52,41.0,85.3,19.8,Fast Food,3.0,16,3,0,Afternoon
ORD_00294,CUST_0699,REST_019,2026-05-23 00:33:52,100.0,4,Clear,Medium,Delivered,25.0,DEL_00294,DRV_0207,2.01,25.0,50.2,16.63,Indian,4.4,0,5,1,Night
ORD_00295,CUST_0221,REST_009,2026-01-28 15:46:20,138.6,3,Clear,Medium,Delivered,21.0,DEL_00295,DRV_0299,1.17,21.0,39.9,18.28,Biryani,4.6,15,2,0,Afternoon
ORD_00296,CUST_0976,REST_061,2026-05-10 04:21:31,200.42,1,Clear,Medium,Delivered,40.0,DEL_00296,DRV_0040,3.99,40.0,64.8,35.7,Healthy,4.4,4,6,1,Night
ORD_00297,CUST_0438,REST_020,2026-01-23 06:53:55,161.28,6,Cloudy,High,Delivered,15.0,DEL_00297,DRV_0464,7.17,15.0,72.4,19.07,Desserts,3.4,6,4,0,Morning
ORD_00298,CUST_0046,REST_050,2026-01-23 22:06:53,208.04,4,Rain,Medium,Delivered,29.0,DEL_00298,DRV_0023,3.96,29.0,62.5,21.74,Desserts,4.0,22,4,0,Night
ORD_00299,CUST_0790,REST_080,2026-05-31 12:57:43,263.53,1,Clear,Medium,Delivered,30.0,DEL_00299,DRV_0177,4.07,30.0,73.2,52.99,South Indian,5.0,12,6,1,Afternoon
ORD_00300,CUST_0192,REST_081,2026-02-19 13:48:47,100.0,1,Cloudy,Medium,Delivered,23.0,DEL_00300,DRV_0483,1.52,23.0,62.8,23.97,Desserts,4.1,13,3,0,Afternoon
ORD_00301,CUST_0520,REST_022,2026-06-22 07:17:56,174.96,5,Clear,High,Delivered,24.0,DEL_00301,DRV_0264,2.66,24.0,60.7,26.5,Biryani,4.5,7,0,0,Morning
ORD_00302,CUST_0379,REST_013,2026-03-14 13:37:34,100.0,6,Heavy Rain,Low,Delivered,13.0,DEL_00302,DRV_0128,0.9,13.0,56.1,24.36,Cafe,3.2,13,5,1,Afternoon
ORD_00303,CUST_0788,REST_012,2026-05-28 13:01:24,207.69,5,Clear,Low,Delivered,21.0,DEL_00303,DRV_0263,5.63,21.0,65.0,33.34,South Indian,4.6,13,3,0,Afternoon
ORD_00304,CUST_0691,REST_010,2026-04-20 16:58:20,153.63,2,Clear,Low,Delivered,28.0,DEL_00304,DRV_0277,4.95,28.0,50.9,25.24,Healthy,4.9,16,0,0,Afternoon
ORD_00305,CUST_0334,REST_065,2026-02-05 22:21:30,105.54,5,Cloudy,Medium,Delivered,22.0,DEL_00305,DRV_0035,4.27,22.0,59.9,16.85,South Indian,4.7,22,3,0,Night
ORD_00306,CUST_0039,REST_096,2026-05-29 14:15:35,215.65,4,Clear,Medium,Delivered,25.0,DEL_00306,DRV_0487,2.23,25.0,50.5,28.45,Biryani,3.3,14,4,0,Afternoon
ORD_00307,CUST_0293,REST_030,2026-05-08 14:31:03,345.5,4,Clear,Medium,Delivered,21.0,DEL_00307,DRV_0101,1.81,21.0,53.0,59.61,South Indian,4.1,14,4,0,Afternoon
ORD_00309,CUST_0162,REST_021,2026-03-18 21:55:40,107.81,1,Cloudy,Medium,Delivered,21.0,DEL_00309,DRV_0229,4.83,21.0,66.6,19.2,Fast Food,3.7,21,2,0,Evening
ORD_00310,CUST_0331,REST_022,2026-04-28 22:30:28,198.49,4,Clear,High,Delivered,19.0,DEL_00310,DRV_0099,6.48,19.0,61.9,34.32,Biryani,4.5,22,1,0,Night
ORD_00311,CUST_0886,REST_018,2026-02-18 02:10:35,100.0,5,Cloudy,Medium,Delivered,34.0,DEL_00311,DRV_0082,4.81,34.0,72.9,19.83,Pizza,3.6,2,2,0,Night
ORD_00312,CUST_0104,REST_066,2026-05-19 07:06:28,126.06,5,Cloudy,Low,Delivered,33.0,DEL_00312,DRV_0317,6.14,33.0,62.0,15.04,North Indian,3.5,7,1,0,Morning
ORD_00313,CUST_0161,REST_048,2026-04-07 17:01:27,355.07,6,Cloudy,Medium,Delivered,36.0,DEL_00313,DRV_0467,4.88,36.0,73.9,56.12,Chinese,4.0,17,1,0,Evening
ORD_00314,CUST_0799,REST_044,2026-02-22 08:24:48,187.58,5,Cloudy,High,Delivered,18.0,DEL_00314,DRV_0330,8.01,18.0,77.1,12.22,Biryani,4.1,8,6,1,Morning
ORD_00315,CUST_0635,REST_009,2026-02-13 10:33:26,100.0,3,Cloudy,Low,Delivered,26.0,DEL_00315,DRV_0196,3.13,26.0,37.1,20.43,Biryani,4.6,10,4,0,Morning
ORD_00316,CUST_0054,REST_067,2026-05-02 07:14:30,100.0,6,Clear,Medium,Delivered,10.0,DEL_00316,DRV_0414,4.84,10.0,42.9,8.38,North Indian,3.1,7,5,1,Morning
ORD_00317,CUST_0940,REST_054,2026-01-12 03:33:28,198.17,6,Clear,Low,Delivered,22.0,DEL_00317,DRV_0365,5.91,22.0,48.6,23.56,Healthy,4.2,3,0,0,Night
ORD_00318,CUST_0034,REST_026,2026-06-09 18:42:09,291.29,4,Clear,Medium,Delivered,39.0,DEL_00318,DRV_0481,4.18,39.0,65.8,22.69,Fast Food,3.0,18,1,0,Evening
ORD_00319,CUST_0242,REST_085,2026-06-15 09:34:54,100.0,6,Clear,Medium,Delivered,15.0,DEL_00319,DRV_0068,0.65,15.0,40.1,14.2,South Indian,3.4,9,0,0,Morning
ORD_00320,CUST_0967,REST_094,2026-01-14 03:26:23,232.14,2,Rain,High,Delivered,23.0,DEL_00320,DRV_0393,5.7,23.0,85.6,13.8,Cafe,4.6,3,2,0,Night
ORD_00321,CUST_0890,REST_092,2026-05-22 09:13:22,376.79,4,Clear,Medium,Delivered,27.0,DEL_00321,DRV_0273,2.63,27.0,49.0,37.58,Indian,4.1,9,4,0,Morning
ORD_00322,CUST_0113,REST_100,2026-04-16 16:16:51,512.0,4,Clear,Medium,Delivered,30.0,DEL_00322,DRV_0299,2.08,30.0,44.0,63.55,Pizza,3.9,16,3,0,Afternoon
ORD_00323,CUST_0318,REST_026,2026-06-20 11:03:12,217.49,3,Clear,High,Delivered,40.0,DEL_00323,DRV_0359,1.62,40.0,62.8,22.74,Fast Food,3.0,11,5,1,Morning
ORD_00324,CUST_0023,REST_034,2026-06-29 04:22:54,239.55,4,Clear,Medium,Delivered,12.0,DEL_00324,DRV_0344,6.6,12.0,56.4,20.57,Desserts,4.0,4,0,0,Night
ORD_00325,CUST_0558,REST_008,2026-06-01 12:54:30,100.0,1,Cloudy,High,Delivered,25.0,DEL_00325,DRV_0441,4.35,25.0,77.9,33.25,Desserts,4.5,12,0,0,Afternoon
ORD_00326,CUST_0824,REST_010,2026-03-01 03:21:01,575.28,5,Clear,Medium,Delivered,32.0,DEL_00326,DRV_0359,1.74,32.0,42.7,84.6,Healthy,4.9,3,6,1,Night
ORD_00327,CUST_0647,REST_048,2026-01-13 05:48:41,132.09,5,Cloudy,High,Delivered,36.0,DEL_00327,DRV_0141,1.94,36.0,65.0,24.99,Chinese,4.0,5,1,0,Night
ORD_00328,CUST_0118,REST_055,2026-06-14 20:45:54,108.48,6,Clear,High,Delivered,44.0,DEL_00328,DRV_0185,4.04,44.0,95.9,18.51,North Indian,4.2,20,6,1,Evening
ORD_00329,CUST_0985,REST_054,2026-04-08 07:13:54,157.53,3,Rain,High,Delivered,23.0,DEL_00329,DRV_0154,1.75,23.0,62.9,13.29,Healthy,4.2,7,2,0,Morning
ORD_00330,CUST_0701,REST_078,2026-05-17 13:34:42,416.31,5,Heavy Rain,Low,Delivered,40.0,DEL_00330,DRV_0189,4.38,40.0,84.8,16.72,Biryani,3.9,13,6,1,Afternoon
ORD_00331,CUST_0643,REST_040,2026-05-08 17:02:47,610.59,1,Cloudy,Medium,Delivered,26.0,DEL_00331,DRV_0062,7.35,26.0,69.3,34.46,Desserts,4.1,17,4,0,Evening
ORD_00332,CUST_0934,REST_015,2026-04-20 23:05:44,194.22,3,Rain,Medium,Delivered,34.0,DEL_00332,DRV_0019,8.21,34.0,83.7,31.82,Healthy,4.6,23,0,0,Night
ORD_00333,CUST_0212,REST_081,2026-06-20 13:43:37,313.86,2,Cloudy,Medium,Delivered,28.0,DEL_00333,DRV_0081,6.62,28.0,82.6,42.42,Desserts,4.1,13,5,1,Afternoon
ORD_00334,CUST_0418,REST_018,2026-03-14 18:55:56,185.63,5,Rain,Medium,Delivered,32.0,DEL_00334,DRV_0498,9.98,32.0,92.2,36.95,Pizza,3.6,18,5,1,Evening
ORD_00335,CUST_0113,REST_096,2026-05-17 08:14:37,102.43,4,Rain,Low,Delivered,27.0,DEL_00335,DRV_0030,4.56,27.0,61.7,16.46,Biryani,3.3,8,6,1,Morning
ORD_00336,CUST_0044,REST_023,2026-05-23 03:46:57,408.38,1,Heavy Rain,Low,Delivered,39.0,DEL_00336,DRV_0127,12.99,39.0,110.9,64.62,South Indian,4.6,3,5,1,Night
ORD_00339,CUST_0158,REST_087,2026-04-14 23:42:17,370.26,6,Cloudy,High,Delivered,12.0,DEL_00339,DRV_0177,3.09,12.0,50.0,45.51,Healthy,4.0,23,1,0,Night
ORD_00340,CUST_0785,REST_099,2026-01-01 14:21:52,254.1,2,Clear,Low,Delivered,31.0,DEL_00340,DRV_0338,3.3,31.0,57.8,21.0,Healthy,3.7,14,3,0,Afternoon
ORD_00341,CUST_0827,REST_039,2026-05-31 18:58:37,495.68,4,Clear,High,Delivered,29.0,DEL_00341,DRV_0121,1.0,29.0,61.9,64.07,Desserts,4.2,18,6,1,Evening
ORD_00342,CUST_0394,REST_015,2026-01-12 06:54:48,618.81,2,Rain,Low,Delivered,34.0,DEL_00342,DRV_0469,3.12,34.0,57.7,58.15,Healthy,4.6,6,0,0,Morning
ORD_00343,CUST_0867,REST_053,2026-05-22 01:45:09,164.62,2,Clear,Medium,Delivered,18.0,DEL_00343,DRV_0372,1.35,18.0,36.7,32.14,Desserts,5.0,1,4,0,Night
ORD_00344,CUST_0852,REST_088,2026-02-22 08:52:13,116.18,5,Cloudy,Low,Delivered,39.0,DEL_00344,DRV_0482,7.07,39.0,73.5,11.85,Cafe,3.8,8,6,1,Morning
ORD_00345,CUST_0512,REST_064,2026-02-19 21:06:22,100.0,4,Clear,High,Delivered,9.0,DEL_00345,DRV_0179,1.17,9.0,44.1,22.8,Biryani,5.0,21,3,0,Evening
ORD_00347,CUST_0045,REST_092,2026-04-04 00:52:21,142.33,5,Rain,Medium,Delivered,18.0,DEL_00347,DRV_0009,3.06,18.0,61.1,10.35,Indian,4.1,0,5,1,Night
ORD_00348,CUST_0108,REST_080,2026-01-27 04:25:53,338.41,6,Rain,Medium,Delivered,26.0,DEL_00348,DRV_0222,6.99,26.0,70.7,56.31,South Indian,5.0,4,1,0,Night
ORD_00349,CUST_0219,REST_016,2026-05-11 17:58:24,120.58,1,Cloudy,Low,Delivered,23.0,DEL_00349,DRV_0285,3.35,23.0,46.1,17.5,Indian,3.7,17,0,0,Evening
ORD_00350,CUST_0443,REST_070,2026-02-13 15:48:13,422.44,6,Clear,Medium,Delivered,13.0,DEL_00350,DRV_0349,5.77,13.0,51.4,38.77,Desserts,4.2,15,4,0,Afternoon
ORD_00351,CUST_0830,REST_066,2026-01-09 11:59:51,123.34,6,Clear,Medium,Delivered,31.0,DEL_00351,DRV_0110,5.53,31.0,64.7,23.75,North Indian,3.5,11,4,0,Morning
ORD_00352,CUST_0315,REST_013,2026-06-25 04:40:34,100.0,5,Clear,Low,Delivered,15.0,DEL_00352,DRV_0467,2.99,15.0,33.6,20.45,Cafe,3.2,4,3,0,Night
ORD_00353,CUST_0177,REST_047,2026-01-16 04:39:44,161.63,6,Clear,High,Delivered,27.0,DEL_00353,DRV_0136,4.86,27.0,72.6,22.01,Desserts,4.4,4,4,0,Night
ORD_00354,CUST_0228,REST_009,2026-02-25 17:16:46,135.3,6,Clear,Medium,Delivered,24.0,DEL_00354,DRV_0108,5.92,24.0,55.4,16.51,Biryani,4.6,17,2,0,Evening
ORD_00355,CUST_0703,REST_063,2026-02-08 12:32:47,251.63,3,Cloudy,Low,Delivered,16.0,DEL_00355,DRV_0337,7.01,16.0,67.3,40.97,Biryani,4.7,12,6,1,Afternoon
ORD_00356,CUST_0983,REST_034,2026-06-21 06:28:23,176.22,4,Clear,Low,Delivered,17.0,DEL_00356,DRV_0204,0.78,17.0,27.1,18.65,Desserts,4.0,6,6,1,Morning
ORD_00357,CUST_0672,REST_081,2026-03-30 08:03:07,256.02,1,Cloudy,Low,Delivered,28.0,DEL_00357,DRV_0015,1.32,28.0,31.9,35.23,Desserts,4.1,8,0,0,Morning
ORD_00359,CUST_0267,REST_029,2026-06-04 01:43:03,125.74,1,Clear,Medium,Delivered,27.0,DEL_00359,DRV_0162,2.94,27.0,51.9,24.59,Pizza,3.9,1,3,0,Night
ORD_00360,CUST_0870,REST_037,2026-06-20 00:50:24,131.5,3,Clear,Low,Delivered,17.0,DEL_00360,DRV_0436,4.32,17.0,36.5,36.03,Chinese,3.8,0,5,1,Night
ORD_00361,CUST_0838,REST_043,2026-05-07 23:55:04,558.2,5,Heavy Rain,Medium,Delivered,21.0,DEL_00361,DRV_0434,0.9,21.0,54.2,93.93,Fast Food,3.7,23,3,0,Night
ORD_00363,CUST_0489,REST_064,2026-01-04 17:11:04,100.0,1,Clear,Medium,Delivered,16.0,DEL_00363,DRV_0261,1.95,16.0,35.2,15.13,Biryani,5.0,17,6,1,Evening
ORD_00364,CUST_0702,REST_024,2026-03-24 04:01:15,136.17,1,Cloudy,High,Delivered,36.0,DEL_00364,DRV_0354,4.97,36.0,79.9,22.43,Cafe,4.3,4,1,0,Night
ORD_00365,CUST_0687,REST_071,2026-05-31 08:44:12,191.19,3,Rain,Low,Delivered,24.0,DEL_00365,DRV_0009,2.29,24.0,37.9,30.41,Healthy,4.9,8,6,1,Morning
ORD_00366,CUST_0290,REST_034,2026-02-01 01:56:40,500.18,4,Rain,Medium,Delivered,20.0,DEL_00366,DRV_0216,8.35,20.0,69.6,71.33,Desserts,4.0,1,6,1,Night
ORD_00367,CUST_0996,REST_048,2026-01-02 10:09:54,319.19,3,Cloudy,Medium,Delivered,35.0,DEL_00367,DRV_0261,7.06,35.0,72.2,39.75,Chinese,4.0,10,4,0,Morning
ORD_00368,CUST_0357,REST_012,2026-04-07 09:41:55,109.19,1,Clear,Low,Delivered,21.0,DEL_00368,DRV_0411,7.61,21.0,57.6,28.36,South Indian,4.6,9,1,0,Morning
ORD_00369,CUST_0657,REST_023,2026-04-23 15:19:16,685.46,6,Cloudy,Low,Delivered,36.0,DEL_00369,DRV_0113,5.62,36.0,66.5,28.64,South Indian,4.6,15,3,0,Afternoon
ORD_00371,CUST_0872,REST_097,2026-02-26 23:59:20,359.78,6,Cloudy,High,Delivered,10.0,DEL_00371,DRV_0340,2.85,10.0,45.7,25.56,Cafe,4.7,23,3,0,Night
ORD_00372,CUST_0950,REST_013,2026-01-22 18:54:20,100.0,5,Rain,High,Delivered,16.0,DEL_00372,DRV_0047,8.83,16.0,84.8,20.06,Cafe,3.2,18,3,0,Evening
ORD_00373,CUST_0204,REST_087,2026-03-24 09:29:46,100.0,3,Clear,Medium,Delivered,8.0,DEL_00373,DRV_0318,3.75,8.0,40.0,19.5,Healthy,4.0,9,1,0,Morning
ORD_00374,CUST_0213,REST_096,2026-06-27 22:44:19,100.0,6,Clear,Medium,Delivered,31.0,DEL_00374,DRV_0301,2.02,31.0,47.4,3.38,Biryani,3.3,22,5,1,Night
ORD_00375,CUST_0552,REST_045,2026-04-24 06:23:09,100.0,3,Rain,Medium,Delivered,42.0,DEL_00375,DRV_0489,3.74,42.0,83.7,24.61,Pizza,4.2,6,4,0,Morning
ORD_00376,CUST_0787,REST_099,2026-04-08 09:55:57,579.2,2,Cloudy,Low,Delivered,31.0,DEL_00376,DRV_0322,3.25,31.0,51.7,38.76,Healthy,3.7,9,2,0,Morning
ORD_00377,CUST_0323,REST_065,2026-04-22 13:44:28,203.97,4,Clear,Low,Delivered,15.0,DEL_00377,DRV_0279,3.97,15.0,47.0,23.04,South Indian,4.7,13,2,0,Afternoon
ORD_00378,CUST_0594,REST_047,2026-03-25 16:36:32,109.01,2,Clear,Medium,Delivered,30.0,DEL_00378,DRV_0098,1.99,30.0,48.0,20.62,Desserts,4.4,16,2,0,Afternoon
ORD_00379,CUST_0181,REST_058,2026-01-29 03:47:13,232.51,6,Rain,Medium,Delivered,15.0,DEL_00379,DRV_0445,6.82,15.0,70.3,47.72,Fast Food,4.7,3,3,0,Night
ORD_00380,CUST_0499,REST_005,2026-01-05 09:02:27,201.17,2,Clear,Low,Delivered,32.0,DEL_00380,DRV_0093,2.36,32.0,47.8,34.18,Chinese,4.4,9,0,0,Morning
ORD_00381,CUST_0320,REST_077,2026-03-05 03:32:25,255.06,4,Clear,Low,Delivered,20.0,DEL_00381,DRV_0299,4.85,20.0,36.7,20.76,Fast Food,4.1,3,3,0,Night
ORD_00382,CUST_0083,REST_005,2026-04-29 06:41:10,352.57,6,Clear,Low,Delivered,38.0,DEL_00382,DRV_0252,5.49,38.0,58.9,31.24,Chinese,4.4,6,2,0,Morning
ORD_00383,CUST_0303,REST_060,2026-04-19 22:44:51,154.55,5,Rain,Medium,Delivered,22.0,DEL_00383,DRV_0163,5.35,22.0,62.8,34.6,Chinese,4.2,22,6,1,Night
ORD_00384,CUST_0262,REST_096,2026-03-07 08:59:59,111.73,5,Rain,Medium,Delivered,33.0,DEL_00384,DRV_0158,5.62,33.0,74.8,23.8,Biryani,3.3,8,5,1,Morning
ORD_00385,CUST_0784,REST_021,2026-01-07 15:43:09,285.8,4,Cloudy,Low,Delivered,20.0,DEL_00385,DRV_0067,1.96,20.0,40.0,36.36,Fast Food,3.7,15,2,0,Afternoon
ORD_00386,CUST_0200,REST_024,2026-04-17 18:39:11,281.82,4,Cloudy,Low,Delivered,33.0,DEL_00386,DRV_0138,6.17,33.0,58.7,34.28,Cafe,4.3,18,4,0,Evening
ORD_00387,CUST_0240,REST_018,2026-03-15 18:02:00,191.6,6,Clear,Low,Delivered,40.0,DEL_00387,DRV_0384,1.65,40.0,48.2,27.07,Pizza,3.6,18,6,1,Evening
ORD_00388,CUST_0914,REST_021,2026-01-30 00:50:48,600.44,3,Clear,Low,Delivered,23.0,DEL_00388,DRV_0312,1.21,23.0,41.7,100.52,Fast Food,3.7,0,4,0,Night
ORD_00389,CUST_0692,REST_054,2026-02-06 20:45:55,142.48,6,Rain,Medium,Delivered,24.0,DEL_00389,DRV_0290,4.19,24.0,72.1,30.67,Healthy,4.2,20,4,0,Evening
ORD_00390,CUST_0944,REST_010,2026-02-19 16:04:44,110.51,3,Clear,Low,Delivered,32.0,DEL_00390,DRV_0065,3.05,32.0,44.3,10.62,Healthy,4.9,16,3,0,Afternoon
ORD_00391,CUST_0683,REST_024,2026-01-08 06:23:58,228.14,3,Clear,Medium,Delivered,30.0,DEL_00391,DRV_0262,5.92,30.0,59.0,29.79,Cafe,4.3,6,3,0,Morning
ORD_00392,CUST_0295,REST_085,2026-05-25 04:46:47,125.06,3,Cloudy,Medium,Delivered,18.0,DEL_00392,DRV_0198,8.76,18.0,68.0,14.22,South Indian,3.4,4,0,0,Night
ORD_00395,CUST_0881,REST_057,2026-05-27 09:35:58,145.45,1,Cloudy,Low,Delivered,20.0,DEL_00395,DRV_0191,2.29,20.0,40.9,32.05,Desserts,4.7,9,2,0,Morning
ORD_00396,CUST_0396,REST_023,2026-06-21 03:29:42,512.84,5,Cloudy,Low,Delivered,35.0,DEL_00396,DRV_0449,2.19,35.0,49.9,26.17,South Indian,4.6,3,6,1,Night
ORD_00397,CUST_0749,REST_022,2026-04-29 17:40:16,145.03,1,Clear,High,Delivered,22.0,DEL_00397,DRV_0389,6.33,22.0,68.5,29.43,Biryani,4.5,17,2,0,Evening
ORD_00398,CUST_0138,REST_068,2026-03-06 11:54:26,116.82,1,Clear,High,Delivered,23.0,DEL_00398,DRV_0025,3.89,23.0,53.0,17.44,Indian,4.5,11,4,0,Morning
ORD_00399,CUST_0839,REST_034,2026-03-07 22:42:47,345.11,3,Cloudy,Low,Delivered,13.0,DEL_00399,DRV_0250,5.1,13.0,48.0,14.67,Desserts,4.0,22,5,1,Night
ORD_00400,CUST_0878,REST_070,2026-05-09 11:38:38,101.69,3,Heavy Rain,Medium,Delivered,15.0,DEL_00400,DRV_0027,1.72,15.0,50.1,11.17,Desserts,4.2,11,5,1,Morning
ORD_00401,CUST_0823,REST_028,2026-04-17 18:02:42,123.83,4,Clear,Low,Delivered,26.0,DEL_00401,DRV_0170,5.08,26.0,51.7,12.51,Indian,4.4,18,4,0,Evening
ORD_00402,CUST_0129,REST_095,2026-03-02 02:43:12,248.91,3,Heavy Rain,Low,Delivered,27.0,DEL_00402,DRV_0117,3.07,27.0,54.3,37.19,Pizza,3.7,2,0,0,Night
ORD_00403,CUST_0049,REST_099,2026-03-25 20:57:36,303.73,6,Cloudy,Medium,Delivered,25.0,DEL_00403,DRV_0380,10.48,25.0,90.9,21.6,Healthy,3.7,20,2,0,Evening
ORD_00404,CUST_0676,REST_039,2026-05-15 07:29:42,354.7,4,Rain,Low,Delivered,27.0,DEL_00404,DRV_0055,1.71,27.0,43.5,19.57,Desserts,4.2,7,4,0,Morning
ORD_00405,CUST_0789,REST_042,2026-01-31 12:30:23,120.18,4,Clear,Medium,Delivered,32.0,DEL_00405,DRV_0486,1.44,32.0,52.7,11.34,Healthy,5.0,12,5,1,Afternoon
ORD_00406,CUST_0293,REST_023,2026-04-24 05:14:08,251.59,1,Clear,Medium,Delivered,33.0,DEL_00406,DRV_0363,3.52,33.0,53.9,34.94,South Indian,4.6,5,4,0,Night
ORD_00407,CUST_0628,REST_070,2026-04-13 06:43:59,140.28,3,Clear,Medium,Delivered,16.0,DEL_00407,DRV_0026,3.34,16.0,44.1,30.98,Desserts,4.2,6,0,0,Morning
ORD_00408,CUST_0536,REST_080,2026-04-28 02:23:17,129.92,1,Clear,High,Delivered,33.0,DEL_00408,DRV_0272,8.52,33.0,90.0,15.92,South Indian,5.0,2,1,0,Night
ORD_00409,CUST_0311,REST_002,2026-04-12 17:05:33,351.34,3,Heavy Rain,High,Delivered,33.0,DEL_00409,DRV_0500,2.87,33.0,77.5,56.69,North Indian,4.2,17,6,1,Evening
ORD_00410,CUST_0537,REST_024,2026-03-05 10:49:25,133.99,1,Clear,High,Delivered,29.0,DEL_00410,DRV_0365,12.68,29.0,95.9,29.1,Cafe,4.3,10,3,0,Morning
ORD_00411,CUST_0903,REST_017,2026-05-06 02:07:41,211.24,1,Cloudy,Medium,Delivered,15.0,DEL_00411,DRV_0108,3.79,15.0,46.4,18.88,Pizza,4.5,2,2,0,Night
ORD_00412,CUST_0639,REST_065,2026-06-29 02:05:55,197.47,1,Clear,Low,Delivered,20.0,DEL_00412,DRV_0498,2.2,20.0,38.7,25.4,South Indian,4.7,2,0,0,Night
ORD_00413,CUST_0234,REST_070,2026-04-23 06:36:06,100.59,6,Cloudy,Medium,Delivered,17.0,DEL_00413,DRV_0090,3.02,17.0,42.0,15.38,Desserts,4.2,6,3,0,Morning
ORD_00415,CUST_0605,REST_060,2026-06-06 02:49:15,246.7,1,Clear,Medium,Delivered,21.0,DEL_00415,DRV_0357,5.45,21.0,53.3,24.27,Chinese,4.2,2,5,1,Night
ORD_00416,CUST_0094,REST_050,2026-04-08 06:21:12,100.0,2,Clear,High,Delivered,29.0,DEL_00416,DRV_0412,9.85,29.0,96.2,15.8,Desserts,4.0,6,2,0,Morning
ORD_00417,CUST_0327,REST_093,2026-03-04 13:24:27,211.15,2,Rain,Low,Delivered,25.0,DEL_00417,DRV_0476,1.34,25.0,50.8,20.34,Indian,3.8,13,2,0,Afternoon
ORD_00418,CUST_0225,REST_012,2026-02-14 01:25:08,118.49,2,Clear,Low,Delivered,15.0,DEL_00418,DRV_0414,3.07,15.0,37.6,30.51,South Indian,4.6,1,5,1,Night
ORD_00420,CUST_0890,REST_067,2026-06-08 06:49:06,100.0,4,Clear,Medium,Delivered,14.0,DEL_00420,DRV_0122,2.46,14.0,46.7,27.47,North Indian,3.1,6,0,0,Morning
ORD_00421,CUST_0792,REST_065,2026-04-15 17:27:18,149.0,1,Heavy Rain,High,Delivered,16.0,DEL_00421,DRV_0461,7.84,16.0,80.4,7.23,South Indian,4.7,17,2,0,Evening
ORD_00422,CUST_0011,REST_027,2026-04-18 23:08:35,221.21,2,Cloudy,Medium,Delivered,32.0,DEL_00422,DRV_0345,0.55,32.0,41.8,38.96,South Indian,4.0,23,5,1,Night
ORD_00423,CUST_0329,REST_048,2026-06-18 17:02:43,186.77,6,Cloudy,High,Delivered,32.0,DEL_00423,DRV_0429,2.42,32.0,72.1,35.73,Chinese,4.0,17,3,0,Evening
ORD_00424,CUST_0012,REST_088,2026-02-27 22:23:24,275.79,4,Cloudy,Medium,Delivered,29.0,DEL_00424,DRV_0243,5.4,29.0,70.8,53.12,Cafe,3.8,22,4,0,Night
ORD_00425,CUST_0035,REST_062,2026-01-17 01:32:59,100.0,2,Clear,Medium,Delivered,23.0,DEL_00425,DRV_0403,5.5,23.0,55.3,10.06,Fast Food,3.5,1,5,1,Night
ORD_00426,CUST_0447,REST_044,2026-04-15 10:58:08,449.69,3,Cloudy,High,Delivered,26.0,DEL_00426,DRV_0269,4.94,26.0,55.4,27.96,Biryani,4.1,10,2,0,Morning
ORD_00427,CUST_0452,REST_019,2026-01-17 06:54:56,241.97,5,Clear,Low,Delivered,21.0,DEL_00427,DRV_0252,5.31,21.0,48.4,46.63,Indian,4.4,6,5,1,Morning
ORD_00428,CUST_0740,REST_059,2026-02-01 13:28:41,382.93,1,Clear,High,Delivered,40.0,DEL_00428,DRV_0075,7.74,40.0,93.4,61.6,Pizza,4.0,13,6,1,Afternoon
ORD_00429,CUST_0220,REST_008,2026-04-22 02:45:02,293.19,5,Cloudy,Low,Delivered,24.0,DEL_00429,DRV_0112,3.9,24.0,43.7,33.03,Desserts,4.5,2,2,0,Night
ORD_00430,CUST_0441,REST_055,2026-03-05 00:28:49,180.12,5,Cloudy,Low,Delivered,43.0,DEL_00430,DRV_0151,9.63,43.0,86.8,26.45,North Indian,4.2,0,3,0,Night
ORD_00431,CUST_0653,REST_047,2026-04-13 12:51:19,100.0,3,Clear,Medium,Delivered,32.0,DEL_00431,DRV_0270,4.22,32.0,72.1,12.6,Desserts,4.4,12,0,0,Afternoon
ORD_00432,CUST_0535,REST_002,2026-06-19 23:17:41,132.96,3,Clear,High,Delivered,41.0,DEL_00432,DRV_0458,3.92,41.0,84.4,15.78,North Indian,4.2,23,4,0,Night
ORD_00434,CUST_0229,REST_094,2026-06-26 22:37:13,388.38,4,Cloudy,Medium,Delivered,23.0,DEL_00434,DRV_0360,8.56,23.0,68.8,12.73,Cafe,4.6,22,4,0,Night
ORD_00435,CUST_0935,REST_039,2026-06-21 16:22:49,128.92,2,Clear,High,Delivered,25.0,DEL_00435,DRV_0255,1.25,25.0,57.6,22.5,Desserts,4.2,16,6,1,Afternoon
ORD_00436,CUST_0344,REST_045,2026-04-01 11:16:24,100.0,1,Clear,Low,Delivered,41.0,DEL_00436,DRV_0407,7.24,41.0,73.6,12.7,Pizza,4.2,11,2,0,Morning
ORD_00438,CUST_0353,REST_065,2026-01-06 06:47:15,154.74,6,Rain,Medium,Delivered,16.0,DEL_00438,DRV_0250,9.44,16.0,76.7,18.98,South Indian,4.7,6,1,0,Morning
ORD_00439,CUST_0396,REST_038,2026-04-01 16:50:06,158.0,1,Heavy Rain,Low,Delivered,36.0,DEL_00439,DRV_0320,0.95,36.0,55.7,23.95,Indian,3.7,16,2,0,Afternoon
ORD_00440,CUST_0290,REST_077,2026-03-20 21:34:34,242.43,1,Clear,Medium,Delivered,13.0,DEL_00440,DRV_0246,10.81,13.0,85.1,46.34,Fast Food,4.1,21,4,0,Evening
ORD_00441,CUST_0455,REST_011,2026-01-07 05:32:39,293.51,1,Clear,Low,Delivered,16.0,DEL_00441,DRV_0213,3.01,16.0,43.3,40.35,Pizza,4.9,5,2,0,Night
ORD_00442,CUST_0843,REST_010,2026-04-06 01:06:21,312.52,3,Clear,Low,Delivered,27.0,DEL_00442,DRV_0443,2.56,27.0,38.2,27.68,Healthy,4.9,1,0,0,Night
ORD_00443,CUST_0671,REST_059,2026-05-06 16:09:04,231.63,3,Cloudy,Low,Delivered,39.0,DEL_00443,DRV_0276,1.75,39.0,53.3,20.2,Pizza,4.0,16,2,0,Afternoon
ORD_00444,CUST_0989,REST_090,2026-06-01 17:28:38,100.0,2,Clear,Low,Delivered,36.0,DEL_00444,DRV_0416,3.58,36.0,45.5,19.95,North Indian,4.2,17,0,0,Evening
ORD_00445,CUST_0128,REST_055,2026-02-07 03:08:56,150.26,3,Clear,Medium,Delivered,40.0,DEL_00445,DRV_0334,4.83,40.0,64.0,27.73,North Indian,4.2,3,5,1,Night
ORD_00446,CUST_0702,REST_020,2026-06-26 22:00:23,643.71,3,Clear,Medium,Delivered,25.0,DEL_00446,DRV_0280,5.6,25.0,63.2,80.56,Desserts,3.4,22,4,0,Night
ORD_00447,CUST_0909,REST_081,2026-05-02 14:01:58,222.7,1,Cloudy,Medium,Delivered,28.0,DEL_00447,DRV_0046,2.79,28.0,64.2,20.28,Desserts,4.1,14,5,1,Afternoon
ORD_00448,CUST_0543,REST_017,2026-04-05 09:59:11,221.92,2,Clear,Medium,Delivered,16.0,DEL_00448,DRV_0018,2.49,16.0,35.2,20.88,Pizza,4.5,9,6,1,Morning
ORD_00449,CUST_0898,REST_068,2026-06-20 22:16:18,220.9,5,Cloudy,High,Delivered,23.0,DEL_00449,DRV_0367,11.33,23.0,94.8,33.78,Indian,4.5,22,5,1,Night
ORD_00450,CUST_0359,REST_005,2026-02-26 17:53:05,227.8,3,Rain,Low,Delivered,31.0,DEL_00450,DRV_0246,4.92,31.0,66.9,31.01,Chinese,4.4,17,3,0,Evening
ORD_00451,CUST_0527,REST_060,2026-03-20 20:26:54,100.0,6,Cloudy,Medium,Delivered,24.0,DEL_00451,DRV_0350,5.69,24.0,65.7,22.39,Chinese,4.2,20,4,0,Evening
ORD_00453,CUST_0075,REST_046,2026-05-29 09:40:51,177.53,5,Heavy Rain,Medium,Delivered,15.0,DEL_00453,DRV_0176,5.3,15.0,69.1,21.33,North Indian,3.7,9,4,0,Morning
ORD_00454,CUST_0546,REST_052,2026-02-28 14:42:59,366.8,1,Clear,Medium,Delivered,29.0,DEL_00454,DRV_0398,2.69,29.0,64.9,38.96,Healthy,4.6,14,5,1,Afternoon
ORD_00455,CUST_0871,REST_010,2026-03-10 02:07:23,186.09,2,Clear,High,Delivered,30.0,DEL_00455,DRV_0234,1.73,30.0,58.9,28.75,Healthy,4.9,2,1,0,Night
ORD_00456,CUST_0196,REST_046,2026-05-18 05:37:42,100.0,1,Heavy Rain,High,Delivered,23.0,DEL_00456,DRV_0438,6.28,23.0,95.3,19.58,North Indian,3.7,5,0,0,Night
ORD_00457,CUST_0843,REST_028,2026-05-28 01:18:35,229.65,4,Clear,Medium,Delivered,22.0,DEL_00457,DRV_0149,5.85,22.0,63.8,37.57,Indian,4.4,1,3,0,Night
ORD_00458,CUST_0029,REST_097,2026-06-18 15:42:59,116.5,3,Cloudy,Low,Delivered,15.0,DEL_00458,DRV_0098,5.49,15.0,45.1,18.48,Cafe,4.7,15,3,0,Afternoon
ORD_00459,CUST_0706,REST_043,2026-01-12 08:50:07,100.0,6,Clear,Low,Delivered,18.0,DEL_00459,DRV_0005,4.27,18.0,45.3,16.23,Fast Food,3.7,8,0,0,Morning
ORD_00460,CUST_0016,REST_026,2026-04-25 00:41:45,114.57,4,Cloudy,High,Delivered,40.0,DEL_00460,DRV_0384,4.12,40.0,75.8,26.3,Fast Food,3.0,0,5,1,Night
ORD_00461,CUST_0423,REST_055,2026-05-21 08:53:25,244.3,3,Cloudy,Medium,Delivered,37.0,DEL_00461,DRV_0159,1.86,37.0,56.6,21.21,North Indian,4.2,8,3,0,Morning
ORD_00462,CUST_0589,REST_048,2026-06-18 04:02:00,362.24,4,Clear,High,Delivered,37.0,DEL_00462,DRV_0451,0.84,37.0,68.3,47.73,Chinese,4.0,4,3,0,Night
ORD_00463,CUST_0805,REST_029,2026-06-01 09:32:13,236.42,5,Cloudy,Medium,Delivered,26.0,DEL_00463,DRV_0087,7.51,26.0,73.8,40.07,Pizza,3.9,9,0,0,Morning
ORD_00464,CUST_0593,REST_027,2026-06-12 07:40:37,256.62,3,Rain,High,Delivered,28.0,DEL_00464,DRV_0231,10.27,28.0,102.8,50.43,South Indian,4.0,7,4,0,Morning
ORD_00465,CUST_0405,REST_018,2026-02-08 10:37:33,235.14,6,Clear,High,Delivered,39.0,DEL_00465,DRV_0120,5.98,39.0,89.0,13.84,Pizza,3.6,10,6,1,Morning
ORD_00466,CUST_0940,REST_060,2026-06-29 23:01:54,191.66,3,Clear,Medium,Delivered,24.0,DEL_00466,DRV_0443,1.59,24.0,46.3,29.53,Chinese,4.2,23,0,0,Night
ORD_00467,CUST_0636,REST_074,2026-02-28 19:28:48,265.95,4,Clear,Low,Delivered,7.0,DEL_00467,DRV_0172,4.2,7.0,38.3,45.02,Indian,4.2,19,5,1,Evening
ORD_00468,CUST_0531,REST_069,2026-03-24 23:31:54,100.0,2,Rain,Medium,Delivered,24.0,DEL_00468,DRV_0064,2.28,24.0,62.6,26.65,Chinese,3.7,23,1,0,Night
ORD_00470,CUST_0614,REST_021,2026-01-10 00:21:13,102.03,3,Rain,High,Delivered,21.0,DEL_00470,DRV_0170,1.88,21.0,63.3,14.17,Fast Food,3.7,0,5,1,Night
ORD_00471,CUST_0904,REST_024,2026-06-30 21:37:00,343.64,3,Clear,Low,Delivered,30.0,DEL_00471,DRV_0235,4.54,30.0,62.4,18.21,Cafe,4.3,21,1,0,Evening
ORD_00472,CUST_0077,REST_003,2026-01-06 09:35:48,167.18,2,Clear,Medium,Delivered,12.0,DEL_00472,DRV_0478,7.0,12.0,61.2,26.86,South Indian,4.4,9,1,0,Morning
ORD_00473,CUST_0229,REST_095,2026-05-06 05:45:03,184.38,1,Clear,High,Delivered,25.0,DEL_00473,DRV_0121,5.43,25.0,79.3,30.3,Pizza,3.7,5,2,0,Night
ORD_00474,CUST_0962,REST_062,2026-02-22 07:10:33,100.0,2,Clear,Medium,Delivered,23.0,DEL_00474,DRV_0497,3.08,23.0,46.8,10.14,Fast Food,3.5,7,6,1,Morning
ORD_00475,CUST_0297,REST_002,2026-05-19 22:57:45,317.11,1,Cloudy,High,Delivered,34.0,DEL_00475,DRV_0100,4.81,34.0,82.8,57.62,North Indian,4.2,22,1,0,Night
ORD_00476,CUST_0510,REST_066,2026-05-05 21:04:02,255.96,6,Heavy Rain,High,Delivered,24.0,DEL_00476,DRV_0422,1.14,24.0,76.9,23.11,North Indian,3.5,21,1,0,Evening
ORD_00477,CUST_0715,REST_042,2026-03-12 00:27:35,246.24,3,Clear,High,Delivered,29.0,DEL_00477,DRV_0135,6.81,29.0,68.4,13.88,Healthy,5.0,0,3,0,Night
ORD_00478,CUST_0984,REST_034,2026-01-31 01:07:37,115.91,5,Heavy Rain,Low,Delivered,17.0,DEL_00478,DRV_0315,6.09,17.0,55.9,16.8,Desserts,4.0,1,5,1,Night
ORD_00479,CUST_0966,REST_042,2026-05-16 22:43:26,118.45,5,Clear,Low,Delivered,29.0,DEL_00479,DRV_0069,5.35,29.0,56.7,16.84,Healthy,5.0,22,5,1,Night
ORD_00480,CUST_0573,REST_020,2026-05-19 12:39:44,204.99,4,Rain,Low,Delivered,23.0,DEL_00480,DRV_0198,8.67,23.0,86.1,36.24,Desserts,3.4,12,1,0,Afternoon
ORD_00481,CUST_0538,REST_097,2026-01-02 09:20:26,123.72,2,Clear,High,Delivered,17.0,DEL_00481,DRV_0305,5.22,17.0,65.5,18.84,Cafe,4.7,9,4,0,Morning
ORD_00482,CUST_0583,REST_068,2026-03-17 12:41:53,230.26,2,Rain,Medium,Delivered,26.0,DEL_00482,DRV_0206,3.27,26.0,73.7,26.6,Indian,4.5,12,1,0,Afternoon
ORD_00483,CUST_0615,REST_045,2026-03-03 07:06:26,100.0,5,Clear,Low,Delivered,33.0,DEL_00483,DRV_0011,3.16,33.0,62.0,7.89,Pizza,4.2,7,1,0,Morning
ORD_00484,CUST_0979,REST_075,2026-04-06 09:06:26,138.64,1,Rain,Medium,Delivered,13.0,DEL_00484,DRV_0357,3.37,13.0,52.5,18.81,Fast Food,3.5,9,0,0,Morning
ORD_00485,CUST_0326,REST_042,2026-03-03 14:55:07,486.98,2,Clear,Medium,Delivered,28.0,DEL_00485,DRV_0130,5.36,28.0,70.5,82.49,Healthy,5.0,14,1,0,Afternoon
ORD_00486,CUST_0363,REST_047,2026-01-06 03:58:15,230.84,1,Clear,High,Delivered,24.0,DEL_00486,DRV_0223,2.16,24.0,55.2,23.17,Desserts,4.4,3,1,0,Night
ORD_00487,CUST_0669,REST_005,2026-05-10 05:42:28,198.69,1,Clear,Medium,Delivered,35.0,DEL_00487,DRV_0110,2.48,35.0,64.1,30.71,Chinese,4.4,5,6,1,Night
ORD_00488,CUST_0875,REST_089,2026-05-21 01:19:19,540.16,1,Clear,Medium,Delivered,26.0,DEL_00488,DRV_0027,1.74,26.0,39.4,45.18,North Indian,4.1,1,3,0,Night
ORD_00489,CUST_0359,REST_049,2026-06-03 13:55:38,100.0,1,Cloudy,Low,Delivered,33.0,DEL_00489,DRV_0400,2.11,33.0,64.0,19.85,Cafe,3.6,13,2,0,Afternoon
ORD_00490,CUST_0706,REST_037,2026-06-27 08:39:11,115.77,4,Heavy Rain,High,Delivered,21.0,DEL_00490,DRV_0320,3.84,21.0,75.2,27.86,Chinese,3.8,8,5,1,Morning
ORD_00491,CUST_0787,REST_034,2026-06-04 08:43:09,145.38,4,Cloudy,Low,Delivered,14.0,DEL_00491,DRV_0194,11.15,14.0,64.6,9.19,Desserts,4.0,8,3,0,Morning
ORD_00492,CUST_0324,REST_073,2026-02-07 08:59:58,290.64,5,Cloudy,Medium,Delivered,38.0,DEL_00492,DRV_0433,1.68,38.0,50.9,32.85,South Indian,3.9,8,5,1,Morning
ORD_00493,CUST_0698,REST_070,2026-02-03 03:58:50,293.42,4,Clear,Low,Delivered,15.0,DEL_00493,DRV_0346,8.33,15.0,62.7,43.86,Desserts,4.2,3,1,0,Night
ORD_00494,CUST_0326,REST_018,2026-01-13 16:02:06,112.58,6,Cloudy,Low,Delivered,41.0,DEL_00494,DRV_0016,2.61,41.0,52.0,16.74,Pizza,3.6,16,1,0,Afternoon
ORD_00495,CUST_0625,REST_078,2026-02-14 15:20:11,313.84,2,Clear,Low,Delivered,31.0,DEL_00495,DRV_0073,7.81,31.0,66.4,41.21,Biryani,3.9,15,5,1,Afternoon
ORD_00499,CUST_0604,REST_017,2026-03-24 11:44:40,169.39,2,Clear,Low,Delivered,19.0,DEL_00499,DRV_0133,3.66,19.0,33.1,27.54,Pizza,4.5,11,1,0,Morning
ORD_00500,CUST_0798,REST_060,2026-02-19 11:13:35,138.44,1,Clear,High,Delivered,15.0,DEL_00500,DRV_0164,3.59,15.0,52.2,20.62,Chinese,4.2,11,3,0,Morning
ORD_00501,CUST_0455,REST_099,2026-01-26 21:44:35,324.02,5,Clear,Low,Delivered,35.0,DEL_00501,DRV_0007,10.01,35.0,95.0,52.8,Healthy,3.7,21,0,0,Evening
ORD_00502,CUST_0969,REST_093,2026-03-17 03:52:36,135.97,1,Clear,Low,Delivered,16.0,DEL_00502,DRV_0061,4.46,16.0,35.8,12.15,Indian,3.8,3,1,0,Night
ORD_00504,CUST_0737,REST_081,2026-03-17 21:24:09,239.55,6,Clear,High,Delivered,24.0,DEL_00504,DRV_0413,13.84,24.0,118.5,43.82,Desserts,4.1,21,1,0,Evening
ORD_00505,CUST_0127,REST_072,2026-03-01 15:21:43,244.67,4,Rain,Low,Delivered,24.0,DEL_00505,DRV_0485,14.54,24.0,97.1,44.06,Chinese,3.8,15,6,1,Afternoon
ORD_00506,CUST_0193,REST_065,2026-02-14 07:57:58,295.25,6,Clear,High,Delivered,16.0,DEL_00506,DRV_0120,18.4,16.0,108.3,32.27,South Indian,4.7,7,5,1,Morning
ORD_00507,CUST_0627,REST_053,2026-06-27 03:16:37,203.59,4,Rain,Medium,Delivered,25.0,DEL_00507,DRV_0451,1.38,25.0,52.6,34.32,Desserts,5.0,3,5,1,Night
ORD_00508,CUST_0774,REST_100,2026-03-28 01:51:41,144.02,6,Clear,Medium,Delivered,33.0,DEL_00508,DRV_0414,0.57,33.0,45.9,24.33,Pizza,3.9,1,5,1,Night
ORD_00509,CUST_0530,REST_007,2026-03-10 13:39:41,149.56,2,Clear,Low,Delivered,21.0,DEL_00509,DRV_0424,5.05,21.0,57.3,31.58,Healthy,3.9,13,1,0,Afternoon
ORD_00510,CUST_0010,REST_005,2026-01-03 16:53:17,183.85,4,Cloudy,Medium,Delivered,38.0,DEL_00510,DRV_0031,10.38,38.0,97.7,38.4,Chinese,4.4,16,5,1,Afternoon
ORD_00511,CUST_0092,REST_024,2026-01-31 14:49:08,207.95,4,Cloudy,Low,Delivered,36.0,DEL_00511,DRV_0048,4.19,36.0,69.8,41.8,Cafe,4.3,14,5,1,Afternoon
ORD_00513,CUST_0481,REST_062,2026-02-04 18:34:54,183.2,3,Cloudy,Low,Delivered,21.0,DEL_00513,DRV_0006,9.8,21.0,68.3,22.34,Fast Food,3.5,18,2,0,Evening
ORD_00514,CUST_0449,REST_017,2026-02-03 06:49:40,100.0,2,Clear,Medium,Delivered,13.0,DEL_00514,DRV_0446,2.58,13.0,44.1,14.56,Pizza,4.5,6,1,0,Morning
ORD_00515,CUST_0333,REST_020,2026-03-25 19:28:02,261.66,2,Cloudy,High,Delivered,19.0,DEL_00515,DRV_0285,3.72,19.0,67.5,37.43,Desserts,3.4,19,2,0,Evening
ORD_00516,CUST_0869,REST_003,2026-02-17 14:45:42,200.26,3,Cloudy,Medium,Delivered,12.0,DEL_00516,DRV_0393,0.98,12.0,33.7,18.9,South Indian,4.4,14,1,0,Afternoon
ORD_00517,CUST_0340,REST_037,2026-02-03 12:53:16,314.51,6,Clear,Low,Delivered,19.0,DEL_00517,DRV_0438,1.77,19.0,41.2,37.81,Chinese,3.8,12,1,0,Afternoon
ORD_00518,CUST_0961,REST_090,2026-06-18 19:04:41,181.29,6,Rain,Medium,Delivered,32.0,DEL_00518,DRV_0084,2.15,32.0,72.1,6.76,North Indian,4.2,19,3,0,Evening
ORD_00519,CUST_0052,REST_015,2026-01-25 11:22:44,100.0,2,Cloudy,Medium,Delivered,34.0,DEL_00519,DRV_0370,1.36,34.0,51.6,16.45,Healthy,4.6,11,6,1,Morning
ORD_00520,CUST_0707,REST_051,2026-02-06 00:06:46,148.84,6,Clear,Low,Delivered,14.0,DEL_00520,DRV_0139,4.96,14.0,38.4,35.47,Healthy,3.6,0,4,0,Night
ORD_00521,CUST_0466,REST_048,2026-03-06 23:44:14,162.4,5,Rain,Medium,Delivered,35.0,DEL_00521,DRV_0275,1.32,35.0,57.5,16.98,Chinese,4.0,23,4,0,Night
ORD_00522,CUST_0718,REST_008,2026-06-17 03:49:37,272.76,5,Rain,Low,Delivered,27.0,DEL_00522,DRV_0487,8.14,27.0,72.0,20.22,Desserts,4.5,3,2,0,Night
ORD_00523,CUST_0799,REST_013,2026-04-11 04:33:28,100.0,3,Cloudy,Medium,Delivered,13.0,DEL_00523,DRV_0330,10.39,13.0,66.5,23.45,Cafe,3.2,4,5,1,Night
ORD_00524,CUST_0475,REST_048,2026-03-04 07:15:19,185.42,4,Clear,High,Delivered,28.0,DEL_00524,DRV_0133,9.44,28.0,91.5,45.38,Chinese,4.0,7,2,0,Morning
ORD_00525,CUST_0401,REST_003,2026-01-30 19:22:06,240.45,5,Rain,Low,Delivered,8.0,DEL_00525,DRV_0103,6.37,8.0,46.6,27.6,South Indian,4.4,19,4,0,Evening
ORD_00526,CUST_0439,REST_065,2026-04-24 23:02:44,125.99,6,Clear,Low,Delivered,20.0,DEL_00526,DRV_0471,0.5,20.0,30.7,23.8,South Indian,4.7,23,4,0,Night
ORD_00527,CUST_0878,REST_073,2026-06-29 04:39:29,188.87,3,Clear,Low,Delivered,34.0,DEL_00527,DRV_0326,7.4,34.0,68.4,33.57,South Indian,3.9,4,0,0,Night
ORD_00528,CUST_0605,REST_031,2026-01-20 07:09:09,128.4,5,Clear,High,Delivered,36.0,DEL_00528,DRV_0095,7.88,36.0,90.8,18.86,North Indian,4.0,7,1,0,Morning
ORD_00529,CUST_0932,REST_026,2026-03-13 01:11:35,121.36,1,Cloudy,Medium,Delivered,38.0,DEL_00529,DRV_0018,2.09,38.0,50.1,31.01,Fast Food,3.0,1,4,0,Night
ORD_00530,CUST_0997,REST_081,2026-02-11 13:12:54,144.8,3,Rain,Low,Delivered,19.0,DEL_00530,DRV_0021,6.7,19.0,71.5,21.05,Desserts,4.1,13,2,0,Afternoon
ORD_00532,CUST_0821,REST_034,2026-04-02 00:58:47,264.01,5,Heavy Rain,Low,Delivered,14.0,DEL_00532,DRV_0443,3.31,14.0,57.5,31.66,Desserts,4.0,0,3,0,Night
ORD_00533,CUST_0657,REST_009,2026-02-20 06:54:59,121.0,2,Clear,Medium,Delivered,17.0,DEL_00533,DRV_0479,5.41,17.0,55.0,23.76,Biryani,4.6,6,4,0,Morning
ORD_00534,CUST_0598,REST_062,2026-06-02 06:20:47,110.32,3,Clear,Medium,Delivered,18.0,DEL_00534,DRV_0458,9.33,18.0,63.8,17.27,Fast Food,3.5,6,1,0,Morning
ORD_00535,CUST_0509,REST_013,2026-05-02 22:31:57,479.32,5,Cloudy,High,Delivered,15.0,DEL_00535,DRV_0006,2.64,15.0,45.1,58.54,Cafe,3.2,22,5,1,Night
ORD_00536,CUST_0153,REST_069,2026-01-10 01:53:22,307.48,2,Heavy Rain,Low,Delivered,34.0,DEL_00536,DRV_0024,2.6,34.0,59.5,29.08,Chinese,3.7,1,5,1,Night
ORD_00537,CUST_0514,REST_041,2026-06-10 16:06:23,100.0,4,Cloudy,Medium,Delivered,36.0,DEL_00537,DRV_0225,5.35,36.0,75.3,17.99,North Indian,4.9,16,2,0,Afternoon
ORD_00538,CUST_0503,REST_077,2026-03-11 08:22:46,119.03,4,Clear,Medium,Delivered,18.0,DEL_00538,DRV_0060,3.29,18.0,51.3,22.74,Fast Food,4.1,8,2,0,Morning
ORD_00539,CUST_0854,REST_001,2026-04-05 20:34:25,207.13,1,Clear,High,Delivered,11.0,DEL_00539,DRV_0284,1.79,11.0,54.9,9.79,Pizza,4.8,20,6,1,Evening
ORD_00541,CUST_0772,REST_047,2026-06-10 05:40:04,100.0,3,Clear,Medium,Delivered,33.0,DEL_00541,DRV_0330,5.52,33.0,64.8,19.23,Desserts,4.4,5,2,0,Night
ORD_00542,CUST_0676,REST_004,2026-04-19 12:51:40,342.82,6,Clear,Medium,Delivered,14.0,DEL_00542,DRV_0279,0.73,14.0,42.0,23.99,Healthy,3.7,12,6,1,Afternoon
ORD_00543,CUST_0006,REST_100,2026-06-29 01:45:58,285.39,6,Rain,Medium,Delivered,29.0,DEL_00543,DRV_0335,7.02,29.0,83.4,44.33,Pizza,3.9,1,0,0,Night
ORD_00544,CUST_0500,REST_063,2026-04-12 11:26:24,236.29,2,Cloudy,High,Delivered,10.0,DEL_00544,DRV_0046,6.57,10.0,63.5,15.44,Biryani,4.7,11,6,1,Morning
ORD_00545,CUST_0661,REST_052,2026-03-04 13:35:47,382.3,1,Cloudy,High,Delivered,29.0,DEL_00545,DRV_0368,5.03,29.0,87.6,43.1,Healthy,4.6,13,2,0,Afternoon
ORD_00546,CUST_0717,REST_010,2026-06-28 07:13:50,232.47,3,Clear,Medium,Delivered,27.0,DEL_00546,DRV_0293,3.59,27.0,51.3,28.51,Healthy,4.9,7,6,1,Morning
ORD_00547,CUST_0118,REST_028,2026-06-23 12:04:33,232.0,4,Clear,Medium,Delivered,25.0,DEL_00547,DRV_0142,3.39,25.0,66.6,18.19,Indian,4.4,12,1,0,Afternoon
ORD_00548,CUST_0485,REST_006,2026-03-20 01:49:41,426.97,6,Cloudy,High,Delivered,21.0,DEL_00548,DRV_0304,6.39,21.0,76.3,54.15,Cafe,3.9,1,4,0,Night
ORD_00549,CUST_0601,REST_027,2026-06-20 22:48:11,332.18,2,Rain,Low,Delivered,34.0,DEL_00549,DRV_0078,1.47,34.0,55.9,48.1,South Indian,4.0,22,5,1,Night
ORD_00550,CUST_0666,REST_012,2026-05-02 22:44:48,114.11,6,Cloudy,Low,Delivered,19.0,DEL_00550,DRV_0199,5.7,19.0,60.4,17.18,South Indian,4.6,22,5,1,Night
ORD_00551,CUST_0951,REST_062,2026-05-17 22:51:50,256.79,5,Rain,Medium,Delivered,24.0,DEL_00551,DRV_0115,6.52,24.0,58.4,25.72,Fast Food,3.5,22,6,1,Night
ORD_00552,CUST_0679,REST_052,2026-02-19 02:29:06,125.79,4,Rain,Low,Delivered,28.0,DEL_00552,DRV_0036,7.79,28.0,75.3,21.13,Healthy,4.6,2,3,0,Night
ORD_00553,CUST_0468,REST_048,2026-01-06 07:31:39,239.2,6,Clear,High,Delivered,30.0,DEL_00553,DRV_0466,2.55,30.0,64.5,47.12,Chinese,4.0,7,1,0,Morning
ORD_00554,CUST_0161,REST_067,2026-05-15 19:50:24,235.6,5,Clear,Medium,Delivered,16.0,DEL_00554,DRV_0060,2.96,16.0,54.9,34.47,North Indian,3.1,19,4,0,Evening
ORD_00555,CUST_0270,REST_046,2026-02-12 02:21:50,100.0,5,Cloudy,Medium,Delivered,21.0,DEL_00555,DRV_0438,6.28,21.0,64.1,15.94,North Indian,3.7,2,3,0,Night
ORD_00556,CUST_0056,REST_097,2026-05-08 10:50:31,169.52,2,Clear,Medium,Delivered,19.0,DEL_00556,DRV_0245,2.51,19.0,44.4,27.13,Cafe,4.7,10,4,0,Morning
ORD_00557,CUST_0228,REST_074,2026-01-25 14:25:42,209.74,2,Clear,High,Delivered,14.0,DEL_00557,DRV_0079,1.49,14.0,56.8,38.33,Indian,4.2,14,6,1,Afternoon
ORD_00559,CUST_0149,REST_015,2026-01-13 23:17:58,215.53,1,Clear,Low,Delivered,32.0,DEL_00559,DRV_0191,12.08,32.0,88.1,26.84,Healthy,4.6,23,1,0,Night
ORD_00560,CUST_0046,REST_071,2026-02-09 15:28:18,282.38,6,Rain,High,Delivered,28.0,DEL_00560,DRV_0097,4.53,28.0,76.4,17.81,Healthy,4.9,15,0,0,Afternoon
ORD_00563,CUST_0784,REST_078,2026-06-23 01:38:00,387.95,2,Cloudy,Medium,Delivered,34.0,DEL_00563,DRV_0376,3.62,34.0,60.6,35.45,Biryani,3.9,1,1,0,Night
ORD_00564,CUST_0632,REST_003,2026-04-27 09:15:03,235.16,6,Cloudy,Low,Delivered,7.0,DEL_00564,DRV_0150,1.9,7.0,35.1,22.18,South Indian,4.4,9,0,0,Morning
ORD_00565,CUST_0340,REST_067,2026-06-12 07:24:52,202.44,3,Cloudy,High,Delivered,15.0,DEL_00565,DRV_0043,2.98,15.0,48.6,15.53,North Indian,3.1,7,4,0,Morning
ORD_00566,CUST_0413,REST_086,2026-04-16 05:34:14,107.02,4,Rain,Medium,Delivered,39.0,DEL_00566,DRV_0297,10.37,39.0,102.4,6.62,Chinese,3.8,5,3,0,Night
ORD_00567,CUST_0732,REST_019,2026-03-09 12:32:18,262.19,2,Rain,High,Delivered,18.0,DEL_00567,DRV_0401,2.03,18.0,72.2,27.39,Indian,4.4,12,0,0,Afternoon
ORD_00568,CUST_0520,REST_099,2026-01-03 16:16:00,217.37,6,Cloudy,Medium,Delivered,30.0,DEL_00568,DRV_0319,11.14,30.0,86.9,32.75,Healthy,3.7,16,5,1,Afternoon
ORD_00569,CUST_0344,REST_076,2026-03-29 13:31:12,367.26,6,Clear,High,Delivered,22.0,DEL_00569,DRV_0218,4.32,22.0,74.4,15.28,Chinese,3.7,13,6,1,Afternoon
ORD_00570,CUST_0387,REST_054,2026-03-13 05:17:50,186.01,1,Clear,Low,Delivered,20.0,DEL_00570,DRV_0207,3.34,20.0,45.7,27.67,Healthy,4.2,5,4,0,Night
ORD_00571,CUST_0473,REST_069,2026-04-18 03:49:14,100.0,4,Cloudy,Low,Delivered,33.0,DEL_00571,DRV_0488,3.5,33.0,51.7,26.81,Chinese,3.7,3,5,1,Night
ORD_00572,CUST_0275,REST_010,2026-02-02 21:04:49,100.0,2,Rain,Low,Delivered,28.0,DEL_00572,DRV_0146,3.66,28.0,71.6,18.98,Healthy,4.9,21,0,0,Evening
ORD_00573,CUST_0353,REST_033,2026-06-20 23:32:07,271.68,2,Heavy Rain,Medium,Delivered,23.0,DEL_00573,DRV_0328,10.85,23.0,100.4,55.06,Fast Food,4.1,23,5,1,Night
ORD_00574,CUST_0066,REST_013,2026-04-03 22:35:12,132.47,3,Cloudy,Low,Delivered,10.0,DEL_00574,DRV_0259,0.68,10.0,20.2,21.76,Cafe,3.2,22,4,0,Night
ORD_00575,CUST_0079,REST_099,2026-06-27 16:51:43,230.49,1,Cloudy,Medium,Delivered,28.0,DEL_00575,DRV_0054,3.33,28.0,51.2,31.46,Healthy,3.7,16,5,1,Afternoon
ORD_00576,CUST_0598,REST_051,2026-05-25 07:39:38,193.03,1,Clear,Medium,Delivered,14.0,DEL_00576,DRV_0119,3.63,14.0,44.5,13.77,Healthy,3.6,7,0,0,Morning
ORD_00577,CUST_0636,REST_032,2026-02-14 00:46:19,165.38,6,Clear,Medium,Delivered,16.0,DEL_00577,DRV_0243,6.47,16.0,50.5,1.09,Healthy,3.9,0,5,1,Night
ORD_00578,CUST_0202,REST_075,2026-03-29 07:53:08,171.92,6,Clear,Medium,Delivered,14.0,DEL_00578,DRV_0142,4.17,14.0,31.4,34.15,Fast Food,3.5,7,6,1,Morning
ORD_00579,CUST_0978,REST_024,2026-03-28 06:14:00,112.62,2,Clear,Low,Delivered,34.0,DEL_00579,DRV_0290,4.43,34.0,52.5,20.53,Cafe,4.3,6,5,1,Morning
ORD_00580,CUST_0662,REST_035,2026-02-19 19:39:55,179.71,3,Clear,High,Delivered,32.0,DEL_00580,DRV_0127,11.5,32.0,120.5,27.28,North Indian,4.8,19,3,0,Evening
ORD_00581,CUST_0558,REST_083,2026-05-12 14:44:24,131.44,2,Clear,Medium,Delivered,16.0,DEL_00581,DRV_0225,4.51,16.0,56.6,24.19,Pizza,4.8,14,1,0,Afternoon
ORD_00582,CUST_0113,REST_070,2026-04-14 17:31:29,147.71,5,Cloudy,High,Delivered,12.0,DEL_00582,DRV_0382,3.17,12.0,55.2,10.05,Desserts,4.2,17,1,0,Evening
ORD_00584,CUST_0141,REST_054,2026-06-17 04:24:00,160.02,5,Cloudy,High,Delivered,27.0,DEL_00584,DRV_0241,4.62,27.0,70.9,21.61,Healthy,4.2,4,2,0,Night
ORD_00585,CUST_0289,REST_044,2026-06-07 11:44:18,301.03,3,Clear,Medium,Delivered,19.0,DEL_00585,DRV_0257,1.47,19.0,37.4,31.83,Biryani,4.1,11,6,1,Morning
ORD_00586,CUST_0901,REST_062,2026-05-14 04:55:17,168.78,2,Clear,High,Delivered,20.0,DEL_00586,DRV_0245,8.43,20.0,83.9,17.49,Fast Food,3.5,4,3,0,Night
ORD_00587,CUST_0730,REST_099,2026-01-10 06:10:00,318.31,6,Heavy Rain,Low,Delivered,34.0,DEL_00587,DRV_0176,5.62,34.0,74.9,28.8,Healthy,3.7,6,5,1,Morning
ORD_00588,CUST_0589,REST_068,2026-05-28 18:44:57,422.34,3,Clear,Medium,Delivered,19.0,DEL_00588,DRV_0355,2.15,19.0,41.3,67.56,Indian,4.5,18,3,0,Evening
ORD_00589,CUST_0411,REST_033,2026-04-05 14:40:33,290.1,2,Rain,High,Delivered,29.0,DEL_00589,DRV_0010,5.49,29.0,95.1,28.33,Fast Food,4.1,14,6,1,Afternoon
ORD_00590,CUST_0377,REST_077,2026-04-08 15:44:06,243.22,2,Clear,Low,Delivered,12.0,DEL_00590,DRV_0083,1.24,12.0,19.4,43.87,Fast Food,4.1,15,2,0,Afternoon
ORD_00591,CUST_0384,REST_056,2026-01-31 10:36:14,216.97,5,Cloudy,Medium,Delivered,35.0,DEL_00591,DRV_0139,5.95,35.0,66.5,15.36,Desserts,4.2,10,5,1,Morning
ORD_00592,CUST_0846,REST_036,2026-02-01 13:57:07,291.76,4,Clear,High,Delivered,12.0,DEL_00592,DRV_0119,6.75,12.0,66.5,40.18,Indian,3.0,13,6,1,Afternoon
ORD_00593,CUST_0152,REST_054,2026-05-27 18:50:41,190.4,1,Clear,Medium,Delivered,27.0,DEL_00593,DRV_0127,13.36,27.0,95.9,18.4,Healthy,4.2,18,2,0,Evening
ORD_00594,CUST_0835,REST_019,2026-05-08 09:11:46,311.54,6,Clear,Low,Delivered,27.0,DEL_00594,DRV_0099,2.15,27.0,39.4,22.28,Indian,4.4,9,4,0,Morning
ORD_00595,CUST_0751,REST_043,2026-05-19 04:35:49,254.11,1,Cloudy,Medium,Delivered,15.0,DEL_00595,DRV_0066,4.49,15.0,55.1,21.71,Fast Food,3.7,4,1,0,Night
ORD_00596,CUST_0627,REST_012,2026-01-10 21:35:27,148.72,3,Clear,Low,Delivered,11.0,DEL_00596,DRV_0259,3.98,11.0,45.0,4.37,South Indian,4.6,21,5,1,Evening
ORD_00597,CUST_0319,REST_011,2026-02-27 07:53:45,296.7,1,Cloudy,High,Delivered,20.0,DEL_00597,DRV_0143,2.77,20.0,51.2,22.63,Pizza,4.9,7,4,0,Morning
ORD_00598,CUST_0369,REST_070,2026-02-07 19:15:52,190.63,5,Clear,Low,Delivered,10.0,DEL_00598,DRV_0059,2.23,10.0,35.1,27.64,Desserts,4.2,19,5,1,Evening
ORD_00599,CUST_0606,REST_012,2026-02-05 13:11:27,170.99,4,Clear,Low,Delivered,18.0,DEL_00599,DRV_0244,3.85,18.0,54.3,18.22,South Indian,4.6,13,3,0,Afternoon
ORD_00600,CUST_0995,REST_091,2026-05-24 18:33:43,139.5,6,Rain,Low,Delivered,12.0,DEL_00600,DRV_0361,4.66,12.0,44.9,18.42,Cafe,4.6,18,6,1,Evening
ORD_00601,CUST_0560,REST_041,2026-04-11 19:07:05,198.6,2,Rain,Medium,Delivered,33.0,DEL_00601,DRV_0192,3.01,33.0,80.4,41.14,North Indian,4.9,19,5,1,Evening
ORD_00602,CUST_0703,REST_025,2026-03-11 02:39:25,313.58,2,Cloudy,High,Delivered,27.0,DEL_00602,DRV_0431,5.44,27.0,72.1,20.77,South Indian,4.0,2,2,0,Night
ORD_00603,CUST_0462,REST_003,2026-04-10 21:57:30,295.57,5,Clear,Low,Delivered,12.0,DEL_00603,DRV_0348,4.24,12.0,50.2,44.47,South Indian,4.4,21,4,0,Evening
ORD_00604,CUST_0012,REST_003,2026-03-11 04:45:28,220.16,6,Clear,Low,Delivered,13.0,DEL_00604,DRV_0130,2.08,13.0,19.8,29.29,South Indian,4.4,4,2,0,Night
ORD_00605,CUST_0156,REST_084,2026-04-10 16:51:31,252.09,1,Heavy Rain,Medium,Delivered,24.0,DEL_00605,DRV_0158,7.24,24.0,80.0,22.53,North Indian,3.3,16,4,0,Afternoon
ORD_00606,CUST_0684,REST_028,2026-01-15 15:08:43,364.83,2,Clear,High,Delivered,21.0,DEL_00606,DRV_0166,6.89,21.0,70.4,24.6,Indian,4.4,15,3,0,Afternoon
ORD_00607,CUST_0477,REST_023,2026-04-23 01:06:27,166.92,1,Rain,Medium,Delivered,40.0,DEL_00607,DRV_0261,3.86,40.0,66.5,15.54,South Indian,4.6,1,3,0,Night
ORD_00608,CUST_0939,REST_048,2026-06-15 22:32:30,100.0,5,Clear,Medium,Delivered,30.0,DEL_00608,DRV_0390,0.52,30.0,49.6,15.25,Chinese,4.0,22,0,0,Night
ORD_00609,CUST_0401,REST_067,2026-06-29 04:35:20,370.78,2,Heavy Rain,Medium,Delivered,16.0,DEL_00609,DRV_0133,1.22,16.0,47.5,41.7,North Indian,3.1,4,0,0,Night
ORD_00610,CUST_0808,REST_042,2026-06-10 01:37:11,135.45,3,Clear,Low,Delivered,30.0,DEL_00610,DRV_0012,8.65,30.0,64.9,22.36,Healthy,5.0,1,2,0,Night
ORD_00611,CUST_0177,REST_088,2026-03-05 23:55:39,124.0,4,Clear,Medium,Delivered,33.0,DEL_00611,DRV_0132,11.71,33.0,97.7,26.19,Cafe,3.8,23,3,0,Night
ORD_00612,CUST_0341,REST_040,2026-01-16 08:55:42,100.0,1,Cloudy,Medium,Delivered,31.0,DEL_00612,DRV_0408,8.13,31.0,79.1,16.33,Desserts,4.1,8,4,0,Morning
ORD_00613,CUST_0057,REST_006,2026-06-27 22:42:41,248.19,6,Heavy Rain,High,Delivered,18.0,DEL_00613,DRV_0153,2.47,18.0,71.2,45.27,Cafe,3.9,22,5,1,Night
ORD_00614,CUST_0855,REST_020,2026-05-03 04:53:43,100.0,1,Heavy Rain,High,Delivered,17.0,DEL_00614,DRV_0282,6.98,17.0,76.0,21.84,Desserts,3.4,4,6,1,Night
ORD_00615,CUST_0852,REST_011,2026-05-27 19:22:08,119.98,1,Cloudy,High,Delivered,21.0,DEL_00615,DRV_0055,6.51,21.0,79.8,19.07,Pizza,4.9,19,2,0,Evening
ORD_00616,CUST_0448,REST_096,2026-05-11 07:57:28,250.52,1,Rain,Medium,Delivered,33.0,DEL_00616,DRV_0256,6.58,33.0,89.2,43.6,Biryani,3.3,7,0,0,Morning
ORD_00617,CUST_0203,REST_027,2026-01-16 02:31:08,269.63,5,Cloudy,Medium,Delivered,27.0,DEL_00617,DRV_0126,4.09,27.0,63.2,26.92,South Indian,4.0,2,4,0,Night
ORD_00618,CUST_0697,REST_021,2026-06-13 05:27:26,126.67,5,Rain,Low,Delivered,17.0,DEL_00618,DRV_0046,4.58,17.0,44.6,24.76,Fast Food,3.7,5,5,1,Night
ORD_00620,CUST_0738,REST_086,2026-03-08 09:14:02,112.18,5,Clear,Medium,Delivered,41.0,DEL_00620,DRV_0299,15.89,41.0,109.4,17.83,Chinese,3.8,9,6,1,Morning
ORD_00621,CUST_0202,REST_035,2026-06-12 12:05:40,134.07,6,Cloudy,High,Delivered,29.0,DEL_00621,DRV_0444,1.23,29.0,76.1,26.43,North Indian,4.8,12,4,0,Afternoon
ORD_00622,CUST_0330,REST_047,2026-04-01 13:22:12,209.86,6,Cloudy,Low,Delivered,28.0,DEL_00622,DRV_0417,2.99,28.0,46.0,44.08,Desserts,4.4,13,2,0,Afternoon
ORD_00623,CUST_0363,REST_086,2026-04-14 06:36:44,137.56,5,Cloudy,High,Delivered,42.0,DEL_00623,DRV_0021,14.36,42.0,123.4,10.79,Chinese,3.8,6,1,0,Morning
ORD_00624,CUST_0892,REST_028,2026-04-22 14:18:10,158.49,2,Rain,Medium,Delivered,21.0,DEL_00624,DRV_0471,3.5,21.0,68.1,28.77,Indian,4.4,14,2,0,Afternoon
ORD_00625,CUST_0454,REST_021,2026-05-20 23:40:04,100.0,5,Clear,Low,Delivered,19.0,DEL_00625,DRV_0255,3.84,19.0,35.0,17.43,Fast Food,3.7,23,2,0,Night
ORD_00626,CUST_0356,REST_018,2026-03-18 01:41:23,338.03,2,Clear,Medium,Delivered,32.0,DEL_00626,DRV_0485,4.25,32.0,59.2,36.07,Pizza,3.6,1,2,0,Night
ORD_00627,CUST_0216,REST_031,2026-06-26 11:45:52,239.98,3,Clear,High,Delivered,32.0,DEL_00627,DRV_0165,4.7,32.0,74.3,18.1,North Indian,4.0,11,4,0,Morning
ORD_00628,CUST_0972,REST_060,2026-03-04 17:32:31,280.37,5,Clear,High,Delivered,22.0,DEL_00628,DRV_0268,1.9,22.0,44.3,22.81,Chinese,4.2,17,2,0,Evening
ORD_00629,CUST_0555,REST_037,2026-03-21 10:34:55,368.61,3,Clear,Medium,Delivered,19.0,DEL_00629,DRV_0101,6.35,19.0,52.2,38.12,Chinese,3.8,10,5,1,Morning
ORD_00630,CUST_0887,REST_021,2026-03-31 14:06:48,115.14,5,Rain,Low,Delivered,26.0,DEL_00630,DRV_0149,6.15,26.0,72.6,13.99,Fast Food,3.7,14,1,0,Afternoon
ORD_00631,CUST_0023,REST_014,2026-02-16 03:37:02,148.84,3,Cloudy,High,Delivered,23.0,DEL_00631,DRV_0141,3.96,23.0,61.1,26.97,Fast Food,5.0,3,0,0,Night
ORD_00632,CUST_0155,REST_089,2026-03-07 11:07:05,100.0,4,Rain,Medium,Delivered,21.0,DEL_00632,DRV_0491,5.78,21.0,63.6,16.47,North Indian,4.1,11,5,1,Morning
ORD_00633,CUST_0186,REST_091,2026-03-12 17:54:05,1019.67,3,Clear,Medium,Delivered,20.0,DEL_00633,DRV_0373,2.32,20.0,43.2,76.7,Cafe,4.6,17,3,0,Evening
ORD_00634,CUST_0249,REST_060,2026-02-26 06:13:07,166.96,2,Rain,Low,Delivered,21.0,DEL_00634,DRV_0033,10.39,21.0,71.8,24.77,Chinese,4.2,6,3,0,Morning
ORD_00635,CUST_0749,REST_023,2026-04-03 20:49:09,320.95,1,Cloudy,Low,Delivered,39.0,DEL_00635,DRV_0236,18.75,39.0,129.1,38.73,South Indian,4.6,20,4,0,Evening
ORD_00636,CUST_0805,REST_095,2026-05-01 19:34:39,100.0,6,Clear,Low,Delivered,32.0,DEL_00636,DRV_0198,3.1,32.0,59.5,10.74,Pizza,3.7,19,4,0,Evening
ORD_00637,CUST_0134,REST_029,2026-05-30 09:16:30,313.57,3,Cloudy,High,Delivered,27.0,DEL_00637,DRV_0235,4.46,27.0,74.3,44.17,Pizza,3.9,9,5,1,Morning
ORD_00638,CUST_0321,REST_047,2026-01-23 03:38:14,503.55,1,Heavy Rain,Low,Delivered,24.0,DEL_00638,DRV_0332,1.88,24.0,45.5,53.47,Desserts,4.4,3,4,0,Night
ORD_00640,CUST_0434,REST_090,2026-03-26 01:52:56,103.96,4,Cloudy,Medium,Delivered,35.0,DEL_00640,DRV_0486,3.13,35.0,64.5,17.19,North Indian,4.2,1,3,0,Night
ORD_00641,CUST_0022,REST_084,2026-02-07 13:04:59,167.95,2,Rain,Medium,Delivered,24.0,DEL_00641,DRV_0120,3.14,24.0,60.3,21.95,North Indian,3.3,13,5,1,Afternoon
ORD_00642,CUST_0873,REST_038,2026-04-07 08:38:38,100.0,2,Clear,Low,Delivered,38.0,DEL_00642,DRV_0158,6.4,38.0,66.5,24.68,Indian,3.7,8,1,0,Morning
ORD_00643,CUST_0600,REST_083,2026-03-05 14:41:09,177.53,3,Cloudy,Low,Delivered,12.0,DEL_00643,DRV_0037,5.0,12.0,52.7,9.74,Pizza,4.8,14,3,0,Afternoon
ORD_00644,CUST_0665,REST_027,2026-02-05 05:55:13,284.73,5,Clear,Low,Delivered,24.0,DEL_00644,DRV_0338,2.38,24.0,25.8,24.39,South Indian,4.0,5,3,0,Night
ORD_00645,CUST_0125,REST_089,2026-05-29 03:45:27,177.74,4,Clear,Medium,Delivered,22.0,DEL_00645,DRV_0144,0.69,22.0,35.9,23.87,North Indian,4.1,3,4,0,Night
ORD_00646,CUST_0079,REST_087,2026-05-05 23:07:35,155.05,1,Cloudy,Low,Delivered,9.0,DEL_00646,DRV_0045,3.27,9.0,34.9,23.0,Healthy,4.0,23,1,0,Night
ORD_00647,CUST_0858,REST_093,2026-05-05 11:57:36,242.3,5,Clear,Medium,Delivered,26.0,DEL_00647,DRV_0199,1.23,26.0,42.7,30.31,Indian,3.8,11,1,0,Morning
ORD_00648,CUST_0968,REST_015,2026-01-08 10:13:47,252.7,4,Rain,Low,Delivered,27.0,DEL_00648,DRV_0238,7.3,27.0,66.4,51.48,Healthy,4.6,10,3,0,Morning
ORD_00649,CUST_0051,REST_059,2026-03-31 15:51:28,100.0,3,Clear,Low,Delivered,32.0,DEL_00649,DRV_0129,3.76,32.0,51.4,16.39,Pizza,4.0,15,1,0,Afternoon
ORD_00650,CUST_0728,REST_003,2026-04-16 06:00:59,190.35,4,Clear,Medium,Delivered,10.0,DEL_00650,DRV_0181,2.97,10.0,42.8,36.26,South Indian,4.4,6,3,0,Morning
ORD_00651,CUST_0176,REST_010,2026-03-15 19:42:11,692.14,2,Cloudy,Low,Delivered,30.0,DEL_00651,DRV_0028,2.41,30.0,59.3,64.79,Healthy,4.9,19,6,1,Evening
ORD_00652,CUST_0870,REST_079,2026-04-19 15:20:15,100.0,1,Clear,Low,Delivered,24.0,DEL_00652,DRV_0437,5.09,24.0,45.8,25.35,Healthy,4.4,15,6,1,Afternoon
ORD_00653,CUST_0253,REST_080,2026-05-29 22:16:39,172.95,1,Clear,Medium,Delivered,31.0,DEL_00653,DRV_0300,3.54,31.0,49.7,33.61,South Indian,5.0,22,4,0,Night
ORD_00654,CUST_0966,REST_017,2026-04-10 16:28:48,527.4,2,Rain,Medium,Delivered,20.0,DEL_00654,DRV_0067,7.23,20.0,73.5,47.26,Pizza,4.5,16,4,0,Afternoon
ORD_00655,CUST_0246,REST_083,2026-06-01 22:21:13,332.72,5,Rain,Medium,Delivered,17.0,DEL_00655,DRV_0242,3.73,17.0,48.6,17.89,Pizza,4.8,22,0,0,Night
ORD_00656,CUST_0739,REST_011,2026-06-09 22:07:38,136.68,2,Rain,Low,Delivered,15.0,DEL_00656,DRV_0363,7.09,15.0,55.7,28.6,Pizza,4.9,22,1,0,Night
ORD_00657,CUST_0106,REST_048,2026-05-18 15:11:44,203.03,1,Cloudy,High,Delivered,30.0,DEL_00657,DRV_0244,2.99,30.0,68.0,29.25,Chinese,4.0,15,0,0,Afternoon
ORD_00658,CUST_0193,REST_005,2026-06-14 03:31:36,181.06,3,Rain,High,Delivered,32.0,DEL_00658,DRV_0167,5.0,32.0,87.3,18.25,Chinese,4.4,3,6,1,Night
ORD_00659,CUST_0316,REST_069,2026-06-25 17:28:41,120.13,5,Rain,High,Delivered,28.0,DEL_00659,DRV_0266,1.59,28.0,71.2,30.94,Chinese,3.7,17,3,0,Evening
ORD_00660,CUST_0302,REST_064,2026-01-09 21:44:43,174.02,6,Clear,Medium,Delivered,12.0,DEL_00660,DRV_0051,3.97,12.0,53.8,39.35,Biryani,5.0,21,4,0,Evening
ORD_00661,CUST_0548,REST_014,2026-06-17 01:21:44,155.4,4,Clear,High,Delivered,33.0,DEL_00661,DRV_0109,10.71,33.0,94.7,13.81,Fast Food,5.0,1,2,0,Night
ORD_00662,CUST_0954,REST_050,2026-06-12 03:57:58,192.87,6,Clear,Low,Delivered,22.0,DEL_00662,DRV_0398,1.69,22.0,28.4,6.19,Desserts,4.0,3,4,0,Night
ORD_00663,CUST_0716,REST_026,2026-05-27 01:49:51,120.11,3,Clear,Low,Delivered,38.0,DEL_00663,DRV_0335,6.02,38.0,74.3,13.59,Fast Food,3.0,1,2,0,Night
ORD_00664,CUST_0934,REST_072,2026-02-06 22:05:48,100.0,6,Rain,Low,Delivered,21.0,DEL_00664,DRV_0134,10.83,21.0,76.7,25.35,Chinese,3.8,22,4,0,Night
ORD_00665,CUST_0779,REST_069,2026-06-21 15:53:47,177.2,5,Cloudy,High,Delivered,26.0,DEL_00665,DRV_0167,2.6,26.0,65.6,22.0,Chinese,3.7,15,6,1,Afternoon
ORD_00666,CUST_0268,REST_007,2026-05-03 16:03:58,465.59,1,Cloudy,Medium,Delivered,26.0,DEL_00666,DRV_0493,3.37,26.0,56.3,50.16,Healthy,3.9,16,6,1,Afternoon
ORD_00667,CUST_0170,REST_016,2026-05-15 20:21:59,189.66,1,Clear,High,Delivered,23.0,DEL_00667,DRV_0080,2.52,23.0,64.0,33.29,Indian,3.7,20,4,0,Evening
ORD_00668,CUST_0551,REST_055,2026-01-01 13:32:00,151.05,3,Clear,Low,Delivered,37.0,DEL_00668,DRV_0495,6.98,37.0,74.8,15.45,North Indian,4.2,13,3,0,Afternoon
ORD_00670,CUST_0651,REST_056,2026-05-19 11:05:49,166.16,5,Heavy Rain,High,Delivered,27.0,DEL_00670,DRV_0099,9.2,27.0,107.0,26.45,Desserts,4.2,11,1,0,Morning
ORD_00671,CUST_0292,REST_004,2026-06-01 07:47:59,506.45,4,Clear,High,Delivered,17.0,DEL_00671,DRV_0432,11.42,17.0,86.7,78.85,Healthy,3.7,7,0,0,Morning
ORD_00672,CUST_0564,REST_100,2026-03-19 00:24:28,180.88,6,Rain,Medium,Delivered,30.0,DEL_00672,DRV_0153,1.48,30.0,63.1,26.54,Pizza,3.9,0,3,0,Night
ORD_00673,CUST_0799,REST_048,2026-03-22 17:07:28,266.47,6,Clear,High,Delivered,30.0,DEL_00673,DRV_0481,7.23,30.0,78.7,32.31,Chinese,4.0,17,6,1,Evening
ORD_00674,CUST_0801,REST_017,2026-02-05 12:37:54,119.7,4,Cloudy,High,Delivered,16.0,DEL_00674,DRV_0376,9.6,16.0,90.7,12.37,Pizza,4.5,12,3,0,Afternoon
ORD_00675,CUST_0141,REST_036,2026-02-15 02:54:46,239.06,2,Cloudy,Medium,Delivered,18.0,DEL_00675,DRV_0289,8.66,18.0,64.4,20.05,Indian,3.0,2,6,1,Night
ORD_00676,CUST_0146,REST_070,2026-02-23 05:53:04,210.88,3,Rain,Medium,Delivered,15.0,DEL_00676,DRV_0083,2.28,15.0,45.6,18.33,Desserts,4.2,5,0,0,Night
ORD_00677,CUST_0425,REST_080,2026-06-02 17:26:18,175.73,5,Clear,Medium,Delivered,32.0,DEL_00677,DRV_0102,7.05,32.0,65.6,19.22,South Indian,5.0,17,1,0,Evening
ORD_00678,CUST_0314,REST_093,2026-06-07 16:27:29,137.56,3,Clear,Medium,Delivered,20.0,DEL_00678,DRV_0331,7.1,20.0,64.4,18.07,Indian,3.8,16,6,1,Afternoon
ORD_00679,CUST_0184,REST_100,2026-03-14 21:53:53,127.62,4,Clear,High,Delivered,35.0,DEL_00679,DRV_0376,3.39,35.0,80.1,30.84,Pizza,3.9,21,5,1,Evening
ORD_00680,CUST_0664,REST_038,2026-05-10 11:33:55,211.73,5,Rain,Low,Delivered,39.0,DEL_00680,DRV_0231,5.03,39.0,76.7,33.66,Indian,3.7,11,6,1,Morning
ORD_00681,CUST_0713,REST_062,2026-04-24 16:14:06,256.19,1,Clear,Medium,Delivered,16.0,DEL_00681,DRV_0451,0.6,16.0,25.9,39.28,Fast Food,3.5,16,4,0,Afternoon
ORD_00682,CUST_0128,REST_048,2026-03-11 11:54:35,169.03,1,Clear,Low,Delivered,32.0,DEL_00682,DRV_0252,5.91,32.0,65.3,13.68,Chinese,4.0,11,2,0,Morning
ORD_00683,CUST_0287,REST_010,2026-06-12 23:21:54,212.3,5,Cloudy,Low,Delivered,34.0,DEL_00683,DRV_0358,3.98,34.0,51.2,30.48,Healthy,4.9,23,4,0,Night
ORD_00684,CUST_0823,REST_036,2026-01-30 10:12:02,177.53,3,Cloudy,Low,Delivered,20.0,DEL_00684,DRV_0321,4.55,20.0,48.9,16.99,Indian,3.0,10,4,0,Morning
ORD_00685,CUST_0253,REST_029,2026-04-27 13:56:57,191.37,3,Rain,High,Delivered,28.0,DEL_00685,DRV_0424,4.14,28.0,79.2,36.52,Pizza,3.9,13,0,0,Afternoon
ORD_00686,CUST_0778,REST_078,2026-04-30 23:35:32,162.35,1,Rain,Low,Delivered,38.0,DEL_00686,DRV_0025,3.86,38.0,64.9,25.46,Biryani,3.9,23,3,0,Night
ORD_00687,CUST_0700,REST_004,2026-04-04 09:32:02,183.07,1,Cloudy,High,Delivered,11.0,DEL_00687,DRV_0057,1.67,11.0,33.9,16.42,Healthy,3.7,9,5,1,Morning
ORD_00688,CUST_0386,REST_044,2026-04-26 10:48:10,799.45,4,Rain,High,Delivered,22.0,DEL_00688,DRV_0416,2.91,22.0,61.9,56.85,Biryani,4.1,10,6,1,Morning
ORD_00689,CUST_0230,REST_056,2026-06-09 16:36:54,215.16,5,Cloudy,Medium,Delivered,34.0,DEL_00689,DRV_0302,5.85,34.0,72.1,20.54,Desserts,4.2,16,1,0,Afternoon
ORD_00690,CUST_0271,REST_042,2026-05-14 00:11:48,258.5,3,Clear,Low,Delivered,35.0,DEL_00690,DRV_0100,8.98,35.0,82.7,42.65,Healthy,5.0,0,3,0,Night
ORD_00691,CUST_0771,REST_100,2026-03-26 07:35:15,230.65,4,Rain,Low,Delivered,34.0,DEL_00691,DRV_0388,2.28,34.0,43.7,16.32,Pizza,3.9,7,3,0,Morning
ORD_00692,CUST_0811,REST_013,2026-05-09 10:48:43,156.88,3,Cloudy,Medium,Delivered,13.0,DEL_00692,DRV_0119,5.28,13.0,52.5,29.1,Cafe,3.2,10,5,1,Morning
ORD_00693,CUST_0415,REST_046,2026-05-20 07:44:18,369.33,1,Clear,Low,Delivered,23.0,DEL_00693,DRV_0151,4.39,23.0,43.4,19.5,North Indian,3.7,7,2,0,Morning
ORD_00694,CUST_0198,REST_082,2026-03-01 16:09:18,154.45,5,Cloudy,Medium,Delivered,33.0,DEL_00694,DRV_0080,8.62,33.0,72.3,36.58,Healthy,3.7,16,6,1,Afternoon
ORD_00695,CUST_0323,REST_033,2026-01-29 01:28:43,323.85,2,Clear,High,Delivered,28.0,DEL_00695,DRV_0331,3.99,28.0,60.7,35.64,Fast Food,4.1,1,3,0,Night
ORD_00696,CUST_0056,REST_021,2026-05-31 08:02:43,150.83,5,Clear,Low,Delivered,26.0,DEL_00696,DRV_0150,10.59,26.0,70.8,30.76,Fast Food,3.7,8,6,1,Morning
ORD_00697,CUST_0831,REST_080,2026-03-30 04:35:09,106.91,6,Cloudy,Medium,Delivered,34.0,DEL_00697,DRV_0359,3.69,34.0,65.3,20.96,South Indian,5.0,4,0,0,Night
ORD_00698,CUST_0203,REST_079,2026-06-13 15:37:34,221.62,2,Rain,High,Delivered,26.0,DEL_00698,DRV_0126,3.57,26.0,71.5,30.55,Healthy,4.4,15,5,1,Afternoon
ORD_00699,CUST_0783,REST_057,2026-04-25 21:04:11,100.0,4,Cloudy,High,Delivered,21.0,DEL_00699,DRV_0289,2.5,21.0,61.2,20.77,Desserts,4.7,21,5,1,Evening
ORD_00700,CUST_0621,REST_069,2026-04-18 08:48:17,243.37,2,Clear,High,Delivered,26.0,DEL_00700,DRV_0041,6.72,26.0,66.5,23.79,Chinese,3.7,8,5,1,Morning
ORD_00701,CUST_0628,REST_070,2026-05-18 18:39:44,100.0,2,Heavy Rain,High,Delivered,18.0,DEL_00701,DRV_0190,9.95,18.0,99.3,21.81,Desserts,4.2,18,0,0,Evening
ORD_00702,CUST_0604,REST_067,2026-06-22 10:36:34,152.1,4,Clear,Medium,Delivered,14.0,DEL_00702,DRV_0422,3.15,14.0,40.8,21.38,North Indian,3.1,10,0,0,Morning
ORD_00703,CUST_0138,REST_048,2026-03-07 08:25:19,100.0,5,Clear,High,Delivered,37.0,DEL_00703,DRV_0440,3.63,37.0,80.2,22.66,Chinese,4.0,8,5,1,Morning
ORD_00704,CUST_0422,REST_076,2026-05-22 00:07:06,856.87,4,Clear,High,Delivered,19.0,DEL_00704,DRV_0063,2.46,19.0,51.3,113.31,Chinese,3.7,0,4,0,Night
ORD_00705,CUST_0815,REST_100,2026-03-21 00:06:57,100.0,6,Clear,Medium,Delivered,35.0,DEL_00705,DRV_0205,1.31,35.0,57.0,13.48,Pizza,3.9,0,5,1,Night
ORD_00706,CUST_0057,REST_033,2026-05-20 22:55:43,182.25,1,Clear,Medium,Delivered,31.0,DEL_00706,DRV_0341,2.66,31.0,56.2,27.35,Fast Food,4.1,22,2,0,Night
ORD_00707,CUST_0562,REST_036,2026-01-08 20:45:20,339.96,1,Cloudy,Medium,Delivered,21.0,DEL_00707,DRV_0204,3.47,21.0,65.8,7.85,Indian,3.0,20,3,0,Evening
ORD_00708,CUST_0071,REST_033,2026-06-30 11:32:00,320.54,2,Rain,Medium,Delivered,29.0,DEL_00708,DRV_0439,8.37,29.0,84.8,13.65,Fast Food,4.1,11,1,0,Morning
ORD_00709,CUST_0911,REST_031,2026-06-01 01:08:33,289.52,4,Heavy Rain,Low,Delivered,28.0,DEL_00709,DRV_0179,2.53,28.0,59.8,24.08,North Indian,4.0,1,0,0,Night
ORD_00710,CUST_0914,REST_021,2026-06-18 07:34:20,152.25,4,Rain,Medium,Delivered,21.0,DEL_00710,DRV_0346,3.62,21.0,45.8,20.9,Fast Food,3.7,7,3,0,Morning
ORD_00711,CUST_0594,REST_027,2026-06-25 19:04:28,381.11,4,Clear,Medium,Delivered,26.0,DEL_00711,DRV_0497,4.75,26.0,66.6,60.39,South Indian,4.0,19,3,0,Evening
ORD_00712,CUST_0372,REST_091,2026-03-08 06:54:48,299.58,6,Cloudy,Medium,Delivered,11.0,DEL_00712,DRV_0321,1.95,11.0,34.3,21.65,Cafe,4.6,6,6,1,Morning
ORD_00713,CUST_0617,REST_072,2026-03-29 00:54:52,203.72,6,Rain,Low,Delivered,16.0,DEL_00713,DRV_0105,6.3,16.0,62.4,26.62,Chinese,3.8,0,6,1,Night
ORD_00714,CUST_0600,REST_062,2026-02-11 01:54:52,206.92,5,Clear,High,Delivered,24.0,DEL_00714,DRV_0313,3.54,24.0,56.4,23.44,Fast Food,3.5,1,2,0,Night
ORD_00715,CUST_0514,REST_096,2026-04-15 02:59:16,153.37,3,Rain,Low,Delivered,33.0,DEL_00715,DRV_0086,2.98,33.0,54.9,28.37,Biryani,3.3,2,2,0,Night
ORD_00716,CUST_0872,REST_026,2026-04-10 23:16:40,109.91,3,Clear,Low,Delivered,40.0,DEL_00716,DRV_0411,9.55,40.0,84.2,27.29,Fast Food,3.0,23,4,0,Night
ORD_00717,CUST_0084,REST_066,2026-03-22 02:16:55,357.96,3,Clear,Medium,Delivered,30.0,DEL_00717,DRV_0441,10.24,30.0,84.5,56.08,North Indian,3.5,2,6,1,Night
ORD_00718,CUST_0994,REST_012,2026-02-25 19:47:40,373.05,5,Cloudy,Medium,Delivered,17.0,DEL_00718,DRV_0439,2.21,17.0,54.3,45.93,South Indian,4.6,19,2,0,Evening
ORD_00719,CUST_0043,REST_022,2026-06-17 15:43:59,111.47,4,Cloudy,Low,Delivered,17.0,DEL_00719,DRV_0480,7.07,17.0,60.4,18.11,Biryani,4.5,15,2,0,Afternoon
ORD_00720,CUST_0666,REST_017,2026-06-11 20:27:38,166.57,3,Cloudy,Medium,Delivered,18.0,DEL_00720,DRV_0328,12.27,18.0,95.8,8.8,Pizza,4.5,20,3,0,Evening
ORD_00721,CUST_0839,REST_007,2026-01-13 07:20:05,167.52,4,Clear,High,Delivered,25.0,DEL_00721,DRV_0251,3.87,25.0,60.8,38.0,Healthy,3.9,7,1,0,Morning
ORD_00722,CUST_0934,REST_068,2026-01-10 16:04:48,178.05,2,Cloudy,Medium,Delivered,19.0,DEL_00722,DRV_0482,5.15,19.0,50.3,25.08,Indian,4.5,16,5,1,Afternoon
ORD_00723,CUST_0606,REST_037,2026-02-15 15:23:53,187.8,3,Rain,Medium,Delivered,19.0,DEL_00723,DRV_0338,4.39,19.0,61.2,34.13,Chinese,3.8,15,6,1,Afternoon
ORD_00724,CUST_0810,REST_038,2026-03-28 08:21:56,305.14,2,Heavy Rain,Low,Delivered,39.0,DEL_00724,DRV_0004,7.18,39.0,81.1,27.52,Indian,3.7,8,5,1,Morning
ORD_00725,CUST_0133,REST_096,2026-03-28 01:55:07,120.18,5,Clear,Medium,Delivered,29.0,DEL_00725,DRV_0321,2.63,29.0,50.5,20.49,Biryani,3.3,1,5,1,Night
ORD_00726,CUST_0395,REST_011,2026-04-09 16:46:14,113.81,1,Clear,High,Delivered,18.0,DEL_00726,DRV_0184,2.62,18.0,58.3,22.92,Pizza,4.9,16,3,0,Afternoon
ORD_00727,CUST_0065,REST_001,2026-03-27 11:41:45,357.86,6,Cloudy,Medium,Delivered,14.0,DEL_00727,DRV_0181,2.77,14.0,42.2,36.49,Pizza,4.8,11,4,0,Morning
ORD_00728,CUST_0290,REST_025,2026-06-14 08:51:09,140.55,5,Clear,High,Delivered,33.0,DEL_00728,DRV_0300,2.21,33.0,61.0,25.22,South Indian,4.0,8,6,1,Morning
ORD_00729,CUST_0376,REST_042,2026-03-10 20:41:46,100.0,5,Clear,Medium,Delivered,36.0,DEL_00729,DRV_0016,2.21,36.0,64.2,19.57,Healthy,5.0,20,1,0,Evening
ORD_00730,CUST_0769,REST_052,2026-06-17 03:44:23,138.82,5,Clear,Medium,Delivered,24.0,DEL_00730,DRV_0094,3.97,24.0,51.8,18.05,Healthy,4.6,3,2,0,Night
ORD_00731,CUST_0467,REST_024,2026-03-21 09:13:59,151.18,3,Rain,High,Delivered,35.0,DEL_00731,DRV_0279,3.3,35.0,72.2,13.18,Cafe,4.3,9,5,1,Morning
ORD_00732,CUST_0898,REST_053,2026-03-04 13:25:26,426.34,2,Rain,High,Delivered,17.0,DEL_00732,DRV_0415,5.46,17.0,89.8,36.2,Desserts,5.0,13,2,0,Afternoon
ORD_00733,CUST_0213,REST_056,2026-04-19 07:08:33,301.47,6,Clear,High,Delivered,27.0,DEL_00733,DRV_0156,2.68,27.0,57.6,13.75,Desserts,4.2,7,6,1,Morning
ORD_00734,CUST_0148,REST_063,2026-01-26 16:32:20,340.75,3,Clear,Medium,Delivered,17.0,DEL_00734,DRV_0434,5.34,17.0,56.9,46.34,Biryani,4.7,16,0,0,Afternoon
ORD_00735,CUST_0573,REST_081,2026-05-04 17:14:28,284.57,1,Cloudy,High,Delivered,27.0,DEL_00735,DRV_0357,4.29,27.0,64.7,58.65,Desserts,4.1,17,0,0,Evening
ORD_00736,CUST_0471,REST_008,2026-04-15 07:47:58,305.04,6,Clear,Medium,Delivered,30.0,DEL_00736,DRV_0016,12.2,30.0,93.5,56.16,Desserts,4.5,7,2,0,Morning
ORD_00737,CUST_0149,REST_059,2026-04-05 00:12:19,124.16,5,Cloudy,High,Delivered,33.0,DEL_00737,DRV_0041,4.13,33.0,74.8,25.2,Pizza,4.0,0,6,1,Night
ORD_00738,CUST_0088,REST_045,2026-03-29 17:22:55,162.51,4,Clear,Low,Delivered,38.0,DEL_00738,DRV_0137,5.67,38.0,63.2,27.71,Pizza,4.2,17,6,1,Evening
ORD_00739,CUST_0324,REST_027,2026-02-11 10:57:50,105.17,1,Clear,Medium,Delivered,27.0,DEL_00739,DRV_0258,2.01,27.0,48.5,24.02,South Indian,4.0,10,2,0,Morning
ORD_00740,CUST_0895,REST_052,2026-05-24 10:35:58,161.46,2,Clear,High,Delivered,29.0,DEL_00740,DRV_0366,2.29,29.0,62.4,20.03,Healthy,4.6,10,6,1,Morning
ORD_00741,CUST_0396,REST_018,2026-01-30 06:33:15,264.08,1,Cloudy,Low,Delivered,34.0,DEL_00741,DRV_0043,10.94,34.0,82.8,47.0,Pizza,3.6,6,4,0,Morning
ORD_00742,CUST_0790,REST_091,2026-06-27 05:30:15,195.2,3,Cloudy,Medium,Delivered,18.0,DEL_00742,DRV_0066,6.24,18.0,59.5,37.03,Cafe,4.6,5,5,1,Night
ORD_00743,CUST_0404,REST_086,2026-05-19 13:38:47,372.9,4,Clear,High,Delivered,37.0,DEL_00743,DRV_0352,5.68,37.0,93.2,51.56,Chinese,3.8,13,1,0,Afternoon
ORD_00744,CUST_0082,REST_016,2026-03-31 23:34:09,100.0,3,Clear,Low,Delivered,29.0,DEL_00744,DRV_0208,4.11,29.0,43.9,25.71,Indian,3.7,23,1,0,Night
ORD_00745,CUST_0641,REST_066,2026-06-05 01:51:57,238.68,6,Clear,Medium,Delivered,33.0,DEL_00745,DRV_0245,4.54,33.0,56.1,29.49,North Indian,3.5,1,4,0,Night
ORD_00746,CUST_0286,REST_005,2026-04-23 13:54:13,100.0,5,Cloudy,Medium,Delivered,38.0,DEL_00746,DRV_0243,3.9,38.0,77.9,25.02,Chinese,4.4,13,3,0,Afternoon
ORD_00747,CUST_0382,REST_082,2026-06-24 10:05:24,190.91,5,Clear,Medium,Delivered,32.0,DEL_00747,DRV_0077,6.2,32.0,58.4,41.01,Healthy,3.7,10,2,0,Morning
ORD_00749,CUST_0792,REST_091,2026-01-24 14:18:51,161.1,5,Cloudy,Low,Delivered,13.0,DEL_00749,DRV_0219,7.0,13.0,70.4,34.64,Cafe,4.6,14,5,1,Afternoon
ORD_00750,CUST_0270,REST_081,2026-02-26 02:39:53,245.46,5,Rain,Low,Delivered,21.0,DEL_00750,DRV_0381,2.38,21.0,52.1,24.91,Desserts,4.1,2,3,0,Night
ORD_00751,CUST_0292,REST_080,2026-06-08 21:22:11,106.93,6,Clear,Low,Delivered,32.0,DEL_00751,DRV_0223,4.21,32.0,59.6,0.0,South Indian,5.0,21,0,0,Evening
ORD_00752,CUST_0453,REST_070,2026-06-03 13:45:58,100.0,2,Clear,Low,Delivered,15.0,DEL_00752,DRV_0353,1.77,15.0,44.1,26.01,Desserts,4.2,13,2,0,Afternoon
ORD_00753,CUST_0715,REST_007,2026-03-08 03:25:00,246.25,2,Rain,Medium,Delivered,21.0,DEL_00753,DRV_0021,8.25,21.0,81.0,43.43,Healthy,3.9,3,6,1,Night
ORD_00754,CUST_0024,REST_050,2026-03-16 13:12:48,473.05,3,Rain,Medium,Delivered,21.0,DEL_00754,DRV_0147,5.92,21.0,78.8,42.63,Desserts,4.0,13,0,0,Afternoon
ORD_00756,CUST_0863,REST_038,2026-01-03 05:28:47,355.03,2,Rain,Low,Delivered,37.0,DEL_00756,DRV_0313,5.62,37.0,73.2,53.83,Indian,3.7,5,5,1,Night
ORD_00757,CUST_0311,REST_079,2026-05-20 23:39:20,185.65,1,Cloudy,Medium,Delivered,28.0,DEL_00757,DRV_0077,3.92,28.0,63.1,29.73,Healthy,4.4,23,2,0,Night
ORD_00758,CUST_0461,REST_047,2026-04-19 10:22:17,100.0,2,Heavy Rain,Medium,Delivered,32.0,DEL_00758,DRV_0316,8.39,32.0,95.4,12.82,Desserts,4.4,10,6,1,Morning
ORD_00759,CUST_0208,REST_033,2026-05-03 00:24:59,100.0,3,Clear,High,Delivered,33.0,DEL_00759,DRV_0403,7.84,33.0,78.0,19.92,Fast Food,4.1,0,6,1,Night
ORD_00760,CUST_0792,REST_043,2026-01-03 11:05:36,182.85,4,Rain,Medium,Delivered,16.0,DEL_00760,DRV_0355,9.73,16.0,87.9,36.34,Fast Food,3.7,11,5,1,Morning
ORD_00761,CUST_0717,REST_091,2026-04-12 22:19:26,145.12,5,Rain,High,Delivered,16.0,DEL_00761,DRV_0448,7.12,16.0,89.3,33.16,Cafe,4.6,22,6,1,Night
ORD_00762,CUST_0664,REST_029,2026-04-21 00:25:47,100.0,6,Clear,Low,Delivered,30.0,DEL_00762,DRV_0035,4.08,30.0,40.8,20.08,Pizza,3.9,0,1,0,Night
ORD_00763,CUST_0438,REST_057,2026-06-22 02:28:52,100.0,4,Rain,Medium,Delivered,28.0,DEL_00763,DRV_0126,5.1,28.0,71.4,16.62,Desserts,4.7,2,0,0,Night
ORD_00764,CUST_0538,REST_005,2026-06-26 22:04:38,113.78,4,Clear,Medium,Delivered,41.0,DEL_00764,DRV_0417,2.98,41.0,72.9,23.03,Chinese,4.4,22,4,0,Night
ORD_00765,CUST_0706,REST_093,2026-03-30 09:30:31,201.66,5,Clear,High,Delivered,21.0,DEL_00765,DRV_0323,3.6,21.0,64.2,37.5,Indian,3.8,9,0,0,Morning
ORD_00766,CUST_0336,REST_096,2026-01-06 12:58:59,180.64,2,Clear,Medium,Delivered,28.0,DEL_00766,DRV_0496,6.51,28.0,81.5,37.52,Biryani,3.3,12,1,0,Afternoon
ORD_00767,CUST_0422,REST_060,2026-04-03 09:22:09,137.6,1,Rain,Medium,Delivered,23.0,DEL_00767,DRV_0469,1.67,23.0,43.9,33.92,Chinese,4.2,9,4,0,Morning
ORD_00768,CUST_0750,REST_070,2026-04-10 21:35:31,202.56,4,Cloudy,Low,Delivered,18.0,DEL_00768,DRV_0232,5.61,18.0,63.8,26.11,Desserts,4.2,21,4,0,Evening
ORD_00769,CUST_0321,REST_002,2026-01-24 11:26:06,321.18,1,Cloudy,Medium,Delivered,37.0,DEL_00769,DRV_0087,6.17,37.0,76.5,39.38,North Indian,4.2,11,5,1,Morning
ORD_00770,CUST_0497,REST_070,2026-06-02 16:53:57,225.15,6,Cloudy,Low,Delivered,17.0,DEL_00770,DRV_0304,6.73,17.0,57.4,17.52,Desserts,4.2,16,1,0,Afternoon
ORD_00771,CUST_0587,REST_043,2026-02-26 03:35:07,169.57,6,Clear,Low,Delivered,22.0,DEL_00771,DRV_0188,2.84,22.0,33.8,20.27,Fast Food,3.7,3,3,0,Night
ORD_00772,CUST_0947,REST_004,2026-01-23 13:55:08,302.0,6,Clear,Low,Delivered,12.0,DEL_00772,DRV_0493,10.69,12.0,67.0,44.3,Healthy,3.7,13,4,0,Afternoon
ORD_00773,CUST_0163,REST_056,2026-04-17 11:12:49,106.92,3,Cloudy,High,Delivered,31.0,DEL_00773,DRV_0045,6.14,31.0,79.6,13.11,Desserts,4.2,11,4,0,Morning
ORD_00774,CUST_0811,REST_093,2026-02-27 21:35:54,160.18,4,Heavy Rain,Medium,Delivered,17.0,DEL_00774,DRV_0331,8.0,17.0,86.7,16.29,Indian,3.8,21,4,0,Evening
ORD_00775,CUST_0541,REST_059,2026-03-03 10:33:55,162.29,6,Clear,High,Delivered,33.0,DEL_00775,DRV_0324,1.66,33.0,60.3,20.87,Pizza,4.0,10,1,0,Morning
ORD_00776,CUST_0165,REST_089,2026-05-21 17:06:43,100.0,3,Clear,High,Delivered,21.0,DEL_00776,DRV_0452,1.21,21.0,47.2,26.56,North Indian,4.1,17,3,0,Evening
ORD_00777,CUST_0849,REST_009,2026-06-16 16:26:37,143.89,6,Clear,High,Delivered,18.0,DEL_00777,DRV_0399,1.63,18.0,47.9,18.08,Biryani,4.6,16,1,0,Afternoon
ORD_00778,CUST_0698,REST_003,2026-05-29 18:41:53,100.0,2,Clear,High,Delivered,8.0,DEL_00778,DRV_0348,4.58,8.0,49.4,18.75,South Indian,4.4,18,4,0,Evening
ORD_00779,CUST_0566,REST_090,2026-01-03 04:58:21,518.89,4,Clear,High,Delivered,39.0,DEL_00779,DRV_0484,6.88,39.0,86.5,52.11,North Indian,4.2,4,5,1,Night
ORD_00780,CUST_0295,REST_048,2026-03-07 08:18:36,108.25,3,Cloudy,Low,Delivered,34.0,DEL_00780,DRV_0072,3.48,34.0,47.0,11.94,Chinese,4.0,8,5,1,Morning
ORD_00781,CUST_0042,REST_043,2026-01-18 01:35:42,433.7,6,Clear,Low,Delivered,24.0,DEL_00781,DRV_0216,3.61,24.0,46.2,36.6,Fast Food,3.7,1,6,1,Night
ORD_00782,CUST_0924,REST_091,2026-02-10 16:39:54,185.11,3,Clear,Medium,Delivered,14.0,DEL_00782,DRV_0098,0.81,14.0,33.7,10.28,Cafe,4.6,16,1,0,Afternoon
ORD_00783,CUST_0285,REST_100,2026-01-26 10:52:52,247.32,6,Rain,Medium,Delivered,30.0,DEL_00783,DRV_0271,3.62,30.0,58.2,34.45,Pizza,3.9,10,0,0,Morning
ORD_00784,CUST_0939,REST_096,2026-01-27 23:42:50,138.54,2,Heavy Rain,Low,Delivered,27.0,DEL_00784,DRV_0407,3.52,27.0,67.3,9.84,Biryani,3.3,23,1,0,Night
ORD_00785,CUST_0387,REST_001,2026-04-01 21:31:35,203.23,1,Clear,Medium,Delivered,13.0,DEL_00785,DRV_0444,2.35,13.0,43.7,41.66,Pizza,4.8,21,2,0,Evening
ORD_00786,CUST_0138,REST_057,2026-05-22 12:31:26,259.24,6,Cloudy,Medium,Delivered,20.0,DEL_00786,DRV_0091,3.05,20.0,65.1,15.11,Desserts,4.7,12,4,0,Afternoon
ORD_00787,CUST_0187,REST_053,2026-01-23 06:16:53,261.26,1,Clear,High,Delivered,25.0,DEL_00787,DRV_0142,9.72,25.0,88.5,45.75,Desserts,5.0,6,4,0,Morning
ORD_00788,CUST_0910,REST_016,2026-01-11 10:42:42,277.58,4,Rain,Medium,Delivered,27.0,DEL_00788,DRV_0117,4.85,27.0,72.0,42.18,Indian,3.7,10,6,1,Morning
ORD_00789,CUST_0716,REST_051,2026-05-28 13:13:25,148.03,2,Cloudy,Medium,Delivered,12.0,DEL_00789,DRV_0002,4.41,12.0,59.1,30.13,Healthy,3.6,13,3,0,Afternoon
ORD_00790,CUST_0431,REST_075,2026-04-30 02:47:34,139.18,4,Rain,Medium,Delivered,9.0,DEL_00790,DRV_0381,2.96,9.0,47.9,20.7,Fast Food,3.5,2,3,0,Night
ORD_00791,CUST_0554,REST_090,2026-05-11 07:31:17,100.0,1,Clear,Medium,Delivered,33.0,DEL_00791,DRV_0483,5.43,33.0,71.1,25.87,North Indian,4.2,7,0,0,Morning
ORD_00792,CUST_0862,REST_055,2026-02-21 00:19:37,241.72,2,Cloudy,High,Delivered,35.0,DEL_00792,DRV_0043,15.33,35.0,129.9,41.53,North Indian,4.2,0,5,1,Night
ORD_00794,CUST_0800,REST_090,2026-02-21 21:00:48,440.89,2,Clear,Medium,Delivered,33.0,DEL_00794,DRV_0144,3.46,33.0,70.5,63.3,North Indian,4.2,21,5,1,Evening
ORD_00795,CUST_0426,REST_028,2026-05-04 19:14:14,214.4,2,Clear,Medium,Delivered,21.0,DEL_00795,DRV_0342,3.81,21.0,53.3,18.31,Indian,4.4,19,0,0,Evening
ORD_00796,CUST_0416,REST_053,2026-01-28 07:20:03,118.92,5,Cloudy,Medium,Delivered,25.0,DEL_00796,DRV_0246,7.59,25.0,59.3,20.15,Desserts,5.0,7,2,0,Morning
ORD_00797,CUST_0026,REST_058,2026-05-19 11:15:23,100.0,3,Cloudy,Low,Delivered,23.0,DEL_00797,DRV_0284,13.98,23.0,86.7,15.17,Fast Food,4.7,11,1,0,Morning
ORD_00798,CUST_0371,REST_073,2026-02-10 03:43:18,321.47,3,Clear,Low,Delivered,34.0,DEL_00798,DRV_0416,1.55,34.0,39.8,58.86,South Indian,3.9,3,1,0,Night
ORD_00800,CUST_0056,REST_059,2026-03-02 20:00:29,150.31,1,Clear,Medium,Delivered,36.0,DEL_00800,DRV_0214,3.79,36.0,71.5,16.15,Pizza,4.0,20,0,0,Evening
ORD_00801,CUST_0253,REST_022,2026-01-27 03:23:38,160.23,2,Clear,High,Delivered,25.0,DEL_00801,DRV_0107,7.56,25.0,81.6,32.24,Biryani,4.5,3,1,0,Night
ORD_00802,CUST_0634,REST_008,2026-05-16 04:23:24,174.48,6,Cloudy,Medium,Delivered,29.0,DEL_00802,DRV_0386,4.26,29.0,58.1,17.91,Desserts,4.5,4,5,1,Night
ORD_00803,CUST_0106,REST_049,2026-06-12 14:13:48,184.88,5,Clear,Low,Delivered,27.0,DEL_00803,DRV_0456,8.15,27.0,78.7,16.16,Cafe,3.6,14,4,0,Afternoon
ORD_00804,CUST_0130,REST_042,2026-04-19 16:00:17,195.58,6,Clear,Medium,Delivered,27.0,DEL_00804,DRV_0263,1.24,27.0,44.7,25.21,Healthy,5.0,16,6,1,Afternoon
ORD_00805,CUST_0849,REST_027,2026-04-09 09:19:36,100.0,1,Clear,Low,Delivered,26.0,DEL_00805,DRV_0294,5.89,26.0,54.5,19.25,South Indian,4.0,9,3,0,Morning
ORD_00806,CUST_0670,REST_039,2026-04-01 19:44:18,182.74,5,Cloudy,High,Delivered,28.0,DEL_00806,DRV_0176,7.56,28.0,103.0,29.05,Desserts,4.2,19,2,0,Evening
ORD_00807,CUST_0376,REST_083,2026-06-02 23:23:33,100.0,6,Clear,Medium,Delivered,18.0,DEL_00807,DRV_0469,1.09,18.0,37.7,19.49,Pizza,4.8,23,1,0,Night
ORD_00808,CUST_0743,REST_025,2026-03-31 01:12:35,271.16,1,Heavy Rain,High,Delivered,34.0,DEL_00808,DRV_0107,5.8,34.0,93.1,28.6,South Indian,4.0,1,1,0,Night
ORD_00809,CUST_0967,REST_038,2026-05-05 08:05:20,133.58,1,Clear,Medium,Delivered,37.0,DEL_00809,DRV_0086,1.84,37.0,57.6,14.88,Indian,3.7,8,1,0,Morning
ORD_00810,CUST_0308,REST_085,2026-03-25 19:06:16,100.0,1,Cloudy,High,Delivered,11.0,DEL_00810,DRV_0227,3.83,11.0,74.1,11.18,South Indian,3.4,19,2,0,Evening
ORD_00811,CUST_0091,REST_024,2026-02-26 04:00:58,115.84,5,Clear,Low,Delivered,36.0,DEL_00811,DRV_0082,3.59,36.0,52.9,15.62,Cafe,4.3,4,3,0,Night
ORD_00812,CUST_0393,REST_024,2026-06-11 04:20:30,132.48,6,Cloudy,Low,Delivered,36.0,DEL_00812,DRV_0329,1.9,36.0,51.6,22.87,Cafe,4.3,4,3,0,Night
ORD_00813,CUST_0534,REST_060,2026-05-17 14:07:49,348.93,6,Cloudy,Low,Delivered,18.0,DEL_00813,DRV_0241,4.61,18.0,55.3,55.71,Chinese,4.2,14,6,1,Afternoon
ORD_00814,CUST_0802,REST_083,2026-05-07 21:44:31,201.98,4,Clear,Medium,Delivered,16.0,DEL_00814,DRV_0002,3.57,16.0,54.6,1.65,Pizza,4.8,21,3,0,Evening
ORD_00815,CUST_0110,REST_050,2026-03-30 17:45:43,219.08,1,Clear,Medium,Delivered,21.0,DEL_00815,DRV_0251,3.0,21.0,44.3,7.06,Desserts,4.0,17,0,0,Evening
ORD_00817,CUST_0641,REST_014,2026-05-04 14:06:06,171.94,2,Clear,High,Delivered,30.0,DEL_00817,DRV_0426,7.62,30.0,101.0,26.17,Fast Food,5.0,14,0,0,Afternoon
ORD_00818,CUST_0585,REST_053,2026-04-11 02:40:49,274.46,4,Clear,Low,Delivered,22.0,DEL_00818,DRV_0081,5.45,22.0,46.6,47.95,Desserts,5.0,2,5,1,Night
ORD_00819,CUST_0340,REST_032,2026-03-05 00:27:18,264.05,4,Cloudy,Medium,Delivered,18.0,DEL_00819,DRV_0488,3.42,18.0,41.4,16.78,Healthy,3.9,0,3,0,Night
ORD_00820,CUST_0565,REST_096,2026-03-18 23:53:57,100.0,5,Rain,High,Delivered,35.0,DEL_00820,DRV_0404,1.33,35.0,69.9,21.44,Biryani,3.3,23,2,0,Night
ORD_00821,CUST_0979,REST_092,2026-02-08 05:09:37,407.54,4,Clear,Medium,Delivered,24.0,DEL_00821,DRV_0262,2.58,24.0,52.6,20.31,Indian,4.1,5,6,1,Night
ORD_00822,CUST_0356,REST_048,2026-02-19 17:24:31,100.0,6,Clear,High,Delivered,29.0,DEL_00822,DRV_0395,2.68,29.0,68.1,33.64,Chinese,4.0,17,3,0,Evening
ORD_00823,CUST_0892,REST_039,2026-01-05 13:15:45,300.23,5,Clear,Medium,Delivered,30.0,DEL_00823,DRV_0197,10.87,30.0,89.5,46.18,Desserts,4.2,13,0,0,Afternoon
ORD_00824,CUST_0168,REST_040,2026-04-23 22:50:11,100.0,5,Clear,Medium,Delivered,24.0,DEL_00824,DRV_0248,1.2,24.0,47.6,17.24,Desserts,4.1,22,3,0,Night
ORD_00825,CUST_0557,REST_042,2026-02-09 23:13:23,252.32,3,Rain,Low,Delivered,33.0,DEL_00825,DRV_0330,3.32,33.0,68.0,30.92,Healthy,5.0,23,0,0,Night
ORD_00826,CUST_0452,REST_077,2026-01-28 03:37:51,504.74,1,Cloudy,High,Delivered,14.0,DEL_00826,DRV_0471,5.89,14.0,62.3,33.28,Fast Food,4.1,3,2,0,Night
ORD_00827,CUST_0905,REST_076,2026-04-05 10:58:10,161.23,4,Clear,High,Delivered,17.0,DEL_00827,DRV_0481,4.72,17.0,59.6,20.68,Chinese,3.7,10,6,1,Morning
ORD_00828,CUST_0105,REST_008,2026-01-30 09:14:31,157.43,1,Clear,High,Delivered,30.0,DEL_00828,DRV_0296,3.51,30.0,59.9,21.14,Desserts,4.5,9,4,0,Morning
ORD_00829,CUST_0150,REST_079,2026-01-02 20:03:41,253.6,1,Rain,Medium,Delivered,30.0,DEL_00829,DRV_0384,2.33,30.0,78.6,34.81,Healthy,4.4,20,4,0,Evening
ORD_00830,CUST_0146,REST_026,2026-05-20 17:02:46,151.23,1,Clear,High,Delivered,41.0,DEL_00830,DRV_0036,5.75,41.0,76.3,33.57,Fast Food,3.0,17,2,0,Evening
ORD_00831,CUST_0716,REST_012,2026-05-24 00:33:05,492.78,5,Clear,Medium,Delivered,14.0,DEL_00831,DRV_0103,3.74,14.0,42.2,64.32,South Indian,4.6,0,6,1,Night
ORD_00832,CUST_0874,REST_043,2026-03-23 06:55:30,201.48,1,Cloudy,Medium,Delivered,17.0,DEL_00832,DRV_0435,10.91,17.0,82.2,34.26,Fast Food,3.7,6,0,0,Morning
ORD_00833,CUST_0299,REST_051,2026-01-09 04:33:29,152.0,4,Cloudy,High,Delivered,11.0,DEL_00833,DRV_0303,4.3,11.0,53.6,18.62,Healthy,3.6,4,4,0,Night
ORD_00834,CUST_0167,REST_091,2026-06-29 14:52:40,134.67,5,Clear,Low,Delivered,16.0,DEL_00834,DRV_0098,11.86,16.0,75.3,23.47,Cafe,4.6,14,0,0,Afternoon
ORD_00835,CUST_0713,REST_082,2026-06-04 20:09:37,108.51,4,Rain,Low,Delivered,36.0,DEL_00835,DRV_0145,5.0,36.0,76.5,17.95,Healthy,3.7,20,3,0,Evening
ORD_00836,CUST_0646,REST_100,2026-06-29 17:05:54,128.35,5,Clear,Medium,Delivered,28.0,DEL_00836,DRV_0282,3.16,28.0,65.0,17.73,Pizza,3.9,17,0,0,Evening
ORD_00837,CUST_0723,REST_063,2026-01-31 03:00:07,149.48,2,Cloudy,High,Delivered,14.0,DEL_00837,DRV_0437,2.96,14.0,52.8,35.75,Biryani,4.7,3,5,1,Night
ORD_00838,CUST_0048,REST_049,2026-01-03 15:54:59,138.63,2,Clear,Medium,Delivered,26.0,DEL_00838,DRV_0127,4.19,26.0,54.5,18.09,Cafe,3.6,15,5,1,Afternoon
ORD_00840,CUST_0239,REST_009,2026-01-11 15:04:01,575.0,2,Rain,High,Delivered,18.0,DEL_00840,DRV_0283,2.21,18.0,61.2,28.06,Biryani,4.6,15,6,1,Afternoon
ORD_00841,CUST_0007,REST_039,2026-03-12 21:11:17,102.87,5,Clear,Medium,Delivered,26.0,DEL_00841,DRV_0302,7.4,26.0,82.8,24.96,Desserts,4.2,21,3,0,Evening
ORD_00842,CUST_0464,REST_065,2026-05-08 10:42:27,196.5,1,Cloudy,Low,Delivered,21.0,DEL_00842,DRV_0067,5.58,21.0,49.1,26.52,South Indian,4.7,10,4,0,Morning
ORD_00843,CUST_0453,REST_071,2026-04-23 02:40:24,251.11,3,Rain,Medium,Delivered,28.0,DEL_00843,DRV_0379,2.14,28.0,59.6,42.52,Healthy,4.9,2,3,0,Night
ORD_00844,CUST_0784,REST_090,2026-06-11 13:38:27,256.35,6,Clear,High,Delivered,32.0,DEL_00844,DRV_0147,6.35,32.0,86.0,36.04,North Indian,4.2,13,3,0,Afternoon
ORD_00845,CUST_0897,REST_071,2026-03-22 18:48:56,175.52,3,Cloudy,Low,Delivered,26.0,DEL_00845,DRV_0328,3.62,26.0,38.8,23.64,Healthy,4.9,18,6,1,Evening
ORD_00846,CUST_0371,REST_007,2026-05-31 19:42:44,158.79,2,Rain,Medium,Delivered,19.0,DEL_00846,DRV_0081,5.62,19.0,76.0,35.52,Healthy,3.9,19,6,1,Evening
ORD_00847,CUST_0549,REST_072,2026-02-20 13:15:57,232.37,1,Cloudy,Low,Delivered,24.0,DEL_00847,DRV_0253,5.92,24.0,76.3,25.42,Chinese,3.8,13,4,0,Afternoon
ORD_00848,CUST_0487,REST_080,2026-01-05 08:33:50,209.89,4,Clear,Medium,Delivered,28.0,DEL_00848,DRV_0242,2.74,28.0,45.4,41.15,South Indian,5.0,8,0,0,Morning
ORD_00849,CUST_0211,REST_067,2026-01-12 14:27:55,157.21,1,Clear,Low,Delivered,13.0,DEL_00849,DRV_0065,12.67,13.0,82.0,23.87,North Indian,3.1,14,0,0,Afternoon
ORD_00850,CUST_0165,REST_010,2026-06-05 21:07:54,100.0,4,Clear,Medium,Delivered,24.0,DEL_00850,DRV_0071,2.8,24.0,64.9,11.37,Healthy,4.9,21,4,0,Evening
ORD_00851,CUST_0125,REST_071,2026-04-11 18:37:30,140.14,3,Clear,Medium,Delivered,27.0,DEL_00851,DRV_0036,5.87,27.0,62.6,21.59,Healthy,4.9,18,5,1,Evening
ORD_00852,CUST_0337,REST_085,2026-05-01 03:06:37,100.0,1,Cloudy,High,Delivered,17.0,DEL_00852,DRV_0067,2.56,17.0,47.7,21.37,South Indian,3.4,3,4,0,Night
ORD_00853,CUST_0192,REST_053,2026-02-15 10:58:46,125.59,1,Clear,Medium,Delivered,22.0,DEL_00853,DRV_0083,3.77,22.0,50.9,24.68,Desserts,5.0,10,6,1,Morning
ORD_00854,CUST_0730,REST_095,2026-03-10 03:36:43,184.62,6,Clear,High,Delivered,24.0,DEL_00854,DRV_0170,3.95,24.0,70.5,36.74,Pizza,3.7,3,1,0,Night
ORD_00855,CUST_0214,REST_087,2026-06-09 18:37:35,220.81,3,Clear,Medium,Delivered,8.0,DEL_00855,DRV_0475,7.35,8.0,51.3,18.94,Healthy,4.0,18,1,0,Evening
ORD_00857,CUST_0328,REST_091,2026-05-08 08:03:10,134.89,4,Cloudy,Low,Delivered,11.0,DEL_00857,DRV_0098,6.61,11.0,43.0,23.92,Cafe,4.6,8,4,0,Morning
ORD_00858,CUST_0957,REST_086,2026-04-24 12:45:53,277.56,1,Cloudy,High,Delivered,37.0,DEL_00858,DRV_0325,4.67,37.0,88.8,29.91,Chinese,3.8,12,4,0,Afternoon
ORD_00859,CUST_0381,REST_027,2026-02-07 17:56:05,214.49,4,Clear,Medium,Delivered,28.0,DEL_00859,DRV_0433,8.58,28.0,76.7,41.76,South Indian,4.0,17,5,1,Evening
ORD_00860,CUST_0673,REST_054,2026-06-19 19:22:55,369.74,2,Clear,High,Delivered,29.0,DEL_00860,DRV_0293,6.0,29.0,85.8,42.97,Healthy,4.2,19,4,0,Evening
ORD_00861,CUST_0578,REST_004,2026-04-11 02:40:54,248.87,1,Clear,Low,Delivered,16.0,DEL_00861,DRV_0250,5.03,16.0,40.8,20.97,Healthy,3.7,2,5,1,Night
ORD_00862,CUST_0798,REST_088,2026-04-19 11:37:01,104.1,4,Clear,Low,Delivered,29.0,DEL_00862,DRV_0302,5.62,29.0,57.9,19.11,Cafe,3.8,11,6,1,Morning
ORD_00863,CUST_0239,REST_023,2026-03-08 17:25:02,100.0,3,Clear,Medium,Delivered,42.0,DEL_00863,DRV_0208,1.49,42.0,60.9,18.62,South Indian,4.6,17,6,1,Evening
ORD_00864,CUST_0532,REST_048,2026-06-17 17:08:58,215.12,2,Cloudy,Medium,Delivered,34.0,DEL_00864,DRV_0312,2.02,34.0,60.0,22.11,Chinese,4.0,17,2,0,Evening
ORD_00865,CUST_0700,REST_083,2026-06-20 04:53:16,135.55,1,Clear,Low,Delivered,13.0,DEL_00865,DRV_0375,5.14,13.0,39.5,20.41,Pizza,4.8,4,5,1,Night
ORD_00866,CUST_0082,REST_042,2026-01-26 12:35:49,105.72,6,Rain,Medium,Delivered,28.0,DEL_00866,DRV_0063,4.48,28.0,73.2,22.13,Healthy,5.0,12,0,0,Afternoon
ORD_00867,CUST_0363,REST_003,2026-04-21 17:47:24,100.0,4,Clear,Medium,Delivered,11.0,DEL_00867,DRV_0078,8.04,11.0,68.8,23.21,South Indian,4.4,17,1,0,Evening
ORD_00868,CUST_0505,REST_091,2026-04-08 18:54:53,198.05,6,Clear,Medium,Delivered,13.0,DEL_00868,DRV_0030,0.5,13.0,31.1,38.95,Cafe,4.6,18,2,0,Evening
ORD_00869,CUST_0202,REST_003,2026-02-03 14:14:10,415.4,1,Rain,Low,Delivered,15.0,DEL_00869,DRV_0352,4.31,15.0,56.0,35.18,South Indian,4.4,14,1,0,Afternoon
ORD_00870,CUST_0920,REST_028,2026-02-14 01:58:01,144.78,4,Cloudy,Medium,Delivered,29.0,DEL_00870,DRV_0251,1.63,29.0,43.3,32.08,Indian,4.4,1,5,1,Night
ORD_00871,CUST_0504,REST_063,2026-02-21 16:32:23,250.8,1,Cloudy,Medium,Delivered,10.0,DEL_00871,DRV_0319,5.04,10.0,44.5,22.97,Biryani,4.7,16,5,1,Afternoon
ORD_00872,CUST_0644,REST_081,2026-05-29 11:37:22,171.36,2,Rain,Medium,Delivered,29.0,DEL_00872,DRV_0115,5.39,29.0,67.5,15.14,Desserts,4.1,11,4,0,Morning
ORD_00873,CUST_0037,REST_031,2026-03-05 19:21:01,100.0,2,Clear,Medium,Delivered,28.0,DEL_00873,DRV_0365,6.47,28.0,78.5,10.93,North Indian,4.0,19,3,0,Evening
ORD_00875,CUST_0589,REST_049,2026-03-13 12:24:24,100.0,1,Clear,Medium,Delivered,26.0,DEL_00875,DRV_0219,1.34,26.0,54.2,22.45,Cafe,3.6,12,4,0,Afternoon
ORD_00876,CUST_0601,REST_086,2026-01-06 23:02:18,183.44,5,Rain,High,Delivered,39.0,DEL_00876,DRV_0154,6.1,39.0,84.4,20.94,Chinese,3.8,23,1,0,Night
ORD_00877,CUST_0973,REST_094,2026-02-05 12:48:52,150.23,1,Clear,Medium,Delivered,19.0,DEL_00877,DRV_0496,2.67,19.0,60.9,26.13,Cafe,4.6,12,3,0,Afternoon
ORD_00878,CUST_0402,REST_021,2026-02-21 12:57:34,296.25,1,Clear,Low,Delivered,27.0,DEL_00878,DRV_0221,2.52,27.0,48.0,14.23,Fast Food,3.7,12,5,1,Afternoon
ORD_00879,CUST_0765,REST_100,2026-01-28 15:47:22,101.29,6,Cloudy,Medium,Delivered,37.0,DEL_00879,DRV_0023,4.33,37.0,69.1,21.61,Pizza,3.9,15,2,0,Afternoon
ORD_00880,CUST_0856,REST_053,2026-05-27 21:25:33,224.75,6,Clear,Medium,Delivered,21.0,DEL_00880,DRV_0369,1.72,21.0,49.0,24.91,Desserts,5.0,21,2,0,Evening
ORD_00881,CUST_0706,REST_087,2026-03-26 21:26:46,114.22,2,Clear,Medium,Delivered,10.0,DEL_00881,DRV_0214,5.97,10.0,58.3,11.81,Healthy,4.0,21,3,0,Evening
ORD_00882,CUST_0176,REST_076,2026-06-11 01:50:44,136.85,6,Clear,Medium,Delivered,16.0,DEL_00882,DRV_0148,1.93,16.0,34.5,20.97,Chinese,3.7,1,3,0,Night
ORD_00883,CUST_0545,REST_089,2026-02-24 02:51:59,100.0,1,Cloudy,Low,Delivered,26.0,DEL_00883,DRV_0358,2.33,26.0,44.6,25.41,North Indian,4.1,2,1,0,Night
ORD_00884,CUST_0570,REST_054,2026-04-09 11:10:41,572.87,3,Rain,Medium,Delivered,20.0,DEL_00884,DRV_0302,3.24,20.0,50.1,40.26,Healthy,4.2,11,3,0,Morning
ORD_00885,CUST_0467,REST_057,2026-03-07 14:08:20,245.38,1,Cloudy,High,Delivered,21.0,DEL_00885,DRV_0208,2.09,21.0,67.7,48.41,Desserts,4.7,14,5,1,Afternoon
ORD_00886,CUST_0201,REST_020,2026-06-20 15:54:30,118.86,5,Rain,Medium,Delivered,17.0,DEL_00886,DRV_0159,7.13,17.0,67.5,18.99,Desserts,3.4,15,5,1,Afternoon
ORD_00887,CUST_0540,REST_049,2026-01-25 09:34:46,100.0,4,Cloudy,Medium,Delivered,25.0,DEL_00887,DRV_0451,6.79,25.0,71.3,17.17,Cafe,3.6,9,6,1,Morning
ORD_00888,CUST_0547,REST_007,2026-05-05 18:03:47,138.02,2,Clear,High,Delivered,19.0,DEL_00888,DRV_0405,4.58,19.0,65.2,27.85,Healthy,3.9,18,1,0,Evening
ORD_00889,CUST_0999,REST_029,2026-04-03 18:09:00,268.88,6,Clear,Medium,Delivered,32.0,DEL_00889,DRV_0307,2.63,32.0,52.5,49.05,Pizza,3.9,18,4,0,Evening
ORD_00891,CUST_0394,REST_093,2026-06-28 00:43:57,167.69,4,Clear,High,Delivered,16.0,DEL_00891,DRV_0063,5.04,16.0,58.7,32.77,Indian,3.8,0,6,1,Night
ORD_00892,CUST_0833,REST_013,2026-06-30 18:52:02,480.03,3,Clear,Low,Delivered,12.0,DEL_00892,DRV_0325,2.22,12.0,35.1,78.79,Cafe,3.2,18,1,0,Evening
ORD_00893,CUST_0042,REST_003,2026-03-26 07:10:50,100.0,2,Clear,Medium,Delivered,8.0,DEL_00893,DRV_0276,2.8,8.0,33.8,16.37,South Indian,4.4,7,3,0,Morning
ORD_00894,CUST_0597,REST_002,2026-03-25 07:57:56,189.47,6,Cloudy,Low,Delivered,41.0,DEL_00894,DRV_0375,1.47,41.0,50.7,28.17,North Indian,4.2,7,2,0,Morning
ORD_00895,CUST_0393,REST_016,2026-06-01 05:06:43,609.0,5,Clear,Low,Delivered,28.0,DEL_00895,DRV_0023,4.32,28.0,47.3,79.81,Indian,3.7,5,0,0,Night
ORD_00896,CUST_0700,REST_094,2026-01-28 01:39:42,256.64,2,Rain,Low,Delivered,17.0,DEL_00896,DRV_0224,2.23,17.0,36.9,21.17,Cafe,4.6,1,2,0,Night
ORD_00897,CUST_0623,REST_006,2026-03-13 12:02:52,194.27,3,Cloudy,Medium,Delivered,25.0,DEL_00897,DRV_0426,3.79,25.0,76.3,23.19,Cafe,3.9,12,4,0,Afternoon
ORD_00898,CUST_0783,REST_045,2026-04-01 17:23:29,239.52,3,Cloudy,Low,Delivered,41.0,DEL_00898,DRV_0201,2.47,41.0,58.1,40.61,Pizza,4.2,17,2,0,Evening
ORD_00899,CUST_0995,REST_071,2026-01-19 15:03:07,145.41,2,Heavy Rain,Low,Delivered,29.0,DEL_00899,DRV_0387,6.93,29.0,76.3,30.56,Healthy,4.9,15,0,0,Afternoon
ORD_00900,CUST_0441,REST_005,2026-02-16 16:21:50,370.48,1,Clear,High,Delivered,39.0,DEL_00900,DRV_0283,5.16,39.0,77.5,53.07,Chinese,4.4,16,0,0,Afternoon
ORD_00901,CUST_0837,REST_056,2026-01-05 10:24:54,145.53,2,Cloudy,High,Delivered,34.0,DEL_00901,DRV_0347,1.65,34.0,70.4,29.39,Desserts,4.2,10,0,0,Morning
ORD_00902,CUST_0617,REST_071,2026-03-01 19:58:21,100.0,6,Rain,High,Delivered,22.0,DEL_00902,DRV_0458,7.32,22.0,90.2,21.18,Healthy,4.9,19,6,1,Evening
ORD_00903,CUST_0506,REST_098,2026-01-02 22:20:04,146.17,6,Cloudy,High,Delivered,28.0,DEL_00903,DRV_0336,3.38,28.0,67.5,21.92,Biryani,4.7,22,4,0,Night
ORD_00904,CUST_0918,REST_032,2026-05-21 01:11:10,106.52,5,Rain,Medium,Delivered,16.0,DEL_00904,DRV_0408,7.48,16.0,79.7,16.77,Healthy,3.9,1,3,0,Night
ORD_00905,CUST_0320,REST_049,2026-03-10 12:14:21,155.3,2,Clear,High,Delivered,33.0,DEL_00905,DRV_0215,4.65,33.0,78.2,17.4,Cafe,3.6,12,1,0,Afternoon
ORD_00906,CUST_0553,REST_013,2026-03-17 09:56:06,157.2,4,Cloudy,Medium,Delivered,9.0,DEL_00906,DRV_0265,3.41,9.0,44.5,20.51,Cafe,3.2,9,1,0,Morning
ORD_00907,CUST_0215,REST_030,2026-05-17 07:12:40,350.23,6,Clear,Medium,Delivered,21.0,DEL_00907,DRV_0386,1.37,21.0,41.7,16.05,South Indian,4.1,7,6,1,Morning
ORD_00908,CUST_0071,REST_025,2026-01-24 22:12:19,265.71,6,Heavy Rain,Medium,Delivered,35.0,DEL_00908,DRV_0390,1.62,35.0,70.1,21.42,South Indian,4.0,22,5,1,Night
ORD_00909,CUST_0568,REST_085,2026-03-17 19:08:52,209.52,6,Rain,Low,Delivered,19.0,DEL_00909,DRV_0229,8.52,19.0,75.9,36.35,South Indian,3.4,19,1,0,Evening
ORD_00910,CUST_0919,REST_060,2026-02-16 02:55:36,180.98,1,Rain,High,Delivered,20.0,DEL_00910,DRV_0227,2.33,20.0,58.4,32.1,Chinese,4.2,2,0,0,Night
ORD_00912,CUST_0281,REST_085,2026-05-25 22:50:49,100.0,2,Clear,Low,Delivered,13.0,DEL_00912,DRV_0335,7.62,13.0,48.6,27.28,South Indian,3.4,22,0,0,Night
ORD_00913,CUST_0987,REST_028,2026-05-15 19:19:54,192.91,1,Clear,Low,Delivered,21.0,DEL_00913,DRV_0277,5.82,21.0,48.4,26.03,Indian,4.4,19,4,0,Evening
ORD_00914,CUST_0617,REST_058,2026-02-15 00:22:39,280.63,6,Rain,Low,Delivered,24.0,DEL_00914,DRV_0230,1.45,24.0,38.9,45.55,Fast Food,4.7,0,6,1,Night
ORD_00915,CUST_0902,REST_020,2026-03-08 09:21:33,170.79,4,Clear,High,Delivered,17.0,DEL_00915,DRV_0356,2.67,17.0,50.7,11.18,Desserts,3.4,9,6,1,Morning
ORD_00916,CUST_0887,REST_034,2026-02-19 10:22:04,135.07,4,Clear,High,Delivered,12.0,DEL_00916,DRV_0215,11.25,12.0,77.2,31.92,Desserts,4.0,10,3,0,Morning
ORD_00918,CUST_0191,REST_082,2026-04-12 23:23:00,173.15,6,Clear,Low,Delivered,38.0,DEL_00918,DRV_0013,2.12,38.0,45.1,18.75,Healthy,3.7,23,6,1,Night
ORD_00919,CUST_0009,REST_060,2026-04-09 01:06:52,458.13,1,Cloudy,Low,Delivered,15.0,DEL_00919,DRV_0197,3.33,15.0,38.1,37.88,Chinese,4.2,1,3,0,Night
ORD_00920,CUST_0060,REST_043,2026-03-21 23:29:56,357.09,3,Clear,High,Delivered,25.0,DEL_00920,DRV_0111,7.02,25.0,86.9,56.96,Fast Food,3.7,23,5,1,Night
ORD_00921,CUST_0893,REST_057,2026-04-06 14:34:15,307.27,6,Cloudy,Low,Delivered,24.0,DEL_00921,DRV_0103,1.14,24.0,52.9,23.85,Desserts,4.7,14,0,0,Afternoon
ORD_00922,CUST_0817,REST_057,2026-04-29 14:26:06,275.0,1,Rain,High,Delivered,26.0,DEL_00922,DRV_0103,6.83,26.0,97.1,41.49,Desserts,4.7,14,2,0,Afternoon
ORD_00924,CUST_0819,REST_054,2026-03-07 20:45:02,261.03,6,Clear,High,Delivered,19.0,DEL_00924,DRV_0109,18.35,19.0,126.2,27.28,Healthy,4.2,20,5,1,Evening
ORD_00926,CUST_0582,REST_045,2026-06-14 15:40:03,253.04,6,Heavy Rain,Medium,Delivered,41.0,DEL_00926,DRV_0126,1.05,41.0,64.7,24.21,Pizza,4.2,15,6,1,Afternoon
ORD_00927,CUST_0805,REST_086,2026-05-05 15:58:36,237.68,3,Clear,Medium,Delivered,37.0,DEL_00927,DRV_0235,6.33,37.0,79.3,31.28,Chinese,3.8,15,1,0,Afternoon
ORD_00928,CUST_0287,REST_037,2026-01-28 18:30:14,232.53,1,Clear,High,Delivered,14.0,DEL_00928,DRV_0385,9.01,14.0,85.0,27.07,Chinese,3.8,18,2,0,Evening
ORD_00929,CUST_0994,REST_084,2026-03-12 02:45:14,800.69,5,Cloudy,High,Delivered,23.0,DEL_00929,DRV_0148,5.45,23.0,75.7,70.69,North Indian,3.3,2,3,0,Night
ORD_00930,CUST_0169,REST_048,2026-01-19 09:46:44,173.83,3,Clear,Medium,Delivered,30.0,DEL_00930,DRV_0171,5.25,30.0,70.1,25.14,Chinese,4.0,9,0,0,Morning
ORD_00931,CUST_0062,REST_054,2026-06-21 20:09:25,303.38,2,Heavy Rain,Medium,Delivered,20.0,DEL_00931,DRV_0001,5.22,20.0,66.2,32.5,Healthy,4.2,20,6,1,Evening
ORD_00932,CUST_0349,REST_048,2026-01-27 10:35:33,139.9,6,Rain,High,Delivered,34.0,DEL_00932,DRV_0483,7.69,34.0,105.7,24.3,Chinese,4.0,10,1,0,Morning
ORD_00933,CUST_0442,REST_006,2026-02-14 18:01:31,280.02,5,Cloudy,High,Delivered,20.0,DEL_00933,DRV_0040,5.04,20.0,66.6,33.72,Cafe,3.9,18,5,1,Evening
ORD_00934,CUST_0014,REST_034,2026-05-24 10:17:03,303.88,1,Cloudy,Medium,Delivered,15.0,DEL_00934,DRV_0237,4.22,15.0,61.7,36.43,Desserts,4.0,10,6,1,Morning
ORD_00935,CUST_0164,REST_063,2026-06-14 02:20:53,221.5,1,Clear,Low,Delivered,13.0,DEL_00935,DRV_0007,5.33,13.0,50.4,17.5,Biryani,4.7,2,6,1,Night
ORD_00936,CUST_0420,REST_078,2026-05-21 22:42:37,453.99,2,Cloudy,Low,Delivered,39.0,DEL_00936,DRV_0163,1.37,39.0,53.5,76.85,Biryani,3.9,22,3,0,Night
ORD_00937,CUST_0757,REST_048,2026-02-23 18:53:13,111.46,3,Cloudy,High,Delivered,36.0,DEL_00937,DRV_0436,4.27,36.0,75.2,15.1,Chinese,4.0,18,0,0,Evening
ORD_00938,CUST_0847,REST_023,2026-06-10 16:34:44,138.66,5,Clear,Low,Delivered,32.0,DEL_00938,DRV_0290,3.09,32.0,48.8,12.12,South Indian,4.6,16,2,0,Afternoon
ORD_00939,CUST_0520,REST_084,2026-05-01 01:12:44,203.73,2,Clear,Low,Delivered,24.0,DEL_00939,DRV_0434,7.86,24.0,51.1,27.12,North Indian,3.3,1,4,0,Night
ORD_00941,CUST_0548,REST_047,2026-03-26 04:27:48,200.07,4,Clear,Medium,Delivered,34.0,DEL_00941,DRV_0157,4.18,34.0,49.1,18.85,Desserts,4.4,4,3,0,Night
ORD_00942,CUST_0560,REST_044,2026-01-10 05:09:44,367.66,4,Cloudy,Medium,Delivered,24.0,DEL_00942,DRV_0114,2.46,24.0,48.5,57.57,Biryani,4.1,5,5,1,Night
ORD_00943,CUST_0597,REST_032,2026-03-05 03:25:00,125.97,3,Clear,Low,Delivered,19.0,DEL_00943,DRV_0112,5.21,19.0,53.8,13.3,Healthy,3.9,3,3,0,Night
ORD_00944,CUST_0028,REST_026,2026-04-25 15:25:11,100.0,1,Clear,Low,Delivered,38.0,DEL_00944,DRV_0475,10.79,38.0,87.2,18.95,Fast Food,3.0,15,5,1,Afternoon
ORD_00945,CUST_0708,REST_053,2026-01-06 00:31:26,214.75,1,Rain,High,Delivered,23.0,DEL_00945,DRV_0455,6.38,23.0,72.3,24.58,Desserts,5.0,0,1,0,Night
ORD_00946,CUST_0446,REST_014,2026-03-29 06:05:07,173.74,4,Clear,High,Delivered,30.0,DEL_00946,DRV_0257,6.44,30.0,71.1,25.75,Fast Food,5.0,6,6,1,Morning
ORD_00947,CUST_0208,REST_052,2026-06-03 14:02:30,244.34,1,Cloudy,Low,Delivered,31.0,DEL_00947,DRV_0073,1.86,31.0,52.3,23.26,Healthy,4.6,14,2,0,Afternoon
ORD_00948,CUST_0470,REST_036,2026-04-12 22:44:23,178.56,1,Clear,Low,Delivered,16.0,DEL_00948,DRV_0495,5.15,16.0,43.8,34.05,Indian,3.0,22,6,1,Night
ORD_00949,CUST_0716,REST_008,2026-06-30 22:18:35,150.35,3,Clear,Medium,Delivered,25.0,DEL_00949,DRV_0442,2.87,25.0,53.9,21.56,Desserts,4.5,22,1,0,Night
ORD_00950,CUST_0976,REST_040,2026-03-23 18:00:40,173.95,6,Rain,High,Delivered,28.0,DEL_00950,DRV_0193,3.73,28.0,76.3,22.04,Desserts,4.1,18,0,0,Evening
ORD_00951,CUST_0819,REST_086,2026-04-06 12:09:56,184.17,3,Cloudy,High,Delivered,33.0,DEL_00951,DRV_0475,3.31,33.0,75.3,16.3,Chinese,3.8,12,0,0,Afternoon
ORD_00952,CUST_0104,REST_022,2026-01-18 00:46:42,153.28,1,Rain,Medium,Delivered,26.0,DEL_00952,DRV_0273,2.3,26.0,59.1,22.76,Biryani,4.5,0,6,1,Night
ORD_00953,CUST_0742,REST_016,2026-03-11 23:53:34,162.11,3,Rain,High,Delivered,28.0,DEL_00953,DRV_0446,4.77,28.0,81.1,46.44,Indian,3.7,23,2,0,Night
ORD_00954,CUST_0426,REST_091,2026-04-24 00:39:24,145.19,5,Rain,Low,Delivered,12.0,DEL_00954,DRV_0224,5.22,12.0,50.9,12.63,Cafe,4.6,0,4,0,Night
ORD_00955,CUST_0101,REST_060,2026-06-20 15:42:11,290.37,4,Rain,Low,Delivered,16.0,DEL_00955,DRV_0361,7.19,16.0,72.0,46.37,Chinese,4.2,15,5,1,Afternoon
ORD_00956,CUST_0541,REST_060,2026-03-25 20:10:01,201.69,6,Clear,Medium,Delivered,20.0,DEL_00956,DRV_0094,8.22,20.0,80.5,16.34,Chinese,4.2,20,2,0,Evening
ORD_00957,CUST_0639,REST_010,2026-04-19 05:27:05,627.17,5,Rain,High,Delivered,27.0,DEL_00957,DRV_0207,6.07,27.0,86.7,67.01,Healthy,4.9,5,6,1,Night
ORD_00958,CUST_0850,REST_025,2026-06-12 21:30:50,198.02,5,Clear,Medium,Delivered,30.0,DEL_00958,DRV_0170,1.83,30.0,68.7,16.96,South Indian,4.0,21,4,0,Evening
ORD_00959,CUST_0522,REST_031,2026-06-04 15:58:28,133.89,1,Clear,High,Delivered,31.0,DEL_00959,DRV_0156,2.87,31.0,68.5,21.39,North Indian,4.0,15,3,0,Afternoon
ORD_00960,CUST_0106,REST_021,2026-02-03 09:50:32,787.51,1,Clear,High,Delivered,26.0,DEL_00960,DRV_0244,4.37,26.0,63.5,38.93,Fast Food,3.7,9,1,0,Morning
ORD_00961,CUST_0679,REST_091,2026-05-01 05:32:58,227.58,5,Clear,Medium,Delivered,15.0,DEL_00961,DRV_0003,7.96,15.0,68.1,32.68,Cafe,4.6,5,4,0,Night
ORD_00962,CUST_0978,REST_081,2026-02-13 03:48:42,312.49,5,Cloudy,Low,Delivered,20.0,DEL_00962,DRV_0220,5.42,20.0,48.7,50.2,Desserts,4.1,3,4,0,Night
ORD_00964,CUST_0807,REST_031,2026-04-11 11:15:30,255.36,2,Clear,High,Delivered,26.0,DEL_00964,DRV_0194,9.18,26.0,81.0,26.45,North Indian,4.0,11,5,1,Morning
ORD_00965,CUST_0277,REST_090,2026-03-04 12:22:57,243.38,4,Clear,Low,Delivered,32.0,DEL_00965,DRV_0054,8.71,32.0,86.6,19.73,North Indian,4.2,12,2,0,Afternoon
ORD_00966,CUST_0065,REST_021,2026-06-28 17:34:29,100.0,5,Clear,Low,Delivered,24.0,DEL_00966,DRV_0422,2.44,24.0,42.1,14.99,Fast Food,3.7,17,6,1,Evening
ORD_00967,CUST_0783,REST_036,2026-05-10 21:55:08,221.88,3,Rain,High,Delivered,15.0,DEL_00967,DRV_0464,2.02,15.0,71.4,7.03,Indian,3.0,21,6,1,Evening
ORD_00969,CUST_0188,REST_004,2026-04-30 08:54:12,164.7,2,Clear,Low,Delivered,12.0,DEL_00969,DRV_0209,7.67,12.0,51.2,26.75,Healthy,3.7,8,3,0,Morning
ORD_00970,CUST_0317,REST_068,2026-02-11 15:12:00,121.62,1,Clear,High,Delivered,24.0,DEL_00970,DRV_0076,1.49,24.0,54.8,11.96,Indian,4.5,15,2,0,Afternoon
ORD_00971,CUST_0916,REST_090,2026-05-31 21:48:50,220.66,5,Clear,Low,Delivered,38.0,DEL_00971,DRV_0218,3.91,38.0,69.0,24.36,North Indian,4.2,21,6,1,Evening
ORD_00973,CUST_0343,REST_009,2026-05-20 09:27:41,236.19,6,Clear,Medium,Delivered,21.0,DEL_00973,DRV_0497,2.22,21.0,37.2,25.29,Biryani,4.6,9,2,0,Morning
ORD_00974,CUST_0105,REST_030,2026-03-29 12:16:51,212.3,3,Clear,High,Delivered,21.0,DEL_00974,DRV_0118,4.82,21.0,71.7,23.8,South Indian,4.1,12,6,1,Afternoon
ORD_00975,CUST_0546,REST_045,2026-03-13 16:23:57,129.83,3,Clear,Low,Delivered,41.0,DEL_00975,DRV_0455,5.54,41.0,67.7,17.36,Pizza,4.2,16,4,0,Afternoon
ORD_00976,CUST_0380,REST_004,2026-04-17 00:50:01,157.03,1,Clear,Medium,Delivered,17.0,DEL_00976,DRV_0280,1.28,17.0,33.5,23.19,Healthy,3.7,0,4,0,Night
ORD_00977,CUST_0110,REST_069,2026-01-01 03:19:17,300.73,2,Heavy Rain,Low,Delivered,30.0,DEL_00977,DRV_0080,6.71,30.0,86.5,15.85,Chinese,3.7,3,3,0,Night
ORD_00979,CUST_0545,REST_016,2026-04-19 07:55:28,100.0,6,Rain,Medium,Delivered,24.0,DEL_00979,DRV_0187,4.6,24.0,64.2,23.72,Indian,3.7,7,6,1,Morning
ORD_00980,CUST_0354,REST_022,2026-06-18 04:26:54,100.0,2,Cloudy,Medium,Delivered,25.0,DEL_00980,DRV_0008,1.19,25.0,42.7,17.92,Biryani,4.5,4,3,0,Night
ORD_00981,CUST_0743,REST_072,2026-04-08 07:07:17,121.54,4,Clear,Low,Delivered,16.0,DEL_00981,DRV_0091,3.06,16.0,39.6,23.93,Chinese,3.8,7,2,0,Morning
ORD_00982,CUST_0317,REST_048,2026-03-05 18:47:41,322.1,1,Heavy Rain,Medium,Delivered,38.0,DEL_00982,DRV_0346,7.89,38.0,88.9,50.94,Chinese,4.0,18,3,0,Evening
ORD_00983,CUST_0266,REST_062,2026-06-13 01:34:05,353.61,2,Rain,Medium,Delivered,22.0,DEL_00983,DRV_0351,2.49,22.0,55.1,59.12,Fast Food,3.5,1,5,1,Night
ORD_00984,CUST_0694,REST_097,2026-05-04 01:17:44,109.01,2,Cloudy,High,Delivered,12.0,DEL_00984,DRV_0210,8.77,12.0,73.5,23.16,Cafe,4.7,1,0,0,Night
ORD_00985,CUST_0852,REST_060,2026-02-07 13:31:38,214.65,3,Clear,Low,Delivered,18.0,DEL_00985,DRV_0258,4.04,18.0,51.2,28.45,Chinese,4.2,13,5,1,Afternoon
ORD_00986,CUST_0065,REST_080,2026-05-20 20:56:16,497.17,6,Cloudy,High,Delivered,33.0,DEL_00986,DRV_0041,6.82,33.0,97.1,58.61,South Indian,5.0,20,2,0,Evening
ORD_00987,CUST_0333,REST_005,2026-05-02 17:06:15,227.79,3,Clear,Medium,Delivered,35.0,DEL_00987,DRV_0215,2.08,35.0,48.6,13.02,Chinese,4.4,17,5,1,Evening
ORD_00988,CUST_0513,REST_080,2026-01-18 08:08:31,396.16,6,Clear,Low,Delivered,35.0,DEL_00988,DRV_0184,10.8,35.0,72.8,36.01,South Indian,5.0,8,6,1,Morning
ORD_00989,CUST_0133,REST_007,2026-04-26 05:48:55,313.97,1,Rain,Medium,Delivered,17.0,DEL_00989,DRV_0304,2.82,17.0,46.2,62.05,Healthy,3.9,5,6,1,Night
ORD_00990,CUST_0592,REST_051,2026-02-02 17:19:14,109.88,2,Rain,Medium,Delivered,16.0,DEL_00990,DRV_0241,3.77,16.0,58.3,21.88,Healthy,3.6,17,0,0,Evening
ORD_00991,CUST_0783,REST_065,2026-02-05 23:35:58,163.29,5,Clear,High,Delivered,21.0,DEL_00991,DRV_0106,3.58,21.0,61.0,22.61,South Indian,4.7,23,3,0,Night
ORD_00992,CUST_0753,REST_009,2026-03-22 09:17:16,184.77,6,Rain,Medium,Delivered,17.0,DEL_00992,DRV_0022,0.62,17.0,40.1,18.12,Biryani,4.6,9,6,1,Morning
ORD_00993,CUST_0540,REST_082,2026-02-26 15:05:12,191.96,6,Cloudy,Medium,Delivered,37.0,DEL_00993,DRV_0353,3.93,37.0,76.2,7.98,Healthy,3.7,15,3,0,Afternoon
ORD_00994,CUST_0735,REST_045,2026-04-17 01:18:02,300.06,3,Clear,Low,Delivered,40.0,DEL_00994,DRV_0245,2.4,40.0,58.0,59.8,Pizza,4.2,1,4,0,Night
ORD_00996,CUST_0496,REST_067,2026-05-09 04:52:42,100.0,4,Clear,Medium,Delivered,13.0,DEL_00996,DRV_0079,5.34,13.0,46.1,23.33,North Indian,3.1,4,5,1,Night
ORD_00997,CUST_0621,REST_024,2026-03-18 06:15:19,100.0,6,Rain,Medium,Delivered,30.0,DEL_00997,DRV_0425,2.51,30.0,65.2,25.06,Cafe,4.3,6,2,0,Morning
ORD_00998,CUST_0619,REST_092,2026-02-25 23:47:30,100.0,1,Rain,High,Delivered,26.0,DEL_00998,DRV_0323,2.57,26.0,68.8,20.09,Indian,4.1,23,2,0,Night
ORD_00999,CUST_0657,REST_010,2026-04-11 07:26:17,199.63,2,Clear,Low,Delivered,29.0,DEL_00999,DRV_0304,2.78,29.0,40.7,24.99,Healthy,4.9,7,5,1,Morning
ORD_01000,CUST_0369,REST_073,2026-06-20 00:30:44,206.91,2,Cloudy,Low,Delivered,40.0,DEL_01000,DRV_0378,4.82,40.0,63.8,35.54,South Indian,3.9,0,5,1,Night
ORD_01001,CUST_0866,REST_077,2026-01-10 08:45:38,211.83,2,Rain,Medium,Delivered,13.0,DEL_01001,DRV_0023,3.47,13.0,45.1,28.12,Fast Food,4.1,8,5,1,Morning
ORD_01002,CUST_0909,REST_048,2026-02-26 15:03:00,106.97,6,Rain,High,Delivered,32.0,DEL_01002,DRV_0111,2.57,32.0,68.3,23.09,Chinese,4.0,15,3,0,Afternoon
ORD_01003,CUST_0910,REST_035,2026-06-20 18:46:07,262.64,3,Clear,Medium,Delivered,29.0,DEL_01003,DRV_0130,3.35,29.0,48.9,21.72,North Indian,4.8,18,5,1,Evening
ORD_01004,CUST_0651,REST_054,2026-02-20 10:03:52,268.79,1,Cloudy,Medium,Delivered,29.0,DEL_01004,DRV_0362,7.81,29.0,80.2,28.67,Healthy,4.2,10,4,0,Morning
ORD_01005,CUST_0796,REST_087,2026-04-30 12:33:02,100.0,2,Rain,Medium,Delivered,12.0,DEL_01005,DRV_0260,4.63,12.0,63.8,21.89,Healthy,4.0,12,3,0,Afternoon
ORD_01006,CUST_0810,REST_081,2026-05-14 14:31:55,100.0,6,Clear,Low,Delivered,24.0,DEL_01006,DRV_0154,3.13,24.0,47.0,22.74,Desserts,4.1,14,3,0,Afternoon
ORD_01007,CUST_0992,REST_071,2026-04-16 02:56:31,181.26,5,Clear,Medium,Delivered,23.0,DEL_01007,DRV_0019,8.97,23.0,74.9,34.49,Healthy,4.9,2,3,0,Night
ORD_01008,CUST_0099,REST_016,2026-04-15 21:05:55,485.65,4,Rain,High,Delivered,31.0,DEL_01008,DRV_0049,5.79,31.0,94.0,91.54,Indian,3.7,21,2,0,Evening
ORD_01009,CUST_0317,REST_053,2026-02-02 03:10:45,461.67,4,Clear,High,Delivered,17.0,DEL_01009,DRV_0074,1.3,17.0,52.1,59.77,Desserts,5.0,3,0,0,Night
ORD_01010,CUST_0123,REST_040,2026-03-23 20:43:46,247.12,2,Rain,Medium,Delivered,24.0,DEL_01010,DRV_0214,6.68,24.0,82.6,26.67,Desserts,4.1,20,0,0,Evening
ORD_01011,CUST_0320,REST_100,2026-03-20 09:22:58,121.33,3,Clear,Low,Delivered,32.0,DEL_01011,DRV_0053,11.33,32.0,73.7,15.38,Pizza,3.9,9,4,0,Morning
ORD_01012,CUST_0799,REST_020,2026-04-03 04:09:03,295.23,4,Clear,Medium,Delivered,25.0,DEL_01012,DRV_0390,6.93,25.0,63.2,37.78,Desserts,3.4,4,4,0,Night
ORD_01013,CUST_0593,REST_088,2026-03-28 09:05:08,141.34,4,Clear,High,Delivered,38.0,DEL_01013,DRV_0190,2.92,38.0,64.3,26.03,Cafe,3.8,9,5,1,Morning
ORD_01014,CUST_0495,REST_069,2026-03-16 09:08:23,118.85,4,Clear,Low,Delivered,26.0,DEL_01014,DRV_0129,4.04,26.0,49.8,18.17,Chinese,3.7,9,0,0,Morning
ORD_01015,CUST_0457,REST_045,2026-02-09 08:30:05,100.0,4,Clear,High,Delivered,33.0,DEL_01015,DRV_0491,1.2,33.0,64.6,7.41,Pizza,4.2,8,0,0,Morning
ORD_01016,CUST_0522,REST_006,2026-06-16 06:21:43,191.77,2,Cloudy,High,Delivered,21.0,DEL_01016,DRV_0144,6.44,21.0,65.8,24.91,Cafe,3.9,6,1,0,Morning
ORD_01017,CUST_0520,REST_092,2026-05-06 06:24:02,128.2,6,Clear,Medium,Delivered,23.0,DEL_01017,DRV_0248,3.76,23.0,50.8,26.64,Indian,4.1,6,2,0,Morning
ORD_01018,CUST_0917,REST_069,2026-05-10 11:23:03,191.15,1,Rain,Medium,Delivered,30.0,DEL_01018,DRV_0180,2.75,30.0,66.8,20.5,Chinese,3.7,11,6,1,Morning
ORD_01019,CUST_0717,REST_049,2026-05-26 06:30:36,100.0,1,Cloudy,Medium,Delivered,26.0,DEL_01019,DRV_0007,3.85,26.0,49.4,27.3,Cafe,3.6,6,1,0,Morning
ORD_01020,CUST_0315,REST_039,2026-04-10 02:17:14,199.02,3,Clear,Medium,Delivered,27.0,DEL_01020,DRV_0344,1.32,27.0,42.7,11.41,Desserts,4.2,2,4,0,Night
ORD_01022,CUST_0709,REST_039,2026-05-08 06:48:39,329.76,5,Cloudy,Low,Delivered,29.0,DEL_01022,DRV_0206,1.82,29.0,48.8,30.33,Desserts,4.2,6,4,0,Morning
ORD_01023,CUST_0710,REST_021,2026-03-09 18:04:34,241.54,1,Clear,Low,Delivered,17.0,DEL_01023,DRV_0068,0.67,17.0,29.0,21.03,Fast Food,3.7,18,0,0,Evening
ORD_01024,CUST_0542,REST_040,2026-04-09 10:38:33,155.51,5,Clear,High,Delivered,27.0,DEL_01024,DRV_0361,2.99,27.0,65.3,26.33,Desserts,4.1,10,3,0,Morning
ORD_01025,CUST_0479,REST_082,2026-01-13 11:16:46,247.03,1,Rain,Medium,Delivered,33.0,DEL_01025,DRV_0143,2.19,33.0,64.2,33.29,Healthy,3.7,11,1,0,Morning
ORD_01026,CUST_0913,REST_054,2026-02-16 18:50:36,105.85,1,Clear,Medium,Delivered,29.0,DEL_01026,DRV_0108,8.01,29.0,71.4,16.22,Healthy,4.2,18,0,0,Evening
ORD_01027,CUST_0971,REST_012,2026-01-28 15:51:45,188.63,3,Clear,High,Delivered,13.0,DEL_01027,DRV_0185,2.04,13.0,54.8,11.12,South Indian,4.6,15,2,0,Afternoon
ORD_01029,CUST_0560,REST_037,2026-05-31 12:10:57,100.0,3,Cloudy,Medium,Delivered,16.0,DEL_01029,DRV_0151,2.46,16.0,39.7,15.99,Chinese,3.8,12,6,1,Afternoon
ORD_01030,CUST_0969,REST_038,2026-01-11 07:11:52,141.74,1,Clear,Medium,Delivered,32.0,DEL_01030,DRV_0211,4.75,32.0,53.6,13.75,Indian,3.7,7,6,1,Morning
ORD_01031,CUST_0130,REST_015,2026-03-28 07:45:10,179.03,6,Rain,Medium,Delivered,32.0,DEL_01031,DRV_0078,9.21,32.0,87.9,42.63,Healthy,4.6,7,5,1,Morning
ORD_01032,CUST_0293,REST_007,2026-01-09 02:35:27,162.72,4,Cloudy,Medium,Delivered,16.0,DEL_01032,DRV_0475,1.83,16.0,39.5,29.94,Healthy,3.9,2,4,0,Night
ORD_01033,CUST_0897,REST_078,2026-02-21 03:39:17,404.0,6,Cloudy,High,Delivered,41.0,DEL_01033,DRV_0228,10.04,41.0,101.3,28.24,Biryani,3.9,3,5,1,Night
ORD_01034,CUST_0132,REST_050,2026-02-16 04:12:31,100.0,6,Clear,High,Delivered,23.0,DEL_01034,DRV_0247,6.69,23.0,73.9,10.03,Desserts,4.0,4,0,0,Night
ORD_01036,CUST_0054,REST_067,2026-03-13 06:36:38,100.0,4,Clear,High,Delivered,12.0,DEL_01036,DRV_0102,4.63,12.0,58.4,19.55,North Indian,3.1,6,4,0,Morning
ORD_01037,CUST_0890,REST_044,2026-02-13 13:43:19,415.99,6,Cloudy,High,Delivered,26.0,DEL_01037,DRV_0214,4.09,26.0,81.4,36.13,Biryani,4.1,13,4,0,Afternoon
ORD_01038,CUST_0793,REST_031,2026-05-28 19:49:15,158.31,4,Clear,Low,Delivered,36.0,DEL_01038,DRV_0139,7.54,36.0,73.6,34.35,North Indian,4.0,19,3,0,Evening
ORD_01039,CUST_0387,REST_043,2026-02-24 02:46:56,142.43,5,Cloudy,Low,Delivered,21.0,DEL_01039,DRV_0388,4.09,21.0,43.6,27.43,Fast Food,3.7,2,1,0,Night
ORD_01040,CUST_0265,REST_077,2026-01-02 14:15:19,176.11,1,Clear,Medium,Delivered,12.0,DEL_01040,DRV_0186,3.54,12.0,55.3,12.38,Fast Food,4.1,14,4,0,Afternoon
ORD_01041,CUST_0982,REST_048,2026-05-25 08:42:26,257.22,2,Clear,Medium,Delivered,35.0,DEL_01041,DRV_0480,6.23,35.0,71.5,34.46,Chinese,4.0,8,0,0,Morning
ORD_01042,CUST_0215,REST_082,2026-06-10 21:00:47,219.43,6,Rain,Medium,Delivered,37.0,DEL_01042,DRV_0168,2.45,37.0,77.8,36.91,Healthy,3.7,21,2,0,Evening
ORD_01043,CUST_0460,REST_081,2026-03-18 02:25:06,777.7,3,Clear,Low,Delivered,25.0,DEL_01043,DRV_0489,11.81,25.0,80.3,83.93,Desserts,4.1,2,2,0,Night
ORD_01044,CUST_0458,REST_081,2026-04-10 22:17:09,232.68,5,Clear,Medium,Delivered,26.0,DEL_01044,DRV_0058,5.28,26.0,60.8,41.09,Desserts,4.1,22,4,0,Night
ORD_01045,CUST_0802,REST_061,2026-04-20 12:07:31,140.35,3,Cloudy,Low,Delivered,38.0,DEL_01045,DRV_0119,3.76,38.0,76.3,24.04,Healthy,4.4,12,0,0,Afternoon
ORD_01046,CUST_0043,REST_075,2026-03-26 22:17:07,133.12,2,Cloudy,Low,Delivered,17.0,DEL_01046,DRV_0088,3.71,17.0,38.8,30.87,Fast Food,3.5,22,3,0,Night
ORD_01047,CUST_0586,REST_084,2026-03-19 08:46:59,146.05,4,Clear,Medium,Delivered,23.0,DEL_01047,DRV_0122,3.44,23.0,46.1,18.53,North Indian,3.3,8,3,0,Morning
ORD_01048,CUST_0862,REST_010,2026-01-19 00:56:09,100.0,2,Clear,Medium,Delivered,24.0,DEL_01048,DRV_0482,5.76,24.0,51.4,19.24,Healthy,4.9,0,0,0,Night
ORD_01049,CUST_0278,REST_029,2026-05-20 14:11:20,185.29,3,Heavy Rain,Medium,Delivered,33.0,DEL_01049,DRV_0244,4.71,33.0,92.0,39.51,Pizza,3.9,14,2,0,Afternoon
ORD_01050,CUST_0838,REST_048,2026-04-07 16:46:31,278.92,2,Cloudy,High,Delivered,28.0,DEL_01050,DRV_0067,3.96,28.0,66.4,31.13,Chinese,4.0,16,1,0,Afternoon
ORD_01051,CUST_0754,REST_098,2026-05-29 14:01:22,129.37,1,Clear,Low,Delivered,20.0,DEL_01051,DRV_0294,8.6,20.0,76.7,26.72,Biryani,4.7,14,4,0,Afternoon
ORD_01052,CUST_0130,REST_081,2026-04-14 11:57:04,116.27,2,Rain,Low,Delivered,25.0,DEL_01052,DRV_0130,9.53,25.0,77.4,22.12,Desserts,4.1,11,1,0,Morning
ORD_01053,CUST_0350,REST_062,2026-02-28 13:07:28,417.29,6,Cloudy,Low,Delivered,22.0,DEL_01053,DRV_0343,1.94,22.0,46.7,48.7,Fast Food,3.5,13,5,1,Afternoon
ORD_01054,CUST_0706,REST_013,2026-02-19 03:45:36,100.0,1,Clear,Medium,Delivered,12.0,DEL_01054,DRV_0040,3.67,12.0,37.0,12.56,Cafe,3.2,3,3,0,Night
ORD_01055,CUST_0544,REST_044,2026-04-20 17:19:15,100.0,6,Clear,Medium,Delivered,17.0,DEL_01055,DRV_0212,3.18,17.0,48.6,22.12,Biryani,4.1,17,0,0,Evening
ORD_01056,CUST_0106,REST_047,2026-05-27 18:18:53,100.0,2,Clear,Medium,Delivered,26.0,DEL_01056,DRV_0056,2.92,26.0,50.2,12.57,Desserts,4.4,18,2,0,Evening
ORD_01057,CUST_0912,REST_064,2026-06-26 17:21:30,100.0,1,Rain,Medium,Delivered,12.0,DEL_01057,DRV_0200,3.13,12.0,49.5,23.26,Biryani,5.0,17,4,0,Evening
ORD_01058,CUST_0716,REST_091,2026-01-24 13:12:10,224.17,1,Clear,Medium,Delivered,11.0,DEL_01058,DRV_0291,2.04,11.0,48.0,21.08,Cafe,4.6,13,5,1,Afternoon
ORD_01059,CUST_0001,REST_053,2026-04-25 16:36:18,148.65,2,Clear,Medium,Delivered,17.0,DEL_01059,DRV_0305,6.76,17.0,60.0,27.08,Desserts,5.0,16,5,1,Afternoon
ORD_01060,CUST_0757,REST_090,2026-05-22 02:28:45,160.64,5,Rain,Medium,Delivered,38.0,DEL_01060,DRV_0107,3.67,38.0,66.8,14.78,North Indian,4.2,2,4,0,Night
ORD_01061,CUST_0584,REST_092,2026-06-11 18:31:35,341.76,4,Clear,Medium,Delivered,23.0,DEL_01061,DRV_0195,4.47,23.0,56.9,63.74,Indian,4.1,18,3,0,Evening
ORD_01062,CUST_0432,REST_077,2026-03-09 18:50:00,123.94,4,Cloudy,Low,Delivered,15.0,DEL_01062,DRV_0352,6.82,15.0,56.4,27.99,Fast Food,4.1,18,0,0,Evening
ORD_01063,CUST_0306,REST_076,2026-05-29 23:53:31,277.63,4,Clear,High,Delivered,21.0,DEL_01063,DRV_0122,1.99,21.0,54.6,27.18,Chinese,3.7,23,4,0,Night
ORD_01064,CUST_0909,REST_044,2026-06-04 14:45:29,416.23,1,Cloudy,Medium,Delivered,25.0,DEL_01064,DRV_0095,4.75,25.0,73.2,74.74,Biryani,4.1,14,3,0,Afternoon
ORD_01065,CUST_0527,REST_028,2026-04-09 19:39:28,141.09,4,Clear,Low,Delivered,25.0,DEL_01065,DRV_0428,1.59,25.0,50.0,28.77,Indian,4.4,19,3,0,Evening
ORD_01066,CUST_0053,REST_002,2026-02-10 00:41:00,271.88,1,Clear,Medium,Delivered,38.0,DEL_01066,DRV_0494,1.62,38.0,52.9,32.47,North Indian,4.2,0,1,0,Night
ORD_01067,CUST_0940,REST_057,2026-05-04 21:16:23,158.7,5,Cloudy,High,Delivered,25.0,DEL_01067,DRV_0287,4.19,25.0,75.6,19.07,Desserts,4.7,21,0,0,Evening
ORD_01068,CUST_0520,REST_057,2026-06-27 21:51:49,301.34,2,Cloudy,Low,Delivered,20.0,DEL_01068,DRV_0125,4.04,20.0,66.3,36.28,Desserts,4.7,21,5,1,Evening
ORD_01069,CUST_0330,REST_034,2026-04-20 04:08:32,100.0,2,Cloudy,Low,Delivered,13.0,DEL_01069,DRV_0449,2.0,13.0,38.0,29.23,Desserts,4.0,4,0,0,Night
ORD_01070,CUST_0558,REST_087,2026-05-08 13:28:19,100.0,1,Cloudy,Medium,Delivered,8.0,DEL_01070,DRV_0332,7.99,8.0,69.1,20.81,Healthy,4.0,13,4,0,Afternoon
ORD_01071,CUST_0325,REST_058,2026-04-21 09:53:24,146.17,1,Cloudy,Medium,Delivered,16.0,DEL_01071,DRV_0126,0.79,16.0,40.4,27.81,Fast Food,4.7,9,1,0,Morning
ORD_01072,CUST_0114,REST_052,2026-06-15 15:40:22,111.17,5,Cloudy,Low,Delivered,25.0,DEL_01072,DRV_0402,1.96,25.0,36.2,25.79,Healthy,4.6,15,0,0,Afternoon
ORD_01073,CUST_0147,REST_029,2026-05-29 18:44:39,136.43,4,Cloudy,High,Delivered,29.0,DEL_01073,DRV_0344,3.18,29.0,63.9,19.46,Pizza,3.9,18,4,0,Evening
ORD_01074,CUST_0166,REST_035,2026-03-17 08:03:20,160.66,5,Cloudy,Medium,Delivered,31.0,DEL_01074,DRV_0036,2.64,31.0,50.1,30.34,North Indian,4.8,8,1,0,Morning
ORD_01075,CUST_0379,REST_075,2026-04-23 21:27:23,269.35,2,Cloudy,High,Delivered,17.0,DEL_01075,DRV_0446,1.79,17.0,63.2,40.8,Fast Food,3.5,21,3,0,Evening
ORD_01076,CUST_0139,REST_048,2026-02-21 15:36:11,144.86,2,Cloudy,Medium,Delivered,38.0,DEL_01076,DRV_0413,13.31,38.0,106.1,22.8,Chinese,4.0,15,5,1,Afternoon
ORD_01077,CUST_0629,REST_033,2026-04-23 07:06:29,115.22,6,Clear,High,Delivered,25.0,DEL_01077,DRV_0217,6.99,25.0,81.4,22.48,Fast Food,4.1,7,3,0,Morning
ORD_01078,CUST_0299,REST_075,2026-01-14 08:49:29,149.41,4,Clear,Medium,Delivered,13.0,DEL_01078,DRV_0407,3.59,13.0,41.7,31.09,Fast Food,3.5,8,2,0,Morning
ORD_01080,CUST_0916,REST_078,2026-06-05 22:02:59,108.45,6,Rain,High,Delivered,41.0,DEL_01080,DRV_0030,7.79,41.0,103.2,25.69,Biryani,3.9,22,4,0,Night
ORD_01081,CUST_0789,REST_009,2026-01-16 14:56:55,100.0,1,Rain,Low,Delivered,21.0,DEL_01081,DRV_0465,2.67,21.0,67.8,18.57,Biryani,4.6,14,4,0,Afternoon
ORD_01082,CUST_0850,REST_048,2026-05-04 13:40:50,188.33,2,Cloudy,High,Delivered,32.0,DEL_01082,DRV_0255,3.73,32.0,89.9,29.94,Chinese,4.0,13,0,0,Afternoon
ORD_01083,CUST_0825,REST_067,2026-03-25 18:23:31,132.58,3,Clear,Medium,Delivered,17.0,DEL_01083,DRV_0045,4.13,17.0,55.6,17.81,North Indian,3.1,18,2,0,Evening
ORD_01084,CUST_0178,REST_093,2026-02-28 14:17:13,308.42,4,Clear,High,Delivered,25.0,DEL_01084,DRV_0177,6.8,25.0,89.4,14.08,Indian,3.8,14,5,1,Afternoon
ORD_01085,CUST_0842,REST_083,2026-05-21 12:14:27,100.0,6,Rain,Medium,Delivered,15.0,DEL_01085,DRV_0222,5.59,15.0,65.9,27.35,Pizza,4.8,12,3,0,Afternoon
ORD_01086,CUST_0354,REST_036,2026-04-12 11:45:57,134.54,4,Rain,High,Delivered,21.0,DEL_01086,DRV_0113,3.77,21.0,69.3,23.08,Indian,3.0,11,6,1,Morning
ORD_01087,CUST_0154,REST_096,2026-02-15 21:56:14,491.32,4,Clear,Low,Delivered,31.0,DEL_01087,DRV_0122,2.78,31.0,67.2,67.38,Biryani,3.3,21,6,1,Evening
ORD_01088,CUST_0926,REST_071,2026-06-13 16:28:56,108.12,3,Rain,Medium,Delivered,30.0,DEL_01088,DRV_0275,4.0,30.0,68.5,24.73,Healthy,4.9,16,5,1,Afternoon
ORD_01089,CUST_0201,REST_092,2026-05-03 08:21:41,159.16,5,Clear,Medium,Delivered,25.0,DEL_01089,DRV_0448,1.76,25.0,40.9,20.53,Indian,4.1,8,6,1,Morning
ORD_01090,CUST_0878,REST_044,2026-01-30 22:56:00,100.0,1,Clear,High,Delivered,24.0,DEL_01090,DRV_0389,2.23,24.0,57.8,17.59,Biryani,4.1,22,4,0,Night
ORD_01091,CUST_0115,REST_082,2026-03-23 07:01:24,100.0,4,Cloudy,Low,Delivered,30.0,DEL_01091,DRV_0232,3.51,30.0,46.1,24.8,Healthy,3.7,7,0,0,Morning
ORD_01092,CUST_0671,REST_060,2026-02-14 10:22:00,424.55,2,Cloudy,Medium,Delivered,17.0,DEL_01092,DRV_0312,3.86,17.0,45.8,17.15,Chinese,4.2,10,5,1,Morning
ORD_01093,CUST_0554,REST_063,2026-02-05 23:47:48,199.15,1,Rain,Medium,Delivered,17.0,DEL_01093,DRV_0418,11.1,17.0,86.1,23.77,Biryani,4.7,23,3,0,Night
ORD_01094,CUST_0759,REST_005,2026-03-28 20:36:34,195.1,2,Clear,Low,Delivered,35.0,DEL_01094,DRV_0249,2.29,35.0,60.9,33.38,Chinese,4.4,20,5,1,Evening
ORD_01095,CUST_0068,REST_087,2026-04-02 08:48:07,100.0,1,Clear,Medium,Delivered,8.0,DEL_01095,DRV_0329,0.94,8.0,24.2,21.51,Healthy,4.0,8,3,0,Morning
ORD_01097,CUST_0445,REST_090,2026-03-17 06:27:54,342.61,6,Clear,Medium,Delivered,32.0,DEL_01097,DRV_0176,2.58,32.0,46.8,32.04,North Indian,4.2,6,1,0,Morning
ORD_01099,CUST_0846,REST_040,2026-03-26 06:47:40,261.8,2,Clear,High,Delivered,32.0,DEL_01099,DRV_0282,3.08,32.0,56.2,39.45,Desserts,4.1,6,3,0,Morning
ORD_01101,CUST_0602,REST_047,2026-05-18 12:53:55,215.34,4,Clear,Medium,Delivered,24.0,DEL_01101,DRV_0133,6.81,24.0,74.8,13.05,Desserts,4.4,12,0,0,Afternoon
ORD_01102,CUST_0623,REST_065,2026-04-05 09:06:50,261.69,2,Cloudy,Medium,Delivered,23.0,DEL_01102,DRV_0344,4.6,23.0,49.0,8.1,South Indian,4.7,9,6,1,Morning
ORD_01103,CUST_0880,REST_067,2026-01-02 22:34:19,100.0,3,Cloudy,High,Delivered,19.0,DEL_01103,DRV_0159,2.55,19.0,51.4,23.24,North Indian,3.1,22,4,0,Night
ORD_01104,CUST_0359,REST_091,2026-02-09 11:33:56,100.0,3,Cloudy,Medium,Delivered,14.0,DEL_01104,DRV_0280,0.89,14.0,35.5,19.11,Cafe,4.6,11,0,0,Morning
ORD_01105,CUST_0145,REST_018,2026-01-25 04:45:17,295.45,1,Clear,Medium,Delivered,36.0,DEL_01105,DRV_0341,5.64,36.0,68.4,16.07,Pizza,3.6,4,6,1,Night
ORD_01106,CUST_0275,REST_050,2026-04-14 00:56:41,293.48,5,Clear,Low,Delivered,26.0,DEL_01106,DRV_0022,6.98,26.0,58.0,34.17,Desserts,4.0,0,1,0,Night
ORD_01107,CUST_0509,REST_030,2026-06-07 01:31:10,100.0,1,Clear,Medium,Delivered,25.0,DEL_01107,DRV_0102,3.06,25.0,51.7,15.79,South Indian,4.1,1,6,1,Night
ORD_01108,CUST_0179,REST_066,2026-05-22 17:36:24,280.69,1,Clear,High,Delivered,33.0,DEL_01108,DRV_0150,10.31,33.0,87.3,20.95,North Indian,3.5,17,4,0,Evening
ORD_01110,CUST_0838,REST_093,2026-06-02 14:16:55,278.54,4,Clear,Low,Delivered,19.0,DEL_01110,DRV_0057,4.49,19.0,51.6,40.85,Indian,3.8,14,1,0,Afternoon
ORD_01111,CUST_0831,REST_097,2026-03-28 13:21:42,127.87,6,Cloudy,High,Delivered,11.0,DEL_01111,DRV_0158,3.67,11.0,61.5,25.05,Cafe,4.7,13,5,1,Afternoon
ORD_01112,CUST_0477,REST_042,2026-01-17 04:18:48,258.49,5,Heavy Rain,Medium,Delivered,31.0,DEL_01112,DRV_0369,7.07,31.0,76.8,39.04,Healthy,5.0,4,5,1,Night
ORD_01113,CUST_0843,REST_084,2026-03-13 05:02:00,288.33,5,Clear,Medium,Delivered,24.0,DEL_01113,DRV_0303,9.92,24.0,75.5,40.38,North Indian,3.3,5,4,0,Night
ORD_01114,CUST_0976,REST_094,2026-03-25 19:42:33,149.42,5,Rain,High,Delivered,24.0,DEL_01114,DRV_0458,9.59,24.0,106.1,25.52,Cafe,4.6,19,2,0,Evening
ORD_01115,CUST_0414,REST_005,2026-01-24 16:11:21,183.05,5,Clear,High,Delivered,33.0,DEL_01115,DRV_0195,4.08,33.0,71.4,26.27,Chinese,4.4,16,5,1,Afternoon
ORD_01116,CUST_0153,REST_050,2026-05-08 17:23:13,126.89,5,Cloudy,High,Delivered,24.0,DEL_01116,DRV_0167,9.55,24.0,89.3,37.55,Desserts,4.0,17,4,0,Evening
ORD_01117,CUST_0104,REST_085,2026-06-13 14:48:35,449.62,1,Cloudy,High,Delivered,18.0,DEL_01117,DRV_0477,2.49,18.0,63.7,67.61,South Indian,3.4,14,5,1,Afternoon
ORD_01118,CUST_0075,REST_058,2026-04-24 06:07:03,169.67,1,Rain,Medium,Delivered,16.0,DEL_01118,DRV_0345,6.42,16.0,64.2,34.62,Fast Food,4.7,6,4,0,Morning
ORD_01119,CUST_0128,REST_079,2026-04-16 12:51:43,109.17,6,Clear,High,Delivered,27.0,DEL_01119,DRV_0194,2.27,27.0,63.1,24.96,Healthy,4.4,12,3,0,Afternoon
ORD_01120,CUST_0711,REST_084,2026-03-04 11:10:05,122.28,3,Clear,Medium,Delivered,22.0,DEL_01120,DRV_0461,5.97,22.0,59.5,7.82,North Indian,3.3,11,2,0,Morning
ORD_01121,CUST_0666,REST_008,2026-03-23 20:32:48,194.36,3,Clear,High,Delivered,28.0,DEL_01121,DRV_0347,5.96,28.0,81.8,16.37,Desserts,4.5,20,0,0,Evening
ORD_01122,CUST_0568,REST_031,2026-05-14 03:28:12,274.33,6,Clear,High,Delivered,33.0,DEL_01122,DRV_0413,3.06,33.0,61.0,44.11,North Indian,4.0,3,3,0,Night
ORD_01123,CUST_0790,REST_012,2026-02-13 23:17:18,100.0,6,Rain,Low,Delivered,16.0,DEL_01123,DRV_0398,2.54,16.0,44.7,22.16,South Indian,4.6,23,4,0,Night
ORD_01124,CUST_0345,REST_021,2026-01-24 17:15:00,500.8,2,Rain,Low,Delivered,17.0,DEL_01124,DRV_0260,8.98,17.0,59.6,82.63,Fast Food,3.7,17,5,1,Evening
ORD_01125,CUST_0531,REST_094,2026-03-19 10:14:47,214.81,1,Cloudy,Low,Delivered,19.0,DEL_01125,DRV_0200,1.9,19.0,38.4,34.39,Cafe,4.6,10,3,0,Morning
ORD_01126,CUST_0159,REST_062,2026-06-10 09:56:01,234.29,5,Cloudy,High,Delivered,24.0,DEL_01126,DRV_0005,1.48,24.0,59.1,24.53,Fast Food,3.5,9,2,0,Morning
ORD_01127,CUST_0538,REST_091,2026-02-17 03:04:49,171.84,2,Rain,High,Delivered,11.0,DEL_01127,DRV_0300,5.29,11.0,63.3,37.82,Cafe,4.6,3,1,0,Night
ORD_01128,CUST_0426,REST_090,2026-05-05 23:43:40,183.2,4,Clear,Medium,Delivered,36.0,DEL_01128,DRV_0091,4.0,36.0,68.0,10.71,North Indian,4.2,23,1,0,Night
ORD_01129,CUST_0681,REST_033,2026-04-09 20:40:31,167.08,1,Clear,Medium,Delivered,32.0,DEL_01129,DRV_0024,5.24,32.0,71.8,33.49,Fast Food,4.1,20,3,0,Evening
ORD_01130,CUST_0996,REST_026,2026-05-29 06:57:43,317.28,6,Rain,High,Delivered,35.0,DEL_01130,DRV_0236,2.65,35.0,71.5,40.02,Fast Food,3.0,6,4,0,Morning
ORD_01131,CUST_0023,REST_090,2026-02-15 19:38:01,180.48,3,Clear,Medium,Delivered,31.0,DEL_01131,DRV_0235,2.81,31.0,58.0,19.62,North Indian,4.2,19,6,1,Evening
ORD_01132,CUST_0047,REST_100,2026-01-04 15:56:15,276.41,1,Clear,Low,Delivered,28.0,DEL_01132,DRV_0226,4.08,28.0,48.7,43.72,Pizza,3.9,15,6,1,Afternoon
ORD_01133,CUST_0525,REST_040,2026-06-04 20:41:15,142.79,6,Clear,Medium,Delivered,27.0,DEL_01133,DRV_0028,4.12,27.0,61.3,28.29,Desserts,4.1,20,3,0,Evening
ORD_01134,CUST_0729,REST_065,2026-01-08 19:15:04,201.87,1,Cloudy,High,Delivered,25.0,DEL_01134,DRV_0152,3.93,25.0,72.8,15.4,South Indian,4.7,19,3,0,Evening
ORD_01135,CUST_0834,REST_059,2026-02-10 04:09:26,116.49,1,Cloudy,High,Delivered,39.0,DEL_01135,DRV_0384,9.83,39.0,101.2,11.71,Pizza,4.0,4,1,0,Night
ORD_01137,CUST_0144,REST_001,2026-04-06 18:38:24,114.6,4,Cloudy,Low,Delivered,14.0,DEL_01137,DRV_0005,1.81,14.0,37.7,24.82,Pizza,4.8,18,0,0,Evening
ORD_01138,CUST_0585,REST_011,2026-01-24 07:18:11,151.6,3,Rain,Medium,Delivered,22.0,DEL_01138,DRV_0013,5.29,22.0,69.4,24.38,Pizza,4.9,7,5,1,Morning
ORD_01139,CUST_0668,REST_055,2026-03-20 22:21:18,152.44,1,Rain,High,Delivered,36.0,DEL_01139,DRV_0466,2.05,36.0,75.8,25.42,North Indian,4.2,22,4,0,Night
ORD_01140,CUST_0589,REST_002,2026-04-21 02:48:49,149.21,6,Cloudy,Medium,Delivered,37.0,DEL_01140,DRV_0055,11.53,37.0,96.0,32.41,North Indian,4.2,2,1,0,Night
ORD_01141,CUST_0419,REST_065,2026-06-04 14:45:54,269.72,4,Rain,Medium,Delivered,21.0,DEL_01141,DRV_0465,2.86,21.0,62.2,47.22,South Indian,4.7,14,3,0,Afternoon
ORD_01142,CUST_0681,REST_095,2026-03-01 03:46:19,152.3,2,Rain,Low,Delivered,32.0,DEL_01142,DRV_0286,3.45,32.0,57.3,24.3,Pizza,3.7,3,6,1,Night
ORD_01143,CUST_0973,REST_044,2026-03-22 00:11:30,390.2,1,Clear,High,Delivered,17.0,DEL_01143,DRV_0102,6.96,17.0,66.7,22.0,Biryani,4.1,0,6,1,Night
ORD_01144,CUST_0799,REST_016,2026-04-27 09:50:16,115.57,4,Clear,Low,Delivered,27.0,DEL_01144,DRV_0339,2.22,27.0,37.0,8.38,Indian,3.7,9,0,0,Morning
ORD_01145,CUST_0085,REST_022,2026-01-02 14:40:44,198.97,5,Clear,Low,Delivered,22.0,DEL_01145,DRV_0214,1.46,22.0,43.0,27.62,Biryani,4.5,14,4,0,Afternoon
ORD_01146,CUST_0416,REST_018,2026-03-09 01:35:26,118.31,2,Clear,High,Delivered,37.0,DEL_01146,DRV_0433,2.19,37.0,62.0,19.17,Pizza,3.6,1,0,0,Night
ORD_01147,CUST_0694,REST_047,2026-01-09 08:27:53,228.5,3,Clear,High,Delivered,34.0,DEL_01147,DRV_0113,7.74,34.0,82.1,44.49,Desserts,4.4,8,4,0,Morning
ORD_01148,CUST_0482,REST_081,2026-03-04 04:24:14,179.69,1,Clear,Medium,Delivered,27.0,DEL_01148,DRV_0338,3.24,27.0,57.3,16.06,Desserts,4.1,4,2,0,Night
ORD_01149,CUST_0456,REST_030,2026-02-09 16:07:15,166.45,1,Clear,Medium,Delivered,19.0,DEL_01149,DRV_0090,7.39,19.0,55.9,12.78,South Indian,4.1,16,0,0,Afternoon
ORD_01150,CUST_0827,REST_010,2026-05-25 16:21:53,348.51,4,Clear,Medium,Delivered,31.0,DEL_01150,DRV_0271,4.2,31.0,54.4,54.01,Healthy,4.9,16,0,0,Afternoon
ORD_01151,CUST_0297,REST_099,2026-01-30 23:44:50,126.48,3,Clear,Low,Delivered,34.0,DEL_01151,DRV_0247,1.22,34.0,48.4,19.29,Healthy,3.7,23,4,0,Night
ORD_01152,CUST_0112,REST_058,2026-01-06 16:05:22,250.28,5,Cloudy,Low,Delivered,17.0,DEL_01152,DRV_0476,2.61,17.0,35.1,13.26,Fast Food,4.7,16,1,0,Afternoon
ORD_01153,CUST_0962,REST_062,2026-03-27 22:47:09,118.76,2,Rain,Medium,Delivered,25.0,DEL_01153,DRV_0030,4.91,25.0,72.5,17.14,Fast Food,3.5,22,4,0,Night
ORD_01154,CUST_0230,REST_085,2026-02-21 08:15:34,192.86,6,Cloudy,Low,Delivered,19.0,DEL_01154,DRV_0028,0.73,19.0,25.3,36.2,South Indian,3.4,8,5,1,Morning
ORD_01155,CUST_0096,REST_080,2026-02-16 07:08:55,100.0,3,Clear,High,Delivered,33.0,DEL_01155,DRV_0468,5.47,33.0,76.6,16.97,South Indian,5.0,7,0,0,Morning
ORD_01156,CUST_0950,REST_006,2026-03-16 10:12:12,125.92,1,Clear,Low,Delivered,24.0,DEL_01156,DRV_0388,1.47,24.0,38.9,26.59,Cafe,3.9,10,0,0,Morning
ORD_01157,CUST_0680,REST_067,2026-05-14 06:29:51,173.26,4,Clear,Medium,Delivered,14.0,DEL_01157,DRV_0068,2.73,14.0,35.6,36.06,North Indian,3.1,6,3,0,Morning
ORD_01158,CUST_0378,REST_041,2026-01-12 04:04:58,491.79,5,Clear,Medium,Delivered,40.0,DEL_01158,DRV_0357,9.91,40.0,98.0,60.64,North Indian,4.9,4,0,0,Night
ORD_01159,CUST_0156,REST_043,2026-01-27 16:49:32,191.61,4,Rain,Medium,Delivered,23.0,DEL_01159,DRV_0143,10.04,23.0,82.6,30.03,Fast Food,3.7,16,1,0,Afternoon
ORD_01160,CUST_0421,REST_085,2026-04-15 04:01:25,450.37,2,Clear,Medium,Delivered,13.0,DEL_01160,DRV_0034,5.83,13.0,54.3,72.46,South Indian,3.4,4,2,0,Night
ORD_01161,CUST_0105,REST_077,2026-05-21 13:55:31,204.62,3,Rain,High,Delivered,18.0,DEL_01161,DRV_0459,4.57,18.0,75.3,15.58,Fast Food,4.1,13,3,0,Afternoon
ORD_01162,CUST_0705,REST_018,2026-04-11 21:44:37,146.51,4,Cloudy,Medium,Delivered,33.0,DEL_01162,DRV_0471,2.85,33.0,76.3,18.21,Pizza,3.6,21,5,1,Evening
ORD_01163,CUST_0330,REST_058,2026-05-26 08:43:22,422.69,6,Clear,Medium,Delivered,20.0,DEL_01163,DRV_0355,1.18,20.0,40.2,47.99,Fast Food,4.7,8,1,0,Morning
ORD_01164,CUST_0439,REST_060,2026-02-01 11:44:48,230.53,6,Cloudy,Medium,Delivered,21.0,DEL_01164,DRV_0427,1.07,21.0,52.6,21.27,Chinese,4.2,11,6,1,Morning
ORD_01165,CUST_0132,REST_088,2026-06-01 23:43:24,127.29,4,Clear,Low,Delivered,30.0,DEL_01165,DRV_0227,4.2,30.0,56.7,11.24,Cafe,3.8,23,0,0,Night
ORD_01166,CUST_0867,REST_027,2026-02-16 20:39:05,234.82,1,Clear,Medium,Delivered,31.0,DEL_01166,DRV_0203,3.4,31.0,70.6,24.7,South Indian,4.0,20,0,0,Evening
ORD_01167,CUST_0382,REST_068,2026-06-18 15:32:07,154.33,4,Cloudy,Medium,Delivered,18.0,DEL_01167,DRV_0061,3.0,18.0,42.6,17.99,Indian,4.5,15,3,0,Afternoon
ORD_01168,CUST_0138,REST_022,2026-03-14 09:54:24,100.0,5,Heavy Rain,High,Delivered,20.0,DEL_01168,DRV_0191,8.54,20.0,93.6,20.54,Biryani,4.5,9,5,1,Morning
ORD_01169,CUST_0943,REST_024,2026-06-27 22:22:22,303.32,3,Rain,High,Delivered,35.0,DEL_01169,DRV_0002,2.16,35.0,71.1,22.11,Cafe,4.3,22,5,1,Night
ORD_01170,CUST_0843,REST_040,2026-03-16 07:39:32,331.03,2,Rain,Low,Delivered,23.0,DEL_01170,DRV_0118,16.61,23.0,103.0,34.53,Desserts,4.1,7,0,0,Morning
ORD_01171,CUST_0270,REST_074,2026-03-10 20:31:29,498.13,6,Clear,Low,Delivered,10.0,DEL_01171,DRV_0308,15.51,10.0,90.8,40.19,Indian,4.2,20,1,0,Evening
ORD_01172,CUST_0550,REST_066,2026-01-27 03:31:11,228.65,4,Clear,Low,Delivered,32.0,DEL_01172,DRV_0052,6.86,32.0,58.5,45.38,North Indian,3.5,3,1,0,Night
ORD_01173,CUST_0396,REST_040,2026-02-11 15:54:13,158.1,5,Clear,High,Delivered,28.0,DEL_01173,DRV_0015,3.38,28.0,63.1,9.06,Desserts,4.1,15,2,0,Afternoon
ORD_01174,CUST_0557,REST_006,2026-02-24 17:41:12,286.93,6,Clear,Low,Delivered,22.0,DEL_01174,DRV_0424,0.96,22.0,31.0,46.88,Cafe,3.9,17,1,0,Evening
ORD_01175,CUST_0913,REST_018,2026-02-13 18:58:44,289.28,6,Clear,Medium,Delivered,39.0,DEL_01175,DRV_0284,6.67,39.0,70.8,29.88,Pizza,3.6,18,4,0,Evening
ORD_01176,CUST_0464,REST_081,2026-01-02 02:33:39,446.33,2,Cloudy,Medium,Delivered,25.0,DEL_01176,DRV_0479,13.88,25.0,100.5,48.69,Desserts,4.1,2,4,0,Night
ORD_01177,CUST_0675,REST_087,2026-02-19 04:22:21,176.88,6,Cloudy,Medium,Delivered,10.0,DEL_01177,DRV_0096,18.33,10.0,103.4,15.33,Healthy,4.0,4,3,0,Night
ORD_01178,CUST_0450,REST_030,2026-06-27 03:12:01,165.49,5,Rain,Low,Delivered,20.0,DEL_01178,DRV_0098,2.27,20.0,47.1,35.63,South Indian,4.1,3,5,1,Night
ORD_01179,CUST_0331,REST_021,2026-06-09 01:23:23,122.3,6,Rain,Low,Delivered,17.0,DEL_01179,DRV_0055,7.03,17.0,62.2,30.76,Fast Food,3.7,1,1,0,Night
ORD_01180,CUST_0253,REST_062,2026-05-03 01:04:34,243.62,6,Clear,Medium,Delivered,19.0,DEL_01180,DRV_0434,1.74,19.0,31.6,41.02,Fast Food,3.5,1,6,1,Night
ORD_01181,CUST_0681,REST_010,2026-03-10 13:42:29,100.0,4,Rain,Low,Delivered,30.0,DEL_01181,DRV_0278,1.0,30.0,51.8,17.6,Healthy,4.9,13,1,0,Afternoon
ORD_01182,CUST_0963,REST_013,2026-04-21 11:13:59,277.79,4,Clear,Low,Delivered,10.0,DEL_01182,DRV_0413,8.4,10.0,59.9,27.13,Cafe,3.2,11,1,0,Morning
ORD_01183,CUST_0285,REST_076,2026-03-21 00:08:13,250.46,3,Clear,Low,Delivered,17.0,DEL_01183,DRV_0245,2.86,17.0,39.0,37.76,Chinese,3.7,0,5,1,Night
ORD_01184,CUST_0274,REST_009,2026-01-18 13:21:11,250.08,1,Rain,Medium,Delivered,19.0,DEL_01184,DRV_0328,3.42,19.0,56.8,45.64,Biryani,4.6,13,6,1,Afternoon
ORD_01185,CUST_0020,REST_068,2026-06-13 00:38:44,195.59,5,Clear,Medium,Delivered,21.0,DEL_01185,DRV_0470,3.37,21.0,50.6,32.55,Indian,4.5,0,5,1,Night
ORD_01186,CUST_0239,REST_039,2026-05-29 00:29:40,421.21,1,Rain,Low,Delivered,24.0,DEL_01186,DRV_0396,0.5,24.0,35.0,69.03,Desserts,4.2,0,4,0,Night
ORD_01187,CUST_0270,REST_024,2026-06-30 22:15:21,292.83,1,Cloudy,Medium,Delivered,34.0,DEL_01187,DRV_0471,3.4,34.0,51.3,11.69,Cafe,4.3,22,1,0,Night
ORD_01188,CUST_0418,REST_034,2026-01-07 09:33:33,129.81,6,Rain,Low,Delivered,17.0,DEL_01188,DRV_0038,9.5,17.0,77.9,25.91,Desserts,4.0,9,2,0,Morning
ORD_01189,CUST_0945,REST_061,2026-04-23 07:54:36,131.1,2,Heavy Rain,Medium,Delivered,31.0,DEL_01189,DRV_0120,3.1,31.0,70.6,28.29,Healthy,4.4,7,3,0,Morning
ORD_01190,CUST_0310,REST_041,2026-06-01 20:54:58,111.74,2,Cloudy,Low,Delivered,37.0,DEL_01190,DRV_0258,4.8,37.0,72.9,24.29,North Indian,4.9,20,0,0,Evening
ORD_01191,CUST_0031,REST_005,2026-03-25 15:45:51,245.48,6,Clear,Medium,Delivered,33.0,DEL_01191,DRV_0140,1.22,33.0,43.0,39.31,Chinese,4.4,15,2,0,Afternoon
ORD_01192,CUST_0826,REST_079,2026-05-23 03:10:06,104.58,5,Clear,Low,Delivered,27.0,DEL_01192,DRV_0183,6.62,27.0,52.3,17.27,Healthy,4.4,3,5,1,Night
ORD_01193,CUST_0104,REST_050,2026-05-26 06:52:54,328.94,1,Clear,High,Delivered,27.0,DEL_01193,DRV_0213,2.92,27.0,53.3,44.97,Desserts,4.0,6,1,0,Morning
ORD_01194,CUST_0682,REST_004,2026-02-19 05:41:34,375.27,3,Clear,Low,Delivered,13.0,DEL_01194,DRV_0126,2.13,13.0,36.0,63.83,Healthy,3.7,5,3,0,Night
ORD_01195,CUST_0186,REST_051,2026-06-18 11:30:52,111.78,1,Rain,High,Delivered,16.0,DEL_01195,DRV_0140,2.09,16.0,48.9,28.02,Healthy,3.6,11,3,0,Morning
ORD_01196,CUST_0128,REST_052,2026-05-02 16:00:05,163.69,2,Clear,High,Delivered,23.0,DEL_01196,DRV_0109,13.23,23.0,107.4,37.74,Healthy,4.6,16,5,1,Afternoon
ORD_01197,CUST_0210,REST_039,2026-03-28 11:22:22,182.94,1,Heavy Rain,Medium,Delivered,27.0,DEL_01197,DRV_0479,0.71,27.0,52.5,18.38,Desserts,4.2,11,5,1,Morning
ORD_01198,CUST_0414,REST_008,2026-05-13 05:06:24,294.77,4,Cloudy,High,Delivered,28.0,DEL_01198,DRV_0009,5.97,28.0,71.1,17.46,Desserts,4.5,5,2,0,Night
ORD_01199,CUST_0281,REST_045,2026-06-20 10:45:23,439.28,4,Clear,Low,Delivered,32.0,DEL_01199,DRV_0463,0.84,32.0,38.7,40.33,Pizza,4.2,10,5,1,Morning
ORD_01200,CUST_0959,REST_088,2026-04-26 03:35:49,100.0,3,Clear,Low,Delivered,35.0,DEL_01200,DRV_0032,6.02,35.0,58.7,29.16,Cafe,3.8,3,6,1,Night
ORD_01201,CUST_0253,REST_028,2026-05-25 01:25:51,152.17,5,Clear,Low,Delivered,20.0,DEL_01201,DRV_0235,2.35,20.0,35.9,22.48,Indian,4.4,1,0,0,Night
ORD_01202,CUST_0019,REST_027,2026-02-01 04:58:34,156.6,1,Clear,Low,Delivered,29.0,DEL_01202,DRV_0073,5.95,29.0,52.6,29.08,South Indian,4.0,4,6,1,Night
ORD_01203,CUST_0712,REST_065,2026-02-22 01:42:45,100.0,4,Cloudy,Medium,Delivered,17.0,DEL_01203,DRV_0472,3.73,17.0,48.0,18.89,South Indian,4.7,1,6,1,Night
ORD_01204,CUST_0732,REST_034,2026-03-22 08:26:02,138.82,5,Clear,Medium,Delivered,17.0,DEL_01204,DRV_0136,4.97,17.0,47.7,20.75,Desserts,4.0,8,6,1,Morning
ORD_01205,CUST_0136,REST_081,2026-06-02 13:58:05,229.36,4,Cloudy,Low,Delivered,27.0,DEL_01205,DRV_0254,4.5,27.0,66.9,21.95,Desserts,4.1,13,1,0,Afternoon
ORD_01206,CUST_0223,REST_062,2026-06-02 05:45:50,155.51,5,Clear,Medium,Delivered,20.0,DEL_01206,DRV_0116,4.44,20.0,54.3,18.23,Fast Food,3.5,5,1,0,Night
ORD_01207,CUST_0003,REST_062,2026-03-12 16:14:51,100.0,5,Rain,Low,Delivered,15.0,DEL_01207,DRV_0156,0.97,15.0,35.1,14.78,Fast Food,3.5,16,3,0,Afternoon
ORD_01208,CUST_0963,REST_038,2026-03-23 19:53:15,880.73,4,Rain,Medium,Delivered,35.0,DEL_01208,DRV_0440,2.04,35.0,77.4,69.6,Indian,3.7,19,0,0,Evening
ORD_01209,CUST_0236,REST_026,2026-03-25 18:20:34,209.85,6,Clear,High,Delivered,34.0,DEL_01209,DRV_0082,7.06,34.0,84.8,16.09,Fast Food,3.0,18,2,0,Evening
ORD_01210,CUST_0854,REST_024,2026-02-22 02:24:21,192.76,2,Clear,Medium,Delivered,32.0,DEL_01210,DRV_0107,2.76,32.0,55.5,38.88,Cafe,4.3,2,6,1,Night
ORD_01211,CUST_0465,REST_039,2026-06-28 17:20:27,100.0,5,Cloudy,Medium,Delivered,23.0,DEL_01211,DRV_0229,3.67,23.0,53.5,21.13,Desserts,4.2,17,6,1,Evening
ORD_01212,CUST_0228,REST_021,2026-05-27 02:20:25,209.22,6,Heavy Rain,Medium,Delivered,25.0,DEL_01212,DRV_0292,1.88,25.0,56.9,27.72,Fast Food,3.7,2,2,0,Night
ORD_01213,CUST_0913,REST_094,2026-06-10 11:52:05,165.62,1,Clear,High,Delivered,22.0,DEL_01213,DRV_0117,2.23,22.0,50.9,18.06,Cafe,4.6,11,2,0,Morning
ORD_01214,CUST_0654,REST_047,2026-03-06 05:54:03,100.0,6,Clear,Low,Delivered,30.0,DEL_01214,DRV_0421,11.91,30.0,82.4,16.03,Desserts,4.4,5,4,0,Night
ORD_01215,CUST_0499,REST_048,2026-03-15 18:27:04,100.62,4,Clear,High,Delivered,32.0,DEL_01215,DRV_0288,9.88,32.0,98.2,15.32,Chinese,4.0,18,6,1,Evening
ORD_01216,CUST_0521,REST_013,2026-01-17 05:50:00,280.68,6,Clear,Medium,Delivered,17.0,DEL_01216,DRV_0213,6.01,17.0,58.5,52.89,Cafe,3.2,5,5,1,Night
ORD_01217,CUST_0702,REST_003,2026-06-19 07:00:49,528.06,2,Clear,Medium,Delivered,17.0,DEL_01217,DRV_0167,6.39,17.0,60.0,75.15,South Indian,4.4,7,4,0,Morning
ORD_01218,CUST_0862,REST_032,2026-03-02 08:27:15,221.84,4,Clear,High,Delivered,18.0,DEL_01218,DRV_0049,5.13,18.0,57.4,12.69,Healthy,3.9,8,0,0,Morning
ORD_01219,CUST_0917,REST_035,2026-03-31 02:02:48,332.52,3,Cloudy,High,Delivered,26.0,DEL_01219,DRV_0221,4.13,26.0,70.9,14.08,North Indian,4.8,2,1,0,Night
ORD_01220,CUST_0972,REST_019,2026-02-02 14:37:02,166.39,1,Clear,Medium,Delivered,17.0,DEL_01220,DRV_0402,12.38,17.0,89.1,36.99,Indian,4.4,14,0,0,Afternoon
ORD_01221,CUST_0677,REST_014,2026-04-28 02:00:29,172.85,3,Clear,Low,Delivered,31.0,DEL_01221,DRV_0279,2.86,31.0,47.1,15.64,Fast Food,5.0,2,1,0,Night
ORD_01222,CUST_0992,REST_048,2026-05-31 05:16:28,330.31,6,Clear,Medium,Delivered,35.0,DEL_01222,DRV_0289,2.34,35.0,58.1,42.36,Chinese,4.0,5,6,1,Night
ORD_01223,CUST_0139,REST_086,2026-01-01 13:51:15,452.38,5,Rain,Medium,Delivered,33.0,DEL_01223,DRV_0368,3.09,33.0,69.0,29.14,Chinese,3.8,13,3,0,Afternoon
ORD_01224,CUST_0276,REST_081,2026-06-21 14:20:55,370.78,6,Clear,Medium,Delivered,20.0,DEL_01224,DRV_0457,3.06,20.0,57.0,66.96,Desserts,4.1,14,6,1,Afternoon
ORD_01225,CUST_0291,REST_068,2026-04-25 22:07:53,100.84,5,Heavy Rain,Low,Delivered,18.0,DEL_01225,DRV_0492,7.21,18.0,69.4,14.72,Indian,4.5,22,5,1,Night
ORD_01226,CUST_0053,REST_045,2026-05-24 10:58:35,174.72,3,Cloudy,Medium,Delivered,32.0,DEL_01226,DRV_0179,2.44,32.0,61.4,22.61,Pizza,4.2,10,6,1,Morning
ORD_01227,CUST_0687,REST_019,2026-01-13 05:56:02,211.16,3,Clear,Medium,Delivered,25.0,DEL_01227,DRV_0171,4.05,25.0,51.6,22.03,Indian,4.4,5,1,0,Night
ORD_01228,CUST_0110,REST_064,2026-05-02 23:09:06,157.15,5,Clear,Low,Delivered,10.0,DEL_01228,DRV_0486,5.37,10.0,39.2,23.9,Biryani,5.0,23,5,1,Night
ORD_01229,CUST_0715,REST_066,2026-06-11 01:44:47,224.38,2,Cloudy,High,Delivered,25.0,DEL_01229,DRV_0004,4.54,25.0,70.0,29.13,North Indian,3.5,1,3,0,Night
ORD_01230,CUST_0948,REST_079,2026-02-23 12:00:10,284.67,1,Cloudy,Low,Delivered,25.0,DEL_01230,DRV_0336,1.67,25.0,47.1,23.98,Healthy,4.4,12,0,0,Afternoon
ORD_01231,CUST_0648,REST_066,2026-04-13 08:55:05,314.68,4,Cloudy,Low,Delivered,30.0,DEL_01231,DRV_0195,5.34,30.0,55.7,25.96,North Indian,3.5,8,0,0,Morning
ORD_01233,CUST_0667,REST_045,2026-05-17 00:15:28,151.23,1,Cloudy,High,Delivered,37.0,DEL_01233,DRV_0464,5.96,37.0,83.8,10.67,Pizza,4.2,0,6,1,Night
ORD_01234,CUST_0684,REST_087,2026-05-24 03:32:25,100.0,4,Clear,High,Delivered,9.0,DEL_01234,DRV_0381,5.68,9.0,66.7,22.1,Healthy,4.0,3,6,1,Night
ORD_01235,CUST_0936,REST_074,2026-05-20 03:26:53,220.75,6,Rain,High,Delivered,15.0,DEL_01235,DRV_0258,5.87,15.0,71.0,25.52,Indian,4.2,3,2,0,Night
ORD_01236,CUST_0870,REST_067,2026-01-13 22:20:01,510.86,4,Cloudy,Low,Delivered,10.0,DEL_01236,DRV_0045,0.56,10.0,25.7,72.59,North Indian,3.1,22,1,0,Night
ORD_01237,CUST_0047,REST_069,2026-05-25 06:48:02,139.44,3,Clear,High,Delivered,29.0,DEL_01237,DRV_0467,2.12,29.0,59.8,14.46,Chinese,3.7,6,0,0,Morning
ORD_01238,CUST_0094,REST_003,2026-04-11 18:37:49,264.48,2,Cloudy,High,Delivered,7.0,DEL_01238,DRV_0344,7.69,7.0,65.8,23.48,South Indian,4.4,18,5,1,Evening
ORD_01239,CUST_0940,REST_038,2026-01-30 06:52:26,265.78,2,Cloudy,Low,Delivered,35.0,DEL_01239,DRV_0208,2.4,35.0,50.5,30.67,Indian,3.7,6,4,0,Morning
ORD_01240,CUST_0560,REST_077,2026-03-05 21:44:17,201.4,1,Clear,Medium,Delivered,21.0,DEL_01240,DRV_0115,8.0,21.0,80.6,11.42,Fast Food,4.1,21,3,0,Evening
ORD_01242,CUST_0859,REST_083,2026-06-04 11:39:06,109.08,1,Clear,Medium,Delivered,17.0,DEL_01242,DRV_0130,2.64,17.0,41.4,11.37,Pizza,4.8,11,3,0,Morning
ORD_01243,CUST_0213,REST_040,2026-01-26 18:53:15,100.0,5,Clear,High,Delivered,32.0,DEL_01243,DRV_0160,3.12,32.0,64.9,22.72,Desserts,4.1,18,0,0,Evening
ORD_01244,CUST_0436,REST_050,2026-01-08 07:43:41,100.0,2,Clear,Low,Delivered,21.0,DEL_01244,DRV_0001,20.0,21.0,101.8,21.6,Desserts,4.0,7,3,0,Morning
ORD_01245,CUST_0852,REST_035,2026-01-24 13:38:07,146.25,1,Clear,Medium,Delivered,25.0,DEL_01245,DRV_0497,3.82,25.0,68.5,33.28,North Indian,4.8,13,5,1,Afternoon
ORD_01246,CUST_0508,REST_024,2026-04-09 21:16:53,331.48,5,Clear,Low,Delivered,34.0,DEL_01246,DRV_0274,6.78,34.0,72.1,34.18,Cafe,4.3,21,3,0,Evening
ORD_01247,CUST_0836,REST_088,2026-01-07 01:26:06,171.28,6,Clear,Medium,Delivered,32.0,DEL_01247,DRV_0487,16.74,32.0,117.9,15.99,Cafe,3.8,1,2,0,Night
ORD_01248,CUST_0651,REST_017,2026-06-26 13:24:29,136.26,4,Rain,High,Delivered,15.0,DEL_01248,DRV_0448,5.52,15.0,81.3,11.4,Pizza,4.5,13,4,0,Afternoon
ORD_01249,CUST_0205,REST_040,2026-03-28 05:06:17,111.05,1,Clear,Low,Delivered,30.0,DEL_01249,DRV_0160,11.93,30.0,88.7,14.39,Desserts,4.1,5,5,1,Night
ORD_01250,CUST_0381,REST_074,2026-05-31 03:58:06,260.15,5,Clear,Medium,Delivered,15.0,DEL_01250,DRV_0265,7.59,15.0,59.4,47.21,Indian,4.2,3,6,1,Night
ORD_01252,CUST_0516,REST_044,2026-05-09 02:54:20,325.35,4,Rain,High,Delivered,19.0,DEL_01252,DRV_0323,1.63,19.0,62.9,44.45,Biryani,4.1,2,5,1,Night
ORD_01253,CUST_0076,REST_023,2026-02-19 07:06:17,253.0,1,Clear,Medium,Delivered,36.0,DEL_01253,DRV_0248,3.39,36.0,57.6,48.65,South Indian,4.6,7,3,0,Morning
ORD_01254,CUST_0841,REST_006,2026-04-04 20:26:29,100.0,2,Clear,Low,Delivered,20.0,DEL_01254,DRV_0024,5.53,20.0,64.5,23.58,Cafe,3.9,20,5,1,Evening
ORD_01255,CUST_0077,REST_066,2026-06-15 04:19:28,149.39,4,Clear,Medium,Delivered,32.0,DEL_01255,DRV_0377,2.68,32.0,57.2,20.04,North Indian,3.5,4,0,0,Night
ORD_01256,CUST_0816,REST_021,2026-02-27 03:14:02,529.02,3,Heavy Rain,High,Delivered,25.0,DEL_01256,DRV_0267,5.8,25.0,93.5,35.13,Fast Food,3.7,3,4,0,Night
ORD_01257,CUST_0768,REST_035,2026-04-10 07:48:02,335.99,2,Cloudy,High,Delivered,30.0,DEL_01257,DRV_0156,3.73,30.0,65.0,48.83,North Indian,4.8,7,4,0,Morning
ORD_01258,CUST_0410,REST_029,2026-03-26 01:04:28,100.0,3,Clear,Low,Delivered,33.0,DEL_01258,DRV_0272,2.18,33.0,49.9,3.53,Pizza,3.9,1,3,0,Night
ORD_01259,CUST_0614,REST_007,2026-03-20 12:49:52,175.81,6,Clear,Medium,Delivered,23.0,DEL_01259,DRV_0093,6.77,23.0,69.8,31.54,Healthy,3.9,12,4,0,Afternoon
ORD_01260,CUST_0106,REST_093,2026-03-22 20:19:55,221.34,1,Clear,Low,Delivered,18.0,DEL_01260,DRV_0361,5.11,18.0,42.9,19.29,Indian,3.8,20,6,1,Evening
ORD_01261,CUST_0845,REST_053,2026-02-16 22:56:14,119.2,5,Clear,Low,Delivered,17.0,DEL_01261,DRV_0012,6.0,17.0,52.1,24.51,Desserts,5.0,22,0,0,Night
ORD_01262,CUST_0551,REST_037,2026-03-08 22:13:19,100.0,1,Rain,Medium,Delivered,16.0,DEL_01262,DRV_0238,4.59,16.0,57.1,21.3,Chinese,3.8,22,6,1,Night
ORD_01263,CUST_0476,REST_023,2026-03-09 05:25:31,191.4,2,Clear,Low,Delivered,37.0,DEL_01263,DRV_0121,2.95,37.0,56.2,28.04,South Indian,4.6,5,0,0,Night
ORD_01264,CUST_0826,REST_097,2026-03-25 07:56:08,117.53,3,Cloudy,Low,Delivered,19.0,DEL_01264,DRV_0452,3.99,19.0,44.6,15.72,Cafe,4.7,7,2,0,Morning
ORD_01265,CUST_0275,REST_008,2026-06-30 21:27:24,117.79,3,Clear,Medium,Delivered,33.0,DEL_01265,DRV_0090,2.74,33.0,65.5,23.74,Desserts,4.5,21,1,0,Evening
ORD_01266,CUST_0088,REST_076,2026-05-12 11:29:44,149.15,4,Cloudy,Medium,Delivered,15.0,DEL_01266,DRV_0388,10.7,15.0,83.3,28.9,Chinese,3.7,11,1,0,Morning
ORD_01267,CUST_0723,REST_048,2026-01-29 12:57:40,168.42,1,Clear,High,Delivered,38.0,DEL_01267,DRV_0075,5.2,38.0,89.8,24.38,Chinese,4.0,12,3,0,Afternoon
ORD_01268,CUST_0881,REST_010,2026-03-11 16:40:35,180.37,1,Clear,Medium,Delivered,24.0,DEL_01268,DRV_0322,4.07,24.0,51.1,46.7,Healthy,4.9,16,2,0,Afternoon
ORD_01269,CUST_0077,REST_079,2026-03-02 03:41:31,111.48,2,Cloudy,Medium,Delivered,33.0,DEL_01269,DRV_0031,3.56,33.0,61.2,12.28,Healthy,4.4,3,0,0,Night
ORD_01270,CUST_0077,REST_024,2026-02-13 02:52:31,160.59,3,Clear,Medium,Delivered,38.0,DEL_01270,DRV_0440,2.07,38.0,57.5,31.51,Cafe,4.3,2,4,0,Night
ORD_01271,CUST_0442,REST_090,2026-01-17 10:54:32,100.0,2,Cloudy,Low,Delivered,38.0,DEL_01271,DRV_0434,5.35,38.0,50.6,20.15,North Indian,4.2,10,5,1,Morning
ORD_01272,CUST_0540,REST_047,2026-05-26 04:16:56,215.09,2,Rain,Medium,Delivered,29.0,DEL_01272,DRV_0195,1.75,29.0,58.7,5.58,Desserts,4.4,4,1,0,Night
ORD_01273,CUST_0245,REST_053,2026-06-21 23:00:46,100.0,6,Clear,Low,Delivered,16.0,DEL_01273,DRV_0089,9.38,16.0,67.1,18.71,Desserts,5.0,23,6,1,Night
ORD_01274,CUST_0578,REST_039,2026-01-21 06:21:54,154.59,3,Rain,High,Delivered,22.0,DEL_01274,DRV_0098,6.54,22.0,79.5,23.39,Desserts,4.2,6,2,0,Morning
ORD_01276,CUST_0382,REST_066,2026-01-21 13:25:05,101.23,3,Clear,Low,Delivered,33.0,DEL_01276,DRV_0453,9.51,33.0,86.4,16.13,North Indian,3.5,13,2,0,Afternoon
ORD_01277,CUST_0982,REST_006,2026-05-06 23:15:28,268.82,2,Cloudy,Medium,Delivered,16.0,DEL_01277,DRV_0295,3.8,16.0,57.7,21.1,Cafe,3.9,23,2,0,Night
ORD_01278,CUST_0717,REST_021,2026-06-14 02:58:03,342.29,5,Cloudy,High,Delivered,25.0,DEL_01278,DRV_0436,6.26,25.0,78.4,48.14,Fast Food,3.7,2,6,1,Night
ORD_01279,CUST_0570,REST_073,2026-06-01 04:17:13,100.0,2,Clear,Low,Delivered,35.0,DEL_01279,DRV_0095,3.75,35.0,54.1,23.78,South Indian,3.9,4,0,0,Night
ORD_01280,CUST_0713,REST_074,2026-03-10 04:29:53,166.79,2,Rain,Low,Delivered,6.0,DEL_01280,DRV_0164,3.83,6.0,36.2,16.52,Indian,4.2,4,1,0,Night
ORD_01281,CUST_0737,REST_036,2026-06-10 17:09:43,100.0,5,Heavy Rain,High,Delivered,15.0,DEL_01281,DRV_0451,7.98,15.0,81.6,17.45,Indian,3.0,17,2,0,Evening
ORD_01282,CUST_0142,REST_003,2026-05-27 21:53:14,169.86,1,Clear,Low,Delivered,8.0,DEL_01282,DRV_0230,4.13,8.0,43.0,22.16,South Indian,4.4,21,2,0,Evening
ORD_01283,CUST_0893,REST_088,2026-02-05 08:55:51,180.56,3,Rain,Low,Delivered,34.0,DEL_01283,DRV_0140,3.05,34.0,57.6,21.17,Cafe,3.8,8,3,0,Morning
ORD_01284,CUST_0368,REST_086,2026-05-29 04:47:30,100.0,4,Cloudy,Medium,Delivered,38.0,DEL_01284,DRV_0317,2.64,38.0,52.3,18.4,Chinese,3.8,4,4,0,Night
ORD_01285,CUST_0084,REST_078,2026-02-20 18:24:22,522.52,5,Rain,Medium,Delivered,41.0,DEL_01285,DRV_0464,3.57,41.0,69.4,42.75,Biryani,3.9,18,4,0,Evening
ORD_01286,CUST_0143,REST_042,2026-06-23 18:12:47,212.15,1,Clear,Medium,Delivered,33.0,DEL_01286,DRV_0328,12.95,33.0,102.0,16.88,Healthy,5.0,18,1,0,Evening
ORD_01287,CUST_0352,REST_045,2026-03-08 18:15:50,113.64,2,Rain,Medium,Delivered,40.0,DEL_01287,DRV_0395,5.1,40.0,77.1,25.14,Pizza,4.2,18,6,1,Evening
ORD_01288,CUST_0545,REST_044,2026-02-08 20:24:01,405.84,6,Clear,High,Delivered,27.0,DEL_01288,DRV_0109,2.24,27.0,56.3,25.85,Biryani,4.1,20,6,1,Evening
ORD_01289,CUST_0913,REST_091,2026-05-22 01:29:12,100.0,1,Rain,High,Delivered,18.0,DEL_01289,DRV_0014,5.02,18.0,78.5,15.16,Cafe,4.6,1,4,0,Night
ORD_01290,CUST_0152,REST_033,2026-02-11 03:31:30,100.0,5,Cloudy,High,Delivered,26.0,DEL_01290,DRV_0475,9.42,26.0,85.0,10.58,Fast Food,4.1,3,2,0,Night
ORD_01291,CUST_0158,REST_060,2026-02-27 11:21:37,100.0,6,Clear,Medium,Delivered,22.0,DEL_01291,DRV_0466,9.6,22.0,71.6,5.42,Chinese,4.2,11,4,0,Morning
ORD_01292,CUST_0446,REST_086,2026-06-09 22:10:03,488.13,2,Clear,Low,Delivered,40.0,DEL_01292,DRV_0438,5.53,40.0,69.4,15.08,Chinese,3.8,22,1,0,Night
ORD_01293,CUST_0653,REST_093,2026-05-09 07:39:45,217.63,1,Rain,High,Delivered,16.0,DEL_01293,DRV_0392,7.44,16.0,74.8,7.3,Indian,3.8,7,5,1,Morning
ORD_01294,CUST_0958,REST_083,2026-05-15 12:35:03,260.52,4,Cloudy,Low,Delivered,17.0,DEL_01294,DRV_0161,4.12,17.0,43.2,25.62,Pizza,4.8,12,4,0,Afternoon
ORD_01295,CUST_0763,REST_083,2026-03-24 04:38:44,213.91,3,Clear,High,Delivered,17.0,DEL_01295,DRV_0132,3.51,17.0,56.7,23.77,Pizza,4.8,4,1,0,Night
ORD_01296,CUST_0303,REST_070,2026-03-06 16:11:14,248.53,3,Clear,Low,Delivered,19.0,DEL_01296,DRV_0113,2.4,19.0,38.8,18.91,Desserts,4.2,16,4,0,Afternoon
ORD_01297,CUST_0624,REST_083,2026-03-13 14:48:36,189.23,5,Rain,High,Delivered,14.0,DEL_01297,DRV_0286,2.66,14.0,65.5,12.62,Pizza,4.8,14,4,0,Afternoon
ORD_01299,CUST_0450,REST_026,2026-03-27 22:11:38,192.32,2,Clear,Medium,Delivered,42.0,DEL_01299,DRV_0094,7.08,42.0,74.0,31.67,Fast Food,3.0,22,4,0,Night
ORD_01300,CUST_0721,REST_086,2026-04-28 12:30:15,129.71,3,Rain,Low,Delivered,43.0,DEL_01300,DRV_0347,4.31,43.0,74.7,20.61,Chinese,3.8,12,1,0,Afternoon
ORD_01301,CUST_0224,REST_021,2026-05-03 02:08:06,176.68,1,Clear,Low,Delivered,27.0,DEL_01301,DRV_0089,2.7,27.0,40.8,23.9,Fast Food,3.7,2,6,1,Night
ORD_01302,CUST_0043,REST_100,2026-02-04 07:28:05,210.71,2,Clear,Medium,Delivered,38.0,DEL_01302,DRV_0310,8.23,38.0,84.6,32.83,Pizza,3.9,7,2,0,Morning
ORD_01303,CUST_0264,REST_002,2026-02-12 05:19:41,192.64,4,Clear,Low,Delivered,41.0,DEL_01303,DRV_0134,9.03,41.0,79.4,23.48,North Indian,4.2,5,3,0,Night
ORD_01305,CUST_0003,REST_030,2026-02-25 09:51:28,100.0,2,Clear,Medium,Delivered,21.0,DEL_01305,DRV_0206,3.88,21.0,58.6,12.08,South Indian,4.1,9,2,0,Morning
ORD_01306,CUST_0637,REST_027,2026-05-28 15:28:57,328.84,2,Cloudy,Medium,Delivered,28.0,DEL_01306,DRV_0307,1.66,28.0,54.5,27.22,South Indian,4.0,15,3,0,Afternoon
ORD_01307,CUST_0268,REST_071,2026-01-09 21:48:00,153.11,3,Rain,Medium,Delivered,25.0,DEL_01307,DRV_0398,7.23,25.0,77.0,12.47,Healthy,4.9,21,4,0,Evening
ORD_01308,CUST_0596,REST_020,2026-04-23 20:43:25,250.03,5,Clear,Medium,Delivered,20.0,DEL_01308,DRV_0034,1.05,20.0,46.8,34.37,Desserts,3.4,20,3,0,Evening
ORD_01309,CUST_0016,REST_050,2026-05-02 09:43:05,100.0,3,Rain,Low,Delivered,26.0,DEL_01309,DRV_0169,4.25,26.0,60.2,14.58,Desserts,4.0,9,5,1,Morning
ORD_01310,CUST_0334,REST_095,2026-02-06 20:26:05,100.0,5,Clear,Medium,Delivered,27.0,DEL_01310,DRV_0345,4.91,27.0,68.6,18.56,Pizza,3.7,20,4,0,Evening
ORD_01311,CUST_0464,REST_023,2026-03-14 19:57:59,113.98,4,Cloudy,High,Delivered,40.0,DEL_01311,DRV_0423,2.85,40.0,76.3,21.57,South Indian,4.6,19,5,1,Evening
ORD_01312,CUST_0059,REST_013,2026-02-20 17:57:59,160.39,5,Clear,Low,Delivered,18.0,DEL_01312,DRV_0146,2.71,18.0,32.5,17.01,Cafe,3.2,17,4,0,Evening
ORD_01313,CUST_0177,REST_081,2026-01-01 18:06:37,125.73,3,Cloudy,Low,Delivered,27.0,DEL_01313,DRV_0020,6.2,27.0,48.0,10.56,Desserts,4.1,18,3,0,Evening
ORD_01314,CUST_0063,REST_004,2026-03-05 10:02:46,369.32,2,Clear,High,Delivered,15.0,DEL_01314,DRV_0107,5.28,15.0,59.7,56.47,Healthy,3.7,10,3,0,Morning
ORD_01316,CUST_0561,REST_020,2026-03-08 03:34:38,501.16,3,Rain,Low,Delivered,17.0,DEL_01316,DRV_0026,1.41,17.0,35.4,21.14,Desserts,3.4,3,6,1,Night
ORD_01317,CUST_0307,REST_013,2026-02-16 18:52:14,226.43,4,Clear,Medium,Delivered,11.0,DEL_01317,DRV_0246,9.78,11.0,71.8,36.79,Cafe,3.2,18,0,0,Evening
ORD_01318,CUST_0246,REST_003,2026-06-12 06:40:24,100.0,6,Rain,Low,Delivered,10.0,DEL_01318,DRV_0341,10.24,10.0,60.3,20.92,South Indian,4.4,6,4,0,Morning
ORD_01319,CUST_0289,REST_090,2026-01-18 08:35:58,324.03,5,Clear,Low,Delivered,36.0,DEL_01319,DRV_0155,4.82,36.0,54.5,55.14,North Indian,4.2,8,6,1,Morning
ORD_01320,CUST_0798,REST_090,2026-03-06 01:14:08,100.0,4,Clear,High,Delivered,31.0,DEL_01320,DRV_0416,3.46,31.0,60.9,18.53,North Indian,4.2,1,4,0,Night
ORD_01321,CUST_0955,REST_082,2026-03-08 01:06:59,205.78,4,Rain,Low,Delivered,38.0,DEL_01321,DRV_0042,4.09,38.0,70.1,29.51,Healthy,3.7,1,6,1,Night
ORD_01322,CUST_0332,REST_096,2026-02-27 21:58:58,118.38,1,Clear,High,Delivered,29.0,DEL_01322,DRV_0178,8.99,29.0,102.8,24.78,Biryani,3.3,21,4,0,Evening
ORD_01323,CUST_0527,REST_078,2026-06-30 09:25:10,589.04,6,Rain,Low,Delivered,41.0,DEL_01323,DRV_0081,2.67,41.0,63.3,82.83,Biryani,3.9,9,1,0,Morning
ORD_01324,CUST_0850,REST_047,2026-01-13 17:35:00,400.13,5,Clear,High,Delivered,34.0,DEL_01324,DRV_0177,1.33,34.0,62.1,47.69,Desserts,4.4,17,1,0,Evening
ORD_01325,CUST_0255,REST_003,2026-01-21 05:30:44,120.54,3,Clear,Medium,Delivered,10.0,DEL_01325,DRV_0193,6.21,10.0,44.8,26.64,South Indian,4.4,5,2,0,Night
ORD_01326,CUST_0604,REST_001,2026-01-18 02:30:59,169.01,5,Cloudy,Low,Delivered,16.0,DEL_01326,DRV_0191,4.28,16.0,43.9,33.87,Pizza,4.8,2,6,1,Night
ORD_01327,CUST_0510,REST_090,2026-02-23 04:54:40,207.38,5,Clear,Medium,Delivered,40.0,DEL_01327,DRV_0283,8.63,40.0,78.9,34.54,North Indian,4.2,4,0,0,Night
ORD_01328,CUST_0791,REST_024,2026-05-30 19:21:24,291.45,6,Clear,High,Delivered,37.0,DEL_01328,DRV_0246,4.51,37.0,85.8,42.65,Cafe,4.3,19,5,1,Evening
ORD_01329,CUST_0718,REST_035,2026-04-21 10:32:19,184.2,4,Cloudy,Low,Delivered,24.0,DEL_01329,DRV_0100,13.09,24.0,82.8,14.74,North Indian,4.8,10,1,0,Morning
ORD_01330,CUST_0606,REST_014,2026-04-03 16:32:13,103.16,4,Clear,Medium,Delivered,32.0,DEL_01330,DRV_0459,13.6,32.0,95.0,14.17,Fast Food,5.0,16,4,0,Afternoon
ORD_01331,CUST_0737,REST_067,2026-06-23 03:03:21,122.16,4,Clear,Medium,Delivered,12.0,DEL_01331,DRV_0489,3.12,12.0,40.2,15.57,North Indian,3.1,3,1,0,Night
ORD_01332,CUST_0813,REST_013,2026-06-14 00:13:16,180.83,4,Rain,High,Delivered,13.0,DEL_01332,DRV_0489,1.0,13.0,53.8,28.26,Cafe,3.2,0,6,1,Night
ORD_01333,CUST_0830,REST_047,2026-04-30 18:08:07,357.43,6,Rain,Medium,Delivered,34.0,DEL_01333,DRV_0035,4.92,34.0,81.8,37.24,Desserts,4.4,18,3,0,Evening
ORD_01334,CUST_0463,REST_050,2026-04-26 12:41:05,229.36,3,Clear,Low,Delivered,23.0,DEL_01334,DRV_0294,1.64,23.0,47.7,21.87,Desserts,4.0,12,6,1,Afternoon
ORD_01335,CUST_0199,REST_078,2026-02-28 05:51:35,118.47,2,Cloudy,Low,Delivered,33.0,DEL_01335,DRV_0294,1.49,33.0,56.7,26.23,Biryani,3.9,5,5,1,Night
ORD_01336,CUST_0271,REST_085,2026-01-04 06:43:12,258.94,1,Cloudy,Medium,Delivered,16.0,DEL_01336,DRV_0042,7.5,16.0,64.8,36.23,South Indian,3.4,6,6,1,Morning
ORD_01337,CUST_0746,REST_026,2026-04-25 07:24:12,146.52,4,Cloudy,High,Delivered,42.0,DEL_01337,DRV_0170,5.33,42.0,94.8,20.4,Fast Food,3.0,7,5,1,Morning
ORD_01338,CUST_0558,REST_003,2026-06-30 14:03:15,295.81,4,Clear,Medium,Delivered,9.0,DEL_01338,DRV_0433,2.77,9.0,48.5,40.81,South Indian,4.4,14,1,0,Afternoon
ORD_01339,CUST_0064,REST_051,2026-06-17 14:35:30,727.68,1,Heavy Rain,Medium,Delivered,17.0,DEL_01339,DRV_0495,4.5,17.0,75.8,94.74,Healthy,3.6,14,2,0,Afternoon
ORD_01340,CUST_0230,REST_040,2026-03-30 00:53:56,148.81,4,Clear,Low,Delivered,23.0,DEL_01340,DRV_0057,4.72,23.0,46.4,14.08,Desserts,4.1,0,0,0,Night
ORD_01341,CUST_0942,REST_068,2026-04-05 11:47:40,281.71,2,Cloudy,Medium,Delivered,26.0,DEL_01341,DRV_0356,5.25,26.0,64.3,48.97,Indian,4.5,11,6,1,Morning
ORD_01342,CUST_0952,REST_036,2026-01-01 02:30:12,120.31,5,Rain,Medium,Delivered,21.0,DEL_01342,DRV_0054,8.35,21.0,78.4,20.86,Indian,3.0,2,3,0,Night
ORD_01343,CUST_0249,REST_051,2026-06-08 07:35:15,170.42,1,Cloudy,Medium,Delivered,12.0,DEL_01343,DRV_0394,4.16,12.0,40.2,37.89,Healthy,3.6,7,0,0,Morning
ORD_01344,CUST_0246,REST_001,2026-05-16 22:06:15,184.24,3,Rain,High,Delivered,10.0,DEL_01344,DRV_0188,1.11,10.0,51.9,29.22,Pizza,4.8,22,5,1,Night
ORD_01345,CUST_0940,REST_033,2026-04-12 02:15:46,162.95,1,Clear,Low,Delivered,28.0,DEL_01345,DRV_0296,10.4,28.0,66.6,25.64,Fast Food,4.1,2,6,1,Night
ORD_01346,CUST_0587,REST_007,2026-05-11 18:08:11,702.51,2,Clear,Low,Delivered,21.0,DEL_01346,DRV_0385,4.27,21.0,47.4,70.0,Healthy,3.9,18,0,0,Evening
ORD_01347,CUST_0157,REST_052,2026-02-16 16:26:27,153.14,6,Rain,High,Delivered,33.0,DEL_01347,DRV_0376,2.71,33.0,76.2,34.8,Healthy,4.6,16,0,0,Afternoon
ORD_01348,CUST_0735,REST_011,2026-03-24 08:21:20,250.33,3,Clear,Low,Delivered,20.0,DEL_01348,DRV_0086,1.7,20.0,39.9,25.95,Pizza,4.9,8,1,0,Morning
ORD_01349,CUST_0702,REST_027,2026-02-04 18:18:46,100.0,5,Cloudy,Medium,Delivered,31.0,DEL_01349,DRV_0064,4.7,31.0,60.3,11.13,South Indian,4.0,18,2,0,Evening
ORD_01350,CUST_0985,REST_014,2026-04-19 19:57:04,229.89,4,Clear,Medium,Delivered,26.0,DEL_01350,DRV_0081,3.78,26.0,59.0,41.12,Fast Food,5.0,19,6,1,Evening
ORD_01351,CUST_0564,REST_086,2026-03-13 03:33:18,339.72,1,Rain,Medium,Delivered,38.0,DEL_01351,DRV_0268,2.3,38.0,71.1,16.69,Chinese,3.8,3,4,0,Night
ORD_01352,CUST_0950,REST_080,2026-05-13 15:11:38,135.62,3,Cloudy,Low,Delivered,34.0,DEL_01352,DRV_0492,7.71,34.0,65.7,26.87,South Indian,5.0,15,2,0,Afternoon
ORD_01353,CUST_0088,REST_046,2026-05-23 03:38:46,100.0,1,Clear,Low,Delivered,19.0,DEL_01353,DRV_0185,1.94,19.0,27.1,16.47,North Indian,3.7,3,5,1,Night
ORD_01354,CUST_0313,REST_076,2026-02-02 09:44:48,177.46,5,Clear,Medium,Delivered,19.0,DEL_01354,DRV_0461,1.83,19.0,41.6,28.3,Chinese,3.7,9,0,0,Morning
ORD_01355,CUST_0851,REST_010,2026-04-06 23:11:54,182.99,1,Cloudy,Low,Delivered,31.0,DEL_01355,DRV_0345,2.66,31.0,48.2,40.63,Healthy,4.9,23,0,0,Night
ORD_01356,CUST_0066,REST_024,2026-05-17 18:51:08,269.95,3,Clear,Medium,Delivered,30.0,DEL_01356,DRV_0026,0.91,30.0,46.4,31.81,Cafe,4.3,18,6,1,Evening
ORD_01357,CUST_0662,REST_061,2026-01-13 08:57:57,547.85,2,Cloudy,Medium,Delivered,37.0,DEL_01357,DRV_0238,1.11,37.0,57.7,77.28,Healthy,4.4,8,1,0,Morning
ORD_01359,CUST_0033,REST_086,2026-06-02 21:42:13,113.19,3,Clear,Medium,Delivered,39.0,DEL_01359,DRV_0366,3.09,39.0,71.2,11.21,Chinese,3.8,21,1,0,Evening
ORD_01360,CUST_0840,REST_009,2026-05-29 20:17:46,100.0,1,Rain,High,Delivered,18.0,DEL_01360,DRV_0487,1.98,18.0,68.6,11.36,Biryani,4.6,20,4,0,Evening
ORD_01361,CUST_0793,REST_017,2026-04-21 17:07:40,202.14,5,Clear,Medium,Delivered,10.0,DEL_01361,DRV_0369,4.74,10.0,44.6,23.3,Pizza,4.5,17,1,0,Evening
ORD_01362,CUST_0558,REST_058,2026-03-12 15:25:37,235.96,4,Clear,Medium,Delivered,25.0,DEL_01362,DRV_0299,2.19,25.0,46.9,32.97,Fast Food,4.7,15,3,0,Afternoon
ORD_01363,CUST_0073,REST_013,2026-06-03 17:56:01,134.27,4,Clear,High,Delivered,16.0,DEL_01363,DRV_0225,4.98,16.0,53.8,12.11,Cafe,3.2,17,2,0,Evening
ORD_01364,CUST_0866,REST_050,2026-05-04 22:55:49,278.18,5,Cloudy,Medium,Delivered,29.0,DEL_01364,DRV_0328,2.41,29.0,57.6,17.42,Desserts,4.0,22,0,0,Night
ORD_01365,CUST_0825,REST_006,2026-04-17 22:19:21,234.15,1,Rain,High,Delivered,25.0,DEL_01365,DRV_0397,4.62,25.0,79.7,36.24,Cafe,3.9,22,4,0,Night
ORD_01366,CUST_0343,REST_085,2026-05-08 00:20:20,185.63,6,Clear,Low,Delivered,11.0,DEL_01366,DRV_0090,9.85,11.0,61.4,16.28,South Indian,3.4,0,4,0,Night
ORD_01367,CUST_0133,REST_051,2026-02-11 10:53:17,110.35,5,Clear,High,Delivered,21.0,DEL_01367,DRV_0440,5.33,21.0,68.9,24.8,Healthy,3.6,10,2,0,Morning
ORD_01368,CUST_0055,REST_036,2026-01-30 19:50:46,139.07,1,Clear,Medium,Delivered,12.0,DEL_01368,DRV_0017,1.01,12.0,36.7,28.42,Indian,3.0,19,4,0,Evening
ORD_01369,CUST_0061,REST_071,2026-06-09 18:18:30,100.0,3,Rain,High,Delivered,31.0,DEL_01369,DRV_0088,2.0,31.0,61.7,26.19,Healthy,4.9,18,1,0,Evening
ORD_01370,CUST_0857,REST_100,2026-02-14 02:20:04,206.37,6,Clear,High,Delivered,30.0,DEL_01370,DRV_0024,1.24,30.0,61.1,9.97,Pizza,3.9,2,5,1,Night
ORD_01371,CUST_0520,REST_025,2026-01-27 13:15:35,183.92,2,Cloudy,Low,Delivered,26.0,DEL_01371,DRV_0332,1.44,26.0,49.7,40.58,South Indian,4.0,13,1,0,Afternoon
ORD_01372,CUST_0272,REST_011,2026-01-19 13:38:33,201.07,1,Clear,Medium,Delivered,19.0,DEL_01372,DRV_0223,7.45,19.0,73.8,18.92,Pizza,4.9,13,0,0,Afternoon
ORD_01373,CUST_0246,REST_044,2026-06-23 23:25:41,239.22,4,Rain,Medium,Delivered,23.0,DEL_01373,DRV_0058,3.59,23.0,59.8,28.06,Biryani,4.1,23,1,0,Night
ORD_01374,CUST_0176,REST_014,2026-05-17 18:34:22,224.12,4,Cloudy,Low,Delivered,33.0,DEL_01374,DRV_0464,3.82,33.0,56.0,40.77,Fast Food,5.0,18,6,1,Evening
ORD_01375,CUST_0628,REST_029,2026-05-20 02:55:16,170.59,6,Rain,High,Delivered,32.0,DEL_01375,DRV_0490,7.51,32.0,94.9,27.48,Pizza,3.9,2,2,0,Night
ORD_01376,CUST_0317,REST_074,2026-06-17 02:36:03,186.19,2,Clear,Low,Delivered,6.0,DEL_01376,DRV_0189,2.19,6.0,23.1,22.94,Indian,4.2,2,2,0,Night
ORD_01377,CUST_0783,REST_050,2026-01-06 21:33:10,100.0,1,Cloudy,High,Delivered,26.0,DEL_01377,DRV_0464,4.7,26.0,71.1,9.87,Desserts,4.0,21,1,0,Evening
ORD_01378,CUST_0705,REST_005,2026-01-19 13:04:03,131.49,2,Rain,Low,Delivered,39.0,DEL_01378,DRV_0222,6.24,39.0,87.6,14.1,Chinese,4.4,13,0,0,Afternoon
ORD_01379,CUST_0662,REST_072,2026-05-14 22:28:36,186.37,3,Cloudy,Medium,Delivered,24.0,DEL_01379,DRV_0412,3.33,24.0,56.4,34.09,Chinese,3.8,22,3,0,Night
ORD_01381,CUST_0102,REST_088,2026-05-21 21:32:48,290.93,3,Heavy Rain,Low,Delivered,33.0,DEL_01381,DRV_0353,3.47,33.0,69.4,21.76,Cafe,3.8,21,3,0,Evening
ORD_01382,CUST_0310,REST_057,2026-04-17 03:35:42,126.19,4,Clear,Medium,Delivered,27.0,DEL_01382,DRV_0051,1.8,27.0,51.2,15.6,Desserts,4.7,3,4,0,Night
ORD_01383,CUST_0782,REST_026,2026-02-24 14:44:02,204.17,3,Clear,Medium,Delivered,34.0,DEL_01383,DRV_0088,2.36,34.0,70.2,15.64,Fast Food,3.0,14,1,0,Afternoon
ORD_01384,CUST_0292,REST_006,2026-06-30 14:29:18,193.27,1,Clear,Low,Delivered,24.0,DEL_01384,DRV_0222,4.46,24.0,43.7,13.56,Cafe,3.9,14,1,0,Afternoon
ORD_01388,CUST_0338,REST_012,2026-06-27 15:28:49,100.0,1,Clear,Medium,Delivered,12.0,DEL_01388,DRV_0367,1.84,12.0,35.6,7.32,South Indian,4.6,15,5,1,Afternoon
ORD_01390,CUST_0010,REST_003,2026-01-19 08:08:12,419.9,5,Clear,Low,Delivered,16.0,DEL_01390,DRV_0194,2.53,16.0,36.2,26.37,South Indian,4.4,8,0,0,Morning
ORD_01392,CUST_0487,REST_064,2026-04-25 12:43:49,206.47,1,Rain,Medium,Delivered,11.0,DEL_01392,DRV_0101,5.87,11.0,72.0,24.15,Biryani,5.0,12,5,1,Afternoon
ORD_01393,CUST_0623,REST_062,2026-05-05 20:13:40,111.06,6,Clear,Low,Delivered,23.0,DEL_01393,DRV_0202,0.78,23.0,46.4,15.47,Fast Food,3.5,20,1,0,Evening
ORD_01394,CUST_0321,REST_006,2026-05-30 16:16:53,100.0,2,Clear,Low,Delivered,25.0,DEL_01394,DRV_0424,20.0,25.0,105.6,27.53,Cafe,3.9,16,5,1,Afternoon
ORD_01395,CUST_0731,REST_019,2026-04-24 19:04:36,120.75,2,Rain,Low,Delivered,27.0,DEL_01395,DRV_0013,4.39,27.0,62.9,20.79,Indian,4.4,19,4,0,Evening
ORD_01396,CUST_0569,REST_018,2026-05-28 00:27:50,134.68,5,Clear,Low,Delivered,40.0,DEL_01396,DRV_0147,1.5,40.0,48.6,27.74,Pizza,3.6,0,3,0,Night
ORD_01397,CUST_0795,REST_080,2026-06-23 09:56:48,149.13,3,Clear,Low,Delivered,28.0,DEL_01397,DRV_0262,3.21,28.0,52.8,16.61,South Indian,5.0,9,1,0,Morning
ORD_01398,CUST_0971,REST_087,2026-06-02 02:49:48,106.98,3,Clear,Low,Delivered,12.0,DEL_01398,DRV_0146,1.35,12.0,22.0,16.67,Healthy,4.0,2,1,0,Night
ORD_01399,CUST_0625,REST_043,2026-06-09 04:04:02,121.1,3,Clear,Medium,Delivered,23.0,DEL_01399,DRV_0488,5.64,23.0,56.9,22.81,Fast Food,3.7,4,1,0,Night
ORD_01400,CUST_0133,REST_073,2026-06-23 05:54:08,180.18,6,Rain,Medium,Delivered,34.0,DEL_01400,DRV_0009,1.0,34.0,58.8,25.89,South Indian,3.9,5,1,0,Night
ORD_01401,CUST_0583,REST_003,2026-04-13 22:13:32,118.67,6,Cloudy,Medium,Delivered,14.0,DEL_01401,DRV_0081,0.82,14.0,38.8,11.38,South Indian,4.4,22,0,0,Night
ORD_01402,CUST_0083,REST_072,2026-01-29 22:48:10,244.43,5,Heavy Rain,Low,Delivered,22.0,DEL_01402,DRV_0068,10.81,22.0,88.5,28.95,Chinese,3.8,22,3,0,Night
ORD_01404,CUST_0376,REST_068,2026-04-17 22:27:18,671.3,3,Clear,Medium,Delivered,28.0,DEL_01404,DRV_0126,4.81,28.0,58.1,49.66,Indian,4.5,22,4,0,Night
ORD_01405,CUST_0349,REST_076,2026-03-11 02:50:42,336.68,1,Heavy Rain,Medium,Delivered,18.0,DEL_01405,DRV_0050,3.5,18.0,63.1,50.42,Chinese,3.7,2,2,0,Night
ORD_01406,CUST_0271,REST_044,2026-04-11 06:20:41,207.2,3,Rain,Medium,Delivered,22.0,DEL_01406,DRV_0070,2.8,22.0,38.8,33.39,Biryani,4.1,6,5,1,Morning
ORD_01407,CUST_0483,REST_095,2026-01-07 10:41:28,128.88,6,Cloudy,Medium,Delivered,33.0,DEL_01407,DRV_0139,2.93,33.0,68.5,18.31,Pizza,3.7,10,2,0,Morning
ORD_01408,CUST_0111,REST_089,2026-02-20 14:19:12,213.06,1,Clear,Low,Delivered,21.0,DEL_01408,DRV_0439,6.37,21.0,61.4,25.82,North Indian,4.1,14,4,0,Afternoon
ORD_01409,CUST_0869,REST_080,2026-06-16 23:14:47,216.94,1,Rain,Medium,Delivered,31.0,DEL_01409,DRV_0374,3.69,31.0,66.5,13.93,South Indian,5.0,23,1,0,Night
ORD_01411,CUST_0076,REST_042,2026-02-17 06:33:16,278.96,2,Cloudy,High,Delivered,33.0,DEL_01411,DRV_0090,1.52,33.0,59.8,53.13,Healthy,5.0,6,1,0,Morning
ORD_01412,CUST_0158,REST_064,2026-04-12 02:51:57,100.0,4,Cloudy,High,Delivered,12.0,DEL_01412,DRV_0139,8.7,12.0,87.1,25.87,Biryani,5.0,2,6,1,Night
ORD_01413,CUST_0532,REST_054,2026-04-12 13:51:32,158.47,6,Cloudy,Medium,Delivered,25.0,DEL_01413,DRV_0072,6.61,25.0,81.1,25.86,Healthy,4.2,13,6,1,Afternoon
ORD_01414,CUST_0933,REST_078,2026-06-16 12:29:45,246.1,2,Cloudy,High,Delivered,33.0,DEL_01414,DRV_0245,10.63,33.0,112.2,29.56,Biryani,3.9,12,1,0,Afternoon
ORD_01415,CUST_0643,REST_077,2026-02-03 17:43:19,154.75,3,Cloudy,Medium,Delivered,22.0,DEL_01415,DRV_0067,6.7,22.0,68.6,21.45,Fast Food,4.1,17,1,0,Evening
ORD_01416,CUST_0329,REST_071,2026-04-25 15:07:33,161.79,3,Clear,Medium,Delivered,26.0,DEL_01416,DRV_0130,1.9,26.0,42.2,30.73,Healthy,4.9,15,5,1,Afternoon
ORD_01418,CUST_0041,REST_037,2026-05-26 13:54:02,114.48,3,Cloudy,Medium,Delivered,22.0,DEL_01418,DRV_0194,8.81,22.0,77.9,12.48,Chinese,3.8,13,1,0,Afternoon
ORD_01419,CUST_0167,REST_004,2026-05-15 07:57:11,345.73,6,Clear,High,Delivered,12.0,DEL_01419,DRV_0026,1.66,12.0,49.7,65.39,Healthy,3.7,7,4,0,Morning
ORD_01420,CUST_0922,REST_002,2026-03-24 20:16:28,103.55,1,Clear,High,Delivered,40.0,DEL_01420,DRV_0332,1.07,40.0,69.6,16.73,North Indian,4.2,20,1,0,Evening
ORD_01421,CUST_0642,REST_099,2026-06-16 13:02:29,215.94,5,Clear,Medium,Delivered,26.0,DEL_01421,DRV_0293,11.2,26.0,85.3,21.39,Healthy,3.7,13,1,0,Afternoon
ORD_01422,CUST_0023,REST_044,2026-06-14 22:21:46,227.58,3,Clear,Medium,Delivered,24.0,DEL_01422,DRV_0218,10.86,24.0,80.2,30.88,Biryani,4.1,22,6,1,Night
ORD_01423,CUST_0279,REST_067,2026-02-11 20:06:13,107.58,3,Heavy Rain,Medium,Delivered,11.0,DEL_01423,DRV_0036,9.13,11.0,91.2,17.65,North Indian,3.1,20,2,0,Evening
ORD_01424,CUST_0763,REST_068,2026-01-13 19:33:46,188.71,2,Clear,High,Delivered,22.0,DEL_01424,DRV_0016,8.69,22.0,90.6,24.77,Indian,4.5,19,1,0,Evening
ORD_01426,CUST_0400,REST_083,2026-01-18 13:17:40,389.58,2,Cloudy,Medium,Delivered,12.0,DEL_01426,DRV_0322,9.24,12.0,83.3,54.81,Pizza,4.8,13,6,1,Afternoon
ORD_01427,CUST_0009,REST_074,2026-04-20 05:36:39,100.0,6,Clear,Medium,Delivered,13.0,DEL_01427,DRV_0021,2.1,13.0,39.7,10.57,Indian,4.2,5,0,0,Night
ORD_01428,CUST_0013,REST_062,2026-04-16 04:53:00,126.51,2,Rain,High,Delivered,20.0,DEL_01428,DRV_0135,3.28,20.0,64.3,23.65,Fast Food,3.5,4,3,0,Night
ORD_01429,CUST_0924,REST_001,2026-05-12 08:48:49,100.0,3,Clear,High,Delivered,14.0,DEL_01429,DRV_0245,2.7,14.0,47.3,16.95,Pizza,4.8,8,1,0,Morning
ORD_01430,CUST_0923,REST_017,2026-05-26 14:55:18,100.0,1,Rain,Low,Delivered,13.0,DEL_01430,DRV_0395,5.37,13.0,63.7,18.56,Pizza,4.5,14,1,0,Afternoon
ORD_01431,CUST_0819,REST_016,2026-02-15 08:09:02,434.92,6,Clear,Low,Delivered,25.0,DEL_01431,DRV_0184,1.05,25.0,35.6,33.83,Indian,3.7,8,6,1,Morning
ORD_01432,CUST_0832,REST_009,2026-04-14 03:25:23,244.33,3,Clear,High,Delivered,20.0,DEL_01432,DRV_0172,9.23,20.0,76.6,42.06,Biryani,4.6,3,1,0,Night
ORD_01433,CUST_0052,REST_053,2026-02-09 22:16:48,195.81,6,Clear,High,Delivered,16.0,DEL_01433,DRV_0054,1.1,16.0,51.7,29.29,Desserts,5.0,22,0,0,Night
ORD_01434,CUST_0209,REST_073,2026-06-15 16:43:40,126.33,3,Clear,Medium,Delivered,32.0,DEL_01434,DRV_0093,7.35,32.0,74.3,15.54,South Indian,3.9,16,0,0,Afternoon
ORD_01435,CUST_0550,REST_059,2026-05-06 15:28:36,298.62,3,Rain,Medium,Delivered,37.0,DEL_01435,DRV_0441,2.52,37.0,68.9,17.4,Pizza,4.0,15,2,0,Afternoon
ORD_01436,CUST_0612,REST_009,2026-06-23 17:28:03,115.2,3,Clear,High,Delivered,17.0,DEL_01436,DRV_0314,5.28,17.0,60.8,20.35,Biryani,4.6,17,1,0,Evening
ORD_01437,CUST_0705,REST_012,2026-05-21 12:20:06,280.48,5,Cloudy,High,Delivered,15.0,DEL_01437,DRV_0293,4.61,15.0,77.1,32.15,South Indian,4.6,12,3,0,Afternoon
ORD_01438,CUST_0402,REST_041,2026-06-08 11:39:48,112.18,4,Clear,High,Delivered,39.0,DEL_01438,DRV_0376,0.7,39.0,54.1,18.18,North Indian,4.9,11,0,0,Morning
ORD_01439,CUST_0191,REST_015,2026-04-08 04:25:17,127.17,1,Rain,Low,Delivered,34.0,DEL_01439,DRV_0176,4.74,34.0,72.5,18.89,Healthy,4.6,4,2,0,Night
ORD_01440,CUST_0051,REST_066,2026-01-25 13:08:30,275.08,5,Rain,Medium,Delivered,25.0,DEL_01440,DRV_0190,1.83,25.0,53.6,23.12,North Indian,3.5,13,6,1,Afternoon
ORD_01442,CUST_0653,REST_011,2026-02-28 21:42:08,251.79,6,Clear,High,Delivered,14.0,DEL_01442,DRV_0295,4.3,14.0,67.7,55.71,Pizza,4.9,21,5,1,Evening
ORD_01443,CUST_0680,REST_008,2026-02-24 18:25:09,101.77,4,Cloudy,Low,Delivered,28.0,DEL_01443,DRV_0476,0.94,28.0,36.5,17.27,Desserts,4.5,18,1,0,Evening
ORD_01444,CUST_0823,REST_055,2026-02-17 23:32:10,141.78,4,Clear,Medium,Delivered,36.0,DEL_01444,DRV_0192,10.77,36.0,88.2,33.73,North Indian,4.2,23,1,0,Night
ORD_01445,CUST_0621,REST_096,2026-01-03 07:34:33,197.61,5,Clear,Medium,Delivered,34.0,DEL_01445,DRV_0104,1.85,34.0,49.9,21.7,Biryani,3.3,7,5,1,Morning
ORD_01446,CUST_0719,REST_006,2026-04-26 04:11:33,113.62,1,Cloudy,High,Delivered,16.0,DEL_01446,DRV_0068,4.5,16.0,57.9,20.36,Cafe,3.9,4,6,1,Night
ORD_01447,CUST_0939,REST_053,2026-02-05 11:41:19,385.3,2,Heavy Rain,Medium,Delivered,26.0,DEL_01447,DRV_0324,4.12,26.0,71.9,46.35,Desserts,5.0,11,3,0,Morning
ORD_01448,CUST_0300,REST_020,2026-01-13 10:23:18,100.0,4,Rain,Low,Delivered,23.0,DEL_01448,DRV_0155,7.41,23.0,65.8,11.69,Desserts,3.4,10,1,0,Morning
ORD_01449,CUST_0622,REST_039,2026-05-08 06:04:31,118.12,2,Cloudy,Medium,Delivered,30.0,DEL_01449,DRV_0454,2.43,30.0,59.1,25.86,Desserts,4.2,6,4,0,Morning
ORD_01450,CUST_0196,REST_099,2026-01-07 03:31:28,136.97,2,Cloudy,Medium,Delivered,34.0,DEL_01450,DRV_0226,2.68,34.0,59.3,29.75,Healthy,3.7,3,2,0,Night
ORD_01451,CUST_0417,REST_072,2026-04-29 03:22:21,100.0,3,Heavy Rain,Medium,Delivered,24.0,DEL_01451,DRV_0233,4.18,24.0,66.8,5.69,Chinese,3.8,3,2,0,Night
ORD_01452,CUST_0664,REST_034,2026-04-02 10:24:19,100.0,2,Cloudy,High,Delivered,20.0,DEL_01452,DRV_0104,1.95,20.0,58.7,12.51,Desserts,4.0,10,3,0,Morning
ORD_01453,CUST_0420,REST_057,2026-05-29 08:02:51,255.68,6,Clear,Medium,Delivered,18.0,DEL_01453,DRV_0466,2.8,18.0,34.4,39.53,Desserts,4.7,8,4,0,Morning
ORD_01454,CUST_0755,REST_019,2026-06-27 12:33:44,184.32,6,Rain,Medium,Delivered,20.0,DEL_01454,DRV_0316,2.12,20.0,47.6,24.02,Indian,4.4,12,5,1,Afternoon
ORD_01455,CUST_0640,REST_071,2026-05-25 22:34:54,430.62,3,Clear,Medium,Delivered,25.0,DEL_01455,DRV_0428,4.9,25.0,49.7,72.16,Healthy,4.9,22,0,0,Night
ORD_01456,CUST_0617,REST_031,2026-01-20 04:33:47,424.06,1,Clear,High,Delivered,27.0,DEL_01456,DRV_0240,6.39,27.0,73.4,43.72,North Indian,4.0,4,1,0,Night
ORD_01457,CUST_0522,REST_082,2026-03-29 19:26:37,230.02,1,Cloudy,High,Delivered,38.0,DEL_01457,DRV_0414,7.97,38.0,105.2,15.26,Healthy,3.7,19,6,1,Evening
ORD_01458,CUST_0356,REST_040,2026-05-22 10:11:05,215.35,6,Clear,Medium,Delivered,31.0,DEL_01458,DRV_0481,7.62,31.0,59.9,37.21,Desserts,4.1,10,4,0,Morning
ORD_01459,CUST_0148,REST_014,2026-01-21 20:15:17,187.97,3,Clear,High,Delivered,31.0,DEL_01459,DRV_0442,5.44,31.0,84.5,18.94,Fast Food,5.0,20,2,0,Evening
ORD_01460,CUST_0365,REST_100,2026-01-04 05:27:13,100.0,1,Clear,Medium,Delivered,36.0,DEL_01460,DRV_0212,5.39,36.0,66.6,19.85,Pizza,3.9,5,6,1,Night
ORD_01461,CUST_0364,REST_081,2026-01-11 01:04:51,100.0,4,Cloudy,Medium,Delivered,26.0,DEL_01461,DRV_0126,5.3,26.0,63.7,15.35,Desserts,4.1,1,6,1,Night
ORD_01462,CUST_0971,REST_037,2026-01-25 17:13:41,191.59,1,Heavy Rain,High,Delivered,19.0,DEL_01462,DRV_0123,3.75,19.0,63.7,43.05,Chinese,3.8,17,6,1,Evening
ORD_01463,CUST_0652,REST_044,2026-05-20 03:51:31,254.38,3,Clear,Medium,Delivered,17.0,DEL_01463,DRV_0036,1.57,17.0,51.0,26.14,Biryani,4.1,3,2,0,Night
ORD_01464,CUST_0702,REST_009,2026-03-10 06:39:58,212.58,6,Clear,Medium,Delivered,26.0,DEL_01464,DRV_0238,9.49,26.0,76.9,10.04,Biryani,4.6,6,1,0,Morning
ORD_01465,CUST_0402,REST_058,2026-05-17 10:47:21,110.96,4,Clear,High,Delivered,19.0,DEL_01465,DRV_0242,5.28,19.0,58.2,22.49,Fast Food,4.7,10,6,1,Morning
ORD_01466,CUST_0606,REST_020,2026-02-15 09:10:46,303.56,2,Cloudy,Low,Delivered,22.0,DEL_01466,DRV_0133,6.53,22.0,57.4,30.57,Desserts,3.4,9,6,1,Morning
ORD_01467,CUST_0492,REST_092,2026-03-14 12:38:03,409.67,2,Cloudy,Medium,Delivered,21.0,DEL_01467,DRV_0380,2.62,21.0,65.8,18.04,Indian,4.1,12,5,1,Afternoon
ORD_01468,CUST_0229,REST_050,2026-03-24 14:45:00,303.66,2,Clear,Medium,Delivered,27.0,DEL_01468,DRV_0227,13.45,27.0,97.0,26.35,Desserts,4.0,14,1,0,Afternoon
ORD_01469,CUST_0575,REST_020,2026-04-20 22:06:45,312.4,6,Clear,Low,Delivered,20.0,DEL_01469,DRV_0403,8.7,20.0,53.3,36.54,Desserts,3.4,22,0,0,Night
ORD_01470,CUST_0852,REST_036,2026-01-18 17:12:12,133.28,3,Cloudy,High,Delivered,12.0,DEL_01470,DRV_0396,2.96,12.0,51.8,25.64,Indian,3.0,17,6,1,Evening
ORD_01471,CUST_0537,REST_027,2026-06-22 00:18:38,327.59,2,Cloudy,Low,Delivered,24.0,DEL_01471,DRV_0090,2.49,24.0,42.0,48.99,South Indian,4.0,0,0,0,Night
ORD_01472,CUST_0268,REST_072,2026-04-13 12:22:23,196.4,1,Clear,Low,Delivered,16.0,DEL_01472,DRV_0255,6.47,16.0,62.2,25.63,Chinese,3.8,12,0,0,Afternoon
ORD_01473,CUST_0405,REST_032,2026-04-07 06:14:11,240.17,2,Clear,High,Delivered,15.0,DEL_01473,DRV_0444,3.73,15.0,62.3,16.23,Healthy,3.9,6,1,0,Morning
ORD_01474,CUST_0793,REST_001,2026-01-19 11:45:06,221.63,5,Clear,Low,Delivered,10.0,DEL_01474,DRV_0083,4.86,10.0,41.3,21.31,Pizza,4.8,11,0,0,Morning
ORD_01475,CUST_0011,REST_017,2026-04-24 04:12:11,169.56,6,Heavy Rain,Medium,Delivered,12.0,DEL_01475,DRV_0500,9.15,12.0,72.3,23.74,Pizza,4.5,4,4,0,Night
ORD_01476,CUST_0320,REST_009,2026-02-13 21:48:50,112.96,5,Rain,High,Delivered,23.0,DEL_01476,DRV_0139,4.79,23.0,78.2,14.18,Biryani,4.6,21,4,0,Evening
ORD_01477,CUST_0713,REST_084,2026-01-31 08:14:05,173.27,2,Cloudy,High,Delivered,25.0,DEL_01477,DRV_0309,3.58,25.0,61.3,28.74,North Indian,3.3,8,5,1,Morning
ORD_01478,CUST_0126,REST_045,2026-04-18 06:26:25,311.91,2,Rain,High,Delivered,40.0,DEL_01478,DRV_0020,5.46,40.0,93.7,54.68,Pizza,4.2,6,5,1,Morning
ORD_01479,CUST_0306,REST_096,2026-05-14 15:26:18,142.19,5,Cloudy,Low,Delivered,31.0,DEL_01479,DRV_0329,1.15,31.0,45.4,29.2,Biryani,3.3,15,3,0,Afternoon
ORD_01480,CUST_0702,REST_066,2026-02-16 13:46:26,296.29,6,Rain,Low,Delivered,33.0,DEL_01480,DRV_0084,4.64,33.0,79.3,51.95,North Indian,3.5,13,0,0,Afternoon
ORD_01481,CUST_0511,REST_032,2026-03-11 07:51:24,271.89,6,Clear,Medium,Delivered,19.0,DEL_01481,DRV_0027,1.33,19.0,41.3,35.97,Healthy,3.9,7,2,0,Morning
ORD_01482,CUST_0089,REST_045,2026-03-01 05:31:39,153.79,2,Clear,Low,Delivered,32.0,DEL_01482,DRV_0058,6.12,32.0,56.9,31.46,Pizza,4.2,5,6,1,Night
ORD_01483,CUST_0355,REST_009,2026-06-20 08:36:13,389.1,6,Cloudy,Medium,Delivered,21.0,DEL_01483,DRV_0379,0.5,21.0,38.8,44.27,Biryani,4.6,8,5,1,Morning
ORD_01484,CUST_0628,REST_030,2026-05-02 05:02:01,149.07,4,Cloudy,Medium,Delivered,17.0,DEL_01484,DRV_0389,3.71,17.0,42.1,37.72,South Indian,4.1,5,5,1,Night
ORD_01486,CUST_0689,REST_038,2026-03-07 23:26:06,230.16,5,Clear,Low,Delivered,37.0,DEL_01486,DRV_0393,8.28,37.0,69.6,28.4,Indian,3.7,23,5,1,Night
ORD_01487,CUST_0014,REST_060,2026-03-03 18:56:18,179.7,3,Clear,Medium,Delivered,20.0,DEL_01487,DRV_0217,4.82,20.0,59.4,22.34,Chinese,4.2,18,1,0,Evening
ORD_01488,CUST_0257,REST_001,2026-04-04 18:07:04,111.24,5,Clear,Medium,Delivered,7.0,DEL_01488,DRV_0333,11.23,7.0,71.5,14.98,Pizza,4.8,18,5,1,Evening
ORD_01489,CUST_0209,REST_005,2026-05-01 12:25:39,172.68,1,Clear,Low,Delivered,38.0,DEL_01489,DRV_0381,2.83,38.0,71.4,6.56,Chinese,4.4,12,4,0,Afternoon
ORD_01490,CUST_0281,REST_063,2026-03-01 14:43:26,162.05,4,Cloudy,Medium,Delivered,18.0,DEL_01490,DRV_0125,1.88,18.0,55.0,24.83,Biryani,4.7,14,6,1,Afternoon
ORD_01492,CUST_0840,REST_036,2026-01-26 06:43:59,160.82,2,Cloudy,High,Delivered,13.0,DEL_01492,DRV_0200,3.46,13.0,54.3,38.22,Indian,3.0,6,0,0,Morning
ORD_01493,CUST_0837,REST_065,2026-02-27 01:54:56,116.5,1,Rain,High,Delivered,15.0,DEL_01493,DRV_0438,3.63,15.0,60.6,16.17,South Indian,4.7,1,4,0,Night
ORD_01494,CUST_0389,REST_078,2026-03-29 08:02:08,250.21,1,Rain,Medium,Delivered,36.0,DEL_01494,DRV_0429,4.23,36.0,70.4,45.9,Biryani,3.9,8,6,1,Morning
ORD_01495,CUST_0617,REST_073,2026-03-16 21:05:10,371.84,4,Clear,Medium,Delivered,35.0,DEL_01495,DRV_0283,0.97,35.0,64.9,50.27,South Indian,3.9,21,0,0,Evening
ORD_01496,CUST_0483,REST_094,2026-03-04 12:23:16,100.0,3,Clear,Low,Delivered,21.0,DEL_01496,DRV_0214,2.31,21.0,39.3,21.04,Cafe,4.6,12,2,0,Afternoon
ORD_01497,CUST_0147,REST_024,2026-04-06 20:37:50,464.88,1,Clear,Low,Delivered,31.0,DEL_01497,DRV_0156,2.81,31.0,56.4,53.98,Cafe,4.3,20,0,0,Evening
ORD_01498,CUST_0279,REST_004,2026-04-04 00:32:17,168.9,3,Rain,High,Delivered,11.0,DEL_01498,DRV_0018,11.08,11.0,80.8,38.52,Healthy,3.7,0,5,1,Night
ORD_01499,CUST_0521,REST_078,2026-05-02 18:18:51,106.03,3,Clear,Low,Delivered,38.0,DEL_01499,DRV_0343,2.78,38.0,53.4,13.49,Biryani,3.9,18,5,1,Evening
ORD_01501,CUST_0606,REST_068,2026-06-30 16:55:57,141.8,1,Clear,Low,Delivered,22.0,DEL_01501,DRV_0159,6.34,22.0,55.5,19.74,Indian,4.5,16,1,0,Afternoon
ORD_01502,CUST_0434,REST_025,2026-04-30 09:48:16,173.3,3,Rain,Low,Delivered,28.0,DEL_01502,DRV_0041,3.53,28.0,50.8,24.03,South Indian,4.0,9,3,0,Morning
ORD_01503,CUST_0144,REST_074,2026-03-23 09:03:54,145.13,4,Clear,High,Delivered,5.0,DEL_01503,DRV_0290,12.87,5.0,82.2,25.07,Indian,4.2,9,0,0,Morning
ORD_01505,CUST_0386,REST_007,2026-05-02 00:02:14,269.94,4,Clear,Medium,Delivered,18.0,DEL_01505,DRV_0005,6.09,18.0,57.4,23.01,Healthy,3.9,0,5,1,Night
ORD_01506,CUST_0014,REST_013,2026-04-02 20:45:15,154.86,4,Clear,Low,Delivered,16.0,DEL_01506,DRV_0021,1.11,16.0,45.0,28.98,Cafe,3.2,20,3,0,Evening
ORD_01507,CUST_0257,REST_068,2026-03-24 10:37:36,100.0,3,Cloudy,Medium,Delivered,18.0,DEL_01507,DRV_0134,4.99,18.0,53.0,14.84,Indian,4.5,10,1,0,Morning
ORD_01508,CUST_0346,REST_043,2026-01-09 11:44:02,245.45,3,Heavy Rain,Medium,Delivered,19.0,DEL_01508,DRV_0429,4.45,19.0,63.2,31.58,Fast Food,3.7,11,4,0,Morning
ORD_01509,CUST_0698,REST_057,2026-05-15 06:47:06,100.0,6,Cloudy,Medium,Delivered,21.0,DEL_01509,DRV_0120,7.57,21.0,74.3,26.84,Desserts,4.7,6,4,0,Morning
ORD_01510,CUST_0345,REST_036,2026-04-19 13:40:14,100.0,6,Rain,High,Delivered,22.0,DEL_01510,DRV_0242,6.19,22.0,86.5,18.05,Indian,3.0,13,6,1,Afternoon
ORD_01512,CUST_0207,REST_082,2026-02-12 14:34:06,100.0,6,Rain,Medium,Delivered,29.0,DEL_01512,DRV_0106,5.16,29.0,81.8,22.64,Healthy,3.7,14,3,0,Afternoon
ORD_01513,CUST_0858,REST_072,2026-06-05 16:50:45,100.0,2,Clear,Medium,Delivered,17.0,DEL_01513,DRV_0343,2.79,17.0,41.9,23.61,Chinese,3.8,16,4,0,Afternoon
ORD_01514,CUST_0943,REST_096,2026-06-21 11:50:38,255.33,1,Clear,High,Delivered,33.0,DEL_01514,DRV_0131,1.89,33.0,60.4,40.7,Biryani,3.3,11,6,1,Morning
ORD_01515,CUST_0172,REST_027,2026-04-30 02:26:14,153.37,4,Clear,Low,Delivered,34.0,DEL_01515,DRV_0417,5.28,34.0,54.9,6.74,South Indian,4.0,2,3,0,Night
ORD_01516,CUST_0464,REST_037,2026-06-20 05:18:34,160.82,6,Heavy Rain,Low,Delivered,18.0,DEL_01516,DRV_0038,1.97,18.0,54.1,17.99,Chinese,3.8,5,5,1,Night
ORD_01517,CUST_0270,REST_087,2026-01-05 04:32:29,152.48,6,Heavy Rain,Low,Delivered,15.0,DEL_01517,DRV_0087,4.21,15.0,53.1,28.56,Healthy,4.0,4,0,0,Night
ORD_01518,CUST_0221,REST_071,2026-06-10 03:39:06,205.91,6,Cloudy,Low,Delivered,22.0,DEL_01518,DRV_0336,9.93,22.0,67.5,34.38,Healthy,4.9,3,2,0,Night
ORD_01519,CUST_0152,REST_076,2026-03-08 13:23:28,119.82,3,Clear,Low,Delivered,22.0,DEL_01519,DRV_0473,11.17,22.0,80.8,12.73,Chinese,3.7,13,6,1,Afternoon
ORD_01521,CUST_0183,REST_067,2026-06-18 01:19:13,100.0,6,Heavy Rain,Medium,Delivered,16.0,DEL_01521,DRV_0251,7.98,16.0,85.0,10.24,North Indian,3.1,1,3,0,Night
ORD_01522,CUST_0399,REST_090,2026-04-21 02:44:37,231.52,5,Clear,High,Delivered,36.0,DEL_01522,DRV_0400,4.16,36.0,72.6,31.47,North Indian,4.2,2,1,0,Night
ORD_01523,CUST_0851,REST_004,2026-04-06 11:21:32,258.05,5,Rain,Low,Delivered,10.0,DEL_01523,DRV_0345,1.89,10.0,29.2,49.81,Healthy,3.7,11,0,0,Morning
ORD_01524,CUST_0072,REST_100,2026-05-20 19:03:19,119.37,4,Clear,High,Delivered,35.0,DEL_01524,DRV_0362,4.2,35.0,92.4,5.7,Pizza,3.9,19,2,0,Evening
ORD_01526,CUST_0898,REST_096,2026-04-23 10:24:50,317.17,2,Rain,High,Delivered,34.0,DEL_01526,DRV_0264,5.93,34.0,86.4,58.98,Biryani,3.3,10,3,0,Morning
ORD_01527,CUST_0283,REST_093,2026-05-29 07:40:10,105.11,2,Clear,High,Delivered,26.0,DEL_01527,DRV_0387,2.19,26.0,57.9,22.14,Indian,3.8,7,4,0,Morning
ORD_01528,CUST_0074,REST_074,2026-04-04 23:47:51,129.84,1,Clear,High,Delivered,9.0,DEL_01528,DRV_0069,5.23,9.0,49.9,24.85,Indian,4.2,23,5,1,Night
ORD_01529,CUST_0355,REST_085,2026-03-19 00:24:55,295.31,1,Heavy Rain,High,Delivered,13.0,DEL_01529,DRV_0384,6.91,13.0,80.8,39.03,South Indian,3.4,0,3,0,Night
ORD_01530,CUST_0727,REST_016,2026-03-23 18:16:19,184.77,6,Cloudy,Medium,Delivered,25.0,DEL_01530,DRV_0255,7.92,25.0,76.5,11.56,Indian,3.7,18,0,0,Evening
ORD_01531,CUST_0497,REST_019,2026-03-17 16:29:59,100.0,1,Rain,Medium,Delivered,22.0,DEL_01531,DRV_0275,3.48,22.0,63.6,19.23,Indian,4.4,16,1,0,Afternoon
ORD_01532,CUST_0328,REST_029,2026-01-14 04:22:44,473.85,3,Rain,High,Delivered,25.0,DEL_01532,DRV_0391,11.35,25.0,99.6,33.24,Pizza,3.9,4,2,0,Night
ORD_01533,CUST_0988,REST_051,2026-06-16 11:17:48,135.44,2,Clear,Medium,Delivered,20.0,DEL_01533,DRV_0498,3.87,20.0,50.4,11.56,Healthy,3.6,11,1,0,Morning
ORD_01535,CUST_0580,REST_058,2026-01-01 21:28:52,208.65,6,Clear,High,Delivered,23.0,DEL_01535,DRV_0218,1.15,23.0,61.2,36.74,Fast Food,4.7,21,3,0,Evening
ORD_01536,CUST_0910,REST_044,2026-05-25 09:38:10,255.65,6,Clear,Medium,Delivered,22.0,DEL_01536,DRV_0050,9.42,22.0,76.9,31.15,Biryani,4.1,9,0,0,Morning
ORD_01537,CUST_0447,REST_016,2026-01-24 22:01:02,533.05,5,Clear,High,Delivered,31.0,DEL_01537,DRV_0473,1.61,31.0,61.4,23.68,Indian,3.7,22,5,1,Night
ORD_01538,CUST_0373,REST_065,2026-02-26 17:59:18,100.0,2,Rain,Low,Delivered,17.0,DEL_01538,DRV_0134,6.59,17.0,54.6,4.87,South Indian,4.7,17,3,0,Evening
ORD_01539,CUST_0362,REST_002,2026-06-30 11:38:02,285.51,2,Clear,Medium,Delivered,41.0,DEL_01539,DRV_0389,2.98,41.0,58.1,25.43,North Indian,4.2,11,1,0,Morning
ORD_01540,CUST_0093,REST_056,2026-03-30 12:13:33,272.78,2,Cloudy,Low,Delivered,29.0,DEL_01540,DRV_0230,1.62,29.0,58.0,21.21,Desserts,4.2,12,0,0,Afternoon
ORD_01541,CUST_0321,REST_079,2026-06-09 01:49:14,168.1,1,Clear,High,Delivered,33.0,DEL_01541,DRV_0061,3.12,33.0,53.5,25.66,Healthy,4.4,1,1,0,Night
ORD_01542,CUST_0324,REST_028,2026-06-03 04:10:48,279.5,3,Clear,Low,Delivered,25.0,DEL_01542,DRV_0252,1.1,25.0,31.1,20.26,Indian,4.4,4,2,0,Night
ORD_01543,CUST_0384,REST_065,2026-04-17 04:36:08,303.04,4,Clear,High,Delivered,21.0,DEL_01543,DRV_0230,2.5,21.0,47.8,34.03,South Indian,4.7,4,4,0,Night
ORD_01544,CUST_0575,REST_005,2026-01-04 23:53:04,100.0,1,Rain,Low,Delivered,34.0,DEL_01544,DRV_0470,2.71,34.0,61.3,21.42,Chinese,4.4,23,6,1,Night
ORD_01545,CUST_0736,REST_022,2026-06-15 03:04:00,474.55,3,Clear,Low,Delivered,27.0,DEL_01545,DRV_0351,1.68,27.0,45.1,63.81,Biryani,4.5,3,0,0,Night
ORD_01546,CUST_0737,REST_100,2026-02-26 11:28:25,100.0,2,Cloudy,Low,Delivered,35.0,DEL_01546,DRV_0058,5.09,35.0,57.7,19.06,Pizza,3.9,11,3,0,Morning
ORD_01547,CUST_0881,REST_013,2026-02-03 11:58:19,100.0,3,Cloudy,Medium,Delivered,18.0,DEL_01547,DRV_0406,4.02,18.0,65.3,22.83,Cafe,3.2,11,1,0,Morning
ORD_01548,CUST_0346,REST_065,2026-03-07 11:38:19,156.96,1,Clear,Medium,Delivered,16.0,DEL_01548,DRV_0185,5.07,16.0,58.0,24.32,South Indian,4.7,11,5,1,Morning
ORD_01550,CUST_0103,REST_086,2026-03-12 11:57:18,153.0,1,Rain,Medium,Delivered,33.0,DEL_01550,DRV_0032,3.58,33.0,74.2,23.54,Chinese,3.8,11,3,0,Morning
ORD_01551,CUST_0215,REST_064,2026-05-19 01:44:20,178.12,4,Cloudy,Low,Delivered,7.0,DEL_01551,DRV_0145,1.53,7.0,21.5,22.34,Biryani,5.0,1,1,0,Night
ORD_01552,CUST_0192,REST_032,2026-04-18 13:27:28,398.47,2,Clear,High,Delivered,25.0,DEL_01552,DRV_0442,2.59,25.0,67.0,50.14,Healthy,3.9,13,5,1,Afternoon
ORD_01553,CUST_0672,REST_080,2026-02-20 11:47:31,153.67,3,Cloudy,Low,Delivered,36.0,DEL_01553,DRV_0169,1.61,36.0,50.6,28.99,South Indian,5.0,11,4,0,Morning
ORD_01554,CUST_0884,REST_051,2026-04-22 11:47:23,100.0,1,Cloudy,Medium,Delivered,16.0,DEL_01554,DRV_0022,3.29,16.0,43.5,20.33,Healthy,3.6,11,2,0,Morning
ORD_01555,CUST_0719,REST_079,2026-06-23 13:30:56,144.1,5,Clear,Medium,Delivered,31.0,DEL_01555,DRV_0336,2.59,31.0,56.7,23.87,Healthy,4.4,13,1,0,Afternoon
ORD_01556,CUST_0781,REST_058,2026-06-26 05:18:06,385.27,3,Clear,High,Delivered,17.0,DEL_01556,DRV_0298,6.59,17.0,63.3,68.09,Fast Food,4.7,5,4,0,Night
ORD_01557,CUST_0194,REST_046,2026-04-07 20:12:17,188.48,3,Clear,High,Delivered,18.0,DEL_01557,DRV_0079,6.97,18.0,79.3,28.94,North Indian,3.7,20,1,0,Evening
ORD_01558,CUST_0380,REST_052,2026-04-17 00:12:33,524.19,2,Clear,High,Delivered,30.0,DEL_01558,DRV_0136,4.69,30.0,73.1,53.29,Healthy,4.6,0,4,0,Night
ORD_01560,CUST_0664,REST_076,2026-03-03 11:33:23,127.15,3,Clear,High,Delivered,19.0,DEL_01560,DRV_0176,4.97,19.0,54.9,16.73,Chinese,3.7,11,1,0,Morning
ORD_01561,CUST_0749,REST_060,2026-03-20 11:23:51,186.44,1,Clear,High,Delivered,20.0,DEL_01561,DRV_0371,2.86,20.0,57.8,24.7,Chinese,4.2,11,4,0,Morning
ORD_01562,CUST_0600,REST_065,2026-05-28 16:12:17,113.38,5,Rain,High,Delivered,18.0,DEL_01562,DRV_0387,4.39,18.0,74.3,16.82,South Indian,4.7,16,3,0,Afternoon
ORD_01564,CUST_0187,REST_055,2026-04-20 01:56:40,2129.19,5,Rain,High,Delivered,41.0,DEL_01564,DRV_0030,7.6,41.0,107.5,125.62,North Indian,4.2,1,0,0,Night
ORD_01565,CUST_0726,REST_057,2026-03-29 12:27:58,317.43,1,Cloudy,Medium,Delivered,18.0,DEL_01565,DRV_0284,4.22,18.0,66.6,32.05,Desserts,4.7,12,6,1,Afternoon
ORD_01567,CUST_0778,REST_071,2026-03-31 15:10:00,128.67,1,Clear,Medium,Delivered,26.0,DEL_01567,DRV_0460,12.28,26.0,84.7,19.89,Healthy,4.9,15,1,0,Afternoon
ORD_01568,CUST_0297,REST_073,2026-02-02 15:45:05,429.78,6,Rain,Medium,Delivered,34.0,DEL_01568,DRV_0153,3.76,34.0,66.7,30.64,South Indian,3.9,15,0,0,Afternoon
ORD_01569,CUST_0411,REST_086,2026-03-20 05:24:32,331.85,6,Clear,Medium,Delivered,35.0,DEL_01569,DRV_0421,8.24,35.0,78.0,42.43,Chinese,3.8,5,4,0,Night
ORD_01570,CUST_0956,REST_026,2026-04-06 11:08:41,510.25,6,Clear,Medium,Delivered,33.0,DEL_01570,DRV_0213,4.12,33.0,48.7,26.08,Fast Food,3.0,11,0,0,Morning
ORD_01571,CUST_0585,REST_012,2026-05-15 06:30:22,496.81,3,Clear,High,Delivered,11.0,DEL_01571,DRV_0179,0.86,11.0,36.5,36.31,South Indian,4.6,6,4,0,Morning
ORD_01572,CUST_0052,REST_071,2026-06-30 07:35:37,100.0,2,Clear,Medium,Delivered,31.0,DEL_01572,DRV_0295,9.0,31.0,76.0,20.55,Healthy,4.9,7,1,0,Morning
ORD_01573,CUST_0640,REST_046,2026-04-14 12:46:00,100.0,6,Clear,Medium,Delivered,17.0,DEL_01573,DRV_0487,5.06,17.0,71.3,32.14,North Indian,3.7,12,1,0,Afternoon
ORD_01574,CUST_0028,REST_047,2026-04-22 23:13:34,104.37,4,Clear,Low,Delivered,30.0,DEL_01574,DRV_0083,1.17,30.0,39.8,22.7,Desserts,4.4,23,2,0,Night
ORD_01575,CUST_0577,REST_079,2026-02-23 15:31:13,107.86,4,Clear,High,Delivered,30.0,DEL_01575,DRV_0200,3.49,30.0,62.0,16.49,Healthy,4.4,15,0,0,Afternoon
ORD_01576,CUST_0017,REST_038,2026-01-27 10:03:03,216.57,1,Cloudy,Medium,Delivered,35.0,DEL_01576,DRV_0486,5.1,35.0,67.2,26.87,Indian,3.7,10,1,0,Morning
ORD_01577,CUST_0351,REST_021,2026-01-11 08:58:37,132.72,6,Clear,Low,Delivered,27.0,DEL_01577,DRV_0323,4.72,27.0,52.6,37.48,Fast Food,3.7,8,6,1,Morning
ORD_01578,CUST_0428,REST_014,2026-04-28 22:47:46,566.76,3,Cloudy,High,Delivered,32.0,DEL_01578,DRV_0470,7.6,32.0,85.1,34.55,Fast Food,5.0,22,1,0,Night
ORD_01579,CUST_0650,REST_002,2026-04-21 20:34:24,516.76,4,Cloudy,Low,Delivered,37.0,DEL_01579,DRV_0129,5.06,37.0,69.9,53.74,North Indian,4.2,20,1,0,Evening
ORD_01580,CUST_0831,REST_072,2026-06-03 00:44:32,180.63,5,Cloudy,Low,Delivered,24.0,DEL_01580,DRV_0294,4.29,24.0,46.6,43.31,Chinese,3.8,0,2,0,Night
ORD_01581,CUST_0229,REST_070,2026-04-11 13:38:17,531.35,2,Clear,Medium,Delivered,16.0,DEL_01581,DRV_0436,1.83,16.0,50.5,61.2,Desserts,4.2,13,5,1,Afternoon
ORD_01582,CUST_0766,REST_033,2026-03-08 00:55:13,410.95,5,Cloudy,Medium,Delivered,30.0,DEL_01582,DRV_0191,11.56,30.0,84.3,65.78,Fast Food,4.1,0,6,1,Night
ORD_01583,CUST_0989,REST_006,2026-06-14 07:03:18,141.47,4,Clear,Low,Delivered,20.0,DEL_01583,DRV_0052,3.4,20.0,34.2,20.45,Cafe,3.9,7,6,1,Morning
ORD_01584,CUST_0210,REST_090,2026-01-13 19:18:51,100.0,4,Clear,Medium,Delivered,30.0,DEL_01584,DRV_0083,2.73,30.0,58.3,17.97,North Indian,4.2,19,1,0,Evening
ORD_01585,CUST_0431,REST_037,2026-04-05 03:49:57,160.79,1,Cloudy,High,Delivered,20.0,DEL_01585,DRV_0341,2.0,20.0,49.5,23.37,Chinese,3.8,3,6,1,Night
ORD_01586,CUST_0294,REST_014,2026-05-12 06:06:39,127.16,1,Clear,Low,Delivered,24.0,DEL_01586,DRV_0188,2.51,24.0,35.1,17.86,Fast Food,5.0,6,1,0,Morning
ORD_01587,CUST_0743,REST_037,2026-01-03 00:33:31,203.08,6,Clear,Low,Delivered,24.0,DEL_01587,DRV_0013,7.21,24.0,62.5,27.36,Chinese,3.8,0,5,1,Night
ORD_01588,CUST_0753,REST_008,2026-06-21 23:27:54,190.39,2,Clear,High,Delivered,28.0,DEL_01588,DRV_0219,1.4,28.0,61.2,28.49,Desserts,4.5,23,6,1,Night
ORD_01589,CUST_0582,REST_077,2026-03-14 10:05:37,187.67,6,Clear,Medium,Delivered,18.0,DEL_01589,DRV_0017,3.15,18.0,46.4,22.66,Fast Food,4.1,10,5,1,Morning
ORD_01590,CUST_0104,REST_013,2026-06-30 05:19:47,241.78,1,Clear,Medium,Delivered,14.0,DEL_01590,DRV_0242,0.84,14.0,33.6,31.45,Cafe,3.2,5,1,0,Night
ORD_01591,CUST_0204,REST_040,2026-03-22 02:28:01,100.0,3,Heavy Rain,Low,Delivered,31.0,DEL_01591,DRV_0340,2.3,31.0,55.7,13.02,Desserts,4.1,2,6,1,Night
ORD_01592,CUST_0053,REST_092,2026-02-08 21:42:24,227.29,2,Clear,Medium,Delivered,22.0,DEL_01592,DRV_0158,2.67,22.0,45.9,40.69,Indian,4.1,21,6,1,Evening
ORD_01593,CUST_0974,REST_058,2026-05-25 08:55:23,142.34,3,Clear,Medium,Delivered,20.0,DEL_01593,DRV_0166,2.48,20.0,44.6,14.86,Fast Food,4.7,8,0,0,Morning
ORD_01594,CUST_0940,REST_018,2026-02-04 12:26:42,202.35,6,Cloudy,High,Delivered,40.0,DEL_01594,DRV_0139,1.99,40.0,82.4,33.13,Pizza,3.6,12,2,0,Afternoon
ORD_01595,CUST_0375,REST_057,2026-01-29 10:43:26,306.92,1,Cloudy,Medium,Delivered,28.0,DEL_01595,DRV_0411,9.62,28.0,78.5,42.8,Desserts,4.7,10,3,0,Morning
ORD_01596,CUST_0842,REST_083,2026-03-09 21:33:39,100.0,2,Rain,Medium,Delivered,16.0,DEL_01596,DRV_0294,2.68,16.0,54.1,15.07,Pizza,4.8,21,0,0,Evening
ORD_01597,CUST_0054,REST_038,2026-06-06 18:10:17,155.29,6,Rain,High,Delivered,30.0,DEL_01597,DRV_0028,7.0,30.0,81.6,29.61,Indian,3.7,18,5,1,Evening
ORD_01599,CUST_0335,REST_086,2026-06-23 03:40:20,136.61,6,Heavy Rain,Low,Delivered,39.0,DEL_01599,DRV_0359,1.62,39.0,63.1,23.74,Chinese,3.8,3,1,0,Night
ORD_01600,CUST_0031,REST_066,2026-03-06 00:59:58,297.35,5,Clear,High,Delivered,32.0,DEL_01600,DRV_0161,6.29,32.0,84.7,24.1,North Indian,3.5,0,4,0,Night
ORD_01601,CUST_0135,REST_077,2026-04-08 01:58:46,121.97,4,Cloudy,Medium,Delivered,18.0,DEL_01601,DRV_0416,8.12,18.0,63.9,25.44,Fast Food,4.1,1,2,0,Night
ORD_01602,CUST_0058,REST_087,2026-03-07 07:29:17,133.56,3,Rain,Medium,Delivered,11.0,DEL_01602,DRV_0182,1.6,11.0,39.8,14.26,Healthy,4.0,7,5,1,Morning
ORD_01603,CUST_0105,REST_025,2026-04-15 08:52:25,122.68,4,Cloudy,Medium,Delivered,29.0,DEL_01603,DRV_0409,5.88,29.0,67.8,22.34,South Indian,4.0,8,2,0,Morning
ORD_01604,CUST_0266,REST_092,2026-01-07 15:53:27,330.51,6,Heavy Rain,Medium,Delivered,28.0,DEL_01604,DRV_0280,3.4,28.0,66.3,41.48,Indian,4.1,15,2,0,Afternoon
ORD_01605,CUST_0522,REST_058,2026-04-28 08:27:52,138.26,4,Clear,Low,Delivered,20.0,DEL_01605,DRV_0424,12.68,20.0,80.9,29.47,Fast Food,4.7,8,1,0,Morning
ORD_01606,CUST_0496,REST_075,2026-01-30 02:32:11,233.46,5,Clear,Medium,Delivered,9.0,DEL_01606,DRV_0155,7.7,9.0,62.2,37.24,Fast Food,3.5,2,4,0,Night
ORD_01607,CUST_0253,REST_033,2026-04-21 05:50:30,537.34,6,Heavy Rain,Medium,Delivered,32.0,DEL_01607,DRV_0302,10.41,32.0,94.7,48.85,Fast Food,4.1,5,1,0,Night
ORD_01608,CUST_0295,REST_088,2026-05-04 08:02:12,173.96,5,Clear,Low,Delivered,34.0,DEL_01608,DRV_0214,2.98,34.0,46.8,46.56,Cafe,3.8,8,0,0,Morning
ORD_01609,CUST_0668,REST_066,2026-02-19 04:18:32,334.16,4,Cloudy,Medium,Delivered,33.0,DEL_01609,DRV_0340,10.81,33.0,97.3,44.25,North Indian,3.5,4,3,0,Night
ORD_01610,CUST_0158,REST_030,2026-01-11 16:30:47,454.52,5,Clear,High,Delivered,27.0,DEL_01610,DRV_0353,6.72,27.0,78.1,38.79,South Indian,4.1,16,6,1,Afternoon
ORD_01611,CUST_0549,REST_081,2026-03-29 09:33:29,318.92,4,Cloudy,Medium,Delivered,22.0,DEL_01611,DRV_0069,4.63,22.0,57.7,21.38,Desserts,4.1,9,6,1,Morning
ORD_01612,CUST_0631,REST_034,2026-01-31 20:00:56,179.6,2,Rain,Medium,Delivered,21.0,DEL_01612,DRV_0477,6.29,21.0,79.7,16.87,Desserts,4.0,20,5,1,Evening
ORD_01613,CUST_0067,REST_086,2026-02-27 07:56:47,258.05,4,Clear,High,Delivered,40.0,DEL_01613,DRV_0325,1.97,40.0,71.2,21.0,Chinese,3.8,7,4,0,Morning
ORD_01614,CUST_0754,REST_069,2026-03-16 15:03:35,100.0,1,Clear,Medium,Delivered,28.0,DEL_01614,DRV_0494,4.66,28.0,61.0,4.2,Chinese,3.7,15,0,0,Afternoon
ORD_01615,CUST_0299,REST_048,2026-06-18 08:31:17,118.03,5,Clear,Low,Delivered,35.0,DEL_01615,DRV_0295,3.38,35.0,52.6,12.77,Chinese,4.0,8,3,0,Morning
ORD_01616,CUST_0463,REST_040,2026-03-22 19:06:27,129.99,5,Rain,Medium,Delivered,31.0,DEL_01616,DRV_0209,8.2,31.0,93.6,25.62,Desserts,4.1,19,6,1,Evening
ORD_01617,CUST_0725,REST_051,2026-04-08 17:46:00,621.62,3,Cloudy,Low,Delivered,14.0,DEL_01617,DRV_0157,0.64,14.0,33.5,56.18,Healthy,3.6,17,2,0,Evening
ORD_01618,CUST_0820,REST_080,2026-01-01 11:45:51,115.94,3,Clear,High,Delivered,26.0,DEL_01618,DRV_0075,4.58,26.0,65.8,26.84,South Indian,5.0,11,3,0,Morning
ORD_01619,CUST_0101,REST_013,2026-05-20 08:31:07,114.99,1,Clear,High,Delivered,17.0,DEL_01619,DRV_0342,3.09,17.0,54.0,8.74,Cafe,3.2,8,2,0,Morning
ORD_01620,CUST_0056,REST_090,2026-06-16 01:14:48,102.09,5,Rain,Medium,Delivered,36.0,DEL_01620,DRV_0287,11.43,36.0,108.3,7.57,North Indian,4.2,1,1,0,Night
ORD_01621,CUST_0332,REST_031,2026-01-03 15:19:37,246.63,5,Rain,Medium,Delivered,32.0,DEL_01621,DRV_0231,3.74,32.0,68.2,12.89,North Indian,4.0,15,5,1,Afternoon
ORD_01623,CUST_0751,REST_063,2026-05-27 08:05:28,329.55,3,Clear,Low,Delivered,14.0,DEL_01623,DRV_0271,4.62,14.0,42.8,39.95,Biryani,4.7,8,2,0,Morning
ORD_01624,CUST_0393,REST_048,2026-04-04 19:53:33,262.22,4,Rain,High,Delivered,28.0,DEL_01624,DRV_0083,6.4,28.0,95.1,22.35,Chinese,4.0,19,5,1,Evening
ORD_01625,CUST_0743,REST_087,2026-03-28 17:56:41,100.0,6,Cloudy,Medium,Delivered,10.0,DEL_01625,DRV_0074,1.02,10.0,29.4,17.01,Healthy,4.0,17,5,1,Evening
ORD_01626,CUST_0874,REST_048,2026-05-25 13:59:54,116.28,5,Heavy Rain,Low,Delivered,28.0,DEL_01626,DRV_0265,1.51,28.0,64.7,17.81,Chinese,4.0,13,0,0,Afternoon
ORD_01627,CUST_0381,REST_061,2026-02-12 03:12:59,384.11,5,Clear,High,Delivered,37.0,DEL_01627,DRV_0269,11.46,37.0,99.4,50.39,Healthy,4.4,3,3,0,Night
ORD_01629,CUST_0791,REST_078,2026-02-15 17:33:30,348.34,5,Cloudy,High,Delivered,34.0,DEL_01629,DRV_0301,16.55,34.0,125.6,24.76,Biryani,3.9,17,6,1,Evening
ORD_01630,CUST_0447,REST_056,2026-03-05 12:46:29,166.95,1,Rain,Medium,Delivered,33.0,DEL_01630,DRV_0090,2.16,33.0,66.3,33.1,Desserts,4.2,12,3,0,Afternoon
ORD_01631,CUST_0109,REST_018,2026-01-28 13:13:41,106.46,3,Clear,Medium,Delivered,39.0,DEL_01631,DRV_0390,5.91,39.0,80.9,11.83,Pizza,3.6,13,2,0,Afternoon
ORD_01632,CUST_0317,REST_027,2026-05-08 00:04:30,153.42,3,Clear,Low,Delivered,29.0,DEL_01632,DRV_0360,4.82,29.0,56.3,26.42,South Indian,4.0,0,4,0,Night
ORD_01633,CUST_0168,REST_028,2026-03-19 22:51:08,106.44,6,Clear,Medium,Delivered,27.0,DEL_01633,DRV_0300,9.5,27.0,72.1,25.26,Indian,4.4,22,3,0,Night
ORD_01634,CUST_0812,REST_082,2026-02-23 07:58:36,132.81,3,Rain,High,Delivered,33.0,DEL_01634,DRV_0002,1.28,33.0,81.1,36.86,Healthy,3.7,7,0,0,Morning
ORD_01636,CUST_0920,REST_052,2026-02-03 07:36:36,240.18,1,Clear,High,Delivered,31.0,DEL_01636,DRV_0176,4.51,31.0,75.5,39.1,Healthy,4.6,7,1,0,Morning
ORD_01637,CUST_0435,REST_016,2026-01-31 06:08:13,100.0,1,Cloudy,Medium,Delivered,28.0,DEL_01637,DRV_0125,3.96,28.0,56.8,23.75,Indian,3.7,6,5,1,Morning
ORD_01638,CUST_0442,REST_077,2026-01-08 02:06:44,179.55,4,Clear,High,Delivered,20.0,DEL_01638,DRV_0268,5.84,20.0,63.3,21.27,Fast Food,4.1,2,3,0,Night
ORD_01639,CUST_0218,REST_058,2026-04-09 11:17:21,131.28,2,Clear,High,Delivered,17.0,DEL_01639,DRV_0215,3.83,17.0,59.6,22.82,Fast Food,4.7,11,3,0,Morning
ORD_01640,CUST_0222,REST_093,2026-05-01 07:07:41,126.9,5,Clear,Medium,Delivered,20.0,DEL_01640,DRV_0370,4.61,20.0,50.2,11.25,Indian,3.8,7,4,0,Morning
ORD_01641,CUST_0673,REST_009,2026-05-19 07:45:26,195.0,6,Cloudy,Medium,Delivered,27.0,DEL_01641,DRV_0067,8.71,27.0,85.4,26.64,Biryani,4.6,7,1,0,Morning
ORD_01642,CUST_0528,REST_026,2026-05-25 02:30:11,133.92,1,Cloudy,High,Delivered,36.0,DEL_01642,DRV_0178,1.96,36.0,60.6,25.05,Fast Food,3.0,2,0,0,Night
ORD_01643,CUST_0278,REST_028,2026-04-08 06:01:17,387.68,2,Rain,Low,Delivered,28.0,DEL_01643,DRV_0267,5.71,28.0,66.1,37.72,Indian,4.4,6,2,0,Morning
ORD_01644,CUST_0569,REST_077,2026-05-31 22:52:02,348.43,2,Rain,High,Delivered,19.0,DEL_01644,DRV_0005,5.84,19.0,73.2,49.71,Fast Food,4.1,22,6,1,Night
ORD_01645,CUST_0574,REST_036,2026-01-07 18:54:15,347.24,1,Clear,Medium,Delivered,22.0,DEL_01645,DRV_0301,11.9,22.0,84.7,18.79,Indian,3.0,18,2,0,Evening
ORD_01646,CUST_0875,REST_009,2026-01-15 22:58:54,138.08,4,Cloudy,Medium,Delivered,27.0,DEL_01646,DRV_0202,3.3,27.0,58.4,23.18,Biryani,4.6,22,3,0,Night
ORD_01647,CUST_0466,REST_047,2026-06-03 08:39:54,106.76,2,Clear,Low,Delivered,30.0,DEL_01647,DRV_0117,0.5,30.0,27.3,8.21,Desserts,4.4,8,2,0,Morning
ORD_01648,CUST_0839,REST_078,2026-02-08 10:23:47,189.64,3,Clear,High,Delivered,32.0,DEL_01648,DRV_0431,2.96,32.0,66.6,30.24,Biryani,3.9,10,6,1,Morning
ORD_01649,CUST_0754,REST_051,2026-05-05 06:34:56,166.89,2,Clear,Medium,Delivered,21.0,DEL_01649,DRV_0390,2.42,21.0,49.9,11.62,Healthy,3.6,6,1,0,Morning
ORD_01650,CUST_0602,REST_076,2026-05-24 08:05:44,129.69,5,Clear,High,Delivered,13.0,DEL_01650,DRV_0336,10.62,13.0,83.2,16.04,Chinese,3.7,8,6,1,Morning
ORD_01651,CUST_0584,REST_057,2026-05-08 16:22:05,100.0,1,Clear,Medium,Delivered,24.0,DEL_01651,DRV_0479,0.5,24.0,37.4,17.1,Desserts,4.7,16,4,0,Afternoon
ORD_01653,CUST_0030,REST_067,2026-04-12 23:40:38,145.15,4,Cloudy,High,Delivered,19.0,DEL_01653,DRV_0350,5.3,19.0,69.9,25.55,North Indian,3.1,23,6,1,Night
ORD_01654,CUST_0359,REST_057,2026-05-03 19:37:02,264.7,6,Clear,High,Delivered,21.0,DEL_01654,DRV_0232,1.56,21.0,70.4,48.08,Desserts,4.7,19,6,1,Evening
ORD_01656,CUST_0288,REST_016,2026-05-07 09:56:01,332.1,1,Clear,Medium,Delivered,31.0,DEL_01656,DRV_0089,0.88,31.0,52.1,29.36,Indian,3.7,9,3,0,Morning
ORD_01657,CUST_0086,REST_062,2026-06-26 20:45:46,100.0,2,Clear,Medium,Delivered,24.0,DEL_01657,DRV_0227,6.6,24.0,78.3,27.15,Fast Food,3.5,20,4,0,Evening
ORD_01659,CUST_0747,REST_096,2026-02-07 06:50:03,121.5,2,Clear,Medium,Delivered,28.0,DEL_01659,DRV_0447,0.58,28.0,43.2,10.57,Biryani,3.3,6,5,1,Morning
ORD_01660,CUST_0313,REST_056,2026-05-24 02:11:33,100.0,4,Clear,Low,Delivered,33.0,DEL_01660,DRV_0111,1.45,33.0,46.5,13.44,Desserts,4.2,2,6,1,Night
ORD_01661,CUST_0365,REST_023,2026-06-20 09:02:47,143.2,6,Cloudy,Low,Delivered,40.0,DEL_01661,DRV_0323,6.74,40.0,64.1,22.21,South Indian,4.6,9,5,1,Morning
ORD_01662,CUST_0777,REST_017,2026-06-17 02:23:54,326.29,1,Rain,High,Delivered,10.0,DEL_01662,DRV_0431,12.24,10.0,96.2,18.34,Pizza,4.5,2,2,0,Night
ORD_01663,CUST_0799,REST_080,2026-01-31 23:47:16,147.71,4,Clear,Medium,Delivered,35.0,DEL_01663,DRV_0418,12.46,35.0,102.1,12.32,South Indian,5.0,23,5,1,Night
ORD_01664,CUST_0839,REST_038,2026-04-06 19:34:13,428.8,4,Clear,High,Delivered,40.0,DEL_01664,DRV_0012,8.14,40.0,102.3,51.66,Indian,3.7,19,0,0,Evening
ORD_01665,CUST_0905,REST_072,2026-05-01 11:29:47,245.15,6,Rain,Low,Delivered,15.0,DEL_01665,DRV_0027,1.15,15.0,38.7,6.22,Chinese,3.8,11,4,0,Morning
ORD_01666,CUST_0269,REST_083,2026-04-06 03:38:17,145.95,4,Clear,High,Delivered,19.0,DEL_01666,DRV_0453,8.97,19.0,76.3,9.27,Pizza,4.8,3,0,0,Night
ORD_01667,CUST_0698,REST_030,2026-05-22 15:56:55,343.1,4,Clear,Medium,Delivered,21.0,DEL_01667,DRV_0105,13.42,21.0,88.7,27.88,South Indian,4.1,15,4,0,Afternoon
ORD_01668,CUST_0131,REST_058,2026-01-08 00:46:52,231.59,2,Cloudy,High,Delivered,18.0,DEL_01668,DRV_0086,10.55,18.0,86.2,52.3,Fast Food,4.7,0,3,0,Night
ORD_01670,CUST_0993,REST_078,2026-03-10 09:09:47,503.88,2,Cloudy,High,Delivered,35.0,DEL_01670,DRV_0373,1.77,35.0,65.6,54.64,Biryani,3.9,9,1,0,Morning
ORD_01671,CUST_0789,REST_022,2026-04-25 17:11:20,209.08,6,Cloudy,Medium,Delivered,17.0,DEL_01671,DRV_0156,8.69,17.0,61.0,21.46,Biryani,4.5,17,5,1,Evening
ORD_01672,CUST_0832,REST_017,2026-03-18 20:12:30,183.16,3,Clear,Medium,Delivered,18.0,DEL_01672,DRV_0199,4.11,18.0,55.2,28.05,Pizza,4.5,20,2,0,Evening
ORD_01673,CUST_0351,REST_015,2026-01-11 00:46:03,113.23,6,Clear,Low,Delivered,33.0,DEL_01673,DRV_0496,4.08,33.0,62.4,19.3,Healthy,4.6,0,6,1,Night
ORD_01674,CUST_0180,REST_048,2026-05-16 09:27:20,346.8,6,Clear,Medium,Delivered,30.0,DEL_01674,DRV_0429,4.27,30.0,61.9,16.37,Chinese,4.0,9,5,1,Morning
ORD_01675,CUST_0802,REST_032,2026-04-09 19:57:12,240.93,6,Rain,High,Delivered,24.0,DEL_01675,DRV_0482,4.31,24.0,72.0,35.86,Healthy,3.9,19,3,0,Evening
ORD_01676,CUST_0480,REST_077,2026-03-30 06:17:09,256.23,6,Rain,Low,Delivered,14.0,DEL_01676,DRV_0386,1.65,14.0,41.8,10.23,Fast Food,4.1,6,0,0,Morning
ORD_01677,CUST_0889,REST_085,2026-06-22 04:50:51,137.12,4,Clear,Medium,Delivered,13.0,DEL_01677,DRV_0137,3.28,13.0,35.8,24.78,South Indian,3.4,4,0,0,Night
ORD_01678,CUST_0163,REST_040,2026-06-30 03:16:30,286.79,6,Clear,Low,Delivered,29.0,DEL_01678,DRV_0463,11.49,29.0,83.6,43.37,Desserts,4.1,3,1,0,Night
ORD_01679,CUST_0783,REST_097,2026-02-25 02:52:27,299.32,3,Clear,High,Delivered,10.0,DEL_01679,DRV_0031,4.22,10.0,59.3,17.23,Cafe,4.7,2,2,0,Night
ORD_01680,CUST_0888,REST_057,2026-03-12 23:46:48,125.48,6,Clear,High,Delivered,26.0,DEL_01680,DRV_0164,3.13,26.0,61.8,20.13,Desserts,4.7,23,3,0,Night
ORD_01682,CUST_0774,REST_091,2026-01-29 03:21:24,249.57,4,Cloudy,Low,Delivered,16.0,DEL_01682,DRV_0361,2.07,16.0,30.5,47.93,Cafe,4.6,3,3,0,Night
ORD_01683,CUST_0510,REST_099,2026-01-10 12:59:13,100.0,2,Heavy Rain,Medium,Delivered,32.0,DEL_01683,DRV_0271,6.76,32.0,98.8,21.18,Healthy,3.7,12,5,1,Afternoon
ORD_01684,CUST_0365,REST_016,2026-02-23 18:42:03,197.08,4,Clear,Low,Delivered,27.0,DEL_01684,DRV_0353,5.22,27.0,46.8,51.36,Indian,3.7,18,0,0,Evening
ORD_01685,CUST_0981,REST_028,2026-02-11 21:30:20,141.74,2,Clear,Medium,Delivered,26.0,DEL_01685,DRV_0446,4.86,26.0,65.3,23.92,Indian,4.4,21,2,0,Evening
ORD_01686,CUST_0353,REST_098,2026-03-24 11:02:36,354.34,1,Clear,Low,Delivered,21.0,DEL_01686,DRV_0287,6.61,21.0,55.8,27.75,Biryani,4.7,11,1,0,Morning
ORD_01687,CUST_0800,REST_001,2026-03-30 15:02:31,146.05,5,Clear,Medium,Delivered,16.0,DEL_01687,DRV_0411,7.95,16.0,59.3,37.19,Pizza,4.8,15,0,0,Afternoon
ORD_01688,CUST_0436,REST_041,2026-06-15 21:49:46,333.29,5,Clear,Low,Delivered,31.0,DEL_01688,DRV_0258,4.41,31.0,69.5,44.94,North Indian,4.9,21,0,0,Evening
ORD_01689,CUST_0083,REST_048,2026-03-30 14:33:48,136.62,4,Rain,Low,Delivered,30.0,DEL_01689,DRV_0201,7.25,30.0,75.8,22.47,Chinese,4.0,14,0,0,Afternoon
ORD_01690,CUST_0225,REST_031,2026-05-28 22:38:27,314.19,1,Clear,Low,Delivered,31.0,DEL_01690,DRV_0299,2.68,31.0,29.1,33.14,North Indian,4.0,22,3,0,Night
ORD_01691,CUST_0412,REST_036,2026-01-04 13:38:13,562.95,3,Heavy Rain,Medium,Delivered,21.0,DEL_01691,DRV_0371,8.69,21.0,90.7,43.06,Indian,3.0,13,6,1,Afternoon
ORD_01692,CUST_0735,REST_033,2026-03-29 18:56:37,100.74,1,Cloudy,Medium,Delivered,28.0,DEL_01692,DRV_0379,3.76,28.0,60.0,23.83,Fast Food,4.1,18,6,1,Evening
ORD_01694,CUST_0118,REST_082,2026-05-08 09:21:24,822.07,1,Clear,Medium,Delivered,38.0,DEL_01694,DRV_0211,4.13,38.0,62.9,122.87,Healthy,3.7,9,4,0,Morning
ORD_01695,CUST_0482,REST_023,2026-06-13 20:45:31,188.03,3,Cloudy,High,Delivered,35.0,DEL_01695,DRV_0265,1.81,35.0,74.9,16.8,South Indian,4.6,20,5,1,Evening
ORD_01696,CUST_0192,REST_060,2026-06-12 09:42:03,187.54,4,Clear,Low,Delivered,21.0,DEL_01696,DRV_0188,5.26,21.0,47.7,27.73,Chinese,4.2,9,4,0,Morning
ORD_01697,CUST_0591,REST_087,2026-04-26 22:13:04,279.69,5,Clear,High,Delivered,15.0,DEL_01697,DRV_0386,3.95,15.0,64.5,56.2,Healthy,4.0,22,6,1,Night
ORD_01698,CUST_0590,REST_079,2026-05-19 18:20:42,185.41,6,Clear,Medium,Delivered,34.0,DEL_01698,DRV_0357,1.45,34.0,52.9,12.0,Healthy,4.4,18,1,0,Evening
ORD_01699,CUST_0659,REST_090,2026-06-17 20:54:30,100.0,1,Rain,Low,Delivered,36.0,DEL_01699,DRV_0241,12.75,36.0,105.3,19.16,North Indian,4.2,20,2,0,Evening
ORD_01700,CUST_0107,REST_030,2026-06-27 10:26:33,337.9,5,Clear,Medium,Delivered,19.0,DEL_01700,DRV_0442,3.81,19.0,58.7,24.89,South Indian,4.1,10,5,1,Morning
ORD_01701,CUST_0382,REST_089,2026-05-17 20:04:30,100.0,5,Clear,Medium,Delivered,18.0,DEL_01701,DRV_0193,1.43,18.0,48.2,24.96,North Indian,4.1,20,6,1,Evening
ORD_01702,CUST_0783,REST_045,2026-01-31 01:11:19,144.14,2,Clear,Medium,Delivered,33.0,DEL_01702,DRV_0110,3.9,33.0,49.6,15.01,Pizza,4.2,1,5,1,Night
ORD_01703,CUST_0390,REST_080,2026-06-10 22:22:40,352.16,3,Clear,Low,Delivered,36.0,DEL_01703,DRV_0396,2.73,36.0,42.8,75.06,South Indian,5.0,22,2,0,Night
ORD_01704,CUST_0244,REST_039,2026-05-05 22:58:49,148.99,6,Clear,High,Delivered,26.0,DEL_01704,DRV_0439,3.06,26.0,63.8,33.27,Desserts,4.2,22,1,0,Night
ORD_01706,CUST_0869,REST_078,2026-05-09 16:52:03,294.0,5,Cloudy,Medium,Delivered,37.0,DEL_01706,DRV_0394,2.42,37.0,62.8,45.9,Biryani,3.9,16,5,1,Afternoon
ORD_01707,CUST_0468,REST_081,2026-05-04 21:02:29,113.51,5,Clear,Low,Delivered,20.0,DEL_01707,DRV_0499,7.9,20.0,63.7,20.47,Desserts,4.1,21,0,0,Evening
ORD_01708,CUST_0866,REST_012,2026-04-15 14:19:20,100.0,3,Rain,Low,Delivered,14.0,DEL_01708,DRV_0111,2.67,14.0,55.8,7.75,South Indian,4.6,14,2,0,Afternoon
ORD_01709,CUST_0934,REST_093,2026-06-09 20:32:14,210.82,6,Cloudy,Medium,Delivered,16.0,DEL_01709,DRV_0065,2.07,16.0,52.9,27.93,Indian,3.8,20,1,0,Evening
ORD_01710,CUST_0538,REST_032,2026-06-24 05:13:19,163.92,6,Clear,Medium,Delivered,16.0,DEL_01710,DRV_0065,4.63,16.0,41.1,15.56,Healthy,3.9,5,2,0,Night
ORD_01711,CUST_0210,REST_056,2026-01-15 05:13:11,100.0,5,Cloudy,High,Delivered,33.0,DEL_01711,DRV_0317,1.11,33.0,66.4,21.87,Desserts,4.2,5,3,0,Night
ORD_01712,CUST_0604,REST_024,2026-05-26 09:59:43,257.32,5,Cloudy,Medium,Delivered,33.0,DEL_01712,DRV_0235,3.9,33.0,69.8,46.49,Cafe,4.3,9,1,0,Morning
ORD_01713,CUST_0637,REST_013,2026-06-25 09:05:35,234.03,5,Cloudy,Low,Delivered,17.0,DEL_01713,DRV_0095,3.53,17.0,34.3,42.22,Cafe,3.2,9,3,0,Morning
ORD_01714,CUST_0947,REST_020,2026-02-16 17:04:36,148.73,5,Cloudy,Medium,Delivered,17.0,DEL_01714,DRV_0459,3.25,17.0,43.6,27.17,Desserts,3.4,17,0,0,Evening
ORD_01715,CUST_0073,REST_079,2026-01-13 03:01:37,154.43,2,Cloudy,Low,Delivered,25.0,DEL_01715,DRV_0197,1.68,25.0,42.2,26.48,Healthy,4.4,3,1,0,Night
ORD_01716,CUST_0992,REST_056,2026-05-28 23:06:59,234.8,2,Clear,Medium,Delivered,29.0,DEL_01716,DRV_0291,2.42,29.0,54.3,41.22,Desserts,4.2,23,3,0,Night
ORD_01717,CUST_0635,REST_053,2026-04-19 03:29:49,348.87,6,Cloudy,High,Delivered,19.0,DEL_01717,DRV_0395,7.95,19.0,89.8,34.41,Desserts,5.0,3,6,1,Night
ORD_01718,CUST_0309,REST_068,2026-06-26 15:04:33,155.16,4,Clear,Medium,Delivered,27.0,DEL_01718,DRV_0196,2.08,27.0,52.4,39.5,Indian,4.5,15,4,0,Afternoon
ORD_01720,CUST_0699,REST_034,2026-06-21 04:11:02,247.36,3,Clear,High,Delivered,16.0,DEL_01720,DRV_0370,6.93,16.0,68.6,20.32,Desserts,4.0,4,6,1,Night
ORD_01721,CUST_0710,REST_028,2026-01-16 20:28:13,294.01,4,Rain,Medium,Delivered,26.0,DEL_01721,DRV_0039,3.58,26.0,73.0,25.04,Indian,4.4,20,4,0,Evening
ORD_01722,CUST_0590,REST_050,2026-03-09 08:33:02,185.23,2,Clear,Low,Delivered,28.0,DEL_01722,DRV_0149,9.06,28.0,65.8,15.1,Desserts,4.0,8,0,0,Morning
ORD_01723,CUST_0860,REST_002,2026-01-05 20:20:18,109.75,2,Cloudy,Medium,Delivered,33.0,DEL_01723,DRV_0376,5.78,33.0,77.9,20.55,North Indian,4.2,20,0,0,Evening
ORD_01724,CUST_0186,REST_094,2026-04-23 02:32:13,140.56,2,Rain,Low,Delivered,17.0,DEL_01724,DRV_0164,3.68,17.0,47.1,13.72,Cafe,4.6,2,3,0,Night
ORD_01725,CUST_0856,REST_026,2026-06-11 03:35:24,218.89,4,Rain,Medium,Delivered,35.0,DEL_01725,DRV_0366,2.25,35.0,60.1,22.1,Fast Food,3.0,3,3,0,Night
ORD_01726,CUST_0253,REST_051,2026-01-29 12:47:34,492.83,2,Cloudy,High,Delivered,17.0,DEL_01726,DRV_0220,4.07,17.0,58.1,29.03,Healthy,3.6,12,3,0,Afternoon
ORD_01727,CUST_0013,REST_047,2026-06-11 08:53:02,138.9,4,Clear,Medium,Delivered,29.0,DEL_01727,DRV_0456,10.91,29.0,81.5,22.3,Desserts,4.4,8,3,0,Morning
ORD_01728,CUST_0299,REST_026,2026-01-12 23:20:16,282.2,2,Rain,High,Delivered,37.0,DEL_01728,DRV_0276,4.03,37.0,87.1,27.76,Fast Food,3.0,23,0,0,Night
ORD_01729,CUST_0076,REST_084,2026-06-12 13:47:44,151.35,5,Cloudy,High,Delivered,24.0,DEL_01729,DRV_0043,12.63,24.0,111.1,20.43,North Indian,3.3,13,4,0,Afternoon
ORD_01730,CUST_0051,REST_092,2026-01-16 23:06:16,192.63,5,Cloudy,High,Delivered,24.0,DEL_01730,DRV_0238,3.02,24.0,62.7,13.22,Indian,4.1,23,4,0,Night
ORD_01731,CUST_0787,REST_084,2026-01-22 12:24:53,417.16,1,Rain,Low,Delivered,15.0,DEL_01731,DRV_0405,7.52,15.0,66.3,50.25,North Indian,3.3,12,3,0,Afternoon
ORD_01732,CUST_0149,REST_075,2026-02-17 18:26:36,275.99,2,Clear,High,Delivered,14.0,DEL_01732,DRV_0163,10.8,14.0,84.1,27.44,Fast Food,3.5,18,1,0,Evening
ORD_01733,CUST_0731,REST_074,2026-05-05 15:53:49,100.0,1,Clear,Medium,Delivered,13.0,DEL_01733,DRV_0320,3.38,13.0,50.2,10.7,Indian,4.2,15,1,0,Afternoon
ORD_01734,CUST_0122,REST_061,2026-01-10 04:00:47,132.31,4,Cloudy,Low,Delivered,32.0,DEL_01734,DRV_0107,2.27,32.0,54.7,19.55,Healthy,4.4,4,5,1,Night
ORD_01735,CUST_0211,REST_023,2026-05-24 00:44:11,361.74,1,Rain,High,Delivered,32.0,DEL_01735,DRV_0288,0.5,32.0,65.4,51.31,South Indian,4.6,0,6,1,Night
ORD_01737,CUST_0538,REST_041,2026-03-31 06:29:00,100.0,4,Cloudy,Medium,Delivered,40.0,DEL_01737,DRV_0105,6.54,40.0,88.0,30.2,North Indian,4.9,6,1,0,Morning
ORD_01738,CUST_0685,REST_052,2026-03-08 00:33:35,115.54,4,Clear,High,Delivered,24.0,DEL_01738,DRV_0069,2.21,24.0,61.3,16.3,Healthy,4.6,0,6,1,Night
ORD_01739,CUST_0156,REST_083,2026-03-20 23:55:49,266.91,5,Cloudy,Low,Delivered,16.0,DEL_01739,DRV_0109,2.86,16.0,29.8,24.41,Pizza,4.8,23,4,0,Night
ORD_01740,CUST_0238,REST_082,2026-02-04 15:51:17,313.23,4,Rain,Medium,Delivered,30.0,DEL_01740,DRV_0180,5.22,30.0,62.1,61.85,Healthy,3.7,15,2,0,Afternoon
ORD_01741,CUST_0376,REST_049,2026-01-01 05:19:52,183.06,4,Clear,Low,Delivered,31.0,DEL_01741,DRV_0132,7.25,31.0,56.7,23.63,Cafe,3.6,5,3,0,Night
ORD_01742,CUST_0082,REST_027,2026-03-25 11:24:51,707.28,1,Cloudy,Medium,Delivered,31.0,DEL_01742,DRV_0007,5.16,31.0,64.0,28.15,South Indian,4.0,11,2,0,Morning
ORD_01743,CUST_0492,REST_006,2026-01-22 19:58:58,285.23,6,Rain,Medium,Delivered,22.0,DEL_01743,DRV_0482,2.11,22.0,66.5,41.18,Cafe,3.9,19,3,0,Evening
ORD_01744,CUST_0356,REST_074,2026-01-15 18:44:00,158.55,4,Clear,Low,Delivered,15.0,DEL_01744,DRV_0340,2.86,15.0,37.8,19.54,Indian,4.2,18,3,0,Evening
ORD_01745,CUST_0925,REST_066,2026-03-06 07:02:53,115.74,3,Clear,Medium,Delivered,29.0,DEL_01745,DRV_0499,2.25,29.0,51.9,22.37,North Indian,3.5,7,4,0,Morning
ORD_01746,CUST_0273,REST_024,2026-06-08 13:31:10,106.04,6,Clear,Low,Delivered,35.0,DEL_01746,DRV_0455,4.88,35.0,66.8,13.82,Cafe,4.3,13,0,0,Afternoon
ORD_01747,CUST_0580,REST_038,2026-01-08 05:12:01,218.0,5,Rain,Low,Delivered,34.0,DEL_01747,DRV_0500,2.64,34.0,67.6,15.52,Indian,3.7,5,3,0,Night
ORD_01749,CUST_0573,REST_028,2026-06-19 19:53:25,455.12,4,Clear,Medium,Delivered,22.0,DEL_01749,DRV_0149,2.25,22.0,54.2,23.64,Indian,4.4,19,4,0,Evening
ORD_01750,CUST_0123,REST_066,2026-04-23 22:32:26,406.05,1,Clear,Medium,Delivered,27.0,DEL_01750,DRV_0185,11.88,27.0,84.6,62.1,North Indian,3.5,22,3,0,Night
ORD_01751,CUST_0349,REST_061,2026-05-26 00:35:51,256.77,6,Clear,Low,Delivered,33.0,DEL_01751,DRV_0457,5.08,33.0,67.8,51.51,Healthy,4.4,0,1,0,Night
ORD_01752,CUST_0708,REST_046,2026-05-28 05:45:33,100.0,5,Cloudy,Medium,Delivered,15.0,DEL_01752,DRV_0403,9.42,15.0,74.3,10.99,North Indian,3.7,5,3,0,Night
ORD_01753,CUST_0330,REST_069,2026-01-11 11:16:40,125.25,5,Rain,Low,Delivered,25.0,DEL_01753,DRV_0468,8.93,25.0,68.5,24.73,Chinese,3.7,11,6,1,Morning
ORD_01754,CUST_0409,REST_075,2026-05-02 23:17:34,361.63,3,Clear,Medium,Delivered,11.0,DEL_01754,DRV_0156,9.14,11.0,57.6,52.38,Fast Food,3.5,23,5,1,Night
ORD_01755,CUST_0991,REST_074,2026-04-04 13:22:45,133.0,4,Cloudy,High,Delivered,6.0,DEL_01755,DRV_0416,8.05,6.0,69.6,29.53,Indian,4.2,13,5,1,Afternoon
ORD_01756,CUST_0323,REST_043,2026-01-04 07:28:22,336.02,6,Cloudy,Low,Delivered,24.0,DEL_01756,DRV_0290,12.76,24.0,82.8,21.5,Fast Food,3.7,7,6,1,Morning
ORD_01757,CUST_0111,REST_059,2026-06-22 11:08:35,235.34,5,Clear,Medium,Delivered,33.0,DEL_01757,DRV_0245,4.97,33.0,56.8,33.77,Pizza,4.0,11,0,0,Morning
ORD_01758,CUST_0770,REST_002,2026-03-08 11:30:09,186.5,5,Clear,Low,Delivered,41.0,DEL_01758,DRV_0272,5.06,41.0,57.2,33.82,North Indian,4.2,11,6,1,Morning
ORD_01759,CUST_0089,REST_015,2026-04-21 11:25:44,123.15,5,Rain,Medium,Delivered,26.0,DEL_01759,DRV_0038,5.19,26.0,72.9,20.2,Healthy,4.6,11,1,0,Morning
ORD_01760,CUST_0433,REST_037,2026-02-18 02:55:52,172.12,5,Cloudy,Medium,Delivered,15.0,DEL_01760,DRV_0115,1.17,15.0,42.1,32.51,Chinese,3.8,2,2,0,Night
ORD_01761,CUST_0710,REST_071,2026-06-08 22:59:26,201.2,1,Cloudy,High,Delivered,31.0,DEL_01761,DRV_0498,2.84,31.0,74.6,31.14,Healthy,4.9,22,0,0,Night
ORD_01762,CUST_0794,REST_020,2026-04-14 03:17:07,319.86,2,Clear,Medium,Delivered,15.0,DEL_01762,DRV_0337,8.27,15.0,55.7,53.41,Desserts,3.4,3,1,0,Night
ORD_01764,CUST_0099,REST_035,2026-02-23 12:44:18,156.88,1,Cloudy,Medium,Delivered,27.0,DEL_01764,DRV_0119,8.18,27.0,82.2,28.97,North Indian,4.8,12,0,0,Afternoon
ORD_01765,CUST_0539,REST_034,2026-05-02 10:19:53,185.8,3,Rain,Low,Delivered,12.0,DEL_01765,DRV_0132,4.03,12.0,51.9,20.36,Desserts,4.0,10,5,1,Morning
ORD_01766,CUST_0601,REST_086,2026-01-13 00:59:57,260.99,5,Heavy Rain,High,Delivered,38.0,DEL_01766,DRV_0056,10.83,38.0,117.0,43.22,Chinese,3.8,0,1,0,Night
ORD_01767,CUST_0146,REST_031,2026-05-19 07:42:18,109.99,3,Heavy Rain,Medium,Delivered,26.0,DEL_01767,DRV_0424,9.63,26.0,101.4,28.1,North Indian,4.0,7,1,0,Morning
ORD_01768,CUST_0694,REST_087,2026-01-16 00:10:29,100.0,4,Rain,Low,Delivered,10.0,DEL_01768,DRV_0120,2.17,10.0,37.8,17.1,Healthy,4.0,0,4,0,Night
ORD_01769,CUST_0257,REST_019,2026-02-06 01:16:45,262.61,4,Clear,Medium,Delivered,18.0,DEL_01769,DRV_0050,1.26,18.0,36.9,39.45,Indian,4.4,1,4,0,Night
ORD_01770,CUST_0189,REST_068,2026-04-21 09:02:05,100.0,2,Rain,Medium,Delivered,19.0,DEL_01770,DRV_0365,1.58,19.0,50.4,14.25,Indian,4.5,9,1,0,Morning
ORD_01771,CUST_0240,REST_024,2026-02-14 19:47:46,367.51,2,Clear,Low,Delivered,32.0,DEL_01771,DRV_0373,1.23,32.0,41.9,47.65,Cafe,4.3,19,5,1,Evening
ORD_01772,CUST_0871,REST_084,2026-05-09 12:31:28,166.37,3,Rain,Medium,Delivered,23.0,DEL_01772,DRV_0424,5.76,23.0,67.2,31.86,North Indian,3.3,12,5,1,Afternoon
ORD_01773,CUST_0899,REST_039,2026-02-04 14:58:59,100.0,1,Clear,Medium,Delivered,22.0,DEL_01773,DRV_0362,5.46,22.0,68.7,22.92,Desserts,4.2,14,2,0,Afternoon
ORD_01774,CUST_0503,REST_092,2026-03-07 12:28:48,139.18,1,Cloudy,Medium,Delivered,23.0,DEL_01774,DRV_0082,5.51,23.0,71.5,21.79,Indian,4.1,12,5,1,Afternoon
ORD_01775,CUST_0708,REST_054,2026-05-16 22:01:05,223.3,5,Clear,Low,Delivered,29.0,DEL_01775,DRV_0370,4.92,29.0,62.5,45.68,Healthy,4.2,22,5,1,Night
ORD_01776,CUST_0809,REST_039,2026-05-28 14:28:34,135.24,1,Rain,High,Delivered,29.0,DEL_01776,DRV_0049,6.21,29.0,87.1,25.4,Desserts,4.2,14,3,0,Afternoon
ORD_01777,CUST_0677,REST_017,2026-03-16 17:02:15,183.28,2,Clear,Low,Delivered,12.0,DEL_01777,DRV_0048,2.07,12.0,29.7,29.8,Pizza,4.5,17,0,0,Evening
ORD_01778,CUST_0819,REST_019,2026-05-11 12:17:45,272.34,1,Clear,Medium,Delivered,26.0,DEL_01778,DRV_0134,11.7,26.0,99.1,15.39,Indian,4.4,12,0,0,Afternoon
ORD_01779,CUST_0271,REST_048,2026-01-22 10:37:55,162.19,5,Rain,Medium,Delivered,32.0,DEL_01779,DRV_0238,6.47,32.0,79.2,33.13,Chinese,4.0,10,3,0,Morning
ORD_01780,CUST_0520,REST_035,2026-03-19 13:18:27,108.27,4,Cloudy,Low,Delivered,32.0,DEL_01780,DRV_0480,1.86,32.0,61.5,22.01,North Indian,4.8,13,3,0,Afternoon
ORD_01781,CUST_0550,REST_032,2026-06-07 20:23:40,153.79,1,Clear,Low,Delivered,17.0,DEL_01781,DRV_0382,2.59,17.0,40.8,11.71,Healthy,3.9,20,6,1,Evening
ORD_01782,CUST_0114,REST_047,2026-03-30 15:01:13,394.71,1,Clear,Low,Delivered,31.0,DEL_01782,DRV_0389,5.79,31.0,62.1,46.53,Desserts,4.4,15,0,0,Afternoon
ORD_01783,CUST_0339,REST_047,2026-01-13 04:14:23,457.96,2,Clear,Low,Delivered,29.0,DEL_01783,DRV_0335,10.2,29.0,76.8,43.18,Desserts,4.4,4,1,0,Night
ORD_01784,CUST_0568,REST_064,2026-03-29 15:13:12,100.0,3,Cloudy,Low,Delivered,13.0,DEL_01784,DRV_0173,2.57,13.0,39.5,24.82,Biryani,5.0,15,6,1,Afternoon
ORD_01785,CUST_0943,REST_046,2026-03-24 14:06:30,330.32,4,Heavy Rain,Medium,Delivered,14.0,DEL_01785,DRV_0400,2.12,14.0,60.1,40.48,North Indian,3.7,14,1,0,Afternoon
ORD_01786,CUST_0986,REST_035,2026-05-11 09:56:31,208.01,3,Cloudy,Medium,Delivered,32.0,DEL_01786,DRV_0368,7.78,32.0,71.8,29.15,North Indian,4.8,9,0,0,Morning
ORD_01787,CUST_0359,REST_094,2026-03-18 22:49:21,301.33,5,Clear,Medium,Delivered,15.0,DEL_01787,DRV_0145,8.05,15.0,59.1,49.21,Cafe,4.6,22,2,0,Night
ORD_01788,CUST_0650,REST_017,2026-01-31 02:56:02,133.92,5,Clear,Low,Delivered,12.0,DEL_01788,DRV_0187,3.8,12.0,29.5,17.54,Pizza,4.5,2,5,1,Night
ORD_01789,CUST_0614,REST_042,2026-04-27 06:42:59,100.0,3,Heavy Rain,High,Delivered,30.0,DEL_01789,DRV_0120,2.22,30.0,73.1,22.4,Healthy,5.0,6,0,0,Morning
ORD_01790,CUST_0334,REST_029,2026-06-18 17:27:47,250.0,2,Clear,Low,Delivered,30.0,DEL_01790,DRV_0184,3.02,30.0,44.4,32.66,Pizza,3.9,17,3,0,Evening
ORD_01791,CUST_0689,REST_070,2026-03-16 01:32:57,108.04,6,Cloudy,Medium,Delivered,20.0,DEL_01791,DRV_0357,12.81,20.0,83.7,21.52,Desserts,4.2,1,0,0,Night
ORD_01792,CUST_0169,REST_017,2026-05-06 05:15:35,100.0,2,Clear,Low,Delivered,13.0,DEL_01792,DRV_0363,14.21,13.0,77.3,9.83,Pizza,4.5,5,2,0,Night
ORD_01793,CUST_0339,REST_081,2026-04-24 05:39:05,100.0,6,Rain,Low,Delivered,29.0,DEL_01793,DRV_0079,7.64,29.0,65.9,19.58,Desserts,4.1,5,4,0,Night
ORD_01794,CUST_0798,REST_014,2026-04-23 10:21:49,252.27,6,Rain,Medium,Delivered,24.0,DEL_01794,DRV_0163,6.33,24.0,70.2,20.67,Fast Food,5.0,10,3,0,Morning
ORD_01795,CUST_0261,REST_024,2026-03-24 09:09:13,195.72,2,Clear,Medium,Delivered,31.0,DEL_01795,DRV_0008,3.85,31.0,55.7,29.49,Cafe,4.3,9,1,0,Morning
ORD_01796,CUST_0887,REST_057,2026-04-02 02:53:09,278.76,6,Cloudy,Medium,Delivered,20.0,DEL_01796,DRV_0099,8.57,20.0,70.7,20.21,Desserts,4.7,2,3,0,Night
ORD_01797,CUST_0735,REST_050,2026-01-04 13:21:51,261.91,6,Cloudy,Medium,Delivered,25.0,DEL_01797,DRV_0317,2.53,25.0,63.1,19.08,Desserts,4.0,13,6,1,Afternoon
ORD_01798,CUST_0199,REST_057,2026-06-04 15:58:58,143.81,6,Clear,High,Delivered,22.0,DEL_01798,DRV_0356,3.4,22.0,57.1,22.59,Desserts,4.7,15,3,0,Afternoon
ORD_01799,CUST_0211,REST_061,2026-02-08 20:55:38,174.38,4,Clear,Medium,Delivered,35.0,DEL_01799,DRV_0027,3.12,35.0,64.6,14.29,Healthy,4.4,20,6,1,Evening
ORD_01800,CUST_0287,REST_039,2026-01-22 11:15:36,136.83,5,Cloudy,Medium,Delivered,30.0,DEL_01800,DRV_0462,3.06,30.0,54.0,14.64,Desserts,4.2,11,3,0,Morning
ORD_01801,CUST_0692,REST_055,2026-02-08 19:28:41,161.47,6,Clear,Low,Delivered,38.0,DEL_01801,DRV_0375,1.51,38.0,61.6,23.9,North Indian,4.2,19,6,1,Evening
ORD_01802,CUST_0762,REST_096,2026-05-05 20:31:43,106.49,5,Rain,Low,Delivered,28.0,DEL_01802,DRV_0471,0.93,28.0,60.5,21.72,Biryani,3.3,20,1,0,Evening
ORD_01803,CUST_0743,REST_036,2026-03-19 13:30:47,224.7,5,Clear,Medium,Delivered,20.0,DEL_01803,DRV_0276,3.88,20.0,56.9,33.82,Indian,3.0,13,3,0,Afternoon
ORD_01804,CUST_0472,REST_037,2026-02-10 05:06:16,327.44,4,Clear,Medium,Delivered,20.0,DEL_01804,DRV_0313,10.22,20.0,74.1,18.72,Chinese,3.8,5,1,0,Night
ORD_01805,CUST_0482,REST_014,2026-06-01 01:34:06,115.68,5,Clear,Medium,Delivered,30.0,DEL_01805,DRV_0454,8.33,30.0,66.8,17.74,Fast Food,5.0,1,0,0,Night
ORD_01806,CUST_0023,REST_027,2026-02-19 08:43:11,366.76,3,Clear,Low,Delivered,27.0,DEL_01806,DRV_0472,5.5,27.0,52.7,35.57,South Indian,4.0,8,3,0,Morning
ORD_01807,CUST_0560,REST_083,2026-01-30 03:12:52,192.95,1,Clear,High,Delivered,21.0,DEL_01807,DRV_0279,4.26,21.0,54.6,29.48,Pizza,4.8,3,4,0,Night
ORD_01808,CUST_0109,REST_031,2026-05-24 20:44:50,206.97,4,Clear,High,Delivered,28.0,DEL_01808,DRV_0356,13.28,28.0,111.1,31.46,North Indian,4.0,20,6,1,Evening
ORD_01809,CUST_0296,REST_073,2026-02-26 12:05:23,100.0,1,Cloudy,Medium,Delivered,32.0,DEL_01809,DRV_0204,5.98,32.0,85.9,11.49,South Indian,3.9,12,3,0,Afternoon
ORD_01810,CUST_0006,REST_081,2026-02-03 07:30:37,100.0,3,Heavy Rain,High,Delivered,27.0,DEL_01810,DRV_0386,2.93,27.0,68.8,26.73,Desserts,4.1,7,1,0,Morning
ORD_01811,CUST_0550,REST_083,2026-03-09 17:57:32,196.23,2,Rain,High,Delivered,19.0,DEL_01811,DRV_0411,4.38,19.0,64.2,13.25,Pizza,4.8,17,0,0,Evening
ORD_01813,CUST_0868,REST_068,2026-04-09 05:16:04,125.3,6,Rain,Medium,Delivered,21.0,DEL_01813,DRV_0477,0.91,21.0,38.1,20.38,Indian,4.5,5,3,0,Night
ORD_01814,CUST_0795,REST_048,2026-02-25 02:49:12,454.21,2,Clear,High,Delivered,31.0,DEL_01814,DRV_0178,8.81,31.0,92.4,19.99,Chinese,4.0,2,2,0,Night
ORD_01815,CUST_0203,REST_057,2026-04-11 10:33:28,271.57,4,Clear,Low,Delivered,18.0,DEL_01815,DRV_0192,4.29,18.0,42.9,26.07,Desserts,4.7,10,5,1,Morning
ORD_01816,CUST_0325,REST_075,2026-04-02 02:14:05,109.99,2,Clear,Medium,Delivered,8.0,DEL_01816,DRV_0494,3.79,8.0,48.6,16.16,Fast Food,3.5,2,3,0,Night
ORD_01817,CUST_0825,REST_022,2026-06-13 21:22:26,184.37,4,Clear,Medium,Delivered,24.0,DEL_01817,DRV_0040,2.53,24.0,52.3,38.22,Biryani,4.5,21,5,1,Evening
ORD_01818,CUST_0785,REST_004,2026-06-07 19:52:06,707.91,4,Rain,Medium,Delivered,14.0,DEL_01818,DRV_0360,5.4,14.0,59.9,25.63,Healthy,3.7,19,6,1,Evening
ORD_01819,CUST_0244,REST_081,2026-02-19 20:53:03,100.0,1,Clear,Low,Delivered,19.0,DEL_01819,DRV_0236,5.68,19.0,62.6,29.41,Desserts,4.1,20,3,0,Evening
ORD_01820,CUST_0327,REST_072,2026-05-15 03:56:05,242.39,2,Cloudy,High,Delivered,20.0,DEL_01820,DRV_0033,4.5,20.0,63.2,20.91,Chinese,3.8,3,4,0,Night
ORD_01821,CUST_0987,REST_046,2026-01-11 15:43:58,151.79,5,Clear,Medium,Delivered,23.0,DEL_01821,DRV_0029,2.69,23.0,44.8,25.38,North Indian,3.7,15,6,1,Afternoon
ORD_01822,CUST_0047,REST_059,2026-01-22 00:08:51,267.41,2,Rain,Low,Delivered,36.0,DEL_01822,DRV_0033,6.36,36.0,79.6,19.9,Pizza,4.0,0,3,0,Night
ORD_01823,CUST_0761,REST_034,2026-01-31 20:10:39,363.94,2,Rain,Medium,Delivered,17.0,DEL_01823,DRV_0100,10.46,17.0,92.3,20.6,Desserts,4.0,20,5,1,Evening
ORD_01824,CUST_0591,REST_011,2026-02-25 12:08:04,146.58,2,Clear,High,Delivered,23.0,DEL_01824,DRV_0145,10.12,23.0,101.4,28.4,Pizza,4.9,12,2,0,Afternoon
ORD_01825,CUST_0622,REST_031,2026-01-05 11:31:09,335.43,6,Cloudy,High,Delivered,33.0,DEL_01825,DRV_0330,2.9,33.0,65.9,53.71,North Indian,4.0,11,0,0,Morning
ORD_01826,CUST_0013,REST_011,2026-06-03 14:41:34,615.02,5,Cloudy,Medium,Delivered,23.0,DEL_01826,DRV_0065,2.76,23.0,56.8,75.1,Pizza,4.9,14,2,0,Afternoon
ORD_01827,CUST_0907,REST_056,2026-06-28 13:48:57,188.0,5,Cloudy,Low,Delivered,31.0,DEL_01827,DRV_0122,4.76,31.0,65.0,22.01,Desserts,4.2,13,6,1,Afternoon
ORD_01829,CUST_0365,REST_021,2026-01-09 07:42:34,131.01,5,Cloudy,Low,Delivered,20.0,DEL_01829,DRV_0447,5.92,20.0,52.9,17.0,Fast Food,3.7,7,4,0,Morning
ORD_01830,CUST_0602,REST_094,2026-03-09 20:41:10,183.2,4,Clear,Low,Delivered,25.0,DEL_01830,DRV_0373,2.87,25.0,53.8,16.13,Cafe,4.6,20,0,0,Evening
ORD_01831,CUST_0342,REST_010,2026-06-22 23:21:17,164.49,1,Cloudy,Medium,Delivered,31.0,DEL_01831,DRV_0209,2.55,31.0,43.0,27.94,Healthy,4.9,23,0,0,Night
ORD_01832,CUST_0860,REST_026,2026-05-04 10:50:59,280.99,4,Clear,Medium,Delivered,39.0,DEL_01832,DRV_0490,8.45,39.0,73.6,49.8,Fast Food,3.0,10,0,0,Morning
ORD_01833,CUST_0792,REST_091,2026-04-13 14:04:01,351.63,2,Clear,Low,Delivered,14.0,DEL_01833,DRV_0476,1.88,14.0,28.0,42.7,Cafe,4.6,14,0,0,Afternoon
ORD_01835,CUST_0073,REST_008,2026-05-24 12:03:06,421.36,3,Clear,Medium,Delivered,32.0,DEL_01835,DRV_0127,0.89,32.0,50.2,34.74,Desserts,4.5,12,6,1,Afternoon
ORD_01836,CUST_0746,REST_060,2026-02-17 13:54:51,420.53,6,Clear,High,Delivered,23.0,DEL_01836,DRV_0356,11.31,23.0,110.1,40.04,Chinese,4.2,13,1,0,Afternoon
ORD_01838,CUST_0625,REST_034,2026-03-23 03:36:31,136.48,4,Clear,Medium,Delivered,21.0,DEL_01838,DRV_0237,1.38,21.0,41.4,5.14,Desserts,4.0,3,0,0,Night
ORD_01839,CUST_0046,REST_016,2026-03-21 19:24:41,129.48,2,Clear,Medium,Delivered,33.0,DEL_01839,DRV_0091,4.3,33.0,66.2,23.83,Indian,3.7,19,5,1,Evening
ORD_01840,CUST_0504,REST_013,2026-05-01 00:49:37,115.95,6,Heavy Rain,Medium,Delivered,18.0,DEL_01840,DRV_0043,12.33,18.0,91.1,2.6,Cafe,3.2,0,4,0,Night
ORD_01841,CUST_0274,REST_087,2026-06-08 01:18:14,305.53,5,Clear,Medium,Delivered,9.0,DEL_01841,DRV_0421,1.72,9.0,39.8,45.19,Healthy,4.0,1,0,0,Night
ORD_01842,CUST_0555,REST_076,2026-02-12 09:07:12,100.0,4,Cloudy,Medium,Delivered,16.0,DEL_01842,DRV_0046,6.56,16.0,69.0,18.81,Chinese,3.7,9,3,0,Morning
ORD_01843,CUST_0208,REST_091,2026-01-03 15:18:14,263.03,2,Clear,High,Delivered,18.0,DEL_01843,DRV_0025,5.15,18.0,65.1,41.98,Cafe,4.6,15,5,1,Afternoon
ORD_01844,CUST_0929,REST_022,2026-01-13 06:50:49,100.02,5,Cloudy,High,Delivered,19.0,DEL_01844,DRV_0354,2.83,19.0,47.4,14.7,Biryani,4.5,6,1,0,Morning
ORD_01845,CUST_0861,REST_096,2026-05-03 19:39:32,285.13,6,Heavy Rain,Medium,Delivered,30.0,DEL_01845,DRV_0195,4.48,30.0,82.8,39.04,Biryani,3.3,19,6,1,Evening
ORD_01846,CUST_0615,REST_027,2026-02-04 07:47:12,183.0,5,Clear,Low,Delivered,27.0,DEL_01846,DRV_0349,4.47,27.0,51.0,9.04,South Indian,4.0,7,2,0,Morning
ORD_01847,CUST_0124,REST_064,2026-05-26 05:05:03,377.47,4,Rain,High,Delivered,9.0,DEL_01847,DRV_0099,0.78,9.0,45.2,43.57,Biryani,5.0,5,1,0,Night
ORD_01848,CUST_0010,REST_002,2026-05-08 16:51:49,339.61,6,Heavy Rain,Medium,Delivered,34.0,DEL_01848,DRV_0491,2.3,34.0,58.8,29.23,North Indian,4.2,16,4,0,Afternoon
ORD_01849,CUST_0329,REST_097,2026-05-07 03:41:26,399.13,6,Cloudy,Medium,Delivered,18.0,DEL_01849,DRV_0256,3.16,18.0,57.3,65.66,Cafe,4.7,3,3,0,Night
ORD_01850,CUST_0187,REST_026,2026-03-02 03:41:36,404.82,6,Clear,Medium,Delivered,32.0,DEL_01850,DRV_0361,10.03,32.0,79.5,30.35,Fast Food,3.0,3,0,0,Night
ORD_01851,CUST_0543,REST_092,2026-05-26 18:59:20,196.17,1,Cloudy,Low,Delivered,28.0,DEL_01851,DRV_0435,14.79,28.0,87.9,32.42,Indian,4.1,18,1,0,Evening
ORD_01852,CUST_0668,REST_083,2026-06-14 00:22:54,100.0,6,Rain,Low,Delivered,18.0,DEL_01852,DRV_0330,1.38,18.0,37.8,12.4,Pizza,4.8,0,6,1,Night
ORD_01853,CUST_0060,REST_069,2026-05-09 06:40:06,101.61,1,Clear,Low,Delivered,28.0,DEL_01853,DRV_0373,7.15,28.0,66.9,14.12,Chinese,3.7,6,5,1,Morning
ORD_01855,CUST_0899,REST_084,2026-05-19 20:04:50,100.0,1,Clear,Medium,Delivered,15.0,DEL_01855,DRV_0246,12.94,15.0,85.2,26.26,North Indian,3.3,20,1,0,Evening
ORD_01856,CUST_0886,REST_030,2026-04-19 07:08:31,188.27,5,Clear,Low,Delivered,17.0,DEL_01856,DRV_0166,5.57,17.0,38.5,27.66,South Indian,4.1,7,6,1,Morning
ORD_01857,CUST_0951,REST_008,2026-05-02 00:35:48,133.25,1,Rain,High,Delivered,27.0,DEL_01857,DRV_0257,3.75,27.0,61.6,5.79,Desserts,4.5,0,5,1,Night
ORD_01858,CUST_0782,REST_038,2026-05-17 02:30:11,164.17,5,Clear,Medium,Delivered,33.0,DEL_01858,DRV_0310,3.14,33.0,55.5,21.34,Indian,3.7,2,6,1,Night
ORD_01859,CUST_0442,REST_061,2026-03-22 21:37:03,237.7,5,Clear,Medium,Delivered,36.0,DEL_01859,DRV_0449,4.23,36.0,71.4,29.85,Healthy,4.4,21,6,1,Evening
ORD_01861,CUST_0911,REST_065,2026-06-22 00:43:12,100.0,6,Clear,Medium,Delivered,21.0,DEL_01861,DRV_0278,3.44,21.0,45.1,34.25,South Indian,4.7,0,0,0,Night
ORD_01863,CUST_0536,REST_046,2026-04-06 00:41:58,110.59,6,Cloudy,Medium,Delivered,22.0,DEL_01863,DRV_0186,6.06,22.0,66.1,22.55,North Indian,3.7,0,0,0,Night
ORD_01864,CUST_0718,REST_090,2026-01-16 20:15:06,156.19,5,Clear,High,Delivered,31.0,DEL_01864,DRV_0182,3.21,31.0,72.0,13.83,North Indian,4.2,20,4,0,Evening
ORD_01865,CUST_0832,REST_095,2026-01-25 13:54:59,379.38,6,Clear,Medium,Delivered,25.0,DEL_01865,DRV_0275,4.67,25.0,68.6,24.9,Pizza,3.7,13,6,1,Afternoon
ORD_01867,CUST_0356,REST_043,2026-01-23 05:33:51,480.12,1,Cloudy,High,Delivered,18.0,DEL_01867,DRV_0454,6.55,18.0,66.8,63.05,Fast Food,3.7,5,4,0,Night
ORD_01868,CUST_0626,REST_059,2026-02-02 10:52:23,398.38,5,Rain,Medium,Delivered,35.0,DEL_01868,DRV_0034,2.22,35.0,61.8,49.36,Pizza,4.0,10,0,0,Morning
ORD_01869,CUST_0792,REST_046,2026-01-11 21:56:20,131.81,2,Rain,Low,Delivered,14.0,DEL_01869,DRV_0207,6.18,14.0,62.8,25.75,North Indian,3.7,21,6,1,Evening
ORD_01870,CUST_0667,REST_072,2026-03-23 07:27:07,100.0,6,Clear,Medium,Delivered,24.0,DEL_01870,DRV_0044,4.87,24.0,54.9,14.21,Chinese,3.8,7,0,0,Morning
ORD_01871,CUST_0165,REST_035,2026-01-10 05:25:18,176.11,6,Cloudy,High,Delivered,25.0,DEL_01871,DRV_0373,0.75,25.0,58.0,30.27,North Indian,4.8,5,5,1,Night
ORD_01872,CUST_0998,REST_039,2026-05-28 08:32:00,341.84,4,Rain,Low,Delivered,21.0,DEL_01872,DRV_0490,6.26,21.0,64.2,19.29,Desserts,4.2,8,3,0,Morning
ORD_01873,CUST_0734,REST_092,2026-03-06 02:38:06,138.43,2,Clear,High,Delivered,28.0,DEL_01873,DRV_0499,4.42,28.0,70.1,29.8,Indian,4.1,2,4,0,Night
ORD_01874,CUST_0091,REST_051,2026-04-29 21:17:12,298.7,2,Rain,Low,Delivered,15.0,DEL_01874,DRV_0245,3.01,15.0,53.8,26.19,Healthy,3.6,21,2,0,Evening
ORD_01875,CUST_0167,REST_004,2026-04-06 20:42:57,352.36,3,Rain,Low,Delivered,17.0,DEL_01875,DRV_0254,6.7,17.0,65.6,25.84,Healthy,3.7,20,0,0,Evening
ORD_01876,CUST_0959,REST_080,2026-03-30 08:30:29,118.43,1,Clear,Medium,Delivered,31.0,DEL_01876,DRV_0109,2.46,31.0,54.3,21.96,South Indian,5.0,8,0,0,Morning
ORD_01877,CUST_0207,REST_077,2026-02-12 17:28:09,124.98,3,Clear,Low,Delivered,20.0,DEL_01877,DRV_0323,6.31,20.0,44.8,22.06,Fast Food,4.1,17,3,0,Evening
ORD_01878,CUST_0282,REST_084,2026-05-03 23:59:59,268.26,1,Clear,Medium,Delivered,20.0,DEL_01878,DRV_0114,9.48,20.0,84.3,32.86,North Indian,3.3,23,6,1,Night
ORD_01879,CUST_0065,REST_051,2026-05-14 17:26:05,197.06,5,Clear,Low,Delivered,19.0,DEL_01879,DRV_0436,1.91,19.0,39.6,19.06,Healthy,3.6,17,3,0,Evening
ORD_01880,CUST_0888,REST_005,2026-04-15 13:20:52,124.3,3,Rain,Medium,Delivered,35.0,DEL_01880,DRV_0485,6.09,35.0,93.1,23.45,Chinese,4.4,13,2,0,Afternoon
ORD_01881,CUST_0516,REST_055,2026-04-03 07:32:41,149.35,4,Rain,Low,Delivered,45.0,DEL_01881,DRV_0278,0.5,45.0,58.0,27.85,North Indian,4.2,7,4,0,Morning
ORD_01882,CUST_0157,REST_020,2026-03-02 04:34:04,174.38,1,Clear,Medium,Delivered,15.0,DEL_01882,DRV_0237,3.91,15.0,47.7,18.73,Desserts,3.4,4,0,0,Night
ORD_01883,CUST_0761,REST_024,2026-02-23 22:21:50,100.0,3,Cloudy,Medium,Delivered,34.0,DEL_01883,DRV_0029,4.99,34.0,59.7,12.69,Cafe,4.3,22,0,0,Night
ORD_01884,CUST_0769,REST_036,2026-05-05 16:29:27,276.19,4,Cloudy,High,Delivered,15.0,DEL_01884,DRV_0398,2.92,15.0,48.4,45.8,Indian,3.0,16,1,0,Afternoon
ORD_01885,CUST_0747,REST_034,2026-05-17 18:10:02,139.31,2,Clear,Medium,Delivered,20.0,DEL_01885,DRV_0222,4.15,20.0,44.9,27.45,Desserts,4.0,18,6,1,Evening
ORD_01886,CUST_0306,REST_054,2026-02-27 02:36:50,100.0,6,Cloudy,Medium,Delivered,24.0,DEL_01886,DRV_0318,2.97,24.0,52.4,13.69,Healthy,4.2,2,4,0,Night
ORD_01887,CUST_0878,REST_034,2026-02-24 10:25:57,178.91,5,Rain,Medium,Delivered,12.0,DEL_01887,DRV_0271,1.99,12.0,42.2,29.78,Desserts,4.0,10,1,0,Morning
ORD_01888,CUST_0982,REST_083,2026-06-29 03:46:29,120.56,5,Clear,High,Delivered,16.0,DEL_01888,DRV_0242,7.31,16.0,74.1,22.32,Pizza,4.8,3,0,0,Night
ORD_01889,CUST_0395,REST_017,2026-06-09 09:30:01,458.91,2,Clear,Low,Delivered,12.0,DEL_01889,DRV_0477,1.3,12.0,20.0,30.12,Pizza,4.5,9,1,0,Morning
ORD_01890,CUST_0074,REST_005,2026-01-05 21:29:54,131.37,3,Clear,Medium,Delivered,33.0,DEL_01890,DRV_0398,5.57,33.0,81.8,28.57,Chinese,4.4,21,0,0,Evening
ORD_01891,CUST_0187,REST_089,2026-02-10 15:04:11,100.0,6,Clear,Medium,Delivered,22.0,DEL_01891,DRV_0371,3.29,22.0,44.7,28.04,North Indian,4.1,15,1,0,Afternoon
ORD_01892,CUST_0574,REST_018,2026-04-05 04:51:55,239.69,2,Clear,Low,Delivered,32.0,DEL_01892,DRV_0451,4.15,32.0,50.1,21.2,Pizza,3.6,4,6,1,Night
ORD_01893,CUST_0337,REST_055,2026-02-26 10:20:30,126.06,4,Clear,High,Delivered,43.0,DEL_01893,DRV_0406,5.38,43.0,88.4,19.67,North Indian,4.2,10,3,0,Morning
ORD_01894,CUST_0676,REST_053,2026-04-17 07:11:55,118.07,6,Cloudy,Medium,Delivered,24.0,DEL_01894,DRV_0097,8.59,24.0,77.1,19.62,Desserts,5.0,7,4,0,Morning
ORD_01895,CUST_0568,REST_050,2026-03-03 05:01:26,239.9,1,Rain,Medium,Delivered,26.0,DEL_01895,DRV_0343,2.94,26.0,52.3,22.38,Desserts,4.0,5,1,0,Night
ORD_01896,CUST_0623,REST_072,2026-01-01 00:27:38,102.28,3,Clear,High,Delivered,22.0,DEL_01896,DRV_0381,1.75,22.0,57.9,10.14,Chinese,3.8,0,3,0,Night
ORD_01897,CUST_0730,REST_091,2026-01-27 21:12:03,100.0,6,Clear,Medium,Delivered,20.0,DEL_01897,DRV_0376,4.33,20.0,61.8,7.87,Cafe,4.6,21,1,0,Evening
ORD_01898,CUST_0240,REST_079,2026-06-08 14:39:16,468.39,1,Rain,High,Delivered,29.0,DEL_01898,DRV_0263,4.36,29.0,75.9,46.39,Healthy,4.4,14,0,0,Afternoon
ORD_01899,CUST_0533,REST_045,2026-04-24 22:37:28,249.32,2,Rain,High,Delivered,40.0,DEL_01899,DRV_0340,10.89,40.0,107.3,23.01,Pizza,4.2,22,4,0,Night
ORD_01900,CUST_0141,REST_013,2026-06-27 22:52:31,156.76,5,Clear,Medium,Delivered,17.0,DEL_01900,DRV_0007,1.82,17.0,36.8,32.04,Cafe,3.2,22,5,1,Night
ORD_01901,CUST_0265,REST_016,2026-03-28 16:21:45,180.93,6,Clear,Low,Delivered,24.0,DEL_01901,DRV_0273,6.53,24.0,49.5,20.68,Indian,3.7,16,5,1,Afternoon
ORD_01902,CUST_0139,REST_086,2026-06-02 04:19:10,239.42,6,Rain,Low,Delivered,37.0,DEL_01902,DRV_0288,5.11,37.0,74.8,18.39,Chinese,3.8,4,1,0,Night
ORD_01903,CUST_0459,REST_084,2026-03-23 17:39:24,309.62,1,Clear,Medium,Delivered,25.0,DEL_01903,DRV_0381,8.18,25.0,68.8,32.69,North Indian,3.3,17,0,0,Evening
ORD_01904,CUST_0070,REST_013,2026-05-26 03:48:51,119.61,1,Clear,High,Delivered,13.0,DEL_01904,DRV_0335,1.76,13.0,47.7,27.63,Cafe,3.2,3,1,0,Night
ORD_01906,CUST_0630,REST_066,2026-03-05 14:17:35,137.18,1,Clear,Low,Delivered,33.0,DEL_01906,DRV_0184,9.05,33.0,86.1,23.61,North Indian,3.5,14,3,0,Afternoon
ORD_01907,CUST_0198,REST_099,2026-04-11 04:45:28,163.38,1,Clear,Low,Delivered,28.0,DEL_01907,DRV_0318,0.65,28.0,43.4,15.07,Healthy,3.7,4,5,1,Night
ORD_01908,CUST_0205,REST_047,2026-04-23 20:36:41,198.02,6,Clear,Medium,Delivered,27.0,DEL_01908,DRV_0058,1.51,27.0,59.0,33.62,Desserts,4.4,20,3,0,Evening
ORD_01909,CUST_0726,REST_019,2026-05-11 12:07:48,180.61,5,Rain,High,Delivered,21.0,DEL_01909,DRV_0111,6.29,21.0,96.7,30.37,Indian,4.4,12,0,0,Afternoon
ORD_01910,CUST_0568,REST_045,2026-06-29 19:39:58,271.66,5,Rain,Low,Delivered,37.0,DEL_01910,DRV_0186,1.37,37.0,66.6,39.76,Pizza,4.2,19,0,0,Evening
ORD_01911,CUST_0799,REST_037,2026-01-31 03:34:38,236.96,6,Heavy Rain,Low,Delivered,21.0,DEL_01911,DRV_0131,4.26,21.0,59.5,27.39,Chinese,3.8,3,5,1,Night
ORD_01912,CUST_0982,REST_054,2026-03-24 23:25:57,100.0,2,Clear,Medium,Delivered,28.0,DEL_01912,DRV_0089,2.19,28.0,50.8,16.05,Healthy,4.2,23,1,0,Night
ORD_01913,CUST_0805,REST_006,2026-04-04 10:36:26,100.0,2,Clear,High,Delivered,16.0,DEL_01913,DRV_0497,5.0,16.0,47.7,27.78,Cafe,3.9,10,5,1,Morning
ORD_01914,CUST_0687,REST_014,2026-05-13 17:02:22,147.92,6,Rain,High,Delivered,30.0,DEL_01914,DRV_0480,12.3,30.0,106.9,28.4,Fast Food,5.0,17,2,0,Evening
ORD_01915,CUST_0859,REST_004,2026-02-01 11:29:31,495.59,1,Cloudy,High,Delivered,10.0,DEL_01915,DRV_0336,2.59,10.0,48.6,75.71,Healthy,3.7,11,6,1,Morning
ORD_01916,CUST_0882,REST_086,2026-05-19 06:56:07,113.48,3,Clear,Low,Delivered,43.0,DEL_01916,DRV_0118,2.34,43.0,56.0,19.65,Chinese,3.8,6,1,0,Morning
ORD_01917,CUST_0974,REST_055,2026-05-08 13:26:52,161.66,2,Clear,Medium,Delivered,41.0,DEL_01917,DRV_0257,8.66,41.0,95.3,19.87,North Indian,4.2,13,4,0,Afternoon
ORD_01918,CUST_0640,REST_100,2026-06-05 04:37:40,134.96,2,Clear,High,Delivered,31.0,DEL_01918,DRV_0110,1.87,31.0,61.9,25.41,Pizza,3.9,4,4,0,Night
ORD_01919,CUST_0431,REST_034,2026-03-11 01:26:40,133.66,6,Clear,High,Delivered,19.0,DEL_01919,DRV_0067,1.41,19.0,42.2,11.01,Desserts,4.0,1,2,0,Night
ORD_01920,CUST_0890,REST_027,2026-04-22 02:03:35,199.94,6,Clear,Medium,Delivered,29.0,DEL_01920,DRV_0148,2.12,29.0,41.8,30.02,South Indian,4.0,2,2,0,Night
ORD_01921,CUST_0325,REST_007,2026-05-30 09:33:44,391.67,3,Heavy Rain,Medium,Delivered,20.0,DEL_01921,DRV_0220,5.84,20.0,66.4,53.77,Healthy,3.9,9,5,1,Morning
ORD_01922,CUST_0442,REST_003,2026-03-10 08:54:47,232.94,3,Clear,High,Delivered,16.0,DEL_01922,DRV_0214,2.22,16.0,57.5,19.34,South Indian,4.4,8,1,0,Morning
ORD_01923,CUST_0804,REST_047,2026-05-31 16:58:33,116.52,5,Heavy Rain,Medium,Delivered,33.0,DEL_01923,DRV_0484,5.19,33.0,73.8,10.92,Desserts,4.4,16,6,1,Afternoon
ORD_01924,CUST_0288,REST_097,2026-03-05 00:47:55,824.09,6,Rain,Low,Delivered,13.0,DEL_01924,DRV_0062,6.36,13.0,49.9,50.89,Cafe,4.7,0,3,0,Night
ORD_01926,CUST_0064,REST_080,2026-03-08 04:41:07,131.96,4,Cloudy,High,Delivered,28.0,DEL_01926,DRV_0489,3.22,28.0,58.3,14.76,South Indian,5.0,4,6,1,Night
ORD_01927,CUST_0967,REST_025,2026-04-26 01:31:40,394.12,4,Cloudy,Medium,Delivered,28.0,DEL_01927,DRV_0437,4.06,28.0,55.3,26.49,South Indian,4.0,1,6,1,Night
ORD_01928,CUST_0938,REST_060,2026-01-20 18:23:26,140.05,1,Clear,High,Delivered,16.0,DEL_01928,DRV_0449,12.68,16.0,94.9,18.18,Chinese,4.2,18,1,0,Evening
ORD_01929,CUST_0560,REST_079,2026-05-08 19:49:02,452.42,2,Clear,Medium,Delivered,30.0,DEL_01929,DRV_0312,2.92,30.0,61.5,50.69,Healthy,4.4,19,4,0,Evening
ORD_01930,CUST_0714,REST_024,2026-01-28 22:43:45,112.3,4,Cloudy,Low,Delivered,36.0,DEL_01930,DRV_0334,4.22,36.0,67.1,22.74,Cafe,4.3,22,2,0,Night
ORD_01931,CUST_0498,REST_015,2026-02-14 02:25:05,398.03,2,Cloudy,Low,Delivered,33.0,DEL_01931,DRV_0429,10.81,33.0,74.1,27.21,Healthy,4.6,2,5,1,Night
ORD_01932,CUST_0849,REST_095,2026-03-02 11:54:17,202.47,6,Cloudy,High,Delivered,24.0,DEL_01932,DRV_0335,11.36,24.0,93.9,23.14,Pizza,3.7,11,0,0,Morning
ORD_01933,CUST_0926,REST_014,2026-03-06 16:16:02,368.74,2,Clear,Medium,Delivered,25.0,DEL_01933,DRV_0096,2.73,25.0,46.7,42.33,Fast Food,5.0,16,4,0,Afternoon
ORD_01934,CUST_0917,REST_054,2026-06-20 16:10:05,515.93,4,Clear,Low,Delivered,20.0,DEL_01934,DRV_0146,1.85,20.0,33.4,47.99,Healthy,4.2,16,5,1,Afternoon
ORD_01935,CUST_0060,REST_078,2026-06-21 16:24:39,100.0,2,Clear,High,Delivered,36.0,DEL_01935,DRV_0048,7.4,36.0,80.3,22.66,Biryani,3.9,16,6,1,Afternoon
ORD_01936,CUST_0397,REST_006,2026-06-03 04:31:47,365.65,3,Clear,Medium,Delivered,26.0,DEL_01936,DRV_0294,3.97,26.0,51.8,43.26,Cafe,3.9,4,2,0,Night
ORD_01937,CUST_0257,REST_078,2026-02-14 13:58:30,100.0,1,Cloudy,High,Delivered,33.0,DEL_01937,DRV_0278,10.61,33.0,113.8,20.69,Biryani,3.9,13,5,1,Afternoon
ORD_01938,CUST_0577,REST_081,2026-06-18 12:59:55,101.91,5,Rain,Medium,Delivered,24.0,DEL_01938,DRV_0464,1.2,24.0,58.7,29.29,Desserts,4.1,12,3,0,Afternoon
ORD_01939,CUST_0239,REST_018,2026-03-26 03:01:38,116.53,4,Cloudy,Low,Delivered,34.0,DEL_01939,DRV_0203,1.85,34.0,42.3,13.65,Pizza,3.6,3,3,0,Night
ORD_01940,CUST_0801,REST_020,2026-02-11 07:57:13,239.13,6,Cloudy,Medium,Delivered,24.0,DEL_01940,DRV_0199,4.28,24.0,67.7,39.75,Desserts,3.4,7,2,0,Morning
ORD_01941,CUST_0038,REST_062,2026-06-25 01:54:35,184.59,5,Cloudy,High,Delivered,24.0,DEL_01941,DRV_0329,4.61,24.0,68.9,22.69,Fast Food,3.5,1,3,0,Night
ORD_01942,CUST_0025,REST_081,2026-05-12 10:01:50,165.35,1,Cloudy,Low,Delivered,24.0,DEL_01942,DRV_0385,2.43,24.0,45.0,17.01,Desserts,4.1,10,1,0,Morning
ORD_01943,CUST_0410,REST_080,2026-01-02 20:45:01,196.45,3,Cloudy,High,Delivered,28.0,DEL_01943,DRV_0426,4.81,28.0,86.5,31.68,South Indian,5.0,20,4,0,Evening
ORD_01944,CUST_0461,REST_040,2026-02-01 06:07:43,250.94,3,Clear,Low,Delivered,27.0,DEL_01944,DRV_0381,7.74,27.0,62.2,33.45,Desserts,4.1,6,6,1,Morning
ORD_01945,CUST_0571,REST_039,2026-06-12 22:00:28,261.79,3,Heavy Rain,Medium,Delivered,27.0,DEL_01945,DRV_0124,4.44,27.0,68.4,45.51,Desserts,4.2,22,4,0,Night
ORD_01946,CUST_0988,REST_052,2026-01-10 16:53:14,330.89,3,Clear,Medium,Delivered,25.0,DEL_01946,DRV_0200,7.64,25.0,69.6,39.5,Healthy,4.6,16,5,1,Afternoon
ORD_01947,CUST_0417,REST_032,2026-05-18 20:11:57,493.25,4,Clear,High,Delivered,23.0,DEL_01947,DRV_0075,3.32,23.0,66.2,76.35,Healthy,3.9,20,0,0,Evening
ORD_01948,CUST_0357,REST_073,2026-06-03 16:08:34,179.15,4,Clear,Medium,Delivered,40.0,DEL_01948,DRV_0453,8.33,40.0,85.2,32.59,South Indian,3.9,16,2,0,Afternoon
ORD_01949,CUST_0383,REST_027,2026-03-09 18:19:29,136.1,2,Clear,Medium,Delivered,30.0,DEL_01949,DRV_0157,5.71,30.0,64.0,19.19,South Indian,4.0,18,0,0,Evening
ORD_01950,CUST_0809,REST_052,2026-01-06 10:26:36,254.03,6,Rain,High,Delivered,30.0,DEL_01950,DRV_0134,2.08,30.0,73.5,23.76,Healthy,4.6,10,1,0,Morning
ORD_01951,CUST_0158,REST_097,2026-01-14 02:50:35,100.0,2,Clear,Low,Delivered,17.0,DEL_01951,DRV_0312,5.63,17.0,40.4,21.03,Cafe,4.7,2,2,0,Night
ORD_01952,CUST_0569,REST_063,2026-06-27 00:41:25,124.8,6,Rain,Low,Delivered,10.0,DEL_01952,DRV_0120,4.24,10.0,46.6,21.65,Biryani,4.7,0,5,1,Night
ORD_01954,CUST_0048,REST_063,2026-05-24 13:27:12,169.31,2,Clear,Medium,Delivered,19.0,DEL_01954,DRV_0235,4.22,19.0,58.9,9.43,Biryani,4.7,13,6,1,Afternoon
ORD_01955,CUST_0328,REST_017,2026-02-16 23:21:58,100.0,1,Clear,Medium,Delivered,12.0,DEL_01955,DRV_0295,2.78,12.0,42.4,14.9,Pizza,4.5,23,0,0,Night
ORD_01956,CUST_0433,REST_049,2026-02-28 03:41:15,100.0,1,Cloudy,High,Delivered,28.0,DEL_01956,DRV_0455,12.57,28.0,105.8,14.39,Cafe,3.6,3,5,1,Night
ORD_01958,CUST_0056,REST_081,2026-01-31 20:47:09,339.69,3,Clear,Low,Delivered,28.0,DEL_01958,DRV_0396,4.43,28.0,63.1,20.0,Desserts,4.1,20,5,1,Evening
ORD_01959,CUST_0577,REST_082,2026-05-28 11:54:59,337.21,5,Clear,High,Delivered,38.0,DEL_01959,DRV_0033,1.63,38.0,65.2,55.44,Healthy,3.7,11,3,0,Morning
ORD_01960,CUST_0268,REST_023,2026-04-03 23:48:28,192.67,5,Heavy Rain,Low,Delivered,39.0,DEL_01960,DRV_0120,6.09,39.0,77.6,34.67,South Indian,4.6,23,4,0,Night
ORD_01961,CUST_0069,REST_098,2026-06-05 09:31:06,547.25,4,Clear,High,Delivered,19.0,DEL_01961,DRV_0256,0.93,19.0,43.9,55.28,Biryani,4.7,9,4,0,Morning
ORD_01962,CUST_0728,REST_072,2026-02-11 14:39:55,171.12,1,Clear,Low,Delivered,17.0,DEL_01962,DRV_0083,6.57,17.0,58.8,22.9,Chinese,3.8,14,2,0,Afternoon
ORD_01964,CUST_0601,REST_023,2026-01-25 11:25:32,100.0,2,Clear,Medium,Delivered,36.0,DEL_01964,DRV_0228,1.9,36.0,57.6,17.4,South Indian,4.6,11,6,1,Morning
ORD_01965,CUST_0449,REST_057,2026-05-31 00:15:56,141.73,2,Clear,Low,Delivered,27.0,DEL_01965,DRV_0275,1.4,27.0,42.2,17.01,Desserts,4.7,0,6,1,Night
ORD_01966,CUST_0793,REST_062,2026-03-19 09:04:55,289.63,4,Clear,Low,Delivered,20.0,DEL_01966,DRV_0186,14.73,20.0,90.5,19.82,Fast Food,3.5,9,3,0,Morning
ORD_01967,CUST_0257,REST_054,2026-03-05 16:19:13,428.45,4,Rain,Medium,Delivered,25.0,DEL_01967,DRV_0341,9.42,25.0,82.6,50.66,Healthy,4.2,16,3,0,Afternoon
ORD_01968,CUST_0672,REST_020,2026-01-03 13:58:00,114.82,1,Cloudy,Low,Delivered,25.0,DEL_01968,DRV_0211,2.83,25.0,64.1,15.91,Desserts,3.4,13,5,1,Afternoon
ORD_01969,CUST_0490,REST_086,2026-06-29 02:13:00,233.75,1,Rain,Low,Delivered,36.0,DEL_01969,DRV_0249,4.66,36.0,64.9,47.23,Chinese,3.8,2,0,0,Night
ORD_01970,CUST_0746,REST_052,2026-02-11 01:59:11,322.4,2,Cloudy,Low,Delivered,26.0,DEL_01970,DRV_0384,5.93,26.0,55.1,34.38,Healthy,4.6,1,2,0,Night
ORD_01971,CUST_0643,REST_023,2026-03-21 20:09:59,182.39,2,Cloudy,Medium,Delivered,36.0,DEL_01971,DRV_0043,1.99,36.0,69.4,31.05,South Indian,4.6,20,5,1,Evening
ORD_01972,CUST_0049,REST_035,2026-03-07 00:26:04,100.0,2,Cloudy,Medium,Delivered,32.0,DEL_01972,DRV_0073,0.5,32.0,51.0,16.3,North Indian,4.8,0,5,1,Night
ORD_01973,CUST_0659,REST_067,2026-02-05 20:59:46,207.68,2,Rain,Low,Delivered,18.0,DEL_01973,DRV_0429,2.83,18.0,50.0,26.38,North Indian,3.1,20,3,0,Evening
ORD_01974,CUST_0316,REST_034,2026-01-29 15:10:36,275.55,5,Clear,Medium,Delivered,12.0,DEL_01974,DRV_0342,1.61,12.0,33.2,55.44,Desserts,4.0,15,3,0,Afternoon
ORD_01975,CUST_0413,REST_033,2026-03-26 07:41:55,107.65,1,Clear,Medium,Delivered,27.0,DEL_01975,DRV_0019,2.72,27.0,48.2,19.59,Fast Food,4.1,7,3,0,Morning
ORD_01976,CUST_0434,REST_046,2026-05-23 11:58:41,157.62,1,Cloudy,Medium,Delivered,17.0,DEL_01976,DRV_0165,4.63,17.0,53.8,31.44,North Indian,3.7,11,5,1,Morning
ORD_01977,CUST_0002,REST_081,2026-02-01 23:54:41,100.0,2,Heavy Rain,Medium,Delivered,25.0,DEL_01977,DRV_0267,0.92,25.0,60.7,14.93,Desserts,4.1,23,6,1,Night
ORD_01978,CUST_0841,REST_045,2026-03-24 02:53:41,100.0,3,Heavy Rain,Low,Delivered,39.0,DEL_01978,DRV_0440,3.66,39.0,69.5,27.12,Pizza,4.2,2,1,0,Night
ORD_01979,CUST_0952,REST_019,2026-01-30 17:13:24,318.89,2,Cloudy,Medium,Delivered,19.0,DEL_01979,DRV_0128,3.86,19.0,54.5,9.72,Indian,4.4,17,4,0,Evening
ORD_01980,CUST_0145,REST_094,2026-02-10 21:57:34,180.9,6,Clear,High,Delivered,15.0,DEL_01980,DRV_0409,5.53,15.0,65.2,15.94,Cafe,4.6,21,1,0,Evening
ORD_01981,CUST_0956,REST_087,2026-03-23 13:07:43,436.47,4,Clear,Medium,Delivered,9.0,DEL_01981,DRV_0355,4.51,9.0,57.7,32.19,Healthy,4.0,13,0,0,Afternoon
ORD_01982,CUST_0366,REST_015,2026-06-02 03:04:28,290.48,6,Rain,Low,Delivered,31.0,DEL_01982,DRV_0453,4.89,31.0,60.1,43.35,Healthy,4.6,3,1,0,Night
ORD_01983,CUST_0420,REST_078,2026-04-17 07:56:25,149.18,3,Clear,Low,Delivered,41.0,DEL_01983,DRV_0301,4.09,41.0,56.8,26.47,Biryani,3.9,7,4,0,Morning
ORD_01984,CUST_0573,REST_066,2026-06-27 03:54:40,173.17,4,Clear,High,Delivered,28.0,DEL_01984,DRV_0318,5.99,28.0,76.4,27.35,North Indian,3.5,3,5,1,Night
ORD_01985,CUST_0785,REST_039,2026-01-25 19:27:58,247.5,3,Rain,Medium,Delivered,30.0,DEL_01985,DRV_0351,5.42,30.0,83.9,21.8,Desserts,4.2,19,6,1,Evening
ORD_01986,CUST_0561,REST_018,2026-05-08 23:36:05,308.52,4,Clear,Medium,Delivered,35.0,DEL_01986,DRV_0142,1.4,35.0,51.0,49.92,Pizza,3.6,23,4,0,Night
ORD_01987,CUST_0844,REST_070,2026-05-19 17:42:58,216.47,2,Cloudy,Low,Delivered,20.0,DEL_01987,DRV_0461,7.48,20.0,54.5,29.96,Desserts,4.2,17,1,0,Evening
ORD_01988,CUST_0444,REST_059,2026-03-11 10:30:10,332.98,2,Cloudy,High,Delivered,34.0,DEL_01988,DRV_0034,3.59,34.0,70.2,7.26,Pizza,4.0,10,2,0,Morning
ORD_01989,CUST_0916,REST_032,2026-02-08 21:36:06,153.98,3,Clear,Low,Delivered,23.0,DEL_01989,DRV_0098,7.94,23.0,70.6,16.37,Healthy,3.9,21,6,1,Evening
ORD_01990,CUST_0434,REST_021,2026-03-20 17:13:16,104.75,4,Clear,Medium,Delivered,27.0,DEL_01990,DRV_0210,4.77,27.0,61.1,26.81,Fast Food,3.7,17,4,0,Evening
ORD_01991,CUST_0643,REST_040,2026-03-29 16:54:36,174.92,5,Clear,Medium,Delivered,29.0,DEL_01991,DRV_0316,8.04,29.0,69.2,18.4,Desserts,4.1,16,6,1,Afternoon
ORD_01992,CUST_0555,REST_092,2026-02-10 11:45:52,202.93,3,Cloudy,Medium,Delivered,23.0,DEL_01992,DRV_0320,6.98,23.0,64.1,10.94,Indian,4.1,11,1,0,Morning
ORD_01993,CUST_0057,REST_027,2026-01-18 17:11:28,100.0,3,Clear,Low,Delivered,34.0,DEL_01993,DRV_0198,2.13,34.0,47.0,3.62,South Indian,4.0,17,6,1,Evening
ORD_01994,CUST_0562,REST_002,2026-05-10 20:31:09,100.0,6,Clear,Low,Delivered,38.0,DEL_01994,DRV_0435,2.42,38.0,59.7,19.09,North Indian,4.2,20,6,1,Evening
ORD_01995,CUST_0964,REST_097,2026-04-20 00:59:08,231.84,1,Heavy Rain,High,Delivered,11.0,DEL_01995,DRV_0256,8.79,11.0,87.7,33.95,Cafe,4.7,0,0,0,Night
ORD_01996,CUST_0977,REST_080,2026-02-07 23:30:01,144.97,3,Clear,Medium,Delivered,32.0,DEL_01996,DRV_0042,6.37,32.0,56.0,24.58,South Indian,5.0,23,5,1,Night
ORD_01997,CUST_0178,REST_039,2026-03-11 22:24:02,165.47,5,Clear,High,Delivered,22.0,DEL_01997,DRV_0405,9.11,22.0,80.6,25.91,Desserts,4.2,22,2,0,Night
ORD_01998,CUST_0293,REST_086,2026-04-02 01:44:13,148.74,2,Clear,Medium,Delivered,40.0,DEL_01998,DRV_0104,1.91,40.0,61.9,8.53,Chinese,3.8,1,3,0,Night
ORD_01999,CUST_0046,REST_056,2026-05-22 21:43:51,418.36,4,Clear,High,Delivered,36.0,DEL_01999,DRV_0389,3.01,36.0,75.8,47.93,Desserts,4.2,21,4,0,Evening
ORD_02000,CUST_0170,REST_013,2026-05-15 21:25:20,362.84,1,Heavy Rain,High,Delivered,17.0,DEL_02000,DRV_0322,3.61,17.0,83.5,76.44,Cafe,3.2,21,4,0,Evening
ORD_02001,CUST_0271,REST_056,2026-04-17 18:52:57,100.0,4,Clear,Medium,Delivered,35.0,DEL_02001,DRV_0454,5.59,35.0,62.3,22.36,Desserts,4.2,18,4,0,Evening
ORD_02002,CUST_0417,REST_066,2026-05-07 09:06:20,135.23,2,Clear,Medium,Delivered,25.0,DEL_02002,DRV_0370,2.58,25.0,40.5,20.45,North Indian,3.5,9,3,0,Morning
ORD_02003,CUST_0848,REST_078,2026-01-25 12:09:07,289.31,3,Rain,Medium,Delivered,37.0,DEL_02003,DRV_0189,7.41,37.0,97.3,39.83,Biryani,3.9,12,6,1,Afternoon
ORD_02004,CUST_0139,REST_056,2026-05-19 08:56:40,252.41,6,Cloudy,Medium,Delivered,34.0,DEL_02004,DRV_0392,5.0,34.0,67.9,31.48,Desserts,4.2,8,1,0,Morning
ORD_02005,CUST_0247,REST_028,2026-02-25 15:30:21,177.19,5,Clear,Medium,Delivered,21.0,DEL_02005,DRV_0322,5.0,21.0,53.1,36.07,Indian,4.4,15,2,0,Afternoon
ORD_02006,CUST_0148,REST_064,2026-06-18 04:26:11,100.0,1,Rain,High,Delivered,11.0,DEL_02006,DRV_0343,5.09,11.0,69.4,27.83,Biryani,5.0,4,3,0,Night
ORD_02007,CUST_0230,REST_071,2026-05-03 15:53:45,124.54,5,Cloudy,Low,Delivered,27.0,DEL_02007,DRV_0062,3.59,27.0,47.4,11.86,Healthy,4.9,15,6,1,Afternoon
ORD_02008,CUST_0792,REST_082,2026-03-29 23:20:07,136.43,5,Clear,Medium,Delivered,31.0,DEL_02008,DRV_0404,5.27,31.0,60.7,25.08,Healthy,3.7,23,6,1,Night
ORD_02009,CUST_0637,REST_064,2026-03-04 16:06:46,211.1,5,Cloudy,Medium,Delivered,11.0,DEL_02009,DRV_0388,6.17,11.0,50.8,27.19,Biryani,5.0,16,2,0,Afternoon
ORD_02010,CUST_0704,REST_056,2026-05-24 18:45:54,462.69,5,Rain,Low,Delivered,33.0,DEL_02010,DRV_0143,3.13,33.0,52.2,76.37,Desserts,4.2,18,6,1,Evening
ORD_02012,CUST_0080,REST_100,2026-05-04 15:50:22,103.1,5,Cloudy,High,Delivered,38.0,DEL_02012,DRV_0440,3.9,38.0,75.4,20.26,Pizza,3.9,15,0,0,Afternoon
ORD_02014,CUST_0738,REST_100,2026-01-22 06:33:13,319.72,5,Cloudy,High,Delivered,29.0,DEL_02014,DRV_0280,6.87,29.0,66.9,37.41,Pizza,3.9,6,3,0,Morning
ORD_02015,CUST_0065,REST_004,2026-02-16 05:25:54,100.0,2,Clear,Medium,Delivered,19.0,DEL_02015,DRV_0265,3.24,19.0,50.8,20.97,Healthy,3.7,5,0,0,Night
ORD_02016,CUST_0088,REST_057,2026-01-01 12:06:25,403.23,4,Clear,Medium,Delivered,28.0,DEL_02016,DRV_0248,7.25,28.0,81.2,29.45,Desserts,4.7,12,3,0,Afternoon
ORD_02017,CUST_0088,REST_030,2026-03-05 04:19:26,164.91,2,Cloudy,Medium,Delivered,17.0,DEL_02017,DRV_0116,8.2,17.0,66.9,21.19,South Indian,4.1,4,3,0,Night
ORD_02018,CUST_0713,REST_088,2026-02-22 01:05:12,121.04,6,Clear,Low,Delivered,37.0,DEL_02018,DRV_0405,4.08,37.0,49.5,19.61,Cafe,3.8,1,6,1,Night
ORD_02019,CUST_0726,REST_084,2026-03-19 18:06:38,100.0,6,Heavy Rain,Medium,Delivered,21.0,DEL_02019,DRV_0486,4.92,21.0,61.2,15.61,North Indian,3.3,18,3,0,Evening
ORD_02020,CUST_0204,REST_046,2026-06-17 20:32:16,267.36,3,Clear,Low,Delivered,23.0,DEL_02020,DRV_0255,7.17,23.0,70.8,19.7,North Indian,3.7,20,2,0,Evening
ORD_02021,CUST_0913,REST_056,2026-05-01 12:45:49,164.99,2,Clear,High,Delivered,33.0,DEL_02021,DRV_0297,8.96,33.0,101.5,35.3,Desserts,4.2,12,4,0,Afternoon
ORD_02022,CUST_0382,REST_031,2026-05-20 23:04:06,199.12,4,Cloudy,Low,Delivered,28.0,DEL_02022,DRV_0013,4.58,28.0,54.8,21.85,North Indian,4.0,23,2,0,Night
ORD_02023,CUST_0601,REST_088,2026-05-19 05:33:39,110.45,3,Cloudy,Low,Delivered,33.0,DEL_02023,DRV_0389,2.68,33.0,49.6,27.06,Cafe,3.8,5,1,0,Night
ORD_02024,CUST_0476,REST_007,2026-06-26 04:26:57,152.09,3,Clear,Medium,Delivered,17.0,DEL_02024,DRV_0448,7.09,17.0,64.2,24.03,Healthy,3.9,4,4,0,Night
ORD_02025,CUST_0573,REST_090,2026-06-24 06:23:10,138.71,1,Clear,Medium,Delivered,34.0,DEL_02025,DRV_0046,4.13,34.0,58.8,22.28,North Indian,4.2,6,2,0,Morning
ORD_02026,CUST_0783,REST_077,2026-04-27 18:40:17,171.52,5,Cloudy,Low,Delivered,19.0,DEL_02026,DRV_0334,2.42,19.0,36.2,18.94,Fast Food,4.1,18,0,0,Evening
ORD_02027,CUST_0606,REST_054,2026-06-30 00:28:07,125.43,3,Rain,Low,Delivered,28.0,DEL_02027,DRV_0242,8.99,28.0,75.5,14.65,Healthy,4.2,0,1,0,Night
ORD_02028,CUST_0819,REST_008,2026-01-11 17:38:30,100.0,3,Cloudy,High,Delivered,26.0,DEL_02028,DRV_0071,5.09,26.0,71.1,20.94,Desserts,4.5,17,6,1,Evening
ORD_02029,CUST_0539,REST_055,2026-05-30 12:01:15,812.95,6,Clear,Medium,Delivered,38.0,DEL_02029,DRV_0454,9.55,38.0,103.3,110.02,North Indian,4.2,12,5,1,Afternoon
ORD_02030,CUST_0214,REST_069,2026-06-12 01:06:30,100.0,4,Clear,Low,Delivered,31.0,DEL_02030,DRV_0059,6.73,31.0,55.4,16.65,Chinese,3.7,1,4,0,Night
ORD_02031,CUST_0074,REST_044,2026-01-06 01:44:52,200.3,3,Rain,Medium,Delivered,18.0,DEL_02031,DRV_0204,4.21,18.0,47.5,30.92,Biryani,4.1,1,1,0,Night
ORD_02033,CUST_0698,REST_093,2026-03-23 12:25:35,100.0,5,Clear,Low,Delivered,18.0,DEL_02033,DRV_0051,7.11,18.0,66.3,16.35,Indian,3.8,12,0,0,Afternoon
ORD_02034,CUST_0543,REST_020,2026-05-19 15:12:25,191.29,6,Cloudy,High,Delivered,16.0,DEL_02034,DRV_0016,2.21,16.0,52.1,20.05,Desserts,3.4,15,1,0,Afternoon
ORD_02035,CUST_0219,REST_078,2026-06-29 01:07:19,199.52,1,Clear,Medium,Delivered,40.0,DEL_02035,DRV_0051,6.64,40.0,68.6,24.87,Biryani,3.9,1,0,0,Night
ORD_02036,CUST_0012,REST_032,2026-01-09 18:11:41,362.79,1,Cloudy,Low,Delivered,16.0,DEL_02036,DRV_0224,11.93,16.0,74.0,25.94,Healthy,3.9,18,4,0,Evening
ORD_02037,CUST_0814,REST_060,2026-03-31 15:34:25,225.82,5,Rain,High,Delivered,17.0,DEL_02037,DRV_0128,4.27,17.0,65.1,21.78,Chinese,4.2,15,1,0,Afternoon
ORD_02038,CUST_0415,REST_050,2026-03-16 16:43:48,166.93,5,Clear,High,Delivered,25.0,DEL_02038,DRV_0170,7.09,25.0,79.2,40.58,Desserts,4.0,16,0,0,Afternoon
ORD_02039,CUST_0032,REST_027,2026-03-14 08:47:26,107.52,6,Cloudy,Low,Delivered,33.0,DEL_02039,DRV_0267,13.51,33.0,97.4,20.86,South Indian,4.0,8,5,1,Morning
ORD_02040,CUST_0160,REST_025,2026-06-11 03:22:08,413.42,6,Clear,Medium,Delivered,35.0,DEL_02040,DRV_0068,3.67,35.0,73.3,48.91,South Indian,4.0,3,3,0,Night
ORD_02041,CUST_0237,REST_052,2026-05-23 10:22:45,302.13,2,Clear,High,Delivered,27.0,DEL_02041,DRV_0121,5.35,27.0,65.1,43.71,Healthy,4.6,10,5,1,Morning
ORD_02043,CUST_0181,REST_021,2026-01-16 18:09:09,185.1,3,Clear,Medium,Delivered,24.0,DEL_02043,DRV_0180,4.73,24.0,59.1,36.08,Fast Food,3.7,18,4,0,Evening
ORD_02044,CUST_0829,REST_018,2026-03-31 19:47:34,196.22,3,Cloudy,Medium,Delivered,41.0,DEL_02044,DRV_0226,13.39,41.0,122.3,38.36,Pizza,3.6,19,1,0,Evening
ORD_02045,CUST_0558,REST_039,2026-01-19 15:59:40,149.89,4,Clear,Medium,Delivered,24.0,DEL_02045,DRV_0457,1.54,24.0,37.0,27.51,Desserts,4.2,15,0,0,Afternoon
ORD_02046,CUST_0341,REST_015,2026-01-01 17:02:10,277.14,2,Cloudy,Medium,Delivered,27.0,DEL_02046,DRV_0394,4.34,27.0,53.6,21.2,Healthy,4.6,17,3,0,Evening
ORD_02048,CUST_0080,REST_038,2026-03-14 15:06:18,163.24,4,Cloudy,Low,Delivered,36.0,DEL_02048,DRV_0191,4.12,36.0,66.9,14.84,Indian,3.7,15,5,1,Afternoon
ORD_02050,CUST_0772,REST_052,2026-01-17 13:19:03,413.4,1,Heavy Rain,Low,Delivered,28.0,DEL_02050,DRV_0480,8.38,28.0,91.4,31.82,Healthy,4.6,13,5,1,Afternoon
ORD_02051,CUST_0987,REST_088,2026-01-29 14:48:32,302.8,4,Rain,Medium,Delivered,30.0,DEL_02051,DRV_0301,6.64,30.0,77.1,21.09,Cafe,3.8,14,3,0,Afternoon
ORD_02052,CUST_0820,REST_072,2026-02-18 08:51:17,188.63,5,Clear,Medium,Delivered,22.0,DEL_02052,DRV_0251,2.81,22.0,45.8,35.5,Chinese,3.8,8,2,0,Morning
ORD_02053,CUST_0759,REST_028,2026-06-05 12:32:06,100.0,6,Clear,Medium,Delivered,22.0,DEL_02053,DRV_0006,3.26,22.0,58.1,24.19,Indian,4.4,12,4,0,Afternoon
ORD_02054,CUST_0473,REST_085,2026-03-18 14:36:31,219.03,4,Cloudy,Medium,Delivered,11.0,DEL_02054,DRV_0262,2.04,11.0,55.3,38.19,South Indian,3.4,14,2,0,Afternoon
ORD_02056,CUST_0715,REST_016,2026-03-10 04:18:34,100.0,5,Clear,Low,Delivered,29.0,DEL_02056,DRV_0194,5.32,29.0,57.9,21.08,Indian,3.7,4,1,0,Night
ORD_02057,CUST_0112,REST_035,2026-05-25 01:09:34,208.21,1,Clear,Medium,Delivered,33.0,DEL_02057,DRV_0329,1.69,33.0,47.3,30.55,North Indian,4.8,1,0,0,Night
ORD_02058,CUST_0980,REST_017,2026-01-07 19:14:59,144.14,1,Cloudy,High,Delivered,18.0,DEL_02058,DRV_0064,3.78,18.0,71.0,25.35,Pizza,4.5,19,2,0,Evening
ORD_02059,CUST_0292,REST_073,2026-01-09 20:26:37,160.54,4,Rain,High,Delivered,37.0,DEL_02059,DRV_0294,12.59,37.0,136.3,26.11,South Indian,3.9,20,4,0,Evening
ORD_02060,CUST_0950,REST_099,2026-05-15 08:18:41,110.05,1,Rain,Medium,Delivered,28.0,DEL_02060,DRV_0453,1.23,28.0,62.3,19.7,Healthy,3.7,8,4,0,Morning
ORD_02061,CUST_0822,REST_052,2026-05-26 10:50:39,167.08,1,Clear,Medium,Delivered,24.0,DEL_02061,DRV_0226,3.0,24.0,59.0,9.67,Healthy,4.6,10,1,0,Morning
ORD_02062,CUST_0631,REST_093,2026-06-01 10:07:53,389.79,6,Clear,Low,Delivered,24.0,DEL_02062,DRV_0445,5.51,24.0,53.2,59.87,Indian,3.8,10,0,0,Morning
ORD_02063,CUST_0383,REST_082,2026-03-10 06:38:48,141.81,3,Clear,Medium,Delivered,35.0,DEL_02063,DRV_0334,3.66,35.0,59.6,22.1,Healthy,3.7,6,1,0,Morning
ORD_02064,CUST_0017,REST_012,2026-02-24 08:10:39,308.3,4,Clear,Medium,Delivered,17.0,DEL_02064,DRV_0458,1.62,17.0,39.5,40.26,South Indian,4.6,8,1,0,Morning
ORD_02065,CUST_0493,REST_083,2026-02-20 00:31:18,116.34,4,Rain,Low,Delivered,12.0,DEL_02065,DRV_0063,5.32,12.0,51.2,19.22,Pizza,4.8,0,4,0,Night
ORD_02066,CUST_0331,REST_048,2026-02-14 15:43:43,275.15,4,Rain,High,Delivered,29.0,DEL_02066,DRV_0367,4.12,29.0,77.6,28.15,Chinese,4.0,15,5,1,Afternoon
ORD_02067,CUST_0926,REST_022,2026-01-13 11:26:40,181.44,1,Clear,High,Delivered,24.0,DEL_02067,DRV_0497,2.98,24.0,55.6,28.47,Biryani,4.5,11,1,0,Morning
ORD_02068,CUST_0739,REST_049,2026-05-14 23:31:35,220.0,6,Clear,Low,Delivered,31.0,DEL_02068,DRV_0071,3.56,31.0,45.3,31.5,Cafe,3.6,23,3,0,Night
ORD_02069,CUST_0873,REST_052,2026-02-24 11:00:30,181.99,1,Clear,Medium,Delivered,31.0,DEL_02069,DRV_0020,3.6,31.0,54.2,42.68,Healthy,4.6,11,1,0,Morning
ORD_02070,CUST_0486,REST_079,2026-01-03 20:58:10,257.98,5,Rain,High,Delivered,31.0,DEL_02070,DRV_0459,2.44,31.0,85.9,42.36,Healthy,4.4,20,5,1,Evening
ORD_02071,CUST_0406,REST_001,2026-04-23 09:20:03,100.0,2,Clear,Low,Delivered,7.0,DEL_02071,DRV_0333,8.66,7.0,56.1,22.62,Pizza,4.8,9,3,0,Morning
ORD_02072,CUST_0117,REST_066,2026-06-24 17:19:39,100.0,2,Clear,Medium,Delivered,27.0,DEL_02072,DRV_0245,9.33,27.0,92.8,23.59,North Indian,3.5,17,2,0,Evening
ORD_02073,CUST_0555,REST_064,2026-04-04 02:16:04,228.01,2,Cloudy,Medium,Delivered,12.0,DEL_02073,DRV_0064,0.6,12.0,35.1,44.06,Biryani,5.0,2,5,1,Night
ORD_02074,CUST_0880,REST_008,2026-01-19 00:55:44,100.0,3,Cloudy,Low,Delivered,33.0,DEL_02074,DRV_0465,4.36,33.0,52.9,21.84,Desserts,4.5,0,0,0,Night
ORD_02075,CUST_0115,REST_086,2026-05-29 18:50:06,135.39,1,Rain,Medium,Delivered,38.0,DEL_02075,DRV_0293,10.34,38.0,95.4,20.32,Chinese,3.8,18,4,0,Evening
ORD_02076,CUST_0795,REST_025,2026-02-14 01:21:41,175.93,5,Clear,High,Delivered,36.0,DEL_02076,DRV_0364,3.36,36.0,69.5,39.79,South Indian,4.0,1,5,1,Night
ORD_02077,CUST_0549,REST_066,2026-06-08 05:26:33,114.95,5,Cloudy,Medium,Delivered,23.0,DEL_02077,DRV_0420,7.77,23.0,78.0,17.75,North Indian,3.5,5,0,0,Night
ORD_02078,CUST_0814,REST_073,2026-01-31 07:33:09,123.92,2,Clear,Medium,Delivered,41.0,DEL_02078,DRV_0225,6.85,41.0,81.9,8.75,South Indian,3.9,7,5,1,Morning
ORD_02079,CUST_0625,REST_073,2026-03-15 14:10:34,210.48,6,Rain,Medium,Delivered,37.0,DEL_02079,DRV_0266,2.39,37.0,68.4,34.08,South Indian,3.9,14,6,1,Afternoon
ORD_02080,CUST_0547,REST_077,2026-05-23 22:47:33,315.8,3,Rain,High,Delivered,15.0,DEL_02080,DRV_0162,4.17,15.0,64.4,19.22,Fast Food,4.1,22,5,1,Night
ORD_02081,CUST_0644,REST_070,2026-06-19 06:30:15,107.0,3,Rain,High,Delivered,12.0,DEL_02081,DRV_0045,4.48,12.0,56.2,18.82,Desserts,4.2,6,4,0,Morning
ORD_02082,CUST_0336,REST_094,2026-04-25 17:57:25,132.12,2,Clear,Low,Delivered,18.0,DEL_02082,DRV_0319,3.06,18.0,39.6,25.79,Cafe,4.6,17,5,1,Evening
ORD_02083,CUST_0336,REST_079,2026-02-10 13:22:59,121.24,2,Rain,High,Delivered,31.0,DEL_02083,DRV_0269,5.96,31.0,91.1,18.59,Healthy,4.4,13,1,0,Afternoon
ORD_02084,CUST_0981,REST_051,2026-04-18 06:13:34,100.0,1,Clear,Low,Delivered,21.0,DEL_02084,DRV_0025,6.91,21.0,51.4,10.96,Healthy,3.6,6,5,1,Morning
ORD_02085,CUST_0922,REST_053,2026-06-26 09:28:35,195.97,6,Clear,Low,Delivered,21.0,DEL_02085,DRV_0383,4.86,21.0,36.8,43.55,Desserts,5.0,9,4,0,Morning
ORD_02086,CUST_0889,REST_015,2026-01-13 17:02:48,303.11,3,Clear,Medium,Delivered,34.0,DEL_02086,DRV_0300,7.32,34.0,78.3,36.04,Healthy,4.6,17,1,0,Evening
ORD_02087,CUST_0740,REST_050,2026-05-04 21:19:43,317.08,5,Cloudy,Medium,Delivered,24.0,DEL_02087,DRV_0225,4.95,24.0,76.0,43.21,Desserts,4.0,21,0,0,Evening
ORD_02089,CUST_0122,REST_075,2026-06-12 03:57:43,100.0,1,Rain,Medium,Delivered,15.0,DEL_02089,DRV_0116,1.05,15.0,41.4,12.48,Fast Food,3.5,3,4,0,Night
ORD_02090,CUST_0081,REST_038,2026-01-31 10:24:39,183.44,5,Cloudy,Low,Delivered,33.0,DEL_02090,DRV_0152,1.74,33.0,44.0,32.85,Indian,3.7,10,5,1,Morning
ORD_02091,CUST_0685,REST_040,2026-01-26 21:13:42,286.03,3,Clear,Low,Delivered,26.0,DEL_02091,DRV_0069,11.44,26.0,85.5,19.28,Desserts,4.1,21,0,0,Evening
ORD_02092,CUST_0666,REST_066,2026-05-04 06:39:46,197.39,2,Cloudy,Medium,Delivered,28.0,DEL_02092,DRV_0202,6.35,28.0,64.7,32.99,North Indian,3.5,6,0,0,Morning
ORD_02093,CUST_0662,REST_039,2026-03-11 14:29:13,212.54,6,Clear,Low,Delivered,29.0,DEL_02093,DRV_0487,10.17,29.0,78.4,11.64,Desserts,4.2,14,2,0,Afternoon
ORD_02094,CUST_0375,REST_074,2026-03-05 18:14:08,339.68,2,Clear,Low,Delivered,15.0,DEL_02094,DRV_0303,3.99,15.0,44.8,44.14,Indian,4.2,18,3,0,Evening
ORD_02095,CUST_0570,REST_017,2026-04-29 21:53:56,120.72,6,Cloudy,Low,Delivered,16.0,DEL_02095,DRV_0091,15.92,16.0,86.3,17.19,Pizza,4.5,21,2,0,Evening
ORD_02096,CUST_0063,REST_007,2026-06-23 23:29:03,160.62,1,Rain,High,Delivered,17.0,DEL_02096,DRV_0050,4.28,17.0,69.2,21.55,Healthy,3.9,23,1,0,Night
ORD_02097,CUST_0504,REST_039,2026-01-25 07:29:48,445.43,1,Clear,High,Delivered,23.0,DEL_02097,DRV_0372,4.01,23.0,63.9,24.2,Desserts,4.2,7,6,1,Morning
ORD_02098,CUST_0668,REST_068,2026-04-03 02:31:10,162.67,3,Rain,Low,Delivered,25.0,DEL_02098,DRV_0420,1.2,25.0,51.1,27.6,Indian,4.5,2,4,0,Night
ORD_02099,CUST_0449,REST_035,2026-02-26 14:28:41,100.0,6,Rain,Low,Delivered,32.0,DEL_02099,DRV_0289,7.4,32.0,82.0,25.03,North Indian,4.8,14,3,0,Afternoon
ORD_02100,CUST_0428,REST_051,2026-03-27 03:21:29,125.44,2,Clear,Medium,Delivered,15.0,DEL_02100,DRV_0092,10.06,15.0,68.4,20.57,Healthy,3.6,3,4,0,Night
ORD_02101,CUST_0868,REST_047,2026-02-24 15:05:02,108.2,1,Cloudy,High,Delivered,29.0,DEL_02101,DRV_0360,13.06,29.0,102.4,23.79,Desserts,4.4,15,1,0,Afternoon
ORD_02102,CUST_0427,REST_036,2026-06-01 01:24:43,220.62,2,Cloudy,Low,Delivered,21.0,DEL_02102,DRV_0235,4.6,21.0,50.0,32.55,Indian,3.0,1,0,0,Night
ORD_02103,CUST_0421,REST_064,2026-04-29 03:05:13,110.74,3,Clear,High,Delivered,12.0,DEL_02103,DRV_0387,2.74,12.0,45.0,26.28,Biryani,5.0,3,2,0,Night
ORD_02104,CUST_0322,REST_095,2026-03-11 16:49:16,210.41,6,Rain,Medium,Delivered,29.0,DEL_02104,DRV_0415,4.18,29.0,60.3,25.69,Pizza,3.7,16,2,0,Afternoon
ORD_02105,CUST_0913,REST_089,2026-06-07 04:03:29,120.92,2,Rain,High,Delivered,18.0,DEL_02105,DRV_0316,6.26,18.0,71.8,16.84,North Indian,4.1,4,6,1,Night
ORD_02107,CUST_0166,REST_018,2026-01-10 19:07:34,214.57,2,Heavy Rain,High,Delivered,40.0,DEL_02107,DRV_0172,4.06,40.0,96.2,29.28,Pizza,3.6,19,5,1,Evening
ORD_02108,CUST_0597,REST_021,2026-02-01 23:03:38,196.7,4,Clear,Medium,Delivered,24.0,DEL_02108,DRV_0173,4.46,24.0,55.5,29.3,Fast Food,3.7,23,6,1,Night
ORD_02109,CUST_0957,REST_065,2026-03-10 09:08:28,240.99,4,Rain,High,Delivered,23.0,DEL_02109,DRV_0372,4.65,23.0,72.0,29.42,South Indian,4.7,9,1,0,Morning
ORD_02110,CUST_0649,REST_100,2026-01-31 13:19:46,125.19,3,Clear,Medium,Delivered,38.0,DEL_02110,DRV_0498,1.81,38.0,68.4,14.04,Pizza,3.9,13,5,1,Afternoon
ORD_02111,CUST_0461,REST_008,2026-06-08 21:58:20,118.07,3,Rain,Medium,Delivered,31.0,DEL_02111,DRV_0236,5.3,31.0,82.7,22.03,Desserts,4.5,21,0,0,Evening
ORD_02113,CUST_0189,REST_085,2026-03-02 15:48:08,417.99,5,Cloudy,Medium,Delivered,12.0,DEL_02113,DRV_0149,4.93,12.0,39.7,50.37,South Indian,3.4,15,0,0,Afternoon
ORD_02114,CUST_0464,REST_043,2026-01-31 17:23:09,182.39,6,Clear,Medium,Delivered,25.0,DEL_02114,DRV_0288,1.35,25.0,38.1,37.84,Fast Food,3.7,17,5,1,Evening
ORD_02116,CUST_0379,REST_085,2026-06-27 18:25:08,151.89,2,Clear,High,Delivered,16.0,DEL_02116,DRV_0213,4.53,16.0,62.6,32.57,South Indian,3.4,18,5,1,Evening
ORD_02117,CUST_0002,REST_027,2026-03-30 08:00:34,100.0,1,Rain,High,Delivered,31.0,DEL_02117,DRV_0175,3.94,31.0,81.5,18.81,South Indian,4.0,8,0,0,Morning
ORD_02118,CUST_0618,REST_019,2026-03-03 04:56:50,308.61,6,Clear,Low,Delivered,18.0,DEL_02118,DRV_0099,8.31,18.0,61.8,27.9,Indian,4.4,4,1,0,Night
ORD_02120,CUST_0072,REST_050,2026-01-22 03:45:16,267.98,4,Rain,High,Delivered,20.0,DEL_02120,DRV_0120,3.67,20.0,68.7,47.3,Desserts,4.0,3,3,0,Night
ORD_02122,CUST_0638,REST_043,2026-03-31 01:19:39,251.74,2,Clear,High,Delivered,20.0,DEL_02122,DRV_0017,4.54,20.0,63.6,24.23,Fast Food,3.7,1,1,0,Night
ORD_02123,CUST_0170,REST_099,2026-06-11 02:22:05,296.36,2,Rain,High,Delivered,32.0,DEL_02123,DRV_0029,4.33,32.0,88.9,43.62,Healthy,3.7,2,3,0,Night
ORD_02124,CUST_0205,REST_051,2026-06-17 12:46:29,441.9,3,Clear,High,Delivered,18.0,DEL_02124,DRV_0048,5.01,18.0,69.3,22.83,Healthy,3.6,12,2,0,Afternoon
ORD_02125,CUST_0825,REST_069,2026-06-30 01:22:05,312.21,1,Cloudy,Medium,Delivered,34.0,DEL_02125,DRV_0386,13.68,34.0,99.7,46.44,Chinese,3.7,1,1,0,Night
ORD_02126,CUST_0337,REST_041,2026-05-28 04:56:53,187.75,3,Cloudy,High,Delivered,36.0,DEL_02126,DRV_0289,1.24,36.0,63.8,21.2,North Indian,4.9,4,3,0,Night
ORD_02128,CUST_0472,REST_011,2026-04-21 18:20:32,197.48,5,Clear,High,Delivered,23.0,DEL_02128,DRV_0447,8.14,23.0,77.4,10.41,Pizza,4.9,18,1,0,Evening
ORD_02129,CUST_0195,REST_080,2026-02-08 14:07:35,208.75,3,Clear,Low,Delivered,35.0,DEL_02129,DRV_0068,3.75,35.0,65.7,31.01,South Indian,5.0,14,6,1,Afternoon
ORD_02130,CUST_0670,REST_088,2026-06-26 12:50:33,267.73,6,Clear,Low,Delivered,39.0,DEL_02130,DRV_0497,3.35,39.0,64.1,30.89,Cafe,3.8,12,4,0,Afternoon
ORD_02131,CUST_0653,REST_085,2026-06-27 07:55:24,381.7,2,Rain,Medium,Delivered,19.0,DEL_02131,DRV_0039,5.45,19.0,60.0,53.59,South Indian,3.4,7,5,1,Morning
ORD_02132,CUST_0275,REST_052,2026-01-14 10:48:28,172.03,2,Clear,Medium,Delivered,24.0,DEL_02132,DRV_0473,6.13,24.0,59.7,26.31,Healthy,4.6,10,2,0,Morning
ORD_02134,CUST_0905,REST_049,2026-03-15 14:10:36,100.0,5,Clear,Low,Delivered,24.0,DEL_02134,DRV_0119,4.35,24.0,58.2,18.48,Cafe,3.6,14,6,1,Afternoon
ORD_02135,CUST_0979,REST_038,2026-02-04 21:46:29,228.29,5,Heavy Rain,Medium,Delivered,32.0,DEL_02135,DRV_0324,4.35,32.0,77.6,39.98,Indian,3.7,21,2,0,Evening
ORD_02136,CUST_0566,REST_047,2026-03-04 23:59:17,116.84,1,Cloudy,High,Delivered,32.0,DEL_02136,DRV_0052,0.73,32.0,67.1,16.21,Desserts,4.4,23,2,0,Night
ORD_02137,CUST_0616,REST_072,2026-03-19 23:00:18,100.0,6,Rain,High,Delivered,23.0,DEL_02137,DRV_0436,3.2,23.0,69.4,15.44,Chinese,3.8,23,3,0,Night
ORD_02138,CUST_0854,REST_007,2026-03-30 15:05:09,162.23,2,Clear,High,Delivered,22.0,DEL_02138,DRV_0413,11.54,22.0,95.0,25.1,Healthy,3.9,15,0,0,Afternoon
ORD_02139,CUST_0850,REST_066,2026-04-15 23:47:25,100.0,5,Cloudy,Medium,Delivered,27.0,DEL_02139,DRV_0421,6.42,27.0,72.9,21.32,North Indian,3.5,23,2,0,Night
ORD_02140,CUST_0573,REST_094,2026-04-04 02:59:58,165.87,1,Clear,Medium,Delivered,19.0,DEL_02140,DRV_0136,6.34,19.0,63.5,12.5,Cafe,4.6,2,5,1,Night
ORD_02141,CUST_0599,REST_077,2026-03-10 06:56:13,184.77,4,Clear,Medium,Delivered,17.0,DEL_02141,DRV_0404,3.43,17.0,40.7,12.65,Fast Food,4.1,6,1,0,Morning
ORD_02143,CUST_0178,REST_087,2026-02-21 11:23:54,100.0,4,Cloudy,Medium,Delivered,8.0,DEL_02143,DRV_0169,6.45,8.0,65.2,14.05,Healthy,4.0,11,5,1,Morning
ORD_02144,CUST_0242,REST_029,2026-01-28 00:46:00,298.76,4,Clear,Medium,Delivered,35.0,DEL_02144,DRV_0070,5.58,35.0,64.8,18.48,Pizza,3.9,0,2,0,Night
ORD_02145,CUST_0203,REST_038,2026-04-15 04:46:29,191.32,2,Cloudy,Low,Delivered,30.0,DEL_02145,DRV_0036,6.47,30.0,64.8,11.98,Indian,3.7,4,2,0,Night
ORD_02146,CUST_0543,REST_084,2026-04-28 21:12:31,319.22,1,Cloudy,Medium,Delivered,17.0,DEL_02146,DRV_0288,4.93,17.0,72.5,39.1,North Indian,3.3,21,1,0,Evening
ORD_02147,CUST_0801,REST_033,2026-04-30 01:22:54,142.96,1,Clear,Low,Delivered,23.0,DEL_02147,DRV_0005,5.58,23.0,48.5,20.34,Fast Food,4.1,1,3,0,Night
ORD_02148,CUST_0462,REST_029,2026-04-30 22:11:55,100.0,4,Cloudy,Low,Delivered,33.0,DEL_02148,DRV_0360,1.75,33.0,44.6,20.58,Pizza,3.9,22,3,0,Night
ORD_02150,CUST_0523,REST_023,2026-01-05 08:37:25,100.0,3,Clear,Low,Delivered,36.0,DEL_02150,DRV_0237,3.53,36.0,54.0,12.2,South Indian,4.6,8,0,0,Morning
ORD_02151,CUST_0417,REST_003,2026-05-24 15:46:08,235.76,4,Rain,Medium,Delivered,15.0,DEL_02151,DRV_0068,5.05,15.0,60.7,32.27,South Indian,4.4,15,6,1,Afternoon
ORD_02152,CUST_0766,REST_093,2026-04-26 07:17:44,408.42,2,Cloudy,Low,Delivered,20.0,DEL_02152,DRV_0231,0.79,20.0,31.8,18.23,Indian,3.8,7,6,1,Morning
ORD_02153,CUST_0384,REST_045,2026-01-06 00:15:11,132.86,4,Rain,Medium,Delivered,32.0,DEL_02153,DRV_0150,3.1,32.0,61.4,23.48,Pizza,4.2,0,1,0,Night
ORD_02154,CUST_0391,REST_008,2026-03-15 07:26:06,256.22,6,Clear,High,Delivered,34.0,DEL_02154,DRV_0481,4.81,34.0,72.8,24.54,Desserts,4.5,7,6,1,Morning
ORD_02155,CUST_0896,REST_086,2026-01-18 03:22:09,100.0,6,Rain,Medium,Delivered,39.0,DEL_02155,DRV_0415,6.24,39.0,88.1,2.35,Chinese,3.8,3,6,1,Night
ORD_02156,CUST_0799,REST_029,2026-02-07 17:13:52,200.17,4,Clear,Medium,Delivered,31.0,DEL_02156,DRV_0425,1.02,31.0,45.4,33.29,Pizza,3.9,17,5,1,Evening
ORD_02157,CUST_0688,REST_002,2026-03-14 06:43:14,261.83,1,Clear,High,Delivered,35.0,DEL_02157,DRV_0221,4.81,35.0,77.4,28.68,North Indian,4.2,6,5,1,Morning
ORD_02158,CUST_0126,REST_050,2026-01-21 13:42:26,100.0,4,Clear,Medium,Delivered,22.0,DEL_02158,DRV_0261,9.19,22.0,77.5,15.2,Desserts,4.0,13,2,0,Afternoon
ORD_02159,CUST_0494,REST_065,2026-04-25 17:30:12,162.04,5,Rain,Low,Delivered,15.0,DEL_02159,DRV_0266,5.85,15.0,63.6,32.09,South Indian,4.7,17,5,1,Evening
ORD_02160,CUST_0047,REST_020,2026-02-15 23:16:32,268.74,5,Cloudy,Low,Delivered,21.0,DEL_02160,DRV_0459,9.72,21.0,70.3,43.25,Desserts,3.4,23,6,1,Night
ORD_02161,CUST_0718,REST_052,2026-02-14 10:04:38,100.0,3,Clear,Medium,Delivered,27.0,DEL_02161,DRV_0114,6.24,27.0,66.3,17.35,Healthy,4.6,10,5,1,Morning
ORD_02162,CUST_0476,REST_085,2026-03-06 16:23:12,377.85,2,Clear,Medium,Delivered,20.0,DEL_02162,DRV_0165,3.35,20.0,52.0,53.5,South Indian,3.4,16,4,0,Afternoon
ORD_02163,CUST_0949,REST_037,2026-04-05 00:59:31,220.2,2,Clear,Low,Delivered,14.0,DEL_02163,DRV_0056,4.13,14.0,35.3,26.01,Chinese,3.8,0,6,1,Night
ORD_02164,CUST_0619,REST_072,2026-02-11 07:37:09,268.86,1,Clear,High,Delivered,14.0,DEL_02164,DRV_0342,5.14,14.0,65.7,24.24,Chinese,3.8,7,2,0,Morning
ORD_02165,CUST_0464,REST_027,2026-03-27 17:00:46,144.46,2,Cloudy,Low,Delivered,26.0,DEL_02165,DRV_0408,6.63,26.0,52.7,21.24,South Indian,4.0,17,4,0,Evening
ORD_02166,CUST_0787,REST_047,2026-02-05 18:40:00,100.0,3,Cloudy,High,Delivered,26.0,DEL_02166,DRV_0469,6.9,26.0,76.3,12.9,Desserts,4.4,18,3,0,Evening
ORD_02167,CUST_0849,REST_099,2026-02-12 23:54:46,243.16,5,Rain,High,Delivered,26.0,DEL_02167,DRV_0356,3.64,26.0,67.4,34.78,Healthy,3.7,23,3,0,Night
ORD_02168,CUST_0123,REST_006,2026-02-03 08:12:09,173.22,1,Heavy Rain,High,Delivered,23.0,DEL_02168,DRV_0250,3.59,23.0,66.4,20.42,Cafe,3.9,8,1,0,Morning
ORD_02169,CUST_0474,REST_060,2026-03-03 05:43:10,184.5,6,Cloudy,High,Delivered,21.0,DEL_02169,DRV_0243,3.21,21.0,58.0,33.22,Chinese,4.2,5,1,0,Night
ORD_02170,CUST_0134,REST_045,2026-04-30 14:17:10,329.7,5,Clear,Low,Delivered,37.0,DEL_02170,DRV_0400,1.52,37.0,55.4,35.73,Pizza,4.2,14,3,0,Afternoon
ORD_02171,CUST_0619,REST_044,2026-05-20 13:24:34,275.65,3,Clear,Medium,Delivered,21.0,DEL_02171,DRV_0002,7.9,21.0,71.0,19.29,Biryani,4.1,13,2,0,Afternoon
ORD_02172,CUST_0817,REST_083,2026-06-03 06:44:03,521.49,1,Cloudy,Low,Delivered,16.0,DEL_02172,DRV_0143,3.68,16.0,34.3,41.97,Pizza,4.8,6,2,0,Morning
ORD_02173,CUST_0841,REST_018,2026-02-20 04:09:25,197.28,4,Clear,High,Delivered,31.0,DEL_02173,DRV_0169,2.13,31.0,61.5,34.22,Pizza,3.6,4,4,0,Night
ORD_02175,CUST_0849,REST_025,2026-03-24 16:06:02,163.43,3,Heavy Rain,Medium,Delivered,32.0,DEL_02175,DRV_0433,6.58,32.0,83.6,13.01,South Indian,4.0,16,1,0,Afternoon
ORD_02176,CUST_0607,REST_027,2026-04-10 22:43:25,227.83,1,Rain,High,Delivered,24.0,DEL_02176,DRV_0154,1.83,24.0,56.2,25.51,South Indian,4.0,22,4,0,Night
ORD_02177,CUST_0780,REST_007,2026-06-21 20:49:23,316.94,5,Clear,Low,Delivered,23.0,DEL_02177,DRV_0350,9.06,23.0,72.7,19.35,Healthy,3.9,20,6,1,Evening
ORD_02178,CUST_0023,REST_044,2026-06-12 11:54:01,100.0,1,Clear,Low,Delivered,19.0,DEL_02178,DRV_0255,8.33,19.0,55.2,26.72,Biryani,4.1,11,4,0,Morning
ORD_02179,CUST_0566,REST_029,2026-03-30 02:25:30,182.13,4,Rain,Medium,Delivered,28.0,DEL_02179,DRV_0066,5.03,28.0,68.9,33.34,Pizza,3.9,2,0,0,Night
ORD_02180,CUST_0886,REST_095,2026-04-23 13:23:36,439.33,3,Rain,Medium,Delivered,29.0,DEL_02180,DRV_0374,4.9,29.0,76.0,21.74,Pizza,3.7,13,3,0,Afternoon
ORD_02181,CUST_0766,REST_044,2026-02-03 10:57:12,158.84,1,Clear,Medium,Delivered,26.0,DEL_02181,DRV_0285,7.85,26.0,70.0,15.56,Biryani,4.1,10,1,0,Morning
ORD_02182,CUST_0965,REST_036,2026-04-23 12:31:36,302.49,6,Cloudy,Medium,Delivered,18.0,DEL_02182,DRV_0454,3.48,18.0,52.8,41.45,Indian,3.0,12,3,0,Afternoon
ORD_02183,CUST_0235,REST_019,2026-05-12 14:16:15,237.75,3,Cloudy,High,Delivered,18.0,DEL_02183,DRV_0188,9.11,18.0,84.9,24.86,Indian,4.4,14,1,0,Afternoon
ORD_02184,CUST_0996,REST_006,2026-02-05 18:14:35,306.65,3,Clear,Low,Delivered,20.0,DEL_02184,DRV_0193,1.06,20.0,33.0,52.33,Cafe,3.9,18,3,0,Evening
ORD_02185,CUST_0059,REST_025,2026-01-30 00:38:33,116.12,5,Clear,Medium,Delivered,33.0,DEL_02185,DRV_0296,5.35,33.0,69.6,21.98,South Indian,4.0,0,4,0,Night
ORD_02187,CUST_0771,REST_009,2026-04-09 04:24:17,183.3,6,Cloudy,Medium,Delivered,21.0,DEL_02187,DRV_0180,1.74,21.0,44.9,38.77,Biryani,4.6,4,3,0,Night
ORD_02188,CUST_0826,REST_084,2026-03-21 09:49:21,100.0,4,Clear,Medium,Delivered,16.0,DEL_02188,DRV_0382,8.0,16.0,60.6,18.59,North Indian,3.3,9,5,1,Morning
ORD_02189,CUST_0216,REST_074,2026-05-16 13:45:30,156.28,1,Cloudy,Low,Delivered,8.0,DEL_02189,DRV_0343,3.16,8.0,47.5,16.77,Indian,4.2,13,5,1,Afternoon
ORD_02190,CUST_0183,REST_037,2026-02-18 11:34:11,208.32,2,Cloudy,Low,Delivered,24.0,DEL_02190,DRV_0090,7.37,24.0,60.7,51.26,Chinese,3.8,11,2,0,Morning
ORD_02191,CUST_0569,REST_027,2026-02-20 10:52:02,483.74,5,Rain,Low,Delivered,28.0,DEL_02191,DRV_0223,6.43,28.0,63.6,25.14,South Indian,4.0,10,4,0,Morning
ORD_02192,CUST_0657,REST_013,2026-06-06 08:32:05,226.22,2,Clear,Medium,Delivered,13.0,DEL_02192,DRV_0335,2.59,13.0,43.6,26.38,Cafe,3.2,8,5,1,Morning
ORD_02193,CUST_0935,REST_041,2026-02-19 20:46:08,255.67,3,Heavy Rain,Low,Delivered,35.0,DEL_02193,DRV_0457,1.09,35.0,63.5,26.11,North Indian,4.9,20,3,0,Evening
ORD_02194,CUST_0090,REST_066,2026-02-15 15:19:43,343.94,3,Clear,Medium,Delivered,23.0,DEL_02194,DRV_0448,5.81,23.0,60.4,54.99,North Indian,3.5,15,6,1,Afternoon
ORD_02195,CUST_0964,REST_085,2026-02-25 17:12:59,106.64,4,Cloudy,Low,Delivered,16.0,DEL_02195,DRV_0226,6.57,16.0,46.8,16.86,South Indian,3.4,17,2,0,Evening
ORD_02196,CUST_0311,REST_097,2026-02-02 04:34:28,165.54,6,Cloudy,High,Delivered,19.0,DEL_02196,DRV_0103,5.42,19.0,71.2,26.24,Cafe,4.7,4,0,0,Night
ORD_02197,CUST_0557,REST_024,2026-03-14 00:45:59,688.13,1,Clear,High,Delivered,38.0,DEL_02197,DRV_0337,2.6,38.0,72.9,60.94,Cafe,4.3,0,5,1,Night
ORD_02198,CUST_0972,REST_044,2026-03-10 21:28:41,173.55,1,Clear,Medium,Delivered,17.0,DEL_02198,DRV_0355,13.55,17.0,89.4,24.21,Biryani,4.1,21,1,0,Evening
ORD_02199,CUST_0257,REST_098,2026-05-13 13:15:53,334.97,5,Rain,Medium,Delivered,22.0,DEL_02199,DRV_0356,4.45,22.0,64.2,40.19,Biryani,4.7,13,2,0,Afternoon
ORD_02201,CUST_0979,REST_009,2026-04-09 02:15:36,100.0,1,Clear,Medium,Delivered,23.0,DEL_02201,DRV_0232,8.09,23.0,78.5,9.56,Biryani,4.6,2,3,0,Night
ORD_02202,CUST_0533,REST_002,2026-03-04 17:53:31,215.03,6,Clear,High,Delivered,39.0,DEL_02202,DRV_0267,2.82,39.0,74.9,23.7,North Indian,4.2,17,2,0,Evening
ORD_02203,CUST_0052,REST_056,2026-03-10 11:37:59,196.51,3,Clear,Low,Delivered,37.0,DEL_02203,DRV_0284,6.76,37.0,65.6,18.51,Desserts,4.2,11,1,0,Morning
ORD_02204,CUST_0338,REST_030,2026-06-29 07:51:46,217.34,4,Clear,High,Delivered,27.0,DEL_02204,DRV_0190,2.49,27.0,55.3,31.79,South Indian,4.1,7,0,0,Morning
ORD_02205,CUST_0171,REST_022,2026-01-14 08:37:52,119.73,2,Heavy Rain,Medium,Delivered,21.0,DEL_02205,DRV_0048,4.55,21.0,61.9,18.48,Biryani,4.5,8,2,0,Morning
ORD_02207,CUST_0067,REST_081,2026-01-04 03:59:51,139.52,4,Heavy Rain,High,Delivered,21.0,DEL_02207,DRV_0302,4.3,21.0,81.6,26.53,Desserts,4.1,3,6,1,Night
ORD_02208,CUST_0625,REST_100,2026-03-04 01:07:14,171.78,6,Clear,High,Delivered,34.0,DEL_02208,DRV_0448,2.68,34.0,62.8,36.68,Pizza,3.9,1,2,0,Night
ORD_02209,CUST_0300,REST_013,2026-01-26 06:35:21,347.84,6,Cloudy,Medium,Delivered,17.0,DEL_02209,DRV_0055,3.85,17.0,48.8,28.9,Cafe,3.2,6,0,0,Morning
ORD_02210,CUST_0672,REST_071,2026-01-03 18:06:03,492.51,1,Clear,High,Delivered,24.0,DEL_02210,DRV_0339,3.19,24.0,60.2,53.59,Healthy,4.9,18,5,1,Evening
ORD_02211,CUST_0778,REST_016,2026-05-10 19:46:25,390.77,5,Rain,Low,Delivered,23.0,DEL_02211,DRV_0119,8.26,23.0,88.5,35.16,Indian,3.7,19,6,1,Evening
ORD_02212,CUST_0832,REST_097,2026-02-16 14:54:14,290.94,5,Clear,Medium,Delivered,11.0,DEL_02212,DRV_0002,10.05,11.0,77.3,16.64,Cafe,4.7,14,0,0,Afternoon
ORD_02213,CUST_0232,REST_045,2026-04-29 11:45:23,104.34,6,Clear,Low,Delivered,41.0,DEL_02213,DRV_0224,3.09,41.0,50.3,24.23,Pizza,4.2,11,2,0,Morning
ORD_02214,CUST_0975,REST_065,2026-03-22 20:16:52,144.76,1,Cloudy,Low,Delivered,16.0,DEL_02214,DRV_0236,8.77,16.0,65.1,20.39,South Indian,4.7,20,6,1,Evening
ORD_02215,CUST_0837,REST_011,2026-05-13 05:47:13,203.46,1,Clear,High,Delivered,21.0,DEL_02215,DRV_0203,13.15,21.0,92.8,26.9,Pizza,4.9,5,2,0,Night
ORD_02216,CUST_0068,REST_070,2026-02-27 05:31:21,128.02,1,Cloudy,Medium,Delivered,10.0,DEL_02216,DRV_0144,1.86,10.0,42.8,23.08,Desserts,4.2,5,4,0,Night
ORD_02217,CUST_0506,REST_020,2026-06-10 09:56:17,249.0,6,Cloudy,Low,Delivered,23.0,DEL_02217,DRV_0011,4.1,23.0,50.4,42.25,Desserts,3.4,9,2,0,Morning
ORD_02218,CUST_0028,REST_099,2026-03-02 22:54:00,269.42,5,Cloudy,Medium,Delivered,34.0,DEL_02218,DRV_0259,3.45,34.0,60.3,21.49,Healthy,3.7,22,0,0,Night
ORD_02219,CUST_0949,REST_063,2026-01-22 06:34:02,243.46,1,Heavy Rain,Low,Delivered,14.0,DEL_02219,DRV_0439,12.82,14.0,72.9,19.89,Biryani,4.7,6,3,0,Morning
ORD_02220,CUST_0628,REST_090,2026-06-21 10:15:05,318.56,6,Clear,Medium,Delivered,35.0,DEL_02220,DRV_0298,5.29,35.0,62.9,25.46,North Indian,4.2,10,6,1,Morning
ORD_02221,CUST_0051,REST_012,2026-06-14 21:50:25,110.22,2,Clear,Low,Delivered,16.0,DEL_02221,DRV_0157,13.13,16.0,87.0,3.75,South Indian,4.6,21,6,1,Evening
ORD_02222,CUST_0693,REST_062,2026-05-20 14:31:03,302.79,2,Rain,High,Delivered,20.0,DEL_02222,DRV_0197,7.19,20.0,92.5,48.26,Fast Food,3.5,14,2,0,Afternoon
ORD_02223,CUST_0260,REST_094,2026-04-14 04:45:11,123.64,3,Cloudy,Low,Delivered,23.0,DEL_02223,DRV_0092,7.73,23.0,64.0,22.24,Cafe,4.6,4,1,0,Night
ORD_02224,CUST_0591,REST_092,2026-05-07 21:41:04,108.04,2,Clear,Medium,Delivered,26.0,DEL_02224,DRV_0415,4.47,26.0,59.9,8.4,Indian,4.1,21,3,0,Evening
ORD_02225,CUST_0785,REST_091,2026-04-30 05:16:00,242.9,4,Rain,Low,Delivered,20.0,DEL_02225,DRV_0333,6.23,20.0,59.8,38.16,Cafe,4.6,5,3,0,Night
ORD_02226,CUST_0620,REST_042,2026-04-21 18:49:00,353.8,3,Clear,Medium,Delivered,36.0,DEL_02226,DRV_0153,5.9,36.0,65.5,10.1,Healthy,5.0,18,1,0,Evening
ORD_02227,CUST_0963,REST_083,2026-03-06 08:10:11,237.08,2,Clear,Low,Delivered,17.0,DEL_02227,DRV_0376,6.33,17.0,48.9,41.88,Pizza,4.8,8,4,0,Morning
ORD_02228,CUST_0586,REST_069,2026-05-02 13:46:25,183.36,4,Clear,Medium,Delivered,26.0,DEL_02228,DRV_0134,0.97,26.0,48.8,25.91,Chinese,3.7,13,5,1,Afternoon
ORD_02229,CUST_0687,REST_058,2026-03-08 15:21:02,214.99,2,Clear,Medium,Delivered,21.0,DEL_02229,DRV_0444,11.42,21.0,85.8,13.26,Fast Food,4.7,15,6,1,Afternoon
ORD_02230,CUST_0184,REST_005,2026-01-21 10:17:20,195.4,6,Clear,High,Delivered,35.0,DEL_02230,DRV_0116,6.46,35.0,83.5,22.68,Chinese,4.4,10,2,0,Morning
ORD_02231,CUST_0023,REST_027,2026-01-28 13:10:32,100.0,4,Clear,Low,Delivered,32.0,DEL_02231,DRV_0067,4.1,32.0,61.3,33.76,South Indian,4.0,13,2,0,Afternoon
ORD_02232,CUST_0786,REST_028,2026-04-05 12:21:16,100.0,1,Clear,High,Delivered,26.0,DEL_02232,DRV_0150,7.89,26.0,97.3,24.02,Indian,4.4,12,6,1,Afternoon
ORD_02233,CUST_0129,REST_026,2026-05-13 23:10:10,173.58,6,Clear,Low,Delivered,41.0,DEL_02233,DRV_0256,4.23,41.0,57.9,25.95,Fast Food,3.0,23,2,0,Night
ORD_02234,CUST_0291,REST_091,2026-04-18 07:09:33,189.41,4,Clear,Low,Delivered,15.0,DEL_02234,DRV_0041,8.87,15.0,50.4,29.63,Cafe,4.6,7,5,1,Morning
ORD_02235,CUST_0832,REST_049,2026-05-06 13:56:13,182.41,6,Cloudy,Low,Delivered,27.0,DEL_02235,DRV_0181,3.11,27.0,62.3,34.01,Cafe,3.6,13,2,0,Afternoon
ORD_02236,CUST_0501,REST_021,2026-05-21 00:42:56,262.92,1,Clear,Low,Delivered,26.0,DEL_02236,DRV_0188,11.68,26.0,78.8,27.27,Fast Food,3.7,0,3,0,Night
ORD_02237,CUST_0186,REST_001,2026-01-10 18:49:37,161.01,4,Clear,Medium,Delivered,8.0,DEL_02237,DRV_0039,5.27,8.0,43.9,14.83,Pizza,4.8,18,5,1,Evening
ORD_02238,CUST_0479,REST_092,2026-06-04 05:34:31,247.06,4,Clear,High,Delivered,28.0,DEL_02238,DRV_0311,11.61,28.0,93.6,39.52,Indian,4.1,5,3,0,Night
ORD_02239,CUST_0571,REST_058,2026-06-10 20:50:12,167.42,6,Clear,Low,Delivered,17.0,DEL_02239,DRV_0480,14.36,17.0,93.6,27.59,Fast Food,4.7,20,2,0,Evening
ORD_02240,CUST_0492,REST_079,2026-04-28 09:27:22,494.15,2,Clear,Medium,Delivered,34.0,DEL_02240,DRV_0414,3.44,34.0,63.0,39.29,Healthy,4.4,9,1,0,Morning
ORD_02241,CUST_0513,REST_055,2026-05-13 23:31:50,189.5,4,Clear,Medium,Delivered,45.0,DEL_02241,DRV_0327,0.5,45.0,52.2,30.01,North Indian,4.2,23,2,0,Night
ORD_02242,CUST_0643,REST_081,2026-01-08 00:05:09,656.81,2,Cloudy,Medium,Delivered,21.0,DEL_02242,DRV_0217,0.5,21.0,42.6,112.96,Desserts,4.1,0,3,0,Night
ORD_02243,CUST_0067,REST_026,2026-03-31 21:15:27,220.0,4,Cloudy,Medium,Delivered,35.0,DEL_02243,DRV_0130,1.89,35.0,67.8,18.55,Fast Food,3.0,21,1,0,Evening
ORD_02244,CUST_0805,REST_084,2026-01-02 16:53:35,161.17,5,Rain,High,Delivered,17.0,DEL_02244,DRV_0264,1.66,17.0,52.1,26.41,North Indian,3.3,16,4,0,Afternoon
ORD_02245,CUST_0467,REST_025,2026-05-12 00:58:56,110.53,3,Cloudy,Low,Delivered,32.0,DEL_02245,DRV_0114,3.4,32.0,52.2,18.18,South Indian,4.0,0,1,0,Night
ORD_02246,CUST_0285,REST_077,2026-06-04 01:33:41,100.0,2,Clear,High,Delivered,17.0,DEL_02246,DRV_0063,8.72,17.0,73.7,10.98,Fast Food,4.1,1,3,0,Night
ORD_02247,CUST_0601,REST_033,2026-06-09 15:42:18,105.08,2,Clear,Low,Delivered,30.0,DEL_02247,DRV_0443,3.81,30.0,55.4,28.61,Fast Food,4.1,15,1,0,Afternoon
ORD_02248,CUST_0417,REST_089,2026-04-23 22:10:59,111.74,1,Rain,Medium,Delivered,17.0,DEL_02248,DRV_0097,5.88,17.0,59.9,13.46,North Indian,4.1,22,3,0,Night
ORD_02249,CUST_0100,REST_072,2026-06-02 18:35:51,225.24,5,Clear,Medium,Delivered,15.0,DEL_02249,DRV_0412,7.38,15.0,67.1,12.73,Chinese,3.8,18,1,0,Evening
ORD_02251,CUST_0989,REST_006,2026-05-15 07:50:55,200.9,5,Clear,Low,Delivered,20.0,DEL_02251,DRV_0422,1.81,20.0,24.5,37.65,Cafe,3.9,7,4,0,Morning
ORD_02252,CUST_0890,REST_023,2026-03-28 16:38:02,366.9,5,Cloudy,Low,Delivered,38.0,DEL_02252,DRV_0018,2.25,38.0,41.5,54.8,South Indian,4.6,16,5,1,Afternoon
ORD_02253,CUST_0858,REST_030,2026-01-26 08:14:38,172.73,6,Rain,Low,Delivered,25.0,DEL_02253,DRV_0446,2.61,25.0,47.4,38.58,South Indian,4.1,8,0,0,Morning
ORD_02254,CUST_0388,REST_078,2026-05-10 19:49:37,568.8,6,Rain,High,Delivered,35.0,DEL_02254,DRV_0205,2.46,35.0,90.5,81.37,Biryani,3.9,19,6,1,Evening
ORD_02255,CUST_0241,REST_054,2026-01-27 11:40:21,100.0,6,Clear,Low,Delivered,29.0,DEL_02255,DRV_0213,5.01,29.0,59.4,13.22,Healthy,4.2,11,1,0,Morning
ORD_02256,CUST_0782,REST_087,2026-04-09 08:32:53,166.86,4,Clear,Medium,Delivered,18.0,DEL_02256,DRV_0097,2.59,18.0,43.6,29.24,Healthy,4.0,8,3,0,Morning
ORD_02257,CUST_0731,REST_011,2026-01-07 00:48:11,134.74,1,Rain,Low,Delivered,13.0,DEL_02257,DRV_0279,3.84,13.0,40.1,10.43,Pizza,4.9,0,2,0,Night
ORD_02258,CUST_0417,REST_031,2026-01-04 10:55:10,303.41,3,Cloudy,High,Delivered,28.0,DEL_02258,DRV_0449,5.4,28.0,72.9,19.91,North Indian,4.0,10,6,1,Morning
ORD_02259,CUST_0918,REST_006,2026-02-23 17:01:15,100.0,5,Clear,Medium,Delivered,23.0,DEL_02259,DRV_0236,0.59,23.0,39.8,20.45,Cafe,3.9,17,0,0,Evening
ORD_02260,CUST_0176,REST_011,2026-01-02 03:43:50,100.0,5,Cloudy,Low,Delivered,15.0,DEL_02260,DRV_0380,2.91,15.0,42.1,13.49,Pizza,4.9,3,4,0,Night
ORD_02261,CUST_0387,REST_077,2026-06-04 10:48:05,170.88,2,Cloudy,High,Delivered,18.0,DEL_02261,DRV_0168,2.54,18.0,58.4,25.28,Fast Food,4.1,10,3,0,Morning
ORD_02262,CUST_0471,REST_012,2026-05-02 00:09:21,425.5,4,Heavy Rain,Low,Delivered,20.0,DEL_02262,DRV_0060,4.47,20.0,63.7,30.98,South Indian,4.6,0,5,1,Night
ORD_02264,CUST_0233,REST_053,2026-05-21 04:30:43,100.0,6,Clear,Medium,Delivered,17.0,DEL_02264,DRV_0261,9.08,17.0,72.6,0.43,Desserts,5.0,4,3,0,Night
ORD_02265,CUST_0663,REST_099,2026-06-06 18:25:12,100.0,5,Cloudy,Medium,Delivered,34.0,DEL_02265,DRV_0355,8.06,34.0,69.1,15.93,Healthy,3.7,18,5,1,Evening
ORD_02266,CUST_0452,REST_036,2026-02-03 15:19:35,454.93,2,Rain,High,Delivered,17.0,DEL_02266,DRV_0402,3.09,17.0,57.5,40.23,Indian,3.0,15,1,0,Afternoon
ORD_02267,CUST_0277,REST_017,2026-01-16 06:23:41,128.81,1,Cloudy,High,Delivered,11.0,DEL_02267,DRV_0166,3.61,11.0,48.7,39.44,Pizza,4.5,6,4,0,Morning
ORD_02268,CUST_0229,REST_028,2026-03-04 03:35:46,107.92,5,Cloudy,High,Delivered,28.0,DEL_02268,DRV_0228,3.82,28.0,62.7,18.91,Indian,4.4,3,2,0,Night
ORD_02269,CUST_0171,REST_092,2026-06-10 10:53:38,408.53,2,Heavy Rain,High,Delivered,22.0,DEL_02269,DRV_0367,7.29,22.0,89.8,31.35,Indian,4.1,10,2,0,Morning
ORD_02270,CUST_0735,REST_022,2026-01-14 08:03:19,316.11,1,Cloudy,Medium,Delivered,21.0,DEL_02270,DRV_0413,9.72,21.0,69.4,50.71,Biryani,4.5,8,2,0,Morning
ORD_02272,CUST_0282,REST_015,2026-04-12 10:19:36,107.5,6,Cloudy,High,Delivered,31.0,DEL_02272,DRV_0060,5.13,31.0,75.8,15.01,Healthy,4.6,10,6,1,Morning
ORD_02273,CUST_0041,REST_096,2026-05-13 09:30:43,100.0,1,Cloudy,Medium,Delivered,27.0,DEL_02273,DRV_0164,1.38,27.0,40.1,17.79,Biryani,3.3,9,2,0,Morning
ORD_02274,CUST_0122,REST_011,2026-06-02 03:08:14,195.05,5,Clear,Low,Delivered,22.0,DEL_02274,DRV_0230,4.24,22.0,42.1,34.25,Pizza,4.9,3,1,0,Night
ORD_02275,CUST_0227,REST_024,2026-04-25 22:08:37,217.96,3,Clear,Medium,Delivered,33.0,DEL_02275,DRV_0370,7.84,33.0,79.0,28.62,Cafe,4.3,22,5,1,Night
ORD_02276,CUST_0294,REST_067,2026-03-24 20:11:46,221.52,1,Cloudy,High,Delivered,17.0,DEL_02276,DRV_0082,4.33,17.0,65.8,19.29,North Indian,3.1,20,1,0,Evening
ORD_02277,CUST_0600,REST_030,2026-03-01 17:37:38,408.71,3,Clear,Low,Delivered,20.0,DEL_02277,DRV_0157,4.23,20.0,46.9,38.22,South Indian,4.1,17,6,1,Evening
ORD_02278,CUST_0267,REST_070,2026-04-05 21:04:18,100.0,3,Rain,High,Delivered,14.0,DEL_02278,DRV_0415,1.44,14.0,58.9,16.57,Desserts,4.2,21,6,1,Evening
ORD_02279,CUST_0541,REST_066,2026-06-08 06:07:38,290.86,1,Clear,Medium,Delivered,23.0,DEL_02279,DRV_0191,10.11,23.0,78.2,45.69,North Indian,3.5,6,0,0,Morning
ORD_02280,CUST_0759,REST_061,2026-01-19 11:06:04,100.0,4,Heavy Rain,Low,Delivered,31.0,DEL_02280,DRV_0362,1.57,31.0,50.5,23.69,Healthy,4.4,11,0,0,Morning
ORD_02281,CUST_0828,REST_078,2026-01-08 10:25:13,290.22,1,Clear,High,Delivered,38.0,DEL_02281,DRV_0397,10.32,38.0,101.9,15.1,Biryani,3.9,10,3,0,Morning
ORD_02283,CUST_0449,REST_082,2026-04-12 23:35:09,115.85,6,Clear,Low,Delivered,37.0,DEL_02283,DRV_0374,12.1,37.0,90.3,30.35,Healthy,3.7,23,6,1,Night
ORD_02284,CUST_0756,REST_051,2026-05-24 23:56:13,129.61,3,Cloudy,Medium,Delivered,20.0,DEL_02284,DRV_0242,7.37,20.0,63.8,7.49,Healthy,3.6,23,6,1,Night
ORD_02285,CUST_0061,REST_044,2026-05-14 23:10:21,100.0,6,Clear,Medium,Delivered,23.0,DEL_02285,DRV_0222,7.95,23.0,71.0,18.9,Biryani,4.1,23,3,0,Night
ORD_02286,CUST_0502,REST_095,2026-03-04 01:03:13,185.35,5,Clear,High,Delivered,29.0,DEL_02286,DRV_0455,3.96,29.0,71.3,20.4,Pizza,3.7,1,2,0,Night
ORD_02287,CUST_0147,REST_013,2026-05-10 07:46:31,118.51,3,Cloudy,Low,Delivered,18.0,DEL_02287,DRV_0379,4.42,18.0,45.7,14.9,Cafe,3.2,7,6,1,Morning
ORD_02288,CUST_0686,REST_090,2026-01-31 21:41:51,279.35,5,Clear,Low,Delivered,38.0,DEL_02288,DRV_0168,3.98,38.0,63.9,28.36,North Indian,4.2,21,5,1,Evening
ORD_02289,CUST_0945,REST_012,2026-01-29 16:11:52,257.76,2,Cloudy,Medium,Delivered,11.0,DEL_02289,DRV_0121,2.52,11.0,38.7,25.43,South Indian,4.6,16,3,0,Afternoon
ORD_02290,CUST_0790,REST_082,2026-02-15 17:53:50,458.74,2,Rain,Medium,Delivered,29.0,DEL_02290,DRV_0454,5.14,29.0,63.4,59.46,Healthy,3.7,17,6,1,Evening
ORD_02291,CUST_0334,REST_009,2026-02-01 17:28:30,221.73,6,Rain,Medium,Delivered,17.0,DEL_02291,DRV_0002,2.16,17.0,49.3,23.93,Biryani,4.6,17,6,1,Evening
ORD_02292,CUST_0881,REST_085,2026-03-04 03:52:57,241.38,2,Clear,High,Delivered,11.0,DEL_02292,DRV_0118,3.0,11.0,51.9,18.84,South Indian,3.4,3,2,0,Night
ORD_02293,CUST_0953,REST_048,2026-05-07 01:44:34,391.53,1,Cloudy,High,Delivered,38.0,DEL_02293,DRV_0136,2.94,38.0,81.0,46.76,Chinese,4.0,1,3,0,Night
ORD_02294,CUST_0891,REST_049,2026-02-03 04:22:46,128.35,3,Clear,High,Delivered,26.0,DEL_02294,DRV_0330,3.13,26.0,67.9,23.23,Cafe,3.6,4,1,0,Night
ORD_02295,CUST_0142,REST_053,2026-05-11 03:36:42,100.0,5,Rain,Low,Delivered,23.0,DEL_02295,DRV_0127,2.63,23.0,42.0,31.76,Desserts,5.0,3,0,0,Night
ORD_02296,CUST_0044,REST_056,2026-01-23 01:47:53,202.36,6,Rain,High,Delivered,36.0,DEL_02296,DRV_0241,1.28,36.0,71.0,14.6,Desserts,4.2,1,4,0,Night
ORD_02297,CUST_0144,REST_040,2026-06-27 22:52:33,100.0,6,Clear,Medium,Delivered,30.0,DEL_02297,DRV_0374,2.09,30.0,49.7,14.86,Desserts,4.1,22,5,1,Night
ORD_02298,CUST_0865,REST_024,2026-06-20 00:53:55,699.01,2,Clear,Low,Delivered,39.0,DEL_02298,DRV_0108,5.95,39.0,71.1,65.6,Cafe,4.3,0,5,1,Night
ORD_02299,CUST_0333,REST_098,2026-05-19 23:17:15,403.64,2,Clear,Medium,Delivered,26.0,DEL_02299,DRV_0299,3.49,26.0,49.2,63.52,Biryani,4.7,23,1,0,Night
ORD_02300,CUST_0998,REST_072,2026-06-17 13:50:04,595.97,5,Clear,Low,Delivered,15.0,DEL_02300,DRV_0433,3.78,15.0,51.5,50.65,Chinese,3.8,13,2,0,Afternoon
ORD_02302,CUST_0396,REST_023,2026-05-02 22:35:08,245.38,3,Cloudy,Medium,Delivered,35.0,DEL_02302,DRV_0406,12.91,35.0,100.1,46.52,South Indian,4.6,22,5,1,Night
ORD_02303,CUST_0055,REST_077,2026-05-08 19:59:33,140.79,6,Clear,High,Delivered,14.0,DEL_02303,DRV_0458,10.87,14.0,88.3,15.65,Fast Food,4.1,19,4,0,Evening
ORD_02304,CUST_0307,REST_054,2026-04-11 08:23:22,294.6,5,Cloudy,Low,Delivered,22.0,DEL_02304,DRV_0500,10.33,22.0,62.1,46.04,Healthy,4.2,8,5,1,Morning
ORD_02305,CUST_0870,REST_053,2026-03-07 09:16:36,100.0,6,Rain,Medium,Delivered,19.0,DEL_02305,DRV_0163,7.13,19.0,65.2,19.13,Desserts,5.0,9,5,1,Morning
ORD_02306,CUST_0423,REST_049,2026-04-18 15:35:40,100.0,4,Cloudy,Low,Delivered,25.0,DEL_02306,DRV_0275,8.74,25.0,66.7,21.05,Cafe,3.6,15,5,1,Afternoon
ORD_02307,CUST_0417,REST_078,2026-01-26 06:02:32,117.34,3,Clear,High,Delivered,39.0,DEL_02307,DRV_0388,9.15,39.0,102.9,26.39,Biryani,3.9,6,0,0,Morning
ORD_02308,CUST_0673,REST_078,2026-01-02 13:38:33,100.0,5,Cloudy,Medium,Delivered,38.0,DEL_02308,DRV_0019,9.41,38.0,93.6,13.9,Biryani,3.9,13,4,0,Afternoon
ORD_02309,CUST_0797,REST_080,2026-04-09 09:05:23,408.65,5,Cloudy,Low,Delivered,35.0,DEL_02309,DRV_0233,2.04,35.0,46.1,45.4,South Indian,5.0,9,3,0,Morning
ORD_02310,CUST_0325,REST_049,2026-02-17 06:02:44,492.07,6,Rain,Low,Delivered,24.0,DEL_02310,DRV_0020,4.01,24.0,46.0,32.29,Cafe,3.6,6,1,0,Morning
ORD_02311,CUST_0710,REST_060,2026-02-24 20:18:27,100.0,2,Clear,Medium,Delivered,16.0,DEL_02311,DRV_0241,5.0,16.0,66.6,20.53,Chinese,4.2,20,1,0,Evening
ORD_02312,CUST_0671,REST_090,2026-05-21 17:13:49,368.87,5,Clear,Medium,Delivered,39.0,DEL_02312,DRV_0260,1.58,39.0,53.2,39.83,North Indian,4.2,17,3,0,Evening
ORD_02313,CUST_0080,REST_090,2026-03-09 18:16:12,305.9,6,Cloudy,Medium,Delivered,36.0,DEL_02313,DRV_0049,1.22,36.0,53.0,52.56,North Indian,4.2,18,0,0,Evening
ORD_02314,CUST_0031,REST_065,2026-02-14 23:47:19,100.0,1,Cloudy,Low,Delivered,19.0,DEL_02314,DRV_0154,5.43,19.0,48.2,3.87,South Indian,4.7,23,5,1,Night
ORD_02315,CUST_0985,REST_032,2026-01-08 17:49:35,146.26,2,Cloudy,Medium,Delivered,15.0,DEL_02315,DRV_0003,2.34,15.0,32.6,19.84,Healthy,3.9,17,3,0,Evening
ORD_02316,CUST_0112,REST_079,2026-05-10 02:50:52,131.75,2,Clear,Low,Delivered,24.0,DEL_02316,DRV_0308,5.98,24.0,45.8,19.87,Healthy,4.4,2,6,1,Night
ORD_02317,CUST_0558,REST_021,2026-04-19 00:04:39,273.53,3,Cloudy,Medium,Delivered,24.0,DEL_02317,DRV_0478,6.19,24.0,60.2,40.04,Fast Food,3.7,0,6,1,Night
ORD_02318,CUST_0865,REST_018,2026-04-27 13:49:02,100.0,4,Clear,High,Delivered,36.0,DEL_02318,DRV_0384,4.06,36.0,86.1,22.88,Pizza,3.6,13,0,0,Afternoon
ORD_02319,CUST_0717,REST_094,2026-05-02 20:34:58,171.68,3,Clear,Medium,Delivered,18.0,DEL_02319,DRV_0292,4.13,18.0,46.4,20.0,Cafe,4.6,20,5,1,Evening
ORD_02320,CUST_0564,REST_060,2026-03-11 13:18:56,124.3,1,Cloudy,Low,Delivered,16.0,DEL_02320,DRV_0169,3.02,16.0,50.6,11.51,Chinese,4.2,13,2,0,Afternoon
ORD_02321,CUST_0650,REST_013,2026-01-02 12:40:53,235.18,6,Clear,High,Delivered,16.0,DEL_02321,DRV_0198,1.74,16.0,59.5,20.63,Cafe,3.2,12,4,0,Afternoon
ORD_02322,CUST_0472,REST_024,2026-06-10 00:24:01,160.9,2,Clear,Low,Delivered,37.0,DEL_02322,DRV_0179,5.58,37.0,52.8,43.85,Cafe,4.3,0,2,0,Night
ORD_02323,CUST_0074,REST_030,2026-03-04 21:02:41,135.05,2,Cloudy,Medium,Delivered,20.0,DEL_02323,DRV_0103,4.07,20.0,61.7,24.74,South Indian,4.1,21,2,0,Evening
ORD_02324,CUST_0553,REST_002,2026-06-25 11:12:50,161.21,5,Cloudy,Medium,Delivered,42.0,DEL_02324,DRV_0219,2.05,42.0,68.6,13.29,North Indian,4.2,11,3,0,Morning
ORD_02325,CUST_0479,REST_083,2026-02-18 01:54:47,555.47,4,Clear,Low,Delivered,18.0,DEL_02325,DRV_0016,3.74,18.0,34.0,66.25,Pizza,4.8,1,2,0,Night
ORD_02326,CUST_0589,REST_025,2026-06-23 21:17:54,144.13,4,Cloudy,Low,Delivered,29.0,DEL_02326,DRV_0047,8.14,29.0,76.0,31.63,South Indian,4.0,21,1,0,Evening
ORD_02327,CUST_0387,REST_050,2026-04-30 07:19:27,102.25,5,Clear,Low,Delivered,27.0,DEL_02327,DRV_0336,1.21,27.0,50.2,10.11,Desserts,4.0,7,3,0,Morning
ORD_02328,CUST_0699,REST_014,2026-03-13 09:35:50,249.86,1,Clear,High,Delivered,29.0,DEL_02328,DRV_0046,4.54,29.0,71.0,29.68,Fast Food,5.0,9,4,0,Morning
ORD_02329,CUST_0882,REST_006,2026-03-08 07:06:01,167.51,4,Clear,High,Delivered,21.0,DEL_02329,DRV_0100,1.93,21.0,51.2,21.6,Cafe,3.9,7,6,1,Morning
ORD_02330,CUST_0564,REST_076,2026-06-25 19:57:45,100.0,2,Clear,Medium,Delivered,18.0,DEL_02330,DRV_0183,3.73,18.0,54.9,14.86,Chinese,3.7,19,3,0,Evening
ORD_02331,CUST_0930,REST_084,2026-01-01 02:58:48,618.52,1,Heavy Rain,Low,Delivered,20.0,DEL_02331,DRV_0354,0.8,20.0,46.1,90.84,North Indian,3.3,2,3,0,Night
ORD_02332,CUST_0433,REST_087,2026-02-28 20:56:28,149.33,3,Clear,High,Delivered,18.0,DEL_02332,DRV_0487,1.33,18.0,61.1,25.12,Healthy,4.0,20,5,1,Evening
ORD_02333,CUST_0412,REST_030,2026-03-12 18:07:03,147.26,3,Rain,Medium,Delivered,22.0,DEL_02333,DRV_0216,1.22,22.0,37.7,22.18,South Indian,4.1,18,3,0,Evening
ORD_02334,CUST_0467,REST_030,2026-05-03 17:22:56,197.93,1,Rain,Medium,Delivered,23.0,DEL_02334,DRV_0380,12.01,23.0,81.3,32.28,South Indian,4.1,17,6,1,Evening
ORD_02335,CUST_0599,REST_038,2026-01-27 19:12:54,469.45,2,Heavy Rain,Medium,Delivered,33.0,DEL_02335,DRV_0423,5.38,33.0,85.9,30.22,Indian,3.7,19,1,0,Evening
ORD_02336,CUST_0621,REST_058,2026-02-03 19:03:18,100.0,3,Clear,Medium,Delivered,19.0,DEL_02336,DRV_0134,2.33,19.0,51.8,13.32,Fast Food,4.7,19,1,0,Evening
ORD_02337,CUST_0992,REST_094,2026-04-20 02:46:15,210.99,6,Rain,Medium,Delivered,23.0,DEL_02337,DRV_0340,2.42,23.0,54.5,35.5,Cafe,4.6,2,0,0,Night
ORD_02338,CUST_0909,REST_041,2026-04-10 06:40:15,571.35,2,Heavy Rain,Medium,Delivered,31.0,DEL_02338,DRV_0317,6.91,31.0,76.9,20.29,North Indian,4.9,6,4,0,Morning
ORD_02339,CUST_0737,REST_094,2026-02-02 20:46:33,194.57,5,Clear,Medium,Delivered,23.0,DEL_02339,DRV_0009,6.1,23.0,69.8,13.76,Cafe,4.6,20,0,0,Evening
ORD_02340,CUST_0994,REST_057,2026-05-30 04:44:04,100.0,4,Clear,High,Delivered,22.0,DEL_02340,DRV_0497,4.23,22.0,62.2,21.99,Desserts,4.7,4,5,1,Night
ORD_02341,CUST_0993,REST_036,2026-02-28 10:32:24,129.01,1,Clear,Medium,Delivered,21.0,DEL_02341,DRV_0213,10.24,21.0,71.5,22.81,Indian,3.0,10,5,1,Morning
ORD_02342,CUST_0248,REST_064,2026-05-05 19:00:07,203.12,4,Cloudy,Medium,Delivered,6.0,DEL_02342,DRV_0139,2.42,6.0,42.8,14.66,Biryani,5.0,19,1,0,Evening
ORD_02343,CUST_0581,REST_098,2026-04-21 01:08:53,376.89,5,Cloudy,Low,Delivered,28.0,DEL_02343,DRV_0496,1.26,28.0,36.8,57.52,Biryani,4.7,1,1,0,Night
ORD_02344,CUST_0120,REST_016,2026-03-05 07:05:57,150.41,3,Clear,High,Delivered,29.0,DEL_02344,DRV_0222,9.84,29.0,92.9,10.51,Indian,3.7,7,3,0,Morning
ORD_02345,CUST_0067,REST_088,2026-06-15 14:10:04,285.62,6,Rain,Low,Delivered,33.0,DEL_02345,DRV_0321,3.06,33.0,66.7,45.72,Cafe,3.8,14,0,0,Afternoon
ORD_02346,CUST_0573,REST_078,2026-01-13 06:59:59,100.0,2,Clear,Low,Delivered,33.0,DEL_02346,DRV_0091,1.3,33.0,35.9,19.06,Biryani,3.9,6,1,0,Morning
ORD_02347,CUST_0956,REST_090,2026-05-05 20:06:06,100.0,2,Rain,High,Delivered,32.0,DEL_02347,DRV_0378,4.37,32.0,93.9,23.85,North Indian,4.2,20,1,0,Evening
ORD_02348,CUST_0327,REST_072,2026-02-02 08:28:37,139.0,5,Clear,Low,Delivered,14.0,DEL_02348,DRV_0315,4.95,14.0,34.2,16.66,Chinese,3.8,8,0,0,Morning
ORD_02349,CUST_0920,REST_014,2026-02-18 12:18:53,399.78,1,Cloudy,Medium,Delivered,29.0,DEL_02349,DRV_0112,4.25,29.0,62.6,46.64,Fast Food,5.0,12,2,0,Afternoon
ORD_02350,CUST_0703,REST_031,2026-02-15 12:49:07,188.27,4,Clear,High,Delivered,27.0,DEL_02350,DRV_0113,9.47,27.0,96.3,26.63,North Indian,4.0,12,6,1,Afternoon
ORD_02351,CUST_0470,REST_066,2026-04-08 19:39:47,212.6,6,Clear,Medium,Delivered,30.0,DEL_02351,DRV_0198,12.52,30.0,100.8,34.74,North Indian,3.5,19,2,0,Evening
ORD_02352,CUST_0493,REST_068,2026-03-12 05:15:09,211.23,3,Cloudy,Low,Delivered,21.0,DEL_02352,DRV_0374,3.09,21.0,42.5,35.25,Indian,4.5,5,3,0,Night
ORD_02353,CUST_0701,REST_065,2026-03-15 18:56:01,333.64,1,Clear,Medium,Delivered,18.0,DEL_02353,DRV_0491,7.49,18.0,56.5,21.99,South Indian,4.7,18,6,1,Evening
ORD_02354,CUST_0663,REST_055,2026-06-15 16:18:36,129.59,6,Cloudy,High,Delivered,45.0,DEL_02354,DRV_0263,3.39,45.0,85.0,21.3,North Indian,4.2,16,0,0,Afternoon
ORD_02355,CUST_0286,REST_084,2026-04-21 02:49:14,264.69,6,Rain,Medium,Delivered,19.0,DEL_02355,DRV_0368,9.77,19.0,88.9,41.4,North Indian,3.3,2,1,0,Night
ORD_02356,CUST_0956,REST_078,2026-01-26 00:15:57,114.78,5,Clear,Medium,Delivered,39.0,DEL_02356,DRV_0378,1.56,39.0,55.3,7.94,Biryani,3.9,0,0,0,Night
ORD_02357,CUST_0914,REST_040,2026-02-19 22:21:23,539.58,5,Rain,High,Delivered,29.0,DEL_02357,DRV_0317,4.76,29.0,79.8,47.37,Desserts,4.1,22,3,0,Night
ORD_02358,CUST_0608,REST_025,2026-01-18 14:44:36,116.72,2,Clear,Medium,Delivered,28.0,DEL_02358,DRV_0313,6.45,28.0,65.6,26.19,South Indian,4.0,14,6,1,Afternoon
ORD_02360,CUST_0309,REST_003,2026-06-02 08:51:07,245.26,1,Clear,Medium,Delivered,15.0,DEL_02360,DRV_0162,3.25,15.0,39.5,19.37,South Indian,4.4,8,1,0,Morning
ORD_02361,CUST_0775,REST_069,2026-05-08 01:08:15,189.4,2,Heavy Rain,Medium,Delivered,24.0,DEL_02361,DRV_0084,4.0,24.0,63.9,25.18,Chinese,3.7,1,4,0,Night
ORD_02362,CUST_0097,REST_026,2026-03-09 23:55:00,216.97,3,Clear,Medium,Delivered,39.0,DEL_02362,DRV_0045,6.13,39.0,70.4,37.59,Fast Food,3.0,23,0,0,Night
ORD_02363,CUST_0965,REST_040,2026-05-28 08:23:11,205.41,4,Rain,Low,Delivered,30.0,DEL_02363,DRV_0045,4.85,30.0,58.6,22.69,Desserts,4.1,8,3,0,Morning
ORD_02364,CUST_0113,REST_038,2026-04-12 07:10:12,100.0,4,Heavy Rain,Low,Delivered,36.0,DEL_02364,DRV_0271,4.66,36.0,65.2,13.58,Indian,3.7,7,6,1,Morning
ORD_02365,CUST_0988,REST_038,2026-06-25 13:37:07,440.25,2,Clear,Medium,Delivered,35.0,DEL_02365,DRV_0495,3.17,35.0,66.2,69.02,Indian,3.7,13,3,0,Afternoon
ORD_02366,CUST_0637,REST_068,2026-02-27 00:28:48,296.32,1,Cloudy,Medium,Delivered,24.0,DEL_02366,DRV_0393,2.17,24.0,43.7,52.53,Indian,4.5,0,4,0,Night
ORD_02368,CUST_0463,REST_094,2026-03-04 01:09:45,135.56,4,Clear,High,Delivered,18.0,DEL_02368,DRV_0174,2.03,18.0,52.2,12.83,Cafe,4.6,1,2,0,Night
ORD_02370,CUST_0132,REST_019,2026-04-27 02:05:53,202.06,1,Clear,High,Delivered,21.0,DEL_02370,DRV_0174,10.66,21.0,92.3,22.75,Indian,4.4,2,0,0,Night
ORD_02371,CUST_0930,REST_035,2026-02-25 11:31:20,337.11,2,Rain,Medium,Delivered,27.0,DEL_02371,DRV_0036,7.28,27.0,72.6,27.05,North Indian,4.8,11,2,0,Morning
ORD_02372,CUST_0965,REST_033,2026-06-02 14:00:22,343.14,5,Rain,Medium,Delivered,26.0,DEL_02372,DRV_0302,3.34,26.0,71.5,56.93,Fast Food,4.1,14,1,0,Afternoon
ORD_02373,CUST_0929,REST_033,2026-02-13 06:14:04,201.58,6,Clear,Medium,Delivered,31.0,DEL_02373,DRV_0298,1.16,31.0,52.8,31.46,Fast Food,4.1,6,4,0,Morning
ORD_02374,CUST_0121,REST_078,2026-03-23 00:04:33,100.0,3,Clear,Medium,Delivered,36.0,DEL_02374,DRV_0158,6.49,36.0,68.3,17.78,Biryani,3.9,0,0,0,Night
ORD_02375,CUST_0197,REST_038,2026-04-02 20:09:28,482.42,4,Rain,High,Delivered,32.0,DEL_02375,DRV_0139,1.63,32.0,68.0,74.88,Indian,3.7,20,3,0,Evening
ORD_02376,CUST_0806,REST_010,2026-06-04 22:24:41,246.11,6,Clear,Low,Delivered,26.0,DEL_02376,DRV_0374,2.69,26.0,38.1,39.91,Healthy,4.9,22,3,0,Night
ORD_02377,CUST_0482,REST_057,2026-06-03 15:45:44,129.72,6,Cloudy,Medium,Delivered,27.0,DEL_02377,DRV_0033,3.12,27.0,59.9,27.62,Desserts,4.7,15,2,0,Afternoon
ORD_02378,CUST_0634,REST_028,2026-04-04 19:55:54,226.69,5,Clear,Low,Delivered,26.0,DEL_02378,DRV_0251,2.19,26.0,44.8,32.55,Indian,4.4,19,5,1,Evening
ORD_02379,CUST_0794,REST_078,2026-02-24 15:01:44,100.0,6,Rain,Low,Delivered,33.0,DEL_02379,DRV_0382,2.51,33.0,52.1,23.31,Biryani,3.9,15,1,0,Afternoon
ORD_02380,CUST_0897,REST_100,2026-04-06 23:38:01,323.9,1,Rain,Medium,Delivered,31.0,DEL_02380,DRV_0366,4.8,31.0,66.1,40.41,Pizza,3.9,23,0,0,Night
ORD_02382,CUST_0039,REST_016,2026-05-24 03:52:03,160.54,3,Clear,Medium,Delivered,31.0,DEL_02382,DRV_0326,6.12,31.0,62.0,23.66,Indian,3.7,3,6,1,Night
ORD_02383,CUST_0566,REST_021,2026-02-19 10:04:25,207.36,1,Clear,High,Delivered,22.0,DEL_02383,DRV_0171,8.55,22.0,72.4,29.08,Fast Food,3.7,10,3,0,Morning
ORD_02385,CUST_0474,REST_097,2026-02-25 07:31:14,192.21,1,Clear,Low,Delivered,14.0,DEL_02385,DRV_0167,13.29,14.0,73.0,15.7,Cafe,4.7,7,2,0,Morning
ORD_02386,CUST_0161,REST_006,2026-06-14 18:07:54,257.04,4,Cloudy,Medium,Delivered,19.0,DEL_02386,DRV_0125,12.42,19.0,91.5,45.15,Cafe,3.9,18,6,1,Evening
ORD_02387,CUST_0289,REST_041,2026-05-31 07:37:12,178.49,4,Clear,High,Delivered,34.0,DEL_02387,DRV_0214,3.36,34.0,69.0,33.24,North Indian,4.9,7,6,1,Morning
ORD_02388,CUST_0200,REST_015,2026-06-06 03:52:02,178.09,5,Clear,Low,Delivered,30.0,DEL_02388,DRV_0295,12.95,30.0,79.9,34.58,Healthy,4.6,3,5,1,Night
ORD_02389,CUST_0788,REST_003,2026-04-08 17:53:53,190.0,1,Rain,Medium,Delivered,9.0,DEL_02389,DRV_0181,2.46,9.0,39.4,28.51,South Indian,4.4,17,2,0,Evening
ORD_02390,CUST_0528,REST_043,2026-01-12 11:00:55,163.37,6,Cloudy,High,Delivered,19.0,DEL_02390,DRV_0083,3.85,19.0,65.2,19.2,Fast Food,3.7,11,0,0,Morning
ORD_02391,CUST_0917,REST_047,2026-04-24 16:48:07,100.0,4,Clear,Low,Delivered,28.0,DEL_02391,DRV_0470,4.11,28.0,46.7,21.05,Desserts,4.4,16,4,0,Afternoon
ORD_02392,CUST_0685,REST_099,2026-05-30 11:51:42,118.8,2,Cloudy,High,Delivered,31.0,DEL_02392,DRV_0415,3.22,31.0,63.2,17.61,Healthy,3.7,11,5,1,Morning
ORD_02393,CUST_0503,REST_014,2026-05-12 19:21:42,207.4,5,Rain,Medium,Delivered,31.0,DEL_02393,DRV_0362,0.97,31.0,65.1,25.82,Fast Food,5.0,19,1,0,Evening
ORD_02394,CUST_0248,REST_066,2026-06-21 09:32:02,158.06,6,Cloudy,Low,Delivered,27.0,DEL_02394,DRV_0319,1.06,27.0,34.9,23.04,North Indian,3.5,9,6,1,Morning
ORD_02395,CUST_0383,REST_029,2026-04-14 09:37:43,166.39,3,Clear,Medium,Delivered,33.0,DEL_02395,DRV_0025,3.61,33.0,61.2,15.57,Pizza,3.9,9,1,0,Morning
ORD_02396,CUST_0218,REST_004,2026-06-24 10:46:01,151.74,1,Clear,Medium,Delivered,13.0,DEL_02396,DRV_0246,8.97,13.0,66.1,15.03,Healthy,3.7,10,2,0,Morning
ORD_02397,CUST_0087,REST_026,2026-05-10 14:57:48,112.73,4,Rain,Low,Delivered,35.0,DEL_02397,DRV_0041,4.19,35.0,67.0,17.15,Fast Food,3.0,14,6,1,Afternoon
ORD_02398,CUST_0082,REST_012,2026-05-25 09:48:12,138.21,6,Rain,Medium,Delivered,16.0,DEL_02398,DRV_0434,2.64,16.0,58.3,29.23,South Indian,4.6,9,0,0,Morning
ORD_02399,CUST_0062,REST_002,2026-03-25 09:40:09,153.12,2,Cloudy,Medium,Delivered,39.0,DEL_02399,DRV_0059,7.48,39.0,81.5,26.21,North Indian,4.2,9,2,0,Morning
ORD_02400,CUST_0799,REST_017,2026-03-11 04:53:32,181.79,1,Clear,Medium,Delivered,13.0,DEL_02400,DRV_0177,6.41,13.0,40.7,27.19,Pizza,4.5,4,2,0,Night
ORD_02401,CUST_0500,REST_035,2026-02-15 00:07:19,225.06,2,Cloudy,Low,Delivered,28.0,DEL_02401,DRV_0030,5.37,28.0,58.8,51.86,North Indian,4.8,0,6,1,Night
ORD_02402,CUST_0042,REST_010,2026-06-03 21:32:31,164.14,5,Rain,High,Delivered,33.0,DEL_02402,DRV_0045,2.55,33.0,69.6,18.19,Healthy,4.9,21,2,0,Evening
ORD_02403,CUST_0012,REST_086,2026-03-12 17:14:04,102.89,4,Clear,Medium,Delivered,33.0,DEL_02403,DRV_0452,4.55,33.0,67.8,18.11,Chinese,3.8,17,3,0,Evening
ORD_02404,CUST_0833,REST_043,2026-06-13 00:28:24,100.0,4,Clear,High,Delivered,24.0,DEL_02404,DRV_0309,0.5,24.0,49.5,14.8,Fast Food,3.7,0,5,1,Night
ORD_02405,CUST_0746,REST_021,2026-04-16 15:26:33,756.42,5,Cloudy,High,Delivered,17.0,DEL_02405,DRV_0154,9.21,17.0,80.7,38.62,Fast Food,3.7,15,3,0,Afternoon
ORD_02406,CUST_0841,REST_015,2026-03-14 15:13:09,100.0,2,Rain,Medium,Delivered,33.0,DEL_02406,DRV_0455,6.52,33.0,78.1,21.35,Healthy,4.6,15,5,1,Afternoon
ORD_02407,CUST_0643,REST_035,2026-02-24 01:24:20,136.29,1,Clear,Low,Delivered,30.0,DEL_02407,DRV_0040,2.99,30.0,48.5,19.68,North Indian,4.8,1,1,0,Night
ORD_02408,CUST_0115,REST_085,2026-03-22 09:24:49,240.89,2,Cloudy,High,Delivered,15.0,DEL_02408,DRV_0496,4.79,15.0,59.3,22.77,South Indian,3.4,9,6,1,Morning
ORD_02409,CUST_0218,REST_085,2026-02-10 23:44:10,221.07,1,Cloudy,High,Delivered,19.0,DEL_02409,DRV_0140,3.64,19.0,60.3,35.09,South Indian,3.4,23,1,0,Night
ORD_02410,CUST_0649,REST_085,2026-03-15 22:52:56,241.41,6,Cloudy,Low,Delivered,11.0,DEL_02410,DRV_0257,4.71,11.0,40.8,27.03,South Indian,3.4,22,6,1,Night
ORD_02411,CUST_0106,REST_060,2026-03-10 12:09:09,142.1,5,Cloudy,Medium,Delivered,16.0,DEL_02411,DRV_0070,15.41,16.0,90.6,26.87,Chinese,4.2,12,1,0,Afternoon
ORD_02413,CUST_0528,REST_096,2026-03-05 12:33:12,187.49,1,Clear,Low,Delivered,25.0,DEL_02413,DRV_0136,7.82,25.0,74.7,16.2,Biryani,3.3,12,3,0,Afternoon
ORD_02414,CUST_0472,REST_005,2026-06-30 07:32:23,152.68,4,Clear,Medium,Delivered,36.0,DEL_02414,DRV_0236,7.85,36.0,80.0,10.03,Chinese,4.4,7,1,0,Morning
ORD_02415,CUST_0754,REST_073,2026-05-27 07:43:53,207.47,6,Cloudy,Low,Delivered,33.0,DEL_02415,DRV_0112,9.87,33.0,80.4,34.13,South Indian,3.9,7,2,0,Morning
ORD_02416,CUST_0846,REST_018,2026-05-14 23:58:58,323.91,4,Clear,High,Delivered,40.0,DEL_02416,DRV_0033,10.05,40.0,107.8,19.66,Pizza,3.6,23,3,0,Night
ORD_02417,CUST_0893,REST_021,2026-01-15 07:23:56,179.07,6,Cloudy,High,Delivered,21.0,DEL_02417,DRV_0196,7.02,21.0,75.2,28.09,Fast Food,3.7,7,3,0,Morning
ORD_02418,CUST_0387,REST_072,2026-02-14 00:42:58,179.73,4,Cloudy,Medium,Delivered,24.0,DEL_02418,DRV_0371,4.42,24.0,57.4,33.9,Chinese,3.8,0,5,1,Night
ORD_02419,CUST_0226,REST_098,2026-04-25 23:46:41,326.19,2,Clear,Low,Delivered,27.0,DEL_02419,DRV_0178,1.95,27.0,35.7,63.18,Biryani,4.7,23,5,1,Night
ORD_02420,CUST_0481,REST_074,2026-04-23 22:42:39,307.58,2,Cloudy,Medium,Delivered,6.0,DEL_02420,DRV_0360,5.79,6.0,39.0,52.46,Indian,4.2,22,3,0,Night
ORD_02421,CUST_0754,REST_051,2026-04-29 13:52:48,433.19,2,Cloudy,Medium,Delivered,11.0,DEL_02421,DRV_0134,4.0,11.0,57.7,59.32,Healthy,3.6,13,2,0,Afternoon
ORD_02422,CUST_0408,REST_041,2026-02-21 03:47:27,100.0,6,Clear,Medium,Delivered,33.0,DEL_02422,DRV_0493,2.12,33.0,49.7,0.1,North Indian,4.9,3,5,1,Night
ORD_02424,CUST_0653,REST_024,2026-03-26 15:44:17,252.36,4,Rain,Medium,Delivered,37.0,DEL_02424,DRV_0191,1.44,37.0,60.6,38.83,Cafe,4.3,15,3,0,Afternoon
ORD_02425,CUST_0898,REST_096,2026-05-25 12:13:01,111.37,1,Clear,Medium,Delivered,35.0,DEL_02425,DRV_0436,3.4,35.0,68.7,18.46,Biryani,3.3,12,0,0,Afternoon
ORD_02426,CUST_0711,REST_097,2026-05-17 18:49:01,208.17,6,Cloudy,High,Delivered,19.0,DEL_02426,DRV_0387,8.01,19.0,76.7,19.89,Cafe,4.7,18,6,1,Evening
ORD_02427,CUST_0624,REST_038,2026-03-28 22:42:09,323.15,4,Clear,High,Delivered,32.0,DEL_02427,DRV_0335,4.43,32.0,71.6,47.58,Indian,3.7,22,5,1,Night
ORD_02428,CUST_0639,REST_044,2026-05-31 06:10:20,114.89,1,Clear,Medium,Delivered,25.0,DEL_02428,DRV_0454,6.59,25.0,56.1,27.76,Biryani,4.1,6,6,1,Morning
ORD_02429,CUST_0021,REST_057,2026-01-24 04:02:34,231.23,2,Clear,Medium,Delivered,21.0,DEL_02429,DRV_0006,6.39,21.0,64.9,29.13,Desserts,4.7,4,5,1,Night
ORD_02430,CUST_0659,REST_059,2026-02-01 20:44:42,292.73,6,Rain,Low,Delivered,39.0,DEL_02430,DRV_0293,4.18,39.0,77.7,36.27,Pizza,4.0,20,6,1,Evening
ORD_02431,CUST_0601,REST_034,2026-05-13 02:55:48,100.58,3,Clear,Low,Delivered,18.0,DEL_02431,DRV_0179,7.2,18.0,59.0,7.21,Desserts,4.0,2,2,0,Night
ORD_02432,CUST_0815,REST_075,2026-06-29 18:32:19,167.63,2,Clear,High,Delivered,13.0,DEL_02432,DRV_0283,4.56,13.0,53.4,31.78,Fast Food,3.5,18,0,0,Evening
ORD_02433,CUST_0918,REST_095,2026-02-11 15:54:56,213.91,5,Cloudy,Medium,Delivered,28.0,DEL_02433,DRV_0106,1.75,28.0,52.1,32.43,Pizza,3.7,15,2,0,Afternoon
ORD_02434,CUST_0203,REST_082,2026-02-10 05:52:30,116.99,1,Clear,Low,Delivered,35.0,DEL_02434,DRV_0489,4.06,35.0,44.5,5.93,Healthy,3.7,5,1,0,Night
ORD_02435,CUST_0417,REST_023,2026-05-11 04:33:18,111.77,3,Clear,Medium,Delivered,42.0,DEL_02435,DRV_0430,13.15,42.0,99.6,17.75,South Indian,4.6,4,0,0,Night
ORD_02436,CUST_0416,REST_086,2026-04-09 04:22:16,168.3,2,Clear,High,Delivered,43.0,DEL_02436,DRV_0246,2.4,43.0,64.7,14.98,Chinese,3.8,4,3,0,Night
ORD_02438,CUST_0512,REST_082,2026-01-20 16:00:19,258.28,3,Cloudy,Low,Delivered,36.0,DEL_02438,DRV_0379,0.5,36.0,37.9,36.57,Healthy,3.7,16,1,0,Afternoon
ORD_02439,CUST_0085,REST_040,2026-01-15 21:28:36,112.87,4,Clear,High,Delivered,27.0,DEL_02439,DRV_0231,1.39,27.0,62.5,19.1,Desserts,4.1,21,3,0,Evening
ORD_02440,CUST_0167,REST_047,2026-03-05 23:53:42,259.48,1,Clear,Medium,Delivered,34.0,DEL_02440,DRV_0401,2.22,34.0,53.6,31.75,Desserts,4.4,23,3,0,Night
ORD_02441,CUST_0384,REST_041,2026-04-08 19:10:09,114.46,5,Rain,Medium,Delivered,32.0,DEL_02441,DRV_0215,1.56,32.0,65.4,17.35,North Indian,4.9,19,2,0,Evening
ORD_02442,CUST_0468,REST_047,2026-03-18 16:47:51,100.0,4,Rain,Low,Delivered,28.0,DEL_02442,DRV_0273,8.17,28.0,66.1,16.62,Desserts,4.4,16,2,0,Afternoon
ORD_02443,CUST_0072,REST_020,2026-03-17 06:44:26,148.13,3,Rain,High,Delivered,18.0,DEL_02443,DRV_0105,1.21,18.0,63.0,27.96,Desserts,3.4,6,1,0,Morning
ORD_02444,CUST_0810,REST_077,2026-01-24 07:14:39,336.18,2,Rain,High,Delivered,14.0,DEL_02444,DRV_0374,2.41,14.0,57.0,51.19,Fast Food,4.1,7,5,1,Morning
ORD_02445,CUST_0997,REST_065,2026-06-12 10:54:41,260.03,1,Cloudy,Medium,Delivered,15.0,DEL_02445,DRV_0023,7.15,15.0,69.5,45.22,South Indian,4.7,10,4,0,Morning
ORD_02446,CUST_0521,REST_068,2026-06-24 05:36:26,181.12,6,Cloudy,Low,Delivered,25.0,DEL_02446,DRV_0295,5.34,25.0,48.8,22.88,Indian,4.5,5,2,0,Night
ORD_02447,CUST_0793,REST_024,2026-04-16 14:23:21,144.14,5,Cloudy,Medium,Delivered,32.0,DEL_02447,DRV_0161,4.24,32.0,71.3,20.42,Cafe,4.3,14,3,0,Afternoon
ORD_02448,CUST_0473,REST_100,2026-05-07 00:10:12,146.3,2,Rain,Low,Delivered,30.0,DEL_02448,DRV_0194,3.85,30.0,57.4,13.74,Pizza,3.9,0,3,0,Night
ORD_02449,CUST_0993,REST_036,2026-02-04 17:00:11,192.45,5,Cloudy,Low,Delivered,15.0,DEL_02449,DRV_0266,6.94,15.0,60.0,25.61,Indian,3.0,17,2,0,Evening
ORD_02450,CUST_0258,REST_045,2026-04-13 16:22:09,100.72,6,Clear,Medium,Delivered,32.0,DEL_02450,DRV_0083,1.7,32.0,58.2,19.6,Pizza,4.2,16,0,0,Afternoon
ORD_02451,CUST_0275,REST_002,2026-03-03 20:13:53,149.69,1,Rain,Low,Delivered,37.0,DEL_02451,DRV_0168,2.27,37.0,64.1,30.14,North Indian,4.2,20,1,0,Evening
ORD_02453,CUST_0020,REST_026,2026-04-03 23:20:35,100.0,5,Rain,Low,Delivered,39.0,DEL_02453,DRV_0143,2.4,39.0,58.3,8.04,Fast Food,3.0,23,4,0,Night
ORD_02454,CUST_0490,REST_023,2026-03-07 06:02:39,114.3,1,Clear,Medium,Delivered,42.0,DEL_02454,DRV_0043,4.66,42.0,75.8,37.0,South Indian,4.6,6,5,1,Morning
ORD_02455,CUST_0745,REST_079,2026-01-02 23:18:36,227.19,5,Clear,Low,Delivered,33.0,DEL_02455,DRV_0344,3.47,33.0,50.5,29.45,Healthy,4.4,23,4,0,Night
ORD_02456,CUST_0490,REST_036,2026-01-10 23:59:56,182.22,2,Clear,Medium,Delivered,16.0,DEL_02456,DRV_0012,2.7,16.0,42.8,19.25,Indian,3.0,23,5,1,Night
ORD_02457,CUST_0733,REST_091,2026-06-07 05:49:35,152.96,5,Cloudy,Low,Delivered,18.0,DEL_02457,DRV_0022,4.13,18.0,49.5,18.45,Cafe,4.6,5,6,1,Night
ORD_02458,CUST_0326,REST_006,2026-04-21 22:02:13,109.81,2,Clear,Medium,Delivered,24.0,DEL_02458,DRV_0018,0.63,24.0,44.4,9.03,Cafe,3.9,22,1,0,Night
ORD_02460,CUST_0892,REST_038,2026-06-11 00:47:43,114.33,1,Clear,High,Delivered,31.0,DEL_02460,DRV_0062,5.75,31.0,78.9,27.47,Indian,3.7,0,3,0,Night
ORD_02461,CUST_0089,REST_035,2026-05-07 16:40:22,208.17,4,Clear,Medium,Delivered,28.0,DEL_02461,DRV_0189,10.12,28.0,87.6,27.5,North Indian,4.8,16,3,0,Afternoon
ORD_02462,CUST_0486,REST_100,2026-02-28 00:50:36,138.61,6,Cloudy,Low,Delivered,34.0,DEL_02462,DRV_0444,2.14,34.0,42.7,15.96,Pizza,3.9,0,5,1,Night
ORD_02463,CUST_0708,REST_074,2026-04-12 20:55:21,184.93,5,Rain,Low,Delivered,11.0,DEL_02463,DRV_0079,9.04,11.0,84.2,7.7,Indian,4.2,20,6,1,Evening
ORD_02464,CUST_0350,REST_094,2026-02-22 06:16:03,233.15,3,Clear,Medium,Delivered,24.0,DEL_02464,DRV_0490,2.22,24.0,51.4,34.01,Cafe,4.6,6,6,1,Morning
ORD_02465,CUST_0084,REST_053,2026-02-05 07:47:13,100.0,2,Cloudy,Low,Delivered,18.0,DEL_02465,DRV_0167,7.34,18.0,56.0,30.21,Desserts,5.0,7,3,0,Morning
ORD_02466,CUST_0387,REST_038,2026-04-07 11:03:26,180.61,4,Clear,Medium,Delivered,36.0,DEL_02466,DRV_0457,1.54,36.0,58.5,21.04,Indian,3.7,11,1,0,Morning
ORD_02467,CUST_0087,REST_093,2026-02-28 20:04:56,348.94,2,Clear,High,Delivered,22.0,DEL_02467,DRV_0150,2.4,22.0,63.5,33.5,Indian,3.8,20,5,1,Evening
ORD_02468,CUST_0307,REST_059,2026-04-11 10:27:29,477.63,4,Cloudy,High,Delivered,33.0,DEL_02468,DRV_0465,2.56,33.0,70.0,72.07,Pizza,4.0,10,5,1,Morning
ORD_02469,CUST_0850,REST_043,2026-03-22 22:48:16,168.76,4,Cloudy,High,Delivered,25.0,DEL_02469,DRV_0398,4.72,25.0,72.8,33.36,Fast Food,3.7,22,6,1,Night
ORD_02470,CUST_0154,REST_004,2026-02-13 15:40:55,185.48,3,Rain,High,Delivered,15.0,DEL_02470,DRV_0223,5.51,15.0,74.4,36.04,Healthy,3.7,15,4,0,Afternoon
ORD_02471,CUST_0440,REST_005,2026-04-18 12:14:49,611.69,4,Clear,Medium,Delivered,38.0,DEL_02471,DRV_0105,1.15,38.0,60.7,46.61,Chinese,4.4,12,5,1,Afternoon
ORD_02472,CUST_0740,REST_068,2026-02-07 16:40:46,338.39,3,Rain,Medium,Delivered,20.0,DEL_02472,DRV_0254,5.09,20.0,66.8,46.3,Indian,4.5,16,5,1,Afternoon
ORD_02473,CUST_0960,REST_100,2026-03-06 09:05:44,129.09,1,Clear,Medium,Delivered,29.0,DEL_02473,DRV_0007,4.68,29.0,57.7,10.67,Pizza,3.9,9,4,0,Morning
ORD_02475,CUST_0977,REST_080,2026-06-25 13:16:06,306.77,3,Clear,Low,Delivered,32.0,DEL_02475,DRV_0163,5.52,32.0,67.6,28.6,South Indian,5.0,13,3,0,Afternoon
ORD_02476,CUST_0735,REST_025,2026-02-28 10:30:25,103.95,6,Rain,Medium,Delivered,26.0,DEL_02476,DRV_0290,10.64,26.0,80.2,26.69,South Indian,4.0,10,5,1,Morning
ORD_02477,CUST_0421,REST_078,2026-01-31 17:03:01,329.72,2,Clear,Low,Delivered,40.0,DEL_02477,DRV_0195,2.74,40.0,49.3,20.33,Biryani,3.9,17,5,1,Evening
ORD_02478,CUST_0493,REST_011,2026-03-23 13:21:32,217.86,6,Clear,Low,Delivered,22.0,DEL_02478,DRV_0319,9.25,22.0,78.8,33.45,Pizza,4.9,13,0,0,Afternoon
ORD_02479,CUST_0633,REST_029,2026-05-28 07:36:58,240.99,5,Cloudy,Medium,Delivered,33.0,DEL_02479,DRV_0130,5.98,33.0,69.8,36.29,Pizza,3.9,7,3,0,Morning
ORD_02480,CUST_0993,REST_034,2026-04-27 03:57:24,157.4,6,Clear,Medium,Delivered,16.0,DEL_02480,DRV_0109,3.44,16.0,50.6,42.06,Desserts,4.0,3,0,0,Night
ORD_02481,CUST_0411,REST_086,2026-03-30 08:15:59,128.2,1,Clear,Medium,Delivered,34.0,DEL_02481,DRV_0219,2.97,34.0,51.0,20.25,Chinese,3.8,8,0,0,Morning
ORD_02482,CUST_0173,REST_014,2026-05-07 09:23:45,405.08,5,Clear,Medium,Delivered,29.0,DEL_02482,DRV_0429,6.83,29.0,72.0,43.71,Fast Food,5.0,9,3,0,Morning
ORD_02483,CUST_0004,REST_024,2026-01-28 19:18:41,158.27,5,Clear,Medium,Delivered,37.0,DEL_02483,DRV_0319,2.23,37.0,66.3,24.51,Cafe,4.3,19,2,0,Evening
ORD_02485,CUST_0640,REST_039,2026-05-17 00:14:33,173.46,6,Cloudy,Medium,Delivered,23.0,DEL_02485,DRV_0244,3.0,23.0,45.5,35.64,Desserts,4.2,0,6,1,Night
ORD_02486,CUST_0986,REST_026,2026-03-08 22:38:01,201.58,4,Clear,High,Delivered,40.0,DEL_02486,DRV_0438,7.0,40.0,89.1,31.93,Fast Food,3.0,22,6,1,Night
ORD_02487,CUST_0992,REST_043,2026-03-25 09:52:37,102.83,6,Clear,Medium,Delivered,16.0,DEL_02487,DRV_0307,2.65,16.0,36.4,23.23,Fast Food,3.7,9,2,0,Morning
ORD_02488,CUST_0472,REST_036,2026-04-05 02:42:02,132.86,5,Rain,Medium,Delivered,15.0,DEL_02488,DRV_0297,3.85,15.0,50.2,31.38,Indian,3.0,2,6,1,Night
ORD_02489,CUST_0110,REST_039,2026-02-02 10:47:07,129.03,4,Cloudy,Medium,Delivered,24.0,DEL_02489,DRV_0389,3.13,24.0,52.0,22.06,Desserts,4.2,10,0,0,Morning
ORD_02490,CUST_0867,REST_061,2026-03-02 03:33:36,288.56,2,Cloudy,High,Delivered,34.0,DEL_02490,DRV_0085,10.19,34.0,97.1,13.97,Healthy,4.4,3,0,0,Night
ORD_02491,CUST_0037,REST_016,2026-01-01 16:37:14,111.35,6,Clear,Medium,Delivered,29.0,DEL_02491,DRV_0255,12.47,29.0,96.2,17.43,Indian,3.7,16,3,0,Afternoon
ORD_02492,CUST_0992,REST_059,2026-03-09 16:47:08,100.0,6,Clear,Low,Delivered,35.0,DEL_02492,DRV_0327,3.19,35.0,37.8,22.65,Pizza,4.0,16,0,0,Afternoon
ORD_02493,CUST_0583,REST_096,2026-04-04 20:01:55,100.0,4,Heavy Rain,High,Delivered,33.0,DEL_02493,DRV_0409,5.4,33.0,100.1,23.8,Biryani,3.3,20,5,1,Evening
ORD_02494,CUST_0801,REST_006,2026-03-25 11:44:59,100.0,6,Cloudy,High,Delivered,26.0,DEL_02494,DRV_0237,4.46,26.0,67.8,17.69,Cafe,3.9,11,2,0,Morning
ORD_02495,CUST_0031,REST_098,2026-03-20 02:37:35,383.31,5,Clear,High,Delivered,21.0,DEL_02495,DRV_0001,2.96,21.0,56.6,44.32,Biryani,4.7,2,4,0,Night
ORD_02496,CUST_0951,REST_056,2026-03-19 14:05:29,182.9,4,Clear,Medium,Delivered,37.0,DEL_02496,DRV_0265,2.16,37.0,63.5,44.32,Desserts,4.2,14,3,0,Afternoon
ORD_02497,CUST_0381,REST_008,2026-04-06 06:12:42,238.81,4,Clear,High,Delivered,32.0,DEL_02497,DRV_0194,1.91,32.0,66.4,20.8,Desserts,4.5,6,0,0,Morning
ORD_02498,CUST_0268,REST_094,2026-06-18 01:22:07,243.49,3,Clear,Medium,Delivered,15.0,DEL_02498,DRV_0451,2.49,15.0,38.7,29.39,Cafe,4.6,1,3,0,Night
ORD_02499,CUST_0011,REST_027,2026-04-06 15:15:00,186.96,3,Rain,Medium,Delivered,29.0,DEL_02499,DRV_0364,3.29,29.0,63.0,20.87,South Indian,4.0,15,0,0,Afternoon
ORD_02500,CUST_0344,REST_071,2026-06-10 01:15:45,173.97,5,Rain,High,Delivered,27.0,DEL_02500,DRV_0357,3.63,27.0,76.6,33.11,Healthy,4.9,1,2,0,Night
ORD_02501,CUST_0840,REST_027,2026-03-07 22:01:05,321.98,2,Clear,High,Delivered,32.0,DEL_02501,DRV_0122,0.86,32.0,57.3,57.45,South Indian,4.0,22,5,1,Night
ORD_02502,CUST_0544,REST_089,2026-05-15 11:58:22,196.43,6,Clear,Medium,Delivered,16.0,DEL_02502,DRV_0364,7.94,16.0,56.2,27.09,North Indian,4.1,11,4,0,Morning
ORD_02503,CUST_0569,REST_046,2026-04-21 23:42:14,391.31,1,Rain,High,Delivered,23.0,DEL_02503,DRV_0004,9.54,23.0,90.4,53.41,North Indian,3.7,23,1,0,Night
ORD_02504,CUST_0166,REST_041,2026-04-19 03:28:06,255.05,6,Clear,Low,Delivered,30.0,DEL_02504,DRV_0149,10.62,30.0,75.9,36.3,North Indian,4.9,3,6,1,Night
ORD_02505,CUST_0700,REST_079,2026-02-03 09:14:13,129.05,1,Cloudy,Low,Delivered,25.0,DEL_02505,DRV_0061,1.4,25.0,30.4,23.13,Healthy,4.4,9,1,0,Morning
ORD_02506,CUST_0342,REST_025,2026-05-26 07:50:23,137.91,5,Cloudy,Medium,Delivered,31.0,DEL_02506,DRV_0282,3.83,31.0,57.6,20.85,South Indian,4.0,7,1,0,Morning
ORD_02509,CUST_0628,REST_012,2026-01-14 05:17:32,145.07,2,Cloudy,Medium,Delivered,16.0,DEL_02509,DRV_0421,1.76,16.0,42.7,21.96,South Indian,4.6,5,2,0,Night
ORD_02510,CUST_0980,REST_087,2026-03-08 19:00:27,116.84,3,Heavy Rain,Low,Delivered,9.0,DEL_02510,DRV_0334,7.14,9.0,71.5,26.92,Healthy,4.0,19,6,1,Evening
ORD_02511,CUST_0184,REST_051,2026-02-11 09:08:34,216.13,5,Clear,Medium,Delivered,20.0,DEL_02511,DRV_0238,3.45,20.0,56.3,23.01,Healthy,3.6,9,2,0,Morning
ORD_02513,CUST_0545,REST_089,2026-04-02 16:41:45,213.15,2,Clear,Medium,Delivered,22.0,DEL_02513,DRV_0218,2.57,22.0,49.5,28.81,North Indian,4.1,16,3,0,Afternoon
ORD_02515,CUST_0592,REST_094,2026-01-30 17:58:09,299.52,6,Clear,High,Delivered,16.0,DEL_02515,DRV_0485,4.85,16.0,53.9,38.32,Cafe,4.6,17,4,0,Evening
ORD_02516,CUST_0192,REST_074,2026-05-24 07:52:06,183.99,1,Cloudy,Medium,Delivered,9.0,DEL_02516,DRV_0082,1.95,9.0,37.3,32.01,Indian,4.2,7,6,1,Morning
ORD_02517,CUST_0320,REST_098,2026-06-16 08:08:41,100.0,3,Clear,High,Delivered,27.0,DEL_02517,DRV_0219,8.94,27.0,94.5,25.55,Biryani,4.7,8,1,0,Morning
ORD_02518,CUST_0702,REST_077,2026-01-26 20:22:35,137.69,4,Rain,Medium,Delivered,17.0,DEL_02518,DRV_0337,0.5,17.0,59.2,28.8,Fast Food,4.1,20,0,0,Evening
ORD_02520,CUST_0475,REST_029,2026-05-09 11:39:58,100.0,6,Clear,High,Delivered,33.0,DEL_02520,DRV_0075,4.85,33.0,70.4,19.21,Pizza,3.9,11,5,1,Morning
ORD_02521,CUST_0860,REST_041,2026-01-18 08:26:03,588.47,1,Cloudy,Medium,Delivered,34.0,DEL_02521,DRV_0047,10.78,34.0,83.6,19.9,North Indian,4.9,8,6,1,Morning
ORD_02522,CUST_0637,REST_009,2026-04-16 15:04:35,182.72,1,Rain,Medium,Delivered,23.0,DEL_02522,DRV_0344,3.17,23.0,53.0,21.67,Biryani,4.6,15,3,0,Afternoon
ORD_02523,CUST_0427,REST_063,2026-06-13 05:44:03,186.21,4,Cloudy,Medium,Delivered,13.0,DEL_02523,DRV_0339,2.78,13.0,43.6,20.86,Biryani,4.7,5,5,1,Night
ORD_02524,CUST_0848,REST_077,2026-03-25 15:00:06,125.63,2,Clear,Medium,Delivered,21.0,DEL_02524,DRV_0236,8.3,21.0,65.6,18.13,Fast Food,4.1,15,2,0,Afternoon
ORD_02525,CUST_0059,REST_037,2026-04-23 11:02:24,238.22,6,Rain,Medium,Delivered,18.0,DEL_02525,DRV_0464,2.52,18.0,55.5,14.23,Chinese,3.8,11,3,0,Morning
ORD_02526,CUST_0436,REST_014,2026-02-15 23:42:49,100.0,4,Cloudy,Medium,Delivered,23.0,DEL_02526,DRV_0151,1.72,23.0,38.8,22.17,Fast Food,5.0,23,6,1,Night
ORD_02527,CUST_0097,REST_073,2026-05-30 04:00:43,596.27,1,Clear,Medium,Delivered,34.0,DEL_02527,DRV_0376,7.6,34.0,75.0,44.76,South Indian,3.9,4,5,1,Night
ORD_02528,CUST_0496,REST_072,2026-02-25 20:43:36,374.11,6,Clear,Medium,Delivered,15.0,DEL_02528,DRV_0123,7.35,15.0,65.6,22.73,Chinese,3.8,20,2,0,Evening
ORD_02529,CUST_0787,REST_039,2026-05-13 05:17:21,311.49,3,Clear,High,Delivered,25.0,DEL_02529,DRV_0460,6.35,25.0,78.4,31.29,Desserts,4.2,5,2,0,Night
ORD_02530,CUST_0661,REST_040,2026-01-31 04:08:14,100.0,1,Rain,High,Delivered,31.0,DEL_02530,DRV_0246,2.31,31.0,72.8,21.74,Desserts,4.1,4,5,1,Night
ORD_02532,CUST_0265,REST_003,2026-02-21 17:02:29,352.48,5,Clear,Low,Delivered,9.0,DEL_02532,DRV_0054,4.72,9.0,40.4,22.75,South Indian,4.4,17,5,1,Evening
ORD_02533,CUST_0009,REST_055,2026-01-27 15:47:55,251.19,3,Rain,Low,Delivered,45.0,DEL_02533,DRV_0187,4.7,45.0,64.7,19.07,North Indian,4.2,15,1,0,Afternoon
ORD_02534,CUST_0457,REST_033,2026-05-29 05:18:42,104.46,1,Clear,Low,Delivered,24.0,DEL_02534,DRV_0403,12.78,24.0,71.4,28.67,Fast Food,4.1,5,4,0,Night
ORD_02535,CUST_0795,REST_096,2026-01-26 17:41:52,126.78,4,Rain,Low,Delivered,26.0,DEL_02535,DRV_0281,1.61,26.0,40.8,23.0,Biryani,3.3,17,0,0,Evening
ORD_02536,CUST_0273,REST_071,2026-04-23 06:30:19,141.38,1,Clear,High,Delivered,26.0,DEL_02536,DRV_0067,7.09,26.0,67.2,16.15,Healthy,4.9,6,3,0,Morning
ORD_02537,CUST_0940,REST_019,2026-01-24 00:14:12,130.07,1,Cloudy,High,Delivered,26.0,DEL_02537,DRV_0141,11.35,26.0,96.6,22.85,Indian,4.4,0,5,1,Night
ORD_02538,CUST_0813,REST_034,2026-01-28 21:22:33,420.24,5,Clear,Medium,Delivered,17.0,DEL_02538,DRV_0021,1.76,17.0,48.2,32.58,Desserts,4.0,21,2,0,Evening
ORD_02539,CUST_0008,REST_078,2026-01-08 09:07:57,100.0,2,Rain,Medium,Delivered,35.0,DEL_02539,DRV_0022,5.47,35.0,73.9,20.35,Biryani,3.9,9,3,0,Morning
ORD_02540,CUST_0208,REST_050,2026-05-07 13:03:31,260.02,1,Cloudy,Medium,Delivered,28.0,DEL_02540,DRV_0175,2.52,28.0,66.2,29.08,Desserts,4.0,13,3,0,Afternoon
ORD_02541,CUST_0914,REST_047,2026-04-11 08:48:04,100.0,5,Rain,High,Delivered,30.0,DEL_02541,DRV_0191,6.17,30.0,81.1,19.79,Desserts,4.4,8,5,1,Morning
ORD_02542,CUST_0637,REST_046,2026-01-28 08:31:28,106.84,4,Cloudy,High,Delivered,19.0,DEL_02542,DRV_0285,5.75,19.0,62.7,16.17,North Indian,3.7,8,2,0,Morning
ORD_02543,CUST_0123,REST_056,2026-01-10 06:56:00,100.0,5,Clear,Low,Delivered,37.0,DEL_02543,DRV_0305,6.94,37.0,63.4,20.26,Desserts,4.2,6,5,1,Morning
ORD_02544,CUST_0033,REST_057,2026-05-02 15:03:16,134.02,5,Clear,Low,Delivered,18.0,DEL_02544,DRV_0363,2.51,18.0,28.3,28.18,Desserts,4.7,15,5,1,Afternoon
ORD_02545,CUST_0513,REST_083,2026-06-11 02:14:29,416.09,3,Clear,Low,Delivered,20.0,DEL_02545,DRV_0281,5.36,20.0,44.4,35.49,Pizza,4.8,2,3,0,Night
ORD_02546,CUST_0204,REST_051,2026-02-25 23:13:40,209.69,2,Cloudy,Medium,Delivered,20.0,DEL_02546,DRV_0407,7.17,20.0,68.7,24.61,Healthy,3.6,23,2,0,Night
ORD_02547,CUST_0518,REST_054,2026-04-30 16:14:57,100.0,2,Rain,Medium,Delivered,20.0,DEL_02547,DRV_0332,2.9,20.0,44.8,24.62,Healthy,4.2,16,3,0,Afternoon
ORD_02548,CUST_0809,REST_090,2026-06-30 11:01:12,317.17,6,Clear,Medium,Delivered,32.0,DEL_02548,DRV_0305,5.71,32.0,64.7,17.41,North Indian,4.2,11,1,0,Morning
ORD_02549,CUST_0951,REST_081,2026-06-21 08:33:56,356.81,4,Cloudy,High,Delivered,23.0,DEL_02549,DRV_0407,3.49,23.0,68.1,64.98,Desserts,4.1,8,6,1,Morning
ORD_02550,CUST_0517,REST_028,2026-06-11 01:40:10,191.95,6,Heavy Rain,Medium,Delivered,29.0,DEL_02550,DRV_0261,8.53,29.0,95.7,24.0,Indian,4.4,1,3,0,Night
ORD_02551,CUST_0443,REST_019,2026-05-14 23:57:46,555.08,5,Clear,High,Delivered,20.0,DEL_02551,DRV_0157,1.45,20.0,46.4,20.33,Indian,4.4,23,3,0,Night
ORD_02552,CUST_0592,REST_027,2026-05-29 20:42:44,284.82,4,Rain,Low,Delivered,31.0,DEL_02552,DRV_0261,5.32,31.0,85.1,27.45,South Indian,4.0,20,4,0,Evening
ORD_02553,CUST_0786,REST_048,2026-01-05 06:40:25,263.87,4,Clear,Low,Delivered,38.0,DEL_02553,DRV_0039,10.27,38.0,76.2,36.11,Chinese,4.0,6,0,0,Morning
ORD_02554,CUST_0689,REST_019,2026-01-14 22:24:40,116.53,2,Cloudy,Medium,Delivered,20.0,DEL_02554,DRV_0483,3.59,20.0,50.2,36.85,Indian,4.4,22,2,0,Night
ORD_02555,CUST_0850,REST_097,2026-02-08 14:07:46,255.97,2,Clear,Low,Delivered,14.0,DEL_02555,DRV_0419,1.23,14.0,30.3,54.29,Cafe,4.7,14,6,1,Afternoon
ORD_02556,CUST_0833,REST_051,2026-06-30 23:36:20,204.23,2,Clear,High,Delivered,19.0,DEL_02556,DRV_0337,5.2,19.0,66.2,23.86,Healthy,3.6,23,1,0,Night
ORD_02557,CUST_0339,REST_007,2026-03-10 13:42:35,241.27,1,Clear,Low,Delivered,17.0,DEL_02557,DRV_0030,10.07,17.0,87.9,49.42,Healthy,3.9,13,1,0,Afternoon
ORD_02558,CUST_0438,REST_029,2026-01-04 03:36:36,124.4,5,Heavy Rain,Medium,Delivered,32.0,DEL_02558,DRV_0440,4.24,32.0,84.8,21.49,Pizza,3.9,3,6,1,Night
ORD_02559,CUST_0445,REST_043,2026-01-22 11:08:49,194.5,4,Rain,Low,Delivered,19.0,DEL_02559,DRV_0258,4.45,19.0,55.2,4.34,Fast Food,3.7,11,3,0,Morning
ORD_02560,CUST_0136,REST_069,2026-06-16 03:51:22,115.67,5,Clear,Low,Delivered,33.0,DEL_02560,DRV_0271,1.28,33.0,38.5,16.88,Chinese,3.7,3,1,0,Night
ORD_02562,CUST_0025,REST_058,2026-05-08 20:13:14,313.9,4,Cloudy,High,Delivered,17.0,DEL_02562,DRV_0279,3.78,17.0,75.3,35.04,Fast Food,4.7,20,4,0,Evening
ORD_02563,CUST_0506,REST_008,2026-02-27 01:10:09,100.0,6,Rain,Medium,Delivered,31.0,DEL_02563,DRV_0234,8.29,31.0,87.7,14.99,Desserts,4.5,1,4,0,Night
ORD_02564,CUST_0325,REST_042,2026-01-02 19:37:24,192.28,4,Clear,High,Delivered,28.0,DEL_02564,DRV_0026,7.31,28.0,90.1,28.19,Healthy,5.0,19,4,0,Evening
ORD_02565,CUST_0695,REST_076,2026-03-09 23:04:41,217.71,4,Clear,Medium,Delivered,12.0,DEL_02565,DRV_0011,2.42,12.0,38.0,32.58,Chinese,3.7,23,0,0,Night
ORD_02566,CUST_0680,REST_042,2026-05-17 10:59:24,216.94,3,Cloudy,Medium,Delivered,37.0,DEL_02566,DRV_0384,5.76,37.0,78.9,11.97,Healthy,5.0,10,6,1,Morning
ORD_02567,CUST_0979,REST_013,2026-04-19 14:42:51,155.14,3,Clear,High,Delivered,8.0,DEL_02567,DRV_0024,7.39,8.0,80.5,15.19,Cafe,3.2,14,6,1,Afternoon
ORD_02568,CUST_0338,REST_026,2026-02-17 18:33:37,210.43,6,Clear,Low,Delivered,39.0,DEL_02568,DRV_0393,9.42,39.0,71.4,21.57,Fast Food,3.0,18,1,0,Evening
ORD_02569,CUST_0690,REST_018,2026-04-03 05:02:17,234.87,1,Clear,Low,Delivered,32.0,DEL_02569,DRV_0462,3.36,32.0,50.2,21.56,Pizza,3.6,5,4,0,Night
ORD_02570,CUST_0885,REST_042,2026-02-06 15:55:58,271.57,2,Clear,Medium,Delivered,31.0,DEL_02570,DRV_0216,4.54,31.0,63.9,38.98,Healthy,5.0,15,4,0,Afternoon
ORD_02571,CUST_0095,REST_051,2026-04-26 05:18:37,470.31,4,Clear,Medium,Delivered,12.0,DEL_02571,DRV_0327,0.76,12.0,28.0,35.51,Healthy,3.6,5,6,1,Night
ORD_02572,CUST_0545,REST_084,2026-01-24 05:20:56,206.19,5,Heavy Rain,Low,Delivered,25.0,DEL_02572,DRV_0138,10.81,25.0,94.6,30.93,North Indian,3.3,5,5,1,Night
ORD_02573,CUST_0623,REST_016,2026-03-23 09:27:37,187.77,3,Clear,Low,Delivered,26.0,DEL_02573,DRV_0225,6.65,26.0,56.0,31.38,Indian,3.7,9,0,0,Morning
ORD_02575,CUST_0893,REST_091,2026-02-07 10:45:59,230.39,1,Cloudy,Medium,Delivered,11.0,DEL_02575,DRV_0110,0.72,11.0,30.8,8.83,Cafe,4.6,10,5,1,Morning
ORD_02576,CUST_0953,REST_079,2026-03-15 17:07:36,261.66,2,Cloudy,Medium,Delivered,27.0,DEL_02576,DRV_0475,6.24,27.0,68.9,24.68,Healthy,4.4,17,6,1,Evening
ORD_02577,CUST_0231,REST_098,2026-01-25 00:33:18,163.08,4,Cloudy,High,Delivered,27.0,DEL_02577,DRV_0328,5.18,27.0,74.5,32.62,Biryani,4.7,0,6,1,Night
ORD_02578,CUST_0784,REST_045,2026-04-07 11:32:28,244.58,2,Rain,Medium,Delivered,36.0,DEL_02578,DRV_0206,4.18,36.0,79.8,10.62,Pizza,4.2,11,1,0,Morning
ORD_02579,CUST_0848,REST_022,2026-05-05 14:32:39,154.33,4,Clear,Medium,Delivered,26.0,DEL_02579,DRV_0071,5.54,26.0,74.7,20.68,Biryani,4.5,14,1,0,Afternoon
ORD_02580,CUST_0495,REST_023,2026-02-24 05:52:20,262.18,6,Clear,High,Delivered,41.0,DEL_02580,DRV_0210,4.68,41.0,77.2,26.82,South Indian,4.6,5,1,0,Night
ORD_02581,CUST_0038,REST_059,2026-06-04 05:36:20,299.45,3,Rain,High,Delivered,34.0,DEL_02581,DRV_0185,6.4,34.0,87.4,23.64,Pizza,4.0,5,3,0,Night
ORD_02582,CUST_0425,REST_062,2026-02-05 04:29:09,297.15,3,Rain,Medium,Delivered,19.0,DEL_02582,DRV_0090,5.38,19.0,61.3,48.02,Fast Food,3.5,4,3,0,Night
ORD_02583,CUST_0647,REST_068,2026-06-02 13:41:01,193.41,4,Cloudy,Medium,Delivered,27.0,DEL_02583,DRV_0247,3.96,27.0,68.5,23.46,Indian,4.5,13,1,0,Afternoon
ORD_02584,CUST_0846,REST_054,2026-05-25 00:05:52,102.31,5,Clear,Medium,Delivered,28.0,DEL_02584,DRV_0383,6.16,28.0,60.3,16.1,Healthy,4.2,0,0,0,Night
ORD_02585,CUST_0747,REST_057,2026-03-07 01:32:28,129.47,3,Clear,Medium,Delivered,19.0,DEL_02585,DRV_0233,2.78,19.0,43.9,20.7,Desserts,4.7,1,5,1,Night
ORD_02586,CUST_0437,REST_023,2026-05-31 00:31:22,251.47,5,Clear,Low,Delivered,39.0,DEL_02586,DRV_0379,5.41,39.0,69.7,30.57,South Indian,4.6,0,6,1,Night
ORD_02587,CUST_0831,REST_060,2026-06-17 07:11:35,697.04,4,Cloudy,Medium,Delivered,24.0,DEL_02587,DRV_0399,5.75,24.0,69.8,63.34,Chinese,4.2,7,2,0,Morning
ORD_02588,CUST_0368,REST_073,2026-03-01 18:07:45,150.3,6,Clear,Low,Delivered,36.0,DEL_02588,DRV_0033,5.8,36.0,54.2,39.06,South Indian,3.9,18,6,1,Evening
ORD_02589,CUST_0345,REST_088,2026-04-24 06:07:17,232.92,4,Clear,Low,Delivered,34.0,DEL_02589,DRV_0395,5.7,34.0,51.4,33.33,Cafe,3.8,6,4,0,Morning
ORD_02590,CUST_0160,REST_085,2026-06-22 10:17:33,133.51,6,Clear,Medium,Delivered,18.0,DEL_02590,DRV_0147,7.73,18.0,60.4,18.99,South Indian,3.4,10,0,0,Morning
ORD_02592,CUST_0662,REST_080,2026-06-14 10:34:20,124.96,5,Clear,Low,Delivered,35.0,DEL_02592,DRV_0466,7.41,35.0,61.3,12.69,South Indian,5.0,10,6,1,Morning
ORD_02593,CUST_0912,REST_063,2026-06-07 16:06:58,100.0,4,Clear,Low,Delivered,16.0,DEL_02593,DRV_0214,3.19,16.0,37.3,23.78,Biryani,4.7,16,6,1,Afternoon
ORD_02594,CUST_0820,REST_056,2026-05-27 12:30:09,381.61,3,Cloudy,Medium,Delivered,34.0,DEL_02594,DRV_0314,3.74,34.0,73.0,58.3,Desserts,4.2,12,2,0,Afternoon
ORD_02595,CUST_0541,REST_055,2026-03-24 02:59:53,100.0,6,Clear,Medium,Delivered,44.0,DEL_02595,DRV_0228,9.77,44.0,83.7,27.44,North Indian,4.2,2,1,0,Night
ORD_02596,CUST_0144,REST_025,2026-01-03 00:49:08,156.79,4,Cloudy,Low,Delivered,36.0,DEL_02596,DRV_0146,1.98,36.0,55.6,24.51,South Indian,4.0,0,5,1,Night
ORD_02597,CUST_0588,REST_026,2026-05-17 04:37:46,100.0,6,Clear,Low,Delivered,38.0,DEL_02597,DRV_0146,7.15,38.0,66.9,15.87,Fast Food,3.0,4,6,1,Night
ORD_02598,CUST_0657,REST_049,2026-04-12 04:26:32,111.45,2,Clear,Medium,Delivered,32.0,DEL_02598,DRV_0022,9.03,32.0,77.1,6.66,Cafe,3.6,4,6,1,Night
ORD_02599,CUST_0741,REST_063,2026-02-20 23:27:01,386.48,6,Cloudy,High,Delivered,15.0,DEL_02599,DRV_0089,4.26,15.0,65.1,32.97,Biryani,4.7,23,4,0,Night
ORD_02600,CUST_0576,REST_045,2026-01-13 05:14:37,202.47,2,Clear,Low,Delivered,36.0,DEL_02600,DRV_0374,2.22,36.0,49.7,24.16,Pizza,4.2,5,1,0,Night
ORD_02601,CUST_0859,REST_073,2026-01-29 00:43:11,106.59,3,Cloudy,Medium,Delivered,36.0,DEL_02601,DRV_0180,4.61,36.0,68.0,22.18,South Indian,3.9,0,3,0,Night
ORD_02602,CUST_0345,REST_079,2026-02-11 00:21:27,131.07,4,Cloudy,Medium,Delivered,31.0,DEL_02602,DRV_0300,1.18,31.0,48.0,16.73,Healthy,4.4,0,2,0,Night
ORD_02603,CUST_0269,REST_039,2026-03-20 23:44:55,118.98,3,Rain,Low,Delivered,20.0,DEL_02603,DRV_0415,3.44,20.0,50.6,13.88,Desserts,4.2,23,4,0,Night
ORD_02604,CUST_0840,REST_097,2026-02-14 01:48:22,176.98,1,Clear,Low,Delivered,10.0,DEL_02604,DRV_0265,3.91,10.0,31.5,17.03,Cafe,4.7,1,5,1,Night
ORD_02605,CUST_0696,REST_065,2026-02-12 21:29:56,199.36,6,Clear,Medium,Delivered,15.0,DEL_02605,DRV_0050,5.97,15.0,62.7,30.75,South Indian,4.7,21,3,0,Evening
ORD_02606,CUST_0773,REST_069,2026-03-12 10:38:09,514.18,3,Cloudy,High,Delivered,33.0,DEL_02606,DRV_0230,3.13,33.0,64.0,28.53,Chinese,3.7,10,3,0,Morning
ORD_02607,CUST_0268,REST_056,2026-04-10 22:48:45,100.0,3,Clear,Low,Delivered,33.0,DEL_02607,DRV_0375,3.79,33.0,57.3,19.35,Desserts,4.2,22,4,0,Night
ORD_02608,CUST_0169,REST_009,2026-05-04 13:39:26,177.83,2,Clear,Medium,Delivered,25.0,DEL_02608,DRV_0061,9.26,25.0,92.8,31.84,Biryani,4.6,13,0,0,Afternoon
ORD_02609,CUST_0771,REST_070,2026-06-14 13:43:05,152.39,6,Cloudy,Medium,Delivered,16.0,DEL_02609,DRV_0019,2.42,16.0,54.5,18.81,Desserts,4.2,13,6,1,Afternoon
ORD_02610,CUST_0739,REST_028,2026-05-23 10:51:05,305.09,2,Clear,High,Delivered,27.0,DEL_02610,DRV_0308,9.42,27.0,84.8,14.94,Indian,4.4,10,5,1,Morning
ORD_02611,CUST_0033,REST_045,2026-02-14 11:29:56,220.34,4,Clear,Low,Delivered,35.0,DEL_02611,DRV_0311,5.56,35.0,64.9,8.67,Pizza,4.2,11,5,1,Morning
ORD_02612,CUST_0377,REST_026,2026-06-01 16:19:55,250.81,3,Cloudy,Medium,Delivered,38.0,DEL_02612,DRV_0025,7.68,38.0,85.1,9.34,Fast Food,3.0,16,0,0,Afternoon
ORD_02613,CUST_0214,REST_028,2026-06-12 01:30:07,219.16,6,Heavy Rain,High,Delivered,28.0,DEL_02613,DRV_0207,2.19,28.0,71.9,27.37,Indian,4.4,1,4,0,Night
ORD_02614,CUST_0562,REST_040,2026-06-29 14:23:34,108.57,3,Rain,High,Delivered,32.0,DEL_02614,DRV_0325,4.28,32.0,94.5,19.75,Desserts,4.1,14,0,0,Afternoon
ORD_02615,CUST_0440,REST_015,2026-04-30 22:35:07,352.9,4,Clear,Medium,Delivered,32.0,DEL_02615,DRV_0075,4.28,32.0,58.6,57.0,Healthy,4.6,22,3,0,Night
ORD_02616,CUST_0492,REST_006,2026-05-16 01:04:38,281.23,5,Cloudy,Medium,Delivered,25.0,DEL_02616,DRV_0141,4.06,25.0,50.8,29.58,Cafe,3.9,1,5,1,Night
ORD_02617,CUST_0393,REST_027,2026-03-26 16:46:34,299.93,4,Clear,Medium,Delivered,33.0,DEL_02617,DRV_0418,4.92,33.0,63.8,50.59,South Indian,4.0,16,3,0,Afternoon
ORD_02618,CUST_0489,REST_038,2026-01-05 17:49:19,363.3,2,Clear,Medium,Delivered,31.0,DEL_02618,DRV_0328,3.03,31.0,60.3,47.7,Indian,3.7,17,0,0,Evening
ORD_02619,CUST_0722,REST_068,2026-03-16 13:23:24,228.09,2,Rain,Medium,Delivered,19.0,DEL_02619,DRV_0281,2.93,19.0,63.4,34.19,Indian,4.5,13,0,0,Afternoon
ORD_02620,CUST_0946,REST_075,2026-05-15 21:19:10,409.34,3,Clear,Medium,Delivered,14.0,DEL_02620,DRV_0091,3.14,14.0,45.9,35.18,Fast Food,3.5,21,4,0,Evening
ORD_02621,CUST_0029,REST_085,2026-06-03 15:32:33,223.12,2,Clear,High,Delivered,12.0,DEL_02621,DRV_0075,7.79,12.0,66.7,5.99,South Indian,3.4,15,2,0,Afternoon
ORD_02622,CUST_0039,REST_064,2026-02-10 08:33:42,160.7,6,Rain,Medium,Delivered,6.0,DEL_02622,DRV_0064,1.81,6.0,44.0,19.99,Biryani,5.0,8,1,0,Morning
ORD_02623,CUST_0859,REST_030,2026-04-08 04:19:17,180.62,4,Rain,Medium,Delivered,17.0,DEL_02623,DRV_0082,3.05,17.0,53.2,17.19,South Indian,4.1,4,2,0,Night
ORD_02624,CUST_0612,REST_082,2026-06-29 06:57:58,178.91,3,Rain,High,Delivered,28.0,DEL_02624,DRV_0250,6.87,28.0,85.8,39.98,Healthy,3.7,6,0,0,Morning
ORD_02625,CUST_0173,REST_099,2026-01-29 04:52:26,136.23,4,Rain,High,Delivered,30.0,DEL_02625,DRV_0138,10.07,30.0,99.6,24.02,Healthy,3.7,4,3,0,Night
ORD_02626,CUST_0017,REST_003,2026-05-21 11:59:27,444.76,4,Cloudy,Medium,Delivered,11.0,DEL_02626,DRV_0097,9.93,11.0,74.9,30.09,South Indian,4.4,11,3,0,Morning
ORD_02627,CUST_0056,REST_062,2026-04-27 09:52:39,213.36,3,Clear,Medium,Delivered,21.0,DEL_02627,DRV_0100,7.39,21.0,69.4,17.93,Fast Food,3.5,9,0,0,Morning
ORD_02628,CUST_0226,REST_012,2026-04-24 12:52:35,190.97,5,Cloudy,Medium,Delivered,13.0,DEL_02628,DRV_0273,8.94,13.0,70.2,23.66,South Indian,4.6,12,4,0,Afternoon
ORD_02629,CUST_0558,REST_091,2026-05-29 06:55:28,224.43,2,Clear,Low,Delivered,14.0,DEL_02629,DRV_0241,3.7,14.0,40.7,42.35,Cafe,4.6,6,4,0,Morning
ORD_02630,CUST_0067,REST_030,2026-06-01 15:17:59,933.48,1,Clear,Low,Delivered,18.0,DEL_02630,DRV_0005,3.12,18.0,39.5,125.3,South Indian,4.1,15,0,0,Afternoon
ORD_02631,CUST_0197,REST_085,2026-02-23 08:15:03,100.0,1,Rain,Medium,Delivered,21.0,DEL_02631,DRV_0215,0.56,21.0,53.0,24.68,South Indian,3.4,8,0,0,Morning
ORD_02632,CUST_0654,REST_038,2026-05-24 12:15:46,113.89,1,Clear,Low,Delivered,38.0,DEL_02632,DRV_0067,3.2,38.0,62.9,20.39,Indian,3.7,12,6,1,Afternoon
ORD_02633,CUST_0835,REST_085,2026-01-08 09:55:46,100.0,2,Clear,Medium,Delivered,19.0,DEL_02633,DRV_0487,3.48,19.0,52.8,17.83,South Indian,3.4,9,3,0,Morning
ORD_02634,CUST_0023,REST_060,2026-05-22 09:05:08,159.5,5,Clear,Medium,Delivered,17.0,DEL_02634,DRV_0357,0.9,17.0,37.5,24.95,Chinese,4.2,9,4,0,Morning
ORD_02635,CUST_0999,REST_038,2026-04-20 09:06:05,207.48,4,Clear,Medium,Delivered,31.0,DEL_02635,DRV_0394,2.16,31.0,45.9,27.28,Indian,3.7,9,0,0,Morning
ORD_02636,CUST_0606,REST_015,2026-03-27 11:22:10,140.34,3,Rain,Low,Delivered,35.0,DEL_02636,DRV_0155,12.51,35.0,101.1,16.2,Healthy,4.6,11,4,0,Morning
ORD_02637,CUST_0754,REST_018,2026-06-19 01:57:02,134.71,5,Cloudy,Low,Delivered,38.0,DEL_02637,DRV_0440,4.19,38.0,64.2,22.4,Pizza,3.6,1,4,0,Night
ORD_02638,CUST_0237,REST_052,2026-05-23 15:22:53,196.04,1,Cloudy,Low,Delivered,26.0,DEL_02638,DRV_0391,2.21,26.0,39.4,24.93,Healthy,4.6,15,5,1,Afternoon
ORD_02639,CUST_0957,REST_029,2026-03-20 11:37:56,137.53,6,Cloudy,Low,Delivered,29.0,DEL_02639,DRV_0369,3.85,29.0,53.0,19.91,Pizza,3.9,11,4,0,Morning
ORD_02640,CUST_0919,REST_060,2026-03-17 23:27:42,214.99,2,Cloudy,High,Delivered,17.0,DEL_02640,DRV_0029,5.13,17.0,75.7,42.9,Chinese,4.2,23,1,0,Night
ORD_02641,CUST_0923,REST_021,2026-06-09 22:07:19,334.56,2,Rain,Medium,Delivered,18.0,DEL_02641,DRV_0305,4.31,18.0,55.2,45.17,Fast Food,3.7,22,1,0,Night
ORD_02642,CUST_0566,REST_017,2026-05-30 00:02:24,263.06,3,Cloudy,Low,Delivered,15.0,DEL_02642,DRV_0423,2.69,15.0,39.4,23.15,Pizza,4.5,0,5,1,Night
ORD_02643,CUST_0138,REST_018,2026-03-09 07:19:45,294.29,6,Rain,Low,Delivered,31.0,DEL_02643,DRV_0454,6.99,31.0,65.3,27.55,Pizza,3.6,7,0,0,Morning
ORD_02644,CUST_0473,REST_057,2026-05-08 00:44:17,329.39,4,Heavy Rain,Medium,Delivered,25.0,DEL_02644,DRV_0009,15.37,25.0,111.6,43.09,Desserts,4.7,0,4,0,Night
ORD_02645,CUST_0845,REST_037,2026-01-16 07:40:59,211.78,5,Heavy Rain,Medium,Delivered,24.0,DEL_02645,DRV_0200,8.44,24.0,90.0,15.12,Chinese,3.8,7,4,0,Morning
ORD_02647,CUST_0553,REST_038,2026-03-02 06:11:15,118.54,5,Rain,High,Delivered,34.0,DEL_02647,DRV_0334,4.06,34.0,78.4,18.89,Indian,3.7,6,0,0,Morning
ORD_02648,CUST_0610,REST_012,2026-01-29 12:17:28,146.18,5,Clear,High,Delivered,19.0,DEL_02648,DRV_0438,6.19,19.0,86.5,28.85,South Indian,4.6,12,3,0,Afternoon
ORD_02649,CUST_0695,REST_075,2026-06-23 09:36:33,135.91,4,Rain,Low,Delivered,7.0,DEL_02649,DRV_0230,4.92,7.0,38.7,25.08,Fast Food,3.5,9,1,0,Morning
ORD_02650,CUST_0640,REST_084,2026-02-22 22:12:43,271.08,4,Rain,Medium,Delivered,24.0,DEL_02650,DRV_0393,8.22,24.0,77.4,13.73,North Indian,3.3,22,6,1,Night
ORD_02651,CUST_0229,REST_073,2026-06-04 12:38:05,219.36,4,Rain,Medium,Delivered,38.0,DEL_02651,DRV_0316,9.11,38.0,105.3,41.05,South Indian,3.9,12,3,0,Afternoon
ORD_02652,CUST_0317,REST_001,2026-02-09 04:19:22,265.93,3,Rain,Medium,Delivered,13.0,DEL_02652,DRV_0308,1.26,13.0,37.1,38.95,Pizza,4.8,4,0,0,Night
ORD_02653,CUST_0598,REST_058,2026-04-19 22:40:12,100.0,2,Clear,High,Delivered,19.0,DEL_02653,DRV_0377,5.92,19.0,69.4,13.98,Fast Food,4.7,22,6,1,Night
ORD_02654,CUST_0768,REST_003,2026-06-27 18:12:46,398.4,1,Clear,Low,Delivered,10.0,DEL_02654,DRV_0331,0.56,10.0,25.6,60.42,South Indian,4.4,18,5,1,Evening
ORD_02655,CUST_0721,REST_063,2026-01-28 01:31:39,143.33,4,Clear,Medium,Delivered,18.0,DEL_02655,DRV_0267,11.16,18.0,76.5,24.52,Biryani,4.7,1,2,0,Night
ORD_02656,CUST_0727,REST_021,2026-04-12 16:51:36,100.0,2,Rain,Medium,Delivered,21.0,DEL_02656,DRV_0360,3.55,21.0,53.6,8.85,Fast Food,3.7,16,6,1,Afternoon
ORD_02657,CUST_0886,REST_023,2026-04-01 00:23:02,142.37,4,Clear,Medium,Delivered,32.0,DEL_02657,DRV_0163,1.32,32.0,47.3,27.78,South Indian,4.6,0,2,0,Night
ORD_02658,CUST_0612,REST_009,2026-01-14 22:25:13,710.57,1,Clear,High,Delivered,25.0,DEL_02658,DRV_0075,5.23,25.0,55.5,37.31,Biryani,4.6,22,2,0,Night
ORD_02659,CUST_0561,REST_083,2026-05-05 07:28:23,146.46,6,Cloudy,Low,Delivered,21.0,DEL_02659,DRV_0292,9.8,21.0,74.0,21.14,Pizza,4.8,7,1,0,Morning
ORD_02660,CUST_0201,REST_055,2026-06-28 01:13:36,151.59,4,Cloudy,Low,Delivered,39.0,DEL_02660,DRV_0183,9.64,39.0,84.1,23.48,North Indian,4.2,1,6,1,Night
ORD_02661,CUST_0948,REST_019,2026-06-15 16:31:56,163.1,2,Rain,Medium,Delivered,25.0,DEL_02661,DRV_0387,5.87,25.0,68.6,21.94,Indian,4.4,16,0,0,Afternoon
ORD_02663,CUST_0480,REST_087,2026-04-15 02:27:36,117.94,6,Rain,Low,Delivered,18.0,DEL_02663,DRV_0339,3.72,18.0,52.8,21.92,Healthy,4.0,2,2,0,Night
ORD_02664,CUST_0888,REST_091,2026-03-06 20:14:19,196.13,6,Cloudy,Medium,Delivered,17.0,DEL_02664,DRV_0200,1.97,17.0,50.3,40.8,Cafe,4.6,20,4,0,Evening
ORD_02665,CUST_0178,REST_091,2026-04-27 02:19:15,327.53,6,Rain,Low,Delivered,19.0,DEL_02665,DRV_0181,4.73,19.0,54.9,27.26,Cafe,4.6,2,0,0,Night
ORD_02666,CUST_0757,REST_039,2026-04-08 04:45:05,215.48,1,Clear,Medium,Delivered,26.0,DEL_02666,DRV_0028,4.94,26.0,58.5,31.74,Desserts,4.2,4,2,0,Night
ORD_02667,CUST_0123,REST_100,2026-06-08 12:18:13,100.0,2,Clear,Low,Delivered,38.0,DEL_02667,DRV_0053,1.61,38.0,48.8,5.46,Pizza,3.9,12,0,0,Afternoon
ORD_02668,CUST_0342,REST_076,2026-02-04 20:46:57,150.0,5,Rain,Low,Delivered,17.0,DEL_02668,DRV_0248,7.95,17.0,79.7,21.1,Chinese,3.7,20,2,0,Evening
ORD_02669,CUST_0171,REST_027,2026-03-17 00:16:02,133.84,5,Cloudy,Medium,Delivered,32.0,DEL_02669,DRV_0310,0.5,32.0,54.0,13.09,South Indian,4.0,0,1,0,Night
ORD_02670,CUST_0845,REST_046,2026-01-24 12:07:09,186.63,5,Cloudy,Low,Delivered,16.0,DEL_02670,DRV_0437,6.23,16.0,64.5,26.29,North Indian,3.7,12,5,1,Afternoon
ORD_02671,CUST_0648,REST_034,2026-06-12 08:11:51,376.81,3,Clear,High,Delivered,16.0,DEL_02671,DRV_0321,7.47,16.0,72.3,46.08,Desserts,4.0,8,4,0,Morning
ORD_02672,CUST_0059,REST_033,2026-06-03 05:10:54,167.02,4,Clear,Medium,Delivered,23.0,DEL_02672,DRV_0309,8.32,23.0,63.7,9.22,Fast Food,4.1,5,2,0,Night
ORD_02673,CUST_0705,REST_092,2026-01-15 08:07:11,172.69,4,Cloudy,Medium,Delivered,24.0,DEL_02673,DRV_0040,4.56,24.0,62.8,25.12,Indian,4.1,8,3,0,Morning
ORD_02674,CUST_0465,REST_095,2026-04-15 03:58:10,481.88,4,Clear,High,Delivered,28.0,DEL_02674,DRV_0222,4.89,28.0,81.0,56.19,Pizza,3.7,3,2,0,Night
ORD_02675,CUST_0780,REST_096,2026-06-20 13:26:09,293.51,3,Clear,Low,Delivered,35.0,DEL_02675,DRV_0297,7.74,35.0,79.5,44.07,Biryani,3.3,13,5,1,Afternoon
ORD_02676,CUST_0260,REST_050,2026-04-03 20:42:45,248.58,5,Clear,Medium,Delivered,26.0,DEL_02676,DRV_0166,5.19,26.0,70.2,29.1,Desserts,4.0,20,4,0,Evening
ORD_02677,CUST_0373,REST_020,2026-03-17 06:48:34,532.18,6,Cloudy,High,Delivered,15.0,DEL_02677,DRV_0331,2.68,15.0,48.2,60.07,Desserts,3.4,6,1,0,Morning
ORD_02679,CUST_0095,REST_099,2026-04-06 11:25:52,100.0,6,Heavy Rain,High,Delivered,31.0,DEL_02679,DRV_0415,11.79,31.0,113.2,13.7,Healthy,3.7,11,0,0,Morning
ORD_02681,CUST_0041,REST_058,2026-01-22 07:50:53,100.0,3,Rain,Low,Delivered,16.0,DEL_02681,DRV_0202,2.77,16.0,48.6,16.96,Fast Food,4.7,7,3,0,Morning
ORD_02682,CUST_0891,REST_031,2026-04-14 23:09:50,232.43,3,Cloudy,High,Delivered,26.0,DEL_02682,DRV_0483,3.81,26.0,66.7,37.67,North Indian,4.0,23,1,0,Night
ORD_02683,CUST_0254,REST_038,2026-06-03 16:54:05,100.0,2,Cloudy,Low,Delivered,30.0,DEL_02683,DRV_0296,5.48,30.0,61.1,9.01,Indian,3.7,16,2,0,Afternoon
ORD_02684,CUST_0007,REST_086,2026-05-17 17:27:46,140.22,4,Clear,Medium,Delivered,40.0,DEL_02684,DRV_0477,2.39,40.0,53.5,26.64,Chinese,3.8,17,6,1,Evening
ORD_02685,CUST_0471,REST_045,2026-05-27 02:33:25,148.4,5,Clear,High,Delivered,38.0,DEL_02685,DRV_0485,1.23,38.0,63.9,15.3,Pizza,4.2,2,2,0,Night
ORD_02686,CUST_0728,REST_041,2026-03-12 21:35:59,118.68,1,Cloudy,High,Delivered,38.0,DEL_02686,DRV_0130,5.14,38.0,89.3,18.79,North Indian,4.9,21,3,0,Evening
ORD_02687,CUST_0511,REST_009,2026-01-05 20:36:34,149.62,3,Clear,Medium,Delivered,18.0,DEL_02687,DRV_0048,4.74,18.0,61.6,15.2,Biryani,4.6,20,0,0,Evening
ORD_02688,CUST_0581,REST_009,2026-06-06 19:00:24,319.87,6,Rain,High,Delivered,20.0,DEL_02688,DRV_0257,1.25,20.0,65.6,27.77,Biryani,4.6,19,5,1,Evening
ORD_02689,CUST_0069,REST_063,2026-02-01 03:32:22,122.4,2,Cloudy,Medium,Delivered,17.0,DEL_02689,DRV_0315,1.7,17.0,39.9,22.58,Biryani,4.7,3,6,1,Night
ORD_02690,CUST_0081,REST_079,2026-05-18 12:22:05,244.65,1,Rain,Low,Delivered,29.0,DEL_02690,DRV_0416,4.48,29.0,74.1,16.83,Healthy,4.4,12,0,0,Afternoon
ORD_02691,CUST_0542,REST_077,2026-06-17 01:09:56,106.58,3,Heavy Rain,Medium,Delivered,13.0,DEL_02691,DRV_0088,3.23,13.0,66.1,20.34,Fast Food,4.1,1,2,0,Night
ORD_02692,CUST_0585,REST_022,2026-03-12 00:11:29,163.33,2,Clear,Medium,Delivered,26.0,DEL_02692,DRV_0258,2.38,26.0,47.5,20.72,Biryani,4.5,0,3,0,Night
ORD_02693,CUST_0262,REST_016,2026-02-23 20:18:48,216.61,6,Clear,Medium,Delivered,24.0,DEL_02693,DRV_0059,3.29,24.0,67.5,41.3,Indian,3.7,20,0,0,Evening
ORD_02694,CUST_0089,REST_032,2026-01-07 00:33:56,104.78,4,Cloudy,Medium,Delivered,21.0,DEL_02694,DRV_0387,2.51,21.0,41.6,18.14,Healthy,3.9,0,2,0,Night
ORD_02695,CUST_0915,REST_066,2026-01-25 04:58:46,100.0,2,Clear,Medium,Delivered,31.0,DEL_02695,DRV_0457,3.88,31.0,57.9,16.74,North Indian,3.5,4,6,1,Night
ORD_02696,CUST_0208,REST_090,2026-03-07 04:33:12,237.59,3,Clear,Medium,Delivered,37.0,DEL_02696,DRV_0049,6.97,37.0,69.0,22.27,North Indian,4.2,4,5,1,Night
ORD_02697,CUST_0213,REST_014,2026-05-08 19:39:47,336.2,4,Rain,High,Delivered,24.0,DEL_02697,DRV_0216,7.7,24.0,94.4,50.05,Fast Food,5.0,19,4,0,Evening
ORD_02698,CUST_0834,REST_038,2026-02-13 22:36:08,173.56,6,Heavy Rain,Medium,Delivered,32.0,DEL_02698,DRV_0076,2.59,32.0,72.5,23.58,Indian,3.7,22,4,0,Night
ORD_02700,CUST_0912,REST_008,2026-04-07 23:39:55,197.48,2,Cloudy,High,Delivered,27.0,DEL_02700,DRV_0248,4.8,27.0,67.9,31.25,Desserts,4.5,23,1,0,Night
ORD_02702,CUST_0207,REST_021,2026-02-05 03:32:33,207.18,6,Cloudy,High,Delivered,18.0,DEL_02702,DRV_0290,0.77,18.0,54.6,39.5,Fast Food,3.7,3,3,0,Night
ORD_02703,CUST_0333,REST_056,2026-04-28 15:57:27,100.0,4,Clear,Low,Delivered,27.0,DEL_02703,DRV_0023,9.13,27.0,73.6,17.57,Desserts,4.2,15,1,0,Afternoon
ORD_02704,CUST_0077,REST_046,2026-06-29 18:53:08,100.68,6,Cloudy,Medium,Delivered,18.0,DEL_02704,DRV_0019,6.15,18.0,61.3,21.57,North Indian,3.7,18,0,0,Evening
ORD_02705,CUST_0288,REST_043,2026-03-19 02:50:54,113.88,4,Clear,Low,Delivered,22.0,DEL_02705,DRV_0436,8.96,22.0,60.5,15.18,Fast Food,3.7,2,3,0,Night
ORD_02706,CUST_0047,REST_092,2026-04-06 14:04:47,196.96,6,Rain,Low,Delivered,22.0,DEL_02706,DRV_0316,7.58,22.0,72.5,39.74,Indian,4.1,14,0,0,Afternoon
ORD_02707,CUST_0622,REST_046,2026-06-27 17:52:02,200.78,5,Rain,Medium,Delivered,13.0,DEL_02707,DRV_0383,6.16,13.0,56.8,31.69,North Indian,3.7,17,5,1,Evening
ORD_02708,CUST_0200,REST_048,2026-06-15 13:27:29,257.21,2,Cloudy,Medium,Delivered,37.0,DEL_02708,DRV_0096,7.65,37.0,91.0,42.97,Chinese,4.0,13,0,0,Afternoon
ORD_02709,CUST_0427,REST_070,2026-05-28 11:06:31,208.86,1,Rain,High,Delivered,11.0,DEL_02709,DRV_0251,3.88,11.0,56.2,39.52,Desserts,4.2,11,3,0,Morning
ORD_02710,CUST_0210,REST_084,2026-01-09 02:37:42,100.0,5,Clear,Medium,Delivered,17.0,DEL_02710,DRV_0241,6.49,17.0,61.0,19.43,North Indian,3.3,2,4,0,Night
ORD_02711,CUST_0888,REST_031,2026-03-29 11:09:28,401.76,2,Clear,Low,Delivered,27.0,DEL_02711,DRV_0412,7.49,27.0,62.7,64.36,North Indian,4.0,11,6,1,Morning
ORD_02712,CUST_0420,REST_033,2026-01-08 16:16:39,364.88,1,Rain,Medium,Delivered,31.0,DEL_02712,DRV_0346,6.3,31.0,76.9,55.45,Fast Food,4.1,16,3,0,Afternoon
ORD_02713,CUST_0154,REST_044,2026-02-24 10:44:10,100.0,6,Heavy Rain,Medium,Delivered,26.0,DEL_02713,DRV_0305,2.36,26.0,54.0,22.26,Biryani,4.1,10,1,0,Morning
ORD_02714,CUST_0522,REST_071,2026-03-06 06:20:51,217.67,1,Cloudy,High,Delivered,22.0,DEL_02714,DRV_0045,1.89,22.0,56.3,16.17,Healthy,4.9,6,4,0,Morning
ORD_02716,CUST_0353,REST_073,2026-06-24 16:18:53,195.66,1,Rain,Low,Delivered,40.0,DEL_02716,DRV_0107,2.47,40.0,70.7,36.82,South Indian,3.9,16,2,0,Afternoon
ORD_02717,CUST_0157,REST_002,2026-01-15 18:40:28,323.54,2,Clear,Medium,Delivered,42.0,DEL_02717,DRV_0479,2.54,42.0,55.4,55.1,North Indian,4.2,18,3,0,Evening
ORD_02718,CUST_0261,REST_017,2026-05-18 21:14:41,584.97,5,Cloudy,Medium,Delivered,12.0,DEL_02718,DRV_0060,3.25,12.0,52.6,73.02,Pizza,4.5,21,0,0,Evening
ORD_02719,CUST_0077,REST_052,2026-02-18 04:48:33,274.02,5,Clear,Medium,Delivered,30.0,DEL_02719,DRV_0459,3.6,30.0,58.3,21.55,Healthy,4.6,4,2,0,Night
ORD_02720,CUST_0769,REST_045,2026-01-23 12:30:53,213.2,3,Rain,High,Delivered,39.0,DEL_02720,DRV_0440,3.35,39.0,85.7,23.14,Pizza,4.2,12,4,0,Afternoon
ORD_02721,CUST_0983,REST_037,2026-06-17 20:56:58,150.37,2,Clear,Medium,Delivered,24.0,DEL_02721,DRV_0488,3.17,24.0,69.5,28.58,Chinese,3.8,20,2,0,Evening
ORD_02722,CUST_0488,REST_042,2026-01-31 23:34:13,200.37,1,Rain,Medium,Delivered,29.0,DEL_02722,DRV_0498,3.9,29.0,74.5,11.65,Healthy,5.0,23,5,1,Night
ORD_02723,CUST_0131,REST_044,2026-01-07 19:57:26,382.94,3,Clear,Medium,Delivered,26.0,DEL_02723,DRV_0132,1.65,26.0,51.1,53.86,Biryani,4.1,19,2,0,Evening
ORD_02724,CUST_0579,REST_081,2026-05-20 22:18:19,176.87,6,Clear,Low,Delivered,28.0,DEL_02724,DRV_0402,1.22,28.0,34.3,24.56,Desserts,4.1,22,2,0,Night
ORD_02725,CUST_0455,REST_038,2026-06-20 05:11:01,111.35,4,Rain,Medium,Delivered,32.0,DEL_02725,DRV_0157,10.53,32.0,104.5,13.88,Indian,3.7,5,5,1,Night
ORD_02726,CUST_0740,REST_099,2026-05-18 10:20:01,100.0,6,Clear,Medium,Delivered,32.0,DEL_02726,DRV_0495,2.17,32.0,59.3,33.83,Healthy,3.7,10,0,0,Morning
ORD_02727,CUST_0163,REST_094,2026-06-02 19:04:03,240.37,2,Cloudy,Medium,Delivered,17.0,DEL_02727,DRV_0376,0.5,17.0,44.8,9.29,Cafe,4.6,19,1,0,Evening
ORD_02728,CUST_0015,REST_006,2026-01-22 03:35:46,207.68,3,Clear,Medium,Delivered,19.0,DEL_02728,DRV_0423,2.83,19.0,46.7,38.79,Cafe,3.9,3,3,0,Night
ORD_02729,CUST_0232,REST_068,2026-05-26 10:43:38,127.07,5,Rain,High,Delivered,22.0,DEL_02729,DRV_0055,0.87,22.0,50.1,10.28,Indian,4.5,10,1,0,Morning
ORD_02730,CUST_0195,REST_051,2026-03-15 14:46:04,318.72,3,Clear,Low,Delivered,17.0,DEL_02730,DRV_0186,1.34,17.0,49.9,21.88,Healthy,3.6,14,6,1,Afternoon
ORD_02731,CUST_0861,REST_035,2026-03-14 05:53:23,143.74,4,Clear,Low,Delivered,24.0,DEL_02731,DRV_0175,4.11,24.0,46.0,24.96,North Indian,4.8,5,5,1,Night
ORD_02732,CUST_0542,REST_058,2026-01-04 16:08:52,168.33,2,Cloudy,High,Delivered,22.0,DEL_02732,DRV_0031,1.47,22.0,57.4,16.01,Fast Food,4.7,16,6,1,Afternoon
ORD_02733,CUST_0359,REST_057,2026-06-23 08:15:18,179.62,3,Clear,High,Delivered,20.0,DEL_02733,DRV_0371,9.05,20.0,75.5,38.44,Desserts,4.7,8,1,0,Morning
ORD_02734,CUST_0850,REST_073,2026-06-18 05:53:33,149.45,6,Clear,Medium,Delivered,38.0,DEL_02734,DRV_0412,6.59,38.0,69.1,18.94,South Indian,3.9,5,3,0,Night
ORD_02735,CUST_0331,REST_006,2026-02-21 02:52:08,206.38,1,Cloudy,High,Delivered,26.0,DEL_02735,DRV_0155,0.53,26.0,56.2,37.96,Cafe,3.9,2,5,1,Night
ORD_02736,CUST_0427,REST_013,2026-05-19 22:10:38,341.5,6,Cloudy,Low,Delivered,17.0,DEL_02736,DRV_0245,7.68,17.0,66.9,52.23,Cafe,3.2,22,1,0,Night
ORD_02737,CUST_0497,REST_059,2026-06-03 18:55:22,100.0,2,Clear,Low,Delivered,40.0,DEL_02737,DRV_0030,4.3,40.0,56.5,11.34,Pizza,4.0,18,2,0,Evening
ORD_02738,CUST_0828,REST_086,2026-04-17 18:18:09,237.15,3,Cloudy,High,Delivered,35.0,DEL_02738,DRV_0049,1.72,35.0,61.0,5.89,Chinese,3.8,18,4,0,Evening
ORD_02739,CUST_0486,REST_092,2026-01-31 17:41:27,199.28,6,Rain,High,Delivered,26.0,DEL_02739,DRV_0170,3.16,26.0,71.0,19.35,Indian,4.1,17,5,1,Evening
ORD_02740,CUST_0808,REST_030,2026-04-13 10:53:06,197.27,3,Clear,Low,Delivered,26.0,DEL_02740,DRV_0075,4.93,26.0,58.7,33.39,South Indian,4.1,10,0,0,Morning
ORD_02741,CUST_0449,REST_100,2026-03-12 02:08:40,292.81,6,Cloudy,Low,Delivered,32.0,DEL_02741,DRV_0206,8.25,32.0,68.4,35.45,Pizza,3.9,2,3,0,Night
ORD_02742,CUST_0413,REST_002,2026-06-20 18:59:37,186.25,2,Cloudy,Low,Delivered,34.0,DEL_02742,DRV_0324,1.79,34.0,46.1,17.51,North Indian,4.2,18,5,1,Evening
ORD_02744,CUST_0732,REST_036,2026-01-16 00:33:03,268.73,6,Clear,High,Delivered,15.0,DEL_02744,DRV_0385,7.46,15.0,74.6,34.39,Indian,3.0,0,4,0,Night
ORD_02745,CUST_0889,REST_072,2026-01-04 02:19:47,137.36,1,Clear,Medium,Delivered,18.0,DEL_02745,DRV_0428,5.05,18.0,51.2,24.5,Chinese,3.8,2,6,1,Night
ORD_02746,CUST_0991,REST_045,2026-03-01 03:43:26,213.7,6,Rain,Medium,Delivered,36.0,DEL_02746,DRV_0359,10.53,36.0,102.4,48.12,Pizza,4.2,3,6,1,Night
ORD_02747,CUST_0147,REST_009,2026-02-13 23:52:47,157.92,2,Clear,Medium,Delivered,24.0,DEL_02747,DRV_0421,3.01,24.0,51.9,28.24,Biryani,4.6,23,4,0,Night
ORD_02748,CUST_0259,REST_065,2026-02-28 18:25:54,168.52,6,Rain,High,Delivered,24.0,DEL_02748,DRV_0161,3.09,24.0,67.6,28.27,South Indian,4.7,18,5,1,Evening
ORD_02749,CUST_0292,REST_077,2026-03-07 16:14:01,151.85,1,Cloudy,Low,Delivered,17.0,DEL_02749,DRV_0149,0.65,17.0,33.7,7.47,Fast Food,4.1,16,5,1,Afternoon
ORD_02750,CUST_0811,REST_050,2026-01-14 19:15:49,234.88,1,Clear,Medium,Delivered,24.0,DEL_02750,DRV_0088,3.94,24.0,66.8,28.62,Desserts,4.0,19,2,0,Evening
ORD_02751,CUST_0143,REST_079,2026-02-20 20:18:55,189.6,2,Cloudy,High,Delivered,25.0,DEL_02751,DRV_0168,5.81,25.0,79.0,30.97,Healthy,4.4,20,4,0,Evening
ORD_02752,CUST_0993,REST_032,2026-04-07 17:46:49,225.2,3,Heavy Rain,Low,Delivered,19.0,DEL_02752,DRV_0189,7.99,19.0,79.6,41.08,Healthy,3.9,17,1,0,Evening
ORD_02753,CUST_0937,REST_098,2026-05-28 15:31:56,179.53,6,Clear,High,Delivered,24.0,DEL_02753,DRV_0114,4.28,24.0,66.0,22.07,Biryani,4.7,15,3,0,Afternoon
ORD_02754,CUST_0747,REST_043,2026-06-28 09:52:08,100.0,5,Clear,Medium,Delivered,25.0,DEL_02754,DRV_0013,8.34,25.0,78.2,18.89,Fast Food,3.7,9,6,1,Morning
ORD_02755,CUST_0627,REST_095,2026-04-10 23:41:26,184.43,1,Cloudy,Low,Delivered,25.0,DEL_02755,DRV_0369,6.1,25.0,57.7,22.92,Pizza,3.7,23,4,0,Night
ORD_02756,CUST_0365,REST_078,2026-04-09 19:26:27,187.72,1,Clear,Low,Delivered,37.0,DEL_02756,DRV_0482,12.22,37.0,99.7,37.29,Biryani,3.9,19,3,0,Evening
ORD_02757,CUST_0090,REST_054,2026-02-27 14:57:54,207.15,6,Clear,Medium,Delivered,19.0,DEL_02757,DRV_0166,5.16,19.0,65.8,26.66,Healthy,4.2,14,4,0,Afternoon
ORD_02758,CUST_0720,REST_047,2026-05-30 14:47:21,130.77,3,Clear,Medium,Delivered,29.0,DEL_02758,DRV_0157,6.51,29.0,80.0,22.95,Desserts,4.4,14,5,1,Afternoon
ORD_02759,CUST_0164,REST_014,2026-06-09 05:42:59,100.0,6,Clear,Medium,Delivered,23.0,DEL_02759,DRV_0181,5.89,23.0,67.6,11.43,Fast Food,5.0,5,1,0,Night
ORD_02760,CUST_0481,REST_048,2026-02-09 09:19:14,255.58,2,Clear,Low,Delivered,34.0,DEL_02760,DRV_0320,8.0,34.0,71.5,29.3,Chinese,4.0,9,0,0,Morning
ORD_02761,CUST_0084,REST_055,2026-02-21 23:43:59,155.95,5,Rain,Medium,Delivered,40.0,DEL_02761,DRV_0292,5.33,40.0,79.2,40.09,North Indian,4.2,23,5,1,Night
ORD_02762,CUST_0077,REST_029,2026-02-12 20:56:27,199.18,6,Heavy Rain,Low,Delivered,34.0,DEL_02762,DRV_0104,0.5,34.0,69.2,16.81,Pizza,3.9,20,3,0,Evening
ORD_02763,CUST_0673,REST_047,2026-03-07 19:57:06,155.27,1,Clear,Medium,Delivered,34.0,DEL_02763,DRV_0111,3.41,34.0,71.0,21.6,Desserts,4.4,19,5,1,Evening
ORD_02764,CUST_0517,REST_063,2026-02-28 23:29:15,180.67,1,Clear,Medium,Delivered,10.0,DEL_02764,DRV_0261,1.66,10.0,47.4,20.64,Biryani,4.7,23,5,1,Night
ORD_02765,CUST_0485,REST_019,2026-05-23 16:30:53,141.58,2,Clear,Medium,Delivered,25.0,DEL_02765,DRV_0148,2.89,25.0,51.0,20.46,Indian,4.4,16,5,1,Afternoon
ORD_02767,CUST_0603,REST_009,2026-01-23 12:18:32,235.23,6,Clear,Low,Delivered,27.0,DEL_02767,DRV_0139,8.58,27.0,80.3,23.96,Biryani,4.6,12,4,0,Afternoon
ORD_02768,CUST_0599,REST_037,2026-04-06 09:24:51,130.1,4,Clear,Low,Delivered,20.0,DEL_02768,DRV_0328,7.1,20.0,44.2,27.21,Chinese,3.8,9,0,0,Morning
ORD_02769,CUST_0782,REST_092,2026-04-22 20:19:36,198.38,3,Rain,Low,Delivered,18.0,DEL_02769,DRV_0412,14.85,18.0,98.1,46.12,Indian,4.1,20,2,0,Evening
ORD_02770,CUST_0104,REST_052,2026-06-01 16:12:11,227.18,1,Clear,Low,Delivered,33.0,DEL_02770,DRV_0433,4.19,33.0,51.0,29.59,Healthy,4.6,16,0,0,Afternoon
ORD_02772,CUST_0487,REST_088,2026-04-09 03:12:41,100.0,1,Clear,Medium,Delivered,36.0,DEL_02772,DRV_0402,2.27,36.0,53.9,19.09,Cafe,3.8,3,3,0,Night
ORD_02773,CUST_0339,REST_028,2026-06-30 13:44:06,688.38,5,Clear,Medium,Delivered,26.0,DEL_02773,DRV_0158,7.69,26.0,72.7,46.07,Indian,4.4,13,1,0,Afternoon
ORD_02774,CUST_0687,REST_036,2026-06-21 10:44:45,135.6,3,Rain,Medium,Delivered,20.0,DEL_02774,DRV_0384,2.75,20.0,47.5,31.27,Indian,3.0,10,6,1,Morning
ORD_02776,CUST_0900,REST_018,2026-03-17 16:29:04,526.74,5,Heavy Rain,High,Delivered,36.0,DEL_02776,DRV_0056,5.95,36.0,105.2,74.6,Pizza,3.6,16,1,0,Afternoon
ORD_02777,CUST_0478,REST_089,2026-06-02 17:05:50,279.9,4,Clear,Low,Delivered,25.0,DEL_02777,DRV_0073,7.4,25.0,52.8,11.74,North Indian,4.1,17,1,0,Evening
ORD_02778,CUST_0723,REST_035,2026-05-03 09:32:04,153.66,5,Cloudy,Medium,Delivered,28.0,DEL_02778,DRV_0458,1.07,28.0,41.6,19.7,North Indian,4.8,9,6,1,Morning
ORD_02779,CUST_0607,REST_068,2026-04-21 13:38:29,174.7,3,Heavy Rain,High,Delivered,23.0,DEL_02779,DRV_0248,2.97,23.0,80.6,29.53,Indian,4.5,13,1,0,Afternoon
ORD_02780,CUST_0223,REST_078,2026-02-18 15:51:02,114.67,1,Clear,Medium,Delivered,35.0,DEL_02780,DRV_0473,2.76,35.0,56.3,29.92,Biryani,3.9,15,2,0,Afternoon
ORD_02781,CUST_0009,REST_039,2026-06-19 01:49:37,294.4,4,Clear,Low,Delivered,30.0,DEL_02781,DRV_0180,4.41,30.0,43.9,27.56,Desserts,4.2,1,4,0,Night
ORD_02782,CUST_0053,REST_090,2026-03-28 13:43:21,247.51,3,Rain,Medium,Delivered,30.0,DEL_02782,DRV_0091,2.74,30.0,67.5,33.53,North Indian,4.2,13,5,1,Afternoon
ORD_02783,CUST_0077,REST_008,2026-01-14 03:28:56,136.6,4,Clear,Low,Delivered,25.0,DEL_02783,DRV_0194,3.98,25.0,42.0,29.75,Desserts,4.5,3,2,0,Night
ORD_02784,CUST_0718,REST_088,2026-04-29 12:11:49,102.19,3,Cloudy,Medium,Delivered,31.0,DEL_02784,DRV_0195,5.01,31.0,77.4,11.4,Cafe,3.8,12,2,0,Afternoon
ORD_02785,CUST_0503,REST_080,2026-05-16 12:16:49,100.0,5,Clear,Medium,Delivered,32.0,DEL_02785,DRV_0285,1.08,32.0,60.0,22.18,South Indian,5.0,12,5,1,Afternoon
ORD_02786,CUST_0316,REST_084,2026-05-29 21:57:35,311.87,3,Clear,Medium,Delivered,24.0,DEL_02786,DRV_0384,3.63,24.0,61.0,53.45,North Indian,3.3,21,4,0,Evening
ORD_02787,CUST_0814,REST_015,2026-04-05 01:20:01,193.68,5,Clear,Low,Delivered,34.0,DEL_02787,DRV_0248,3.15,34.0,47.9,21.94,Healthy,4.6,1,6,1,Night
ORD_02788,CUST_0822,REST_007,2026-05-05 03:05:22,204.02,1,Rain,High,Delivered,17.0,DEL_02788,DRV_0229,3.63,17.0,60.6,8.28,Healthy,3.9,3,1,0,Night
ORD_02789,CUST_0842,REST_017,2026-05-01 14:34:40,115.28,5,Clear,Medium,Delivered,19.0,DEL_02789,DRV_0283,3.63,19.0,58.0,19.5,Pizza,4.5,14,4,0,Afternoon
ORD_02790,CUST_0624,REST_086,2026-03-19 18:26:00,100.0,2,Clear,Low,Delivered,33.0,DEL_02790,DRV_0324,0.93,33.0,35.2,19.32,Chinese,3.8,18,3,0,Evening
ORD_02791,CUST_0863,REST_086,2026-01-22 14:11:41,307.8,1,Cloudy,Medium,Delivered,33.0,DEL_02791,DRV_0163,11.68,33.0,111.9,41.62,Chinese,3.8,14,3,0,Afternoon
ORD_02792,CUST_0165,REST_064,2026-05-18 02:24:42,185.51,6,Clear,Medium,Delivered,9.0,DEL_02792,DRV_0091,4.57,9.0,36.0,31.09,Biryani,5.0,2,0,0,Night
ORD_02793,CUST_0279,REST_012,2026-05-02 15:18:11,298.56,6,Clear,Medium,Delivered,19.0,DEL_02793,DRV_0211,7.83,19.0,61.2,52.89,South Indian,4.6,15,5,1,Afternoon
ORD_02794,CUST_0027,REST_082,2026-01-26 20:55:00,146.6,3,Clear,Low,Delivered,31.0,DEL_02794,DRV_0266,2.24,31.0,58.1,12.81,Healthy,3.7,20,0,0,Evening
ORD_02795,CUST_0070,REST_056,2026-04-29 08:11:27,159.13,3,Cloudy,Low,Delivered,29.0,DEL_02795,DRV_0127,9.09,29.0,70.6,29.67,Desserts,4.2,8,2,0,Morning
ORD_02796,CUST_0218,REST_046,2026-04-18 08:22:46,268.36,2,Cloudy,High,Delivered,22.0,DEL_02796,DRV_0282,4.5,22.0,70.0,49.71,North Indian,3.7,8,5,1,Morning
ORD_02797,CUST_0962,REST_047,2026-06-03 04:24:32,271.18,3,Clear,Low,Delivered,31.0,DEL_02797,DRV_0071,6.33,31.0,68.7,43.36,Desserts,4.4,4,2,0,Night
ORD_02798,CUST_0365,REST_079,2026-03-14 08:32:45,281.09,1,Clear,Low,Delivered,32.0,DEL_02798,DRV_0091,1.35,32.0,45.2,34.5,Healthy,4.4,8,5,1,Morning
ORD_02799,CUST_0701,REST_016,2026-01-01 11:30:10,154.11,1,Cloudy,High,Delivered,27.0,DEL_02799,DRV_0094,3.27,27.0,59.7,9.82,Indian,3.7,11,3,0,Morning
ORD_02800,CUST_0845,REST_069,2026-01-21 20:52:17,254.17,5,Rain,Medium,Delivered,25.0,DEL_02800,DRV_0076,4.74,25.0,69.2,22.98,Chinese,3.7,20,2,0,Evening
ORD_02801,CUST_0947,REST_002,2026-06-12 22:50:31,333.62,4,Clear,Medium,Delivered,35.0,DEL_02801,DRV_0104,11.72,35.0,91.9,43.27,North Indian,4.2,22,4,0,Night
ORD_02802,CUST_0306,REST_092,2026-04-18 06:59:48,171.12,3,Clear,Medium,Delivered,27.0,DEL_02802,DRV_0445,5.83,27.0,65.1,20.47,Indian,4.1,6,5,1,Morning
ORD_02803,CUST_0124,REST_054,2026-06-03 22:15:44,136.67,2,Clear,Medium,Delivered,26.0,DEL_02803,DRV_0197,1.82,26.0,52.1,30.06,Healthy,4.2,22,2,0,Night
ORD_02804,CUST_0019,REST_027,2026-02-21 04:32:27,379.37,6,Cloudy,Medium,Delivered,25.0,DEL_02804,DRV_0184,2.0,25.0,45.1,29.9,South Indian,4.0,4,5,1,Night
ORD_02805,CUST_0257,REST_031,2026-05-14 23:22:57,126.48,1,Heavy Rain,High,Delivered,34.0,DEL_02805,DRV_0077,1.19,34.0,72.5,29.13,North Indian,4.0,23,3,0,Night
ORD_02806,CUST_0296,REST_041,2026-03-31 10:03:12,256.27,1,Clear,Low,Delivered,40.0,DEL_02806,DRV_0448,2.39,40.0,50.3,35.1,North Indian,4.9,10,1,0,Morning
ORD_02807,CUST_0928,REST_036,2026-03-21 12:04:30,175.54,1,Clear,Low,Delivered,16.0,DEL_02807,DRV_0297,9.18,16.0,68.2,12.11,Indian,3.0,12,5,1,Afternoon
ORD_02808,CUST_0022,REST_047,2026-04-25 05:22:29,100.0,4,Clear,Low,Delivered,30.0,DEL_02808,DRV_0388,5.58,30.0,63.8,24.73,Desserts,4.4,5,5,1,Night
ORD_02810,CUST_0989,REST_065,2026-04-04 04:22:50,100.0,3,Clear,Medium,Delivered,17.0,DEL_02810,DRV_0421,9.2,17.0,69.2,10.29,South Indian,4.7,4,5,1,Night
ORD_02811,CUST_0450,REST_050,2026-03-01 16:49:58,100.0,6,Rain,Low,Delivered,21.0,DEL_02811,DRV_0034,6.46,21.0,65.2,20.74,Desserts,4.0,16,6,1,Afternoon
ORD_02812,CUST_0552,REST_093,2026-02-23 15:06:12,242.26,2,Clear,Medium,Delivered,18.0,DEL_02812,DRV_0122,1.48,18.0,46.3,28.3,Indian,3.8,15,0,0,Afternoon
ORD_02813,CUST_0550,REST_001,2026-03-12 06:47:59,242.23,4,Rain,Low,Delivered,8.0,DEL_02813,DRV_0306,7.37,8.0,53.7,10.61,Pizza,4.8,6,3,0,Morning
ORD_02815,CUST_0695,REST_057,2026-02-28 08:33:48,196.63,4,Rain,High,Delivered,19.0,DEL_02815,DRV_0346,1.51,19.0,66.4,36.92,Desserts,4.7,8,5,1,Morning
ORD_02816,CUST_0587,REST_016,2026-04-07 15:20:50,100.0,1,Cloudy,Medium,Delivered,33.0,DEL_02816,DRV_0203,5.05,33.0,67.0,5.18,Indian,3.7,15,1,0,Afternoon
ORD_02817,CUST_0721,REST_028,2026-02-22 10:51:07,267.42,2,Clear,Low,Delivered,20.0,DEL_02817,DRV_0298,8.99,20.0,59.1,30.88,Indian,4.4,10,6,1,Morning
ORD_02819,CUST_0435,REST_082,2026-06-01 13:09:11,176.78,4,Clear,Low,Delivered,32.0,DEL_02819,DRV_0290,13.36,32.0,104.6,28.57,Healthy,3.7,13,0,0,Afternoon
ORD_02820,CUST_0107,REST_022,2026-04-30 08:16:09,183.36,1,Cloudy,Medium,Delivered,25.0,DEL_02820,DRV_0213,9.22,25.0,77.9,28.38,Biryani,4.5,8,3,0,Morning
ORD_02821,CUST_0188,REST_041,2026-03-10 09:22:27,237.77,5,Rain,Medium,Delivered,40.0,DEL_02821,DRV_0138,2.65,40.0,71.8,16.04,North Indian,4.9,9,1,0,Morning
ORD_02822,CUST_0776,REST_076,2026-04-16 21:46:00,178.41,5,Clear,High,Delivered,16.0,DEL_02822,DRV_0261,8.29,16.0,78.7,36.69,Chinese,3.7,21,3,0,Evening
ORD_02823,CUST_0086,REST_019,2026-02-17 04:19:32,100.0,3,Cloudy,Medium,Delivered,17.0,DEL_02823,DRV_0346,4.27,17.0,57.2,24.45,Indian,4.4,4,1,0,Night
ORD_02824,CUST_0836,REST_089,2026-06-25 19:00:29,606.67,3,Rain,Medium,Delivered,23.0,DEL_02824,DRV_0172,3.54,23.0,59.6,92.22,North Indian,4.1,19,3,0,Evening
ORD_02825,CUST_0843,REST_050,2026-06-20 00:52:37,350.88,4,Heavy Rain,High,Delivered,22.0,DEL_02825,DRV_0147,2.73,22.0,76.9,54.7,Desserts,4.0,0,5,1,Night
ORD_02826,CUST_0456,REST_059,2026-03-12 23:43:21,100.0,3,Cloudy,Medium,Delivered,39.0,DEL_02826,DRV_0149,8.41,39.0,82.2,14.81,Pizza,4.0,23,3,0,Night
ORD_02827,CUST_0137,REST_069,2026-06-20 17:48:27,149.93,6,Clear,Low,Delivered,34.0,DEL_02827,DRV_0377,1.67,34.0,35.6,23.63,Chinese,3.7,17,5,1,Evening
ORD_02828,CUST_0858,REST_034,2026-04-25 21:55:22,159.2,6,Cloudy,Medium,Delivered,21.0,DEL_02828,DRV_0418,4.9,21.0,57.4,23.69,Desserts,4.0,21,5,1,Evening
ORD_02829,CUST_0898,REST_039,2026-03-19 07:02:14,328.12,1,Cloudy,Medium,Delivered,21.0,DEL_02829,DRV_0029,2.77,21.0,46.5,51.21,Desserts,4.2,7,3,0,Morning
ORD_02830,CUST_0336,REST_074,2026-06-12 09:22:14,100.0,1,Cloudy,Medium,Delivered,10.0,DEL_02830,DRV_0102,4.44,10.0,50.3,14.21,Indian,4.2,9,4,0,Morning
ORD_02831,CUST_0607,REST_007,2026-02-08 06:43:28,137.76,1,Rain,Low,Delivered,19.0,DEL_02831,DRV_0463,3.83,19.0,41.6,37.53,Healthy,3.9,6,6,1,Morning
ORD_02832,CUST_0838,REST_052,2026-01-11 07:01:37,100.0,6,Clear,Low,Delivered,26.0,DEL_02832,DRV_0296,4.55,26.0,42.8,14.68,Healthy,4.6,7,6,1,Morning
ORD_02833,CUST_0757,REST_060,2026-05-18 01:56:07,154.96,4,Clear,Low,Delivered,22.0,DEL_02833,DRV_0464,5.61,22.0,47.6,22.34,Chinese,4.2,1,0,0,Night
ORD_02834,CUST_0469,REST_052,2026-06-01 05:29:35,139.79,4,Cloudy,Low,Delivered,32.0,DEL_02834,DRV_0371,2.5,32.0,52.6,11.86,Healthy,4.6,5,0,0,Night
ORD_02835,CUST_0602,REST_079,2026-01-07 10:55:15,189.39,3,Heavy Rain,High,Delivered,31.0,DEL_02835,DRV_0254,1.68,31.0,79.2,38.58,Healthy,4.4,10,2,0,Morning
ORD_02836,CUST_0571,REST_024,2026-04-26 05:41:57,129.97,4,Clear,Medium,Delivered,31.0,DEL_02836,DRV_0274,2.45,31.0,53.3,13.78,Cafe,4.3,5,6,1,Night
ORD_02837,CUST_0403,REST_026,2026-05-20 00:33:14,119.93,1,Heavy Rain,Medium,Delivered,40.0,DEL_02837,DRV_0379,4.92,40.0,89.6,19.37,Fast Food,3.0,0,2,0,Night
ORD_02838,CUST_0540,REST_090,2026-03-10 14:17:15,254.88,2,Rain,Medium,Delivered,30.0,DEL_02838,DRV_0049,4.46,30.0,81.3,13.12,North Indian,4.2,14,1,0,Afternoon
ORD_02839,CUST_0072,REST_090,2026-02-04 21:03:53,232.77,1,Rain,Medium,Delivered,36.0,DEL_02839,DRV_0189,2.47,36.0,72.6,12.59,North Indian,4.2,21,2,0,Evening
ORD_02840,CUST_0782,REST_010,2026-06-24 05:07:27,245.49,6,Rain,High,Delivered,30.0,DEL_02840,DRV_0065,4.87,30.0,84.0,23.91,Healthy,4.9,5,2,0,Night
ORD_02841,CUST_0024,REST_017,2026-05-02 03:29:54,164.47,2,Rain,Medium,Delivered,11.0,DEL_02841,DRV_0459,8.72,11.0,63.3,29.34,Pizza,4.5,3,5,1,Night
ORD_02842,CUST_0624,REST_078,2026-05-24 16:10:30,132.36,3,Rain,Medium,Delivered,37.0,DEL_02842,DRV_0164,4.5,37.0,76.0,23.21,Biryani,3.9,16,6,1,Afternoon
ORD_02843,CUST_0812,REST_002,2026-01-22 10:42:58,169.8,5,Cloudy,Medium,Delivered,38.0,DEL_02843,DRV_0224,2.34,38.0,54.9,28.77,North Indian,4.2,10,3,0,Morning
ORD_02844,CUST_0485,REST_077,2026-06-14 15:39:54,238.8,4,Clear,High,Delivered,20.0,DEL_02844,DRV_0476,1.38,20.0,50.2,42.2,Fast Food,4.1,15,6,1,Afternoon
ORD_02845,CUST_0056,REST_027,2026-03-02 13:41:35,100.0,4,Clear,High,Delivered,29.0,DEL_02845,DRV_0326,4.45,29.0,85.1,17.74,South Indian,4.0,13,0,0,Afternoon
ORD_02846,CUST_0986,REST_073,2026-05-14 07:14:30,225.15,6,Clear,High,Delivered,41.0,DEL_02846,DRV_0007,2.18,41.0,70.6,34.88,South Indian,3.9,7,3,0,Morning
ORD_02847,CUST_0223,REST_071,2026-06-10 04:10:35,214.87,1,Clear,Low,Delivered,31.0,DEL_02847,DRV_0061,3.43,31.0,48.5,33.55,Healthy,4.9,4,2,0,Night
ORD_02848,CUST_0632,REST_048,2026-06-17 17:38:02,187.58,1,Clear,Low,Delivered,37.0,DEL_02848,DRV_0192,5.7,37.0,63.5,31.15,Chinese,4.0,17,2,0,Evening
ORD_02849,CUST_0179,REST_074,2026-05-10 05:14:51,166.98,2,Rain,Low,Delivered,13.0,DEL_02849,DRV_0360,5.35,13.0,53.1,25.51,Indian,4.2,5,6,1,Night
ORD_02850,CUST_0800,REST_009,2026-04-19 19:33:14,100.0,4,Cloudy,Medium,Delivered,19.0,DEL_02850,DRV_0088,8.94,19.0,92.6,11.58,Biryani,4.6,19,6,1,Evening
ORD_02851,CUST_0434,REST_086,2026-04-10 15:32:55,142.32,6,Clear,Medium,Delivered,40.0,DEL_02851,DRV_0458,0.99,40.0,57.2,29.3,Chinese,3.8,15,4,0,Afternoon
ORD_02852,CUST_0937,REST_023,2026-03-13 12:34:10,485.02,3,Rain,Low,Delivered,35.0,DEL_02852,DRV_0158,3.76,35.0,68.5,84.51,South Indian,4.6,12,4,0,Afternoon
ORD_02853,CUST_0450,REST_071,2026-05-29 08:25:37,182.56,1,Clear,Medium,Delivered,31.0,DEL_02853,DRV_0273,3.85,31.0,57.2,33.24,Healthy,4.9,8,4,0,Morning
ORD_02854,CUST_0793,REST_073,2026-04-09 08:59:17,153.08,4,Clear,Low,Delivered,32.0,DEL_02854,DRV_0428,4.95,32.0,50.9,24.44,South Indian,3.9,8,3,0,Morning
ORD_02855,CUST_0884,REST_027,2026-01-14 14:31:11,182.97,5,Rain,High,Delivered,30.0,DEL_02855,DRV_0456,1.84,30.0,71.2,24.06,South Indian,4.0,14,2,0,Afternoon
ORD_02856,CUST_0492,REST_088,2026-03-18 04:01:55,220.33,6,Clear,Low,Delivered,31.0,DEL_02856,DRV_0332,2.63,31.0,33.2,16.43,Cafe,3.8,4,2,0,Night
ORD_02857,CUST_0189,REST_093,2026-03-11 15:47:35,260.43,2,Cloudy,Medium,Delivered,19.0,DEL_02857,DRV_0282,1.69,19.0,40.7,26.45,Indian,3.8,15,2,0,Afternoon
ORD_02858,CUST_0578,REST_081,2026-05-27 14:31:56,159.83,1,Clear,Medium,Delivered,21.0,DEL_02858,DRV_0145,5.21,21.0,58.6,30.44,Desserts,4.1,14,2,0,Afternoon
ORD_02859,CUST_0810,REST_084,2026-01-21 14:13:02,229.0,1,Cloudy,Medium,Delivered,20.0,DEL_02859,DRV_0163,2.54,20.0,57.6,35.36,North Indian,3.3,14,2,0,Afternoon
ORD_02860,CUST_0961,REST_071,2026-03-12 06:21:33,455.85,3,Rain,Low,Delivered,30.0,DEL_02860,DRV_0174,7.59,30.0,69.8,43.14,Healthy,4.9,6,3,0,Morning
ORD_02861,CUST_0420,REST_043,2026-02-26 15:46:41,315.27,1,Clear,High,Delivered,15.0,DEL_02861,DRV_0108,6.93,15.0,62.3,65.51,Fast Food,3.7,15,3,0,Afternoon
ORD_02862,CUST_0249,REST_007,2026-01-25 05:40:35,656.66,6,Heavy Rain,Medium,Delivered,25.0,DEL_02862,DRV_0389,8.2,25.0,75.3,109.17,Healthy,3.9,5,6,1,Night
ORD_02863,CUST_0588,REST_092,2026-02-24 00:26:57,126.31,4,Clear,High,Delivered,24.0,DEL_02863,DRV_0301,3.19,24.0,58.2,22.11,Indian,4.1,0,1,0,Night
ORD_02864,CUST_0649,REST_083,2026-06-02 19:55:57,455.73,4,Cloudy,High,Delivered,20.0,DEL_02864,DRV_0331,3.21,20.0,61.1,37.08,Pizza,4.8,19,1,0,Evening
ORD_02865,CUST_0164,REST_063,2026-04-30 17:09:37,117.35,4,Rain,Medium,Delivered,17.0,DEL_02865,DRV_0144,3.38,17.0,56.7,18.38,Biryani,4.7,17,3,0,Evening
ORD_02866,CUST_0745,REST_084,2026-06-22 07:06:41,220.18,5,Rain,High,Delivered,17.0,DEL_02866,DRV_0058,2.36,17.0,60.3,35.33,North Indian,3.3,7,0,0,Morning
ORD_02867,CUST_0255,REST_044,2026-04-03 08:11:44,271.2,5,Clear,High,Delivered,25.0,DEL_02867,DRV_0298,1.58,25.0,53.2,50.7,Biryani,4.1,8,4,0,Morning
ORD_02868,CUST_0476,REST_039,2026-05-26 10:38:11,136.88,1,Clear,High,Delivered,21.0,DEL_02868,DRV_0350,2.09,21.0,60.4,28.13,Desserts,4.2,10,1,0,Morning
ORD_02869,CUST_0806,REST_040,2026-05-18 14:28:49,190.26,5,Cloudy,High,Delivered,32.0,DEL_02869,DRV_0188,10.14,32.0,107.2,7.13,Desserts,4.1,14,0,0,Afternoon
ORD_02870,CUST_0417,REST_007,2026-06-10 16:17:44,299.09,5,Clear,High,Delivered,26.0,DEL_02870,DRV_0440,2.96,26.0,62.6,32.35,Healthy,3.9,16,2,0,Afternoon
ORD_02871,CUST_0170,REST_070,2026-03-28 17:28:08,122.65,3,Clear,Medium,Delivered,19.0,DEL_02871,DRV_0488,11.77,19.0,83.7,22.06,Desserts,4.2,17,5,1,Evening
ORD_02872,CUST_0317,REST_025,2026-06-18 15:51:11,454.03,5,Rain,Low,Delivered,34.0,DEL_02872,DRV_0390,2.84,34.0,54.0,27.05,South Indian,4.0,15,3,0,Afternoon
ORD_02873,CUST_0174,REST_059,2026-03-28 18:41:14,100.0,2,Cloudy,High,Delivered,34.0,DEL_02873,DRV_0020,4.81,34.0,74.9,22.02,Pizza,4.0,18,5,1,Evening
ORD_02875,CUST_0345,REST_086,2026-05-18 00:45:10,314.42,2,Clear,Low,Delivered,34.0,DEL_02875,DRV_0024,4.35,34.0,47.9,39.72,Chinese,3.8,0,0,0,Night
ORD_02876,CUST_0445,REST_081,2026-05-12 04:27:17,172.54,1,Rain,Medium,Delivered,23.0,DEL_02876,DRV_0091,2.85,23.0,64.7,21.03,Desserts,4.1,4,1,0,Night
ORD_02877,CUST_0018,REST_086,2026-02-02 11:59:39,145.26,4,Cloudy,Medium,Delivered,38.0,DEL_02877,DRV_0451,0.82,38.0,55.5,21.94,Chinese,3.8,11,0,0,Morning
ORD_02878,CUST_0070,REST_098,2026-03-05 13:59:30,137.16,3,Cloudy,Medium,Delivered,22.0,DEL_02878,DRV_0216,4.07,22.0,63.9,31.78,Biryani,4.7,13,3,0,Afternoon
ORD_02879,CUST_0338,REST_062,2026-01-07 11:23:41,168.23,1,Clear,Low,Delivered,18.0,DEL_02879,DRV_0052,2.34,18.0,44.2,16.72,Fast Food,3.5,11,2,0,Morning
ORD_02881,CUST_0592,REST_045,2026-06-26 11:39:10,361.54,3,Clear,Medium,Delivered,33.0,DEL_02881,DRV_0153,2.81,33.0,63.3,32.77,Pizza,4.2,11,4,0,Morning
ORD_02882,CUST_0527,REST_018,2026-01-14 20:28:06,535.26,3,Cloudy,Medium,Delivered,31.0,DEL_02882,DRV_0220,10.13,31.0,100.4,84.31,Pizza,3.6,20,2,0,Evening
ORD_02883,CUST_0688,REST_088,2026-02-06 23:12:53,202.28,3,Clear,Medium,Delivered,30.0,DEL_02883,DRV_0466,2.0,30.0,55.6,23.11,Cafe,3.8,23,4,0,Night
ORD_02884,CUST_0456,REST_060,2026-01-16 23:39:54,113.85,2,Cloudy,High,Delivered,24.0,DEL_02884,DRV_0362,11.6,24.0,95.7,8.1,Chinese,4.2,23,4,0,Night
ORD_02885,CUST_0269,REST_060,2026-01-27 21:49:22,134.27,2,Cloudy,High,Delivered,17.0,DEL_02885,DRV_0173,13.15,17.0,107.5,18.28,Chinese,4.2,21,1,0,Evening
ORD_02886,CUST_0631,REST_002,2026-03-04 23:00:19,163.91,2,Cloudy,Low,Delivered,32.0,DEL_02886,DRV_0462,7.43,32.0,66.6,6.58,North Indian,4.2,23,2,0,Night
ORD_02887,CUST_0811,REST_066,2026-03-11 18:44:10,102.87,3,Clear,Low,Delivered,31.0,DEL_02887,DRV_0001,0.5,31.0,41.8,13.22,North Indian,3.5,18,2,0,Evening
ORD_02888,CUST_0188,REST_091,2026-05-17 00:08:41,100.0,6,Rain,Medium,Delivered,10.0,DEL_02888,DRV_0468,1.53,10.0,42.1,25.65,Cafe,4.6,0,6,1,Night
ORD_02889,CUST_0569,REST_014,2026-03-27 16:58:26,574.45,3,Cloudy,Medium,Delivered,27.0,DEL_02889,DRV_0495,8.42,27.0,73.5,74.68,Fast Food,5.0,16,4,0,Afternoon
ORD_02890,CUST_0711,REST_048,2026-05-27 07:25:16,214.1,2,Clear,Low,Delivered,35.0,DEL_02890,DRV_0025,1.89,35.0,43.0,16.35,Chinese,4.0,7,2,0,Morning
ORD_02891,CUST_0529,REST_056,2026-06-04 08:41:09,114.64,3,Clear,Medium,Delivered,35.0,DEL_02891,DRV_0204,4.61,35.0,64.4,20.04,Desserts,4.2,8,3,0,Morning
ORD_02892,CUST_0434,REST_012,2026-06-03 12:24:07,284.04,2,Cloudy,High,Delivered,19.0,DEL_02892,DRV_0368,2.81,19.0,65.8,35.39,South Indian,4.6,12,2,0,Afternoon
ORD_02893,CUST_0288,REST_096,2026-06-25 09:19:03,100.0,2,Clear,High,Delivered,32.0,DEL_02893,DRV_0359,8.86,32.0,96.2,26.1,Biryani,3.3,9,3,0,Morning
ORD_02894,CUST_0918,REST_092,2026-05-13 05:08:53,100.0,2,Clear,Medium,Delivered,23.0,DEL_02894,DRV_0494,4.41,23.0,58.1,26.21,Indian,4.1,5,2,0,Night
ORD_02895,CUST_0567,REST_055,2026-06-15 15:20:48,116.55,6,Clear,Low,Delivered,40.0,DEL_02895,DRV_0201,4.86,40.0,65.5,32.56,North Indian,4.2,15,0,0,Afternoon
ORD_02896,CUST_0499,REST_028,2026-06-30 19:21:54,450.33,4,Clear,Low,Delivered,27.0,DEL_02896,DRV_0393,16.47,27.0,108.6,72.4,Indian,4.4,19,1,0,Evening
ORD_02897,CUST_0441,REST_089,2026-05-20 15:31:10,157.73,3,Heavy Rain,Low,Delivered,17.0,DEL_02897,DRV_0426,11.72,17.0,81.3,26.48,North Indian,4.1,15,2,0,Afternoon
ORD_02898,CUST_0781,REST_004,2026-03-07 16:47:28,100.0,1,Cloudy,Low,Delivered,11.0,DEL_02898,DRV_0191,4.39,11.0,42.8,27.05,Healthy,3.7,16,5,1,Afternoon
ORD_02900,CUST_0087,REST_036,2026-04-23 12:17:48,153.16,6,Rain,Medium,Delivered,19.0,DEL_02900,DRV_0409,6.67,19.0,78.8,17.8,Indian,3.0,12,3,0,Afternoon
ORD_02901,CUST_0830,REST_050,2026-06-06 19:50:54,100.0,1,Cloudy,Low,Delivered,26.0,DEL_02901,DRV_0478,14.23,26.0,96.7,13.43,Desserts,4.0,19,5,1,Evening
ORD_02902,CUST_0438,REST_003,2026-03-09 02:36:04,152.3,4,Cloudy,High,Delivered,14.0,DEL_02902,DRV_0304,0.82,14.0,41.0,15.89,South Indian,4.4,2,0,0,Night
ORD_02903,CUST_0541,REST_001,2026-01-07 19:22:42,241.42,3,Clear,Medium,Delivered,11.0,DEL_02903,DRV_0439,7.18,11.0,63.2,12.62,Pizza,4.8,19,2,0,Evening
ORD_02904,CUST_0022,REST_017,2026-02-07 12:56:29,226.38,6,Cloudy,Medium,Delivered,18.0,DEL_02904,DRV_0232,9.15,18.0,81.6,42.61,Pizza,4.5,12,5,1,Afternoon
ORD_02905,CUST_0833,REST_071,2026-04-03 06:14:25,487.42,2,Clear,High,Delivered,26.0,DEL_02905,DRV_0220,4.38,26.0,66.2,74.72,Healthy,4.9,6,4,0,Morning
ORD_02907,CUST_0560,REST_048,2026-02-26 15:24:24,185.99,2,Clear,High,Delivered,29.0,DEL_02907,DRV_0473,4.46,29.0,68.2,23.51,Chinese,4.0,15,3,0,Afternoon
ORD_02908,CUST_0517,REST_062,2026-05-26 21:38:02,123.38,6,Clear,Low,Delivered,20.0,DEL_02908,DRV_0466,1.75,20.0,42.5,13.46,Fast Food,3.5,21,1,0,Evening
ORD_02909,CUST_0762,REST_069,2026-05-13 02:35:59,100.0,1,Clear,Low,Delivered,34.0,DEL_02909,DRV_0024,17.28,34.0,99.3,18.2,Chinese,3.7,2,2,0,Night
ORD_02910,CUST_0675,REST_019,2026-03-10 16:58:31,295.02,4,Clear,Medium,Delivered,20.0,DEL_02910,DRV_0082,1.28,20.0,32.8,29.98,Indian,4.4,16,1,0,Afternoon
ORD_02911,CUST_0503,REST_034,2026-04-04 03:27:40,233.88,3,Rain,Medium,Delivered,16.0,DEL_02911,DRV_0091,7.24,16.0,69.2,35.39,Desserts,4.0,3,5,1,Night
ORD_02912,CUST_0714,REST_099,2026-01-05 19:24:34,211.88,4,Clear,Low,Delivered,29.0,DEL_02912,DRV_0172,6.93,29.0,74.1,34.0,Healthy,3.7,19,0,0,Evening
ORD_02913,CUST_0467,REST_049,2026-04-03 01:13:30,229.23,2,Rain,Medium,Delivered,23.0,DEL_02913,DRV_0440,1.91,23.0,50.7,40.5,Cafe,3.6,1,4,0,Night
ORD_02914,CUST_0101,REST_080,2026-04-04 15:39:29,124.34,4,Cloudy,Low,Delivered,35.0,DEL_02914,DRV_0035,4.65,35.0,64.3,17.06,South Indian,5.0,15,5,1,Afternoon
ORD_02915,CUST_0583,REST_047,2026-02-07 01:43:48,104.26,1,Cloudy,Medium,Delivered,28.0,DEL_02915,DRV_0034,1.61,28.0,42.8,18.67,Desserts,4.4,1,5,1,Night
ORD_02916,CUST_0942,REST_091,2026-02-19 06:16:59,185.06,5,Clear,Medium,Delivered,19.0,DEL_02916,DRV_0486,6.01,19.0,59.2,15.25,Cafe,4.6,6,3,0,Morning
ORD_02917,CUST_0675,REST_050,2026-04-21 20:11:40,343.32,5,Rain,Medium,Delivered,30.0,DEL_02917,DRV_0262,9.48,30.0,93.7,56.09,Desserts,4.0,20,1,0,Evening
ORD_02918,CUST_0685,REST_089,2026-02-01 05:03:07,438.97,3,Clear,Medium,Delivered,24.0,DEL_02918,DRV_0177,4.78,24.0,51.7,55.53,North Indian,4.1,5,6,1,Night
ORD_02919,CUST_0141,REST_026,2026-04-27 04:12:16,280.76,3,Cloudy,High,Delivered,39.0,DEL_02919,DRV_0144,6.96,39.0,86.2,46.97,Fast Food,3.0,4,0,0,Night
ORD_02921,CUST_0578,REST_078,2026-04-08 20:39:03,210.27,3,Clear,High,Delivered,33.0,DEL_02921,DRV_0476,2.07,33.0,74.9,19.61,Biryani,3.9,20,2,0,Evening
ORD_02922,CUST_0710,REST_014,2026-05-20 14:39:44,182.43,6,Clear,Low,Delivered,31.0,DEL_02922,DRV_0141,4.52,31.0,64.7,13.26,Fast Food,5.0,14,2,0,Afternoon
ORD_02923,CUST_0840,REST_078,2026-06-27 22:05:08,103.1,1,Clear,Medium,Delivered,39.0,DEL_02923,DRV_0268,1.49,39.0,53.7,18.53,Biryani,3.9,22,5,1,Night
ORD_02924,CUST_0228,REST_025,2026-04-18 09:09:15,183.75,2,Rain,Medium,Delivered,35.0,DEL_02924,DRV_0139,1.92,35.0,64.8,19.76,South Indian,4.0,9,5,1,Morning
ORD_02925,CUST_0281,REST_100,2026-04-30 18:45:07,100.0,2,Rain,High,Delivered,34.0,DEL_02925,DRV_0047,2.74,34.0,82.6,17.79,Pizza,3.9,18,3,0,Evening
ORD_02926,CUST_0684,REST_004,2026-04-25 18:57:57,169.31,4,Rain,High,Delivered,14.0,DEL_02926,DRV_0060,6.03,14.0,70.7,28.45,Healthy,3.7,18,5,1,Evening
ORD_02927,CUST_0828,REST_079,2026-02-17 07:54:14,445.79,2,Clear,High,Delivered,32.0,DEL_02927,DRV_0049,2.05,32.0,62.3,52.35,Healthy,4.4,7,1,0,Morning
ORD_02928,CUST_0431,REST_032,2026-05-04 12:15:36,285.02,4,Clear,Low,Delivered,25.0,DEL_02928,DRV_0052,4.27,25.0,54.0,53.23,Healthy,3.9,12,0,0,Afternoon
ORD_02929,CUST_0040,REST_082,2026-01-14 15:39:28,109.1,3,Clear,High,Delivered,33.0,DEL_02929,DRV_0061,7.19,33.0,81.2,15.47,Healthy,3.7,15,2,0,Afternoon
ORD_02931,CUST_0686,REST_065,2026-04-10 02:46:01,114.56,6,Clear,Low,Delivered,20.0,DEL_02931,DRV_0095,3.07,20.0,44.6,14.96,South Indian,4.7,2,4,0,Night
ORD_02932,CUST_0663,REST_061,2026-03-09 11:19:27,175.15,6,Clear,Low,Delivered,41.0,DEL_02932,DRV_0120,6.06,41.0,66.0,40.83,Healthy,4.4,11,0,0,Morning
ORD_02933,CUST_0211,REST_020,2026-05-19 11:20:03,321.38,1,Rain,Medium,Delivered,16.0,DEL_02933,DRV_0475,4.91,16.0,60.9,32.0,Desserts,3.4,11,1,0,Morning
ORD_02934,CUST_0302,REST_074,2026-01-30 10:03:01,259.6,2,Cloudy,Medium,Delivered,6.0,DEL_02934,DRV_0219,3.28,6.0,43.5,32.98,Indian,4.2,10,4,0,Morning
ORD_02935,CUST_0086,REST_010,2026-05-11 00:19:37,710.72,6,Cloudy,Low,Delivered,30.0,DEL_02935,DRV_0040,2.29,30.0,43.9,116.43,Healthy,4.9,0,0,0,Night
ORD_02936,CUST_0397,REST_088,2026-02-10 03:55:50,349.28,1,Clear,Low,Delivered,36.0,DEL_02936,DRV_0346,2.69,36.0,43.0,40.11,Cafe,3.8,3,1,0,Night
ORD_02937,CUST_0253,REST_034,2026-01-20 12:22:30,202.8,5,Clear,Medium,Delivered,18.0,DEL_02937,DRV_0327,7.28,18.0,75.0,35.11,Desserts,4.0,12,1,0,Afternoon
ORD_02938,CUST_0533,REST_061,2026-03-25 18:43:19,263.07,6,Rain,High,Delivered,35.0,DEL_02938,DRV_0459,3.01,35.0,80.5,43.14,Healthy,4.4,18,2,0,Evening
ORD_02940,CUST_0891,REST_027,2026-02-27 06:04:09,100.0,4,Clear,Medium,Delivered,31.0,DEL_02940,DRV_0317,2.46,31.0,50.8,28.1,South Indian,4.0,6,4,0,Morning
ORD_02941,CUST_0915,REST_040,2026-03-10 10:01:59,371.73,4,Clear,Medium,Delivered,31.0,DEL_02941,DRV_0406,6.43,31.0,76.1,41.87,Desserts,4.1,10,1,0,Morning
ORD_02942,CUST_0381,REST_065,2026-03-14 18:29:59,315.75,1,Clear,High,Delivered,21.0,DEL_02942,DRV_0232,6.62,21.0,72.7,13.93,South Indian,4.7,18,5,1,Evening
ORD_02943,CUST_0444,REST_033,2026-04-18 18:56:47,158.76,3,Cloudy,High,Delivered,23.0,DEL_02943,DRV_0211,5.53,23.0,65.8,12.89,Fast Food,4.1,18,5,1,Evening
ORD_02944,CUST_0033,REST_068,2026-02-28 17:30:51,210.75,5,Clear,Medium,Delivered,21.0,DEL_02944,DRV_0038,1.38,21.0,32.3,21.68,Indian,4.5,17,5,1,Evening
ORD_02947,CUST_0515,REST_016,2026-03-01 07:26:00,100.0,3,Rain,High,Delivered,25.0,DEL_02947,DRV_0211,9.81,25.0,93.8,11.68,Indian,3.7,7,6,1,Morning
ORD_02948,CUST_0859,REST_005,2026-06-08 20:20:18,207.26,1,Clear,Low,Delivered,34.0,DEL_02948,DRV_0083,3.49,34.0,71.1,24.73,Chinese,4.4,20,0,0,Evening
ORD_02949,CUST_0308,REST_098,2026-05-01 09:51:49,165.31,2,Rain,Medium,Delivered,26.0,DEL_02949,DRV_0356,3.45,26.0,62.6,13.85,Biryani,4.7,9,4,0,Morning
ORD_02950,CUST_0739,REST_023,2026-05-27 18:25:24,334.34,6,Cloudy,High,Delivered,32.0,DEL_02950,DRV_0118,5.72,32.0,74.6,14.89,South Indian,4.6,18,2,0,Evening
ORD_02951,CUST_0796,REST_043,2026-05-04 06:27:42,319.6,6,Clear,Medium,Delivered,16.0,DEL_02951,DRV_0303,4.19,16.0,36.2,39.43,Fast Food,3.7,6,0,0,Morning
ORD_02952,CUST_0070,REST_089,2026-02-13 06:54:39,374.37,4,Heavy Rain,Medium,Delivered,22.0,DEL_02952,DRV_0027,1.47,22.0,57.7,56.05,North Indian,4.1,6,4,0,Morning
ORD_02953,CUST_0454,REST_057,2026-01-20 17:17:34,100.0,2,Clear,Medium,Delivered,26.0,DEL_02953,DRV_0209,7.29,26.0,72.9,25.12,Desserts,4.7,17,1,0,Evening
ORD_02954,CUST_0439,REST_051,2026-03-05 20:34:31,117.77,2,Cloudy,Low,Delivered,17.0,DEL_02954,DRV_0402,1.25,17.0,50.9,21.83,Healthy,3.6,20,3,0,Evening
ORD_02955,CUST_0825,REST_013,2026-01-16 08:58:43,334.54,6,Clear,Medium,Delivered,8.0,DEL_02955,DRV_0125,8.05,8.0,55.6,51.65,Cafe,3.2,8,4,0,Morning
ORD_02956,CUST_0364,REST_024,2026-01-14 07:37:55,130.92,5,Cloudy,High,Delivered,35.0,DEL_02956,DRV_0276,2.17,35.0,76.3,20.45,Cafe,4.3,7,2,0,Morning
ORD_02957,CUST_0983,REST_011,2026-06-03 17:57:16,100.0,3,Cloudy,Medium,Delivered,18.0,DEL_02957,DRV_0492,13.55,18.0,82.8,15.55,Pizza,4.9,17,2,0,Evening
ORD_02958,CUST_0766,REST_052,2026-04-01 18:58:06,242.97,4,Clear,High,Delivered,23.0,DEL_02958,DRV_0298,1.43,23.0,50.4,36.0,Healthy,4.6,18,2,0,Evening
ORD_02959,CUST_0481,REST_017,2026-04-05 01:29:51,134.16,2,Cloudy,High,Delivered,10.0,DEL_02959,DRV_0297,1.57,10.0,40.2,17.63,Pizza,4.5,1,6,1,Night
ORD_02960,CUST_0144,REST_037,2026-01-24 09:50:01,485.11,4,Cloudy,Medium,Delivered,15.0,DEL_02960,DRV_0072,2.1,15.0,45.4,67.96,Chinese,3.8,9,5,1,Morning
ORD_02961,CUST_0024,REST_013,2026-05-28 22:40:42,213.34,6,Rain,High,Delivered,13.0,DEL_02961,DRV_0058,7.88,13.0,71.4,24.25,Cafe,3.2,22,3,0,Night
ORD_02962,CUST_0965,REST_062,2026-06-23 00:14:17,197.98,3,Clear,Low,Delivered,18.0,DEL_02962,DRV_0296,6.15,18.0,51.0,30.55,Fast Food,3.5,0,1,0,Night
ORD_02963,CUST_0425,REST_091,2026-06-07 08:44:12,147.96,1,Clear,Medium,Delivered,13.0,DEL_02963,DRV_0459,8.3,13.0,55.4,31.93,Cafe,4.6,8,6,1,Morning
ORD_02964,CUST_0746,REST_084,2026-02-09 00:08:36,434.83,2,Cloudy,Medium,Delivered,20.0,DEL_02964,DRV_0119,6.5,20.0,71.8,71.63,North Indian,3.3,0,0,0,Night
ORD_02965,CUST_0845,REST_097,2026-04-17 18:35:54,220.79,3,Clear,Medium,Delivered,17.0,DEL_02965,DRV_0414,4.15,17.0,46.3,23.74,Cafe,4.7,18,4,0,Evening
ORD_02966,CUST_0175,REST_096,2026-02-20 14:11:40,144.8,4,Cloudy,Low,Delivered,25.0,DEL_02966,DRV_0396,9.39,25.0,82.4,24.17,Biryani,3.3,14,4,0,Afternoon
ORD_02967,CUST_0844,REST_008,2026-05-23 04:02:52,117.13,6,Clear,Low,Delivered,25.0,DEL_02967,DRV_0374,11.65,25.0,67.7,26.65,Desserts,4.5,4,5,1,Night
ORD_02968,CUST_0325,REST_056,2026-05-29 20:51:26,174.09,3,Clear,Low,Delivered,34.0,DEL_02968,DRV_0062,1.95,34.0,47.5,43.44,Desserts,4.2,20,4,0,Evening
ORD_02969,CUST_0869,REST_093,2026-02-16 13:53:09,105.88,1,Rain,Medium,Delivered,23.0,DEL_02969,DRV_0446,9.05,23.0,86.7,15.99,Indian,3.8,13,0,0,Afternoon
ORD_02970,CUST_0671,REST_083,2026-01-29 03:29:51,319.22,3,Rain,High,Delivered,21.0,DEL_02970,DRV_0087,8.96,21.0,92.9,50.67,Pizza,4.8,3,3,0,Night
ORD_02971,CUST_0860,REST_070,2026-01-29 11:31:26,100.0,6,Cloudy,High,Delivered,20.0,DEL_02971,DRV_0326,2.22,20.0,59.2,17.96,Desserts,4.2,11,3,0,Morning
ORD_02972,CUST_0348,REST_044,2026-05-19 13:04:42,167.88,4,Rain,Low,Delivered,22.0,DEL_02972,DRV_0099,2.74,22.0,62.0,13.46,Biryani,4.1,13,1,0,Afternoon
ORD_02973,CUST_0798,REST_060,2026-05-01 19:58:11,253.55,2,Cloudy,Medium,Delivered,19.0,DEL_02973,DRV_0399,7.57,19.0,68.9,32.31,Chinese,4.2,19,4,0,Evening
ORD_02974,CUST_0018,REST_041,2026-06-14 21:41:53,218.8,2,Cloudy,Low,Delivered,37.0,DEL_02974,DRV_0124,3.02,37.0,67.2,37.25,North Indian,4.9,21,6,1,Evening
ORD_02975,CUST_0044,REST_021,2026-03-25 05:40:11,122.18,5,Heavy Rain,Medium,Delivered,18.0,DEL_02975,DRV_0486,4.87,18.0,64.1,22.58,Fast Food,3.7,5,2,0,Night
ORD_02976,CUST_0155,REST_086,2026-06-22 23:32:11,260.64,4,Cloudy,High,Delivered,34.0,DEL_02976,DRV_0476,5.1,34.0,74.6,32.43,Chinese,3.8,23,0,0,Night
ORD_02977,CUST_0867,REST_042,2026-01-23 04:45:53,111.35,5,Cloudy,High,Delivered,27.0,DEL_02977,DRV_0007,2.08,27.0,58.2,16.59,Healthy,5.0,4,4,0,Night
ORD_02978,CUST_0922,REST_074,2026-03-22 12:26:19,179.05,5,Clear,Low,Delivered,10.0,DEL_02978,DRV_0134,2.08,10.0,35.7,27.01,Indian,4.2,12,6,1,Afternoon
ORD_02979,CUST_0377,REST_074,2026-04-19 07:03:43,259.44,6,Rain,Low,Delivered,10.0,DEL_02979,DRV_0283,1.81,10.0,36.5,23.87,Indian,4.2,7,6,1,Morning
ORD_02980,CUST_0743,REST_029,2026-06-07 16:15:14,233.83,6,Clear,Low,Delivered,30.0,DEL_02980,DRV_0002,6.25,30.0,64.6,32.58,Pizza,3.9,16,6,1,Afternoon
ORD_02981,CUST_0883,REST_080,2026-01-11 12:00:33,125.05,6,Clear,Medium,Delivered,36.0,DEL_02981,DRV_0390,1.43,36.0,65.1,9.16,South Indian,5.0,12,6,1,Afternoon
ORD_02982,CUST_0828,REST_065,2026-05-20 11:29:52,350.24,1,Clear,High,Delivered,16.0,DEL_02982,DRV_0317,8.0,16.0,76.0,19.15,South Indian,4.7,11,2,0,Morning
ORD_02983,CUST_0402,REST_017,2026-04-15 20:30:05,190.13,4,Clear,Medium,Delivered,16.0,DEL_02983,DRV_0160,2.92,16.0,61.6,28.03,Pizza,4.5,20,2,0,Evening
ORD_02984,CUST_0225,REST_030,2026-06-18 14:04:07,272.78,2,Clear,High,Delivered,19.0,DEL_02984,DRV_0157,4.83,19.0,76.0,42.54,South Indian,4.1,14,3,0,Afternoon
ORD_02985,CUST_0217,REST_026,2026-01-14 02:02:03,420.32,4,Rain,Medium,Delivered,32.0,DEL_02985,DRV_0226,1.74,32.0,57.5,28.0,Fast Food,3.0,2,2,0,Night
ORD_02986,CUST_0568,REST_053,2026-06-25 21:18:39,335.17,6,Cloudy,Low,Delivered,16.0,DEL_02986,DRV_0321,13.72,16.0,93.6,42.31,Desserts,5.0,21,3,0,Evening
ORD_02987,CUST_0031,REST_019,2026-06-18 12:23:59,335.65,1,Clear,Low,Delivered,25.0,DEL_02987,DRV_0143,6.58,25.0,74.9,29.82,Indian,4.4,12,3,0,Afternoon
ORD_02988,CUST_0869,REST_053,2026-04-06 14:39:32,201.54,4,Rain,Low,Delivered,18.0,DEL_02988,DRV_0394,6.41,18.0,63.7,3.22,Desserts,5.0,14,0,0,Afternoon
ORD_02989,CUST_0059,REST_085,2026-03-12 12:00:09,280.53,4,Cloudy,High,Delivered,18.0,DEL_02989,DRV_0266,6.82,18.0,80.5,51.32,South Indian,3.4,12,3,0,Afternoon
ORD_02990,CUST_0892,REST_017,2026-05-26 13:14:24,203.87,5,Cloudy,High,Delivered,19.0,DEL_02990,DRV_0266,6.06,19.0,87.7,27.15,Pizza,4.5,13,1,0,Afternoon
ORD_02992,CUST_0353,REST_085,2026-03-18 00:11:27,214.11,5,Rain,Low,Delivered,12.0,DEL_02992,DRV_0288,2.37,12.0,40.9,46.81,South Indian,3.4,0,2,0,Night
ORD_02993,CUST_0935,REST_053,2026-02-10 08:07:36,208.72,5,Clear,High,Delivered,17.0,DEL_02993,DRV_0292,4.09,17.0,64.4,30.55,Desserts,5.0,8,1,0,Morning
ORD_02994,CUST_0445,REST_064,2026-06-13 23:48:51,249.9,3,Clear,Low,Delivered,9.0,DEL_02994,DRV_0320,6.21,9.0,35.8,49.5,Biryani,5.0,23,5,1,Night
ORD_02995,CUST_0235,REST_045,2026-04-23 09:23:03,168.95,6,Clear,Low,Delivered,33.0,DEL_02995,DRV_0473,7.28,33.0,63.5,13.28,Pizza,4.2,9,3,0,Morning
ORD_02996,CUST_0107,REST_049,2026-04-15 13:22:36,119.25,1,Cloudy,Medium,Delivered,27.0,DEL_02996,DRV_0399,2.52,27.0,68.7,13.66,Cafe,3.6,13,2,0,Afternoon
ORD_02997,CUST_0191,REST_019,2026-02-04 21:57:15,260.1,5,Cloudy,Medium,Delivered,26.0,DEL_02997,DRV_0073,3.84,26.0,66.5,21.93,Indian,4.4,21,2,0,Evening
ORD_02998,CUST_0992,REST_071,2026-06-24 09:30:04,100.0,4,Clear,High,Delivered,27.0,DEL_02998,DRV_0016,10.96,27.0,83.3,17.31,Healthy,4.9,9,2,0,Morning
ORD_02999,CUST_0530,REST_081,2026-05-19 07:07:37,404.38,5,Clear,Medium,Delivered,20.0,DEL_02999,DRV_0361,12.15,20.0,80.1,34.07,Desserts,4.1,7,1,0,Morning
ORD_03000,CUST_0913,REST_065,2026-05-09 07:03:11,159.61,5,Cloudy,Low,Delivered,23.0,DEL_03000,DRV_0083,3.38,23.0,48.9,21.09,South Indian,4.7,7,5,1,Morning
ORD_03001,CUST_0738,REST_037,2026-05-14 21:43:50,207.48,5,Cloudy,Low,Delivered,14.0,DEL_03001,DRV_0174,8.22,14.0,73.5,27.55,Chinese,3.8,21,3,0,Evening
ORD_03002,CUST_0679,REST_070,2026-01-12 00:36:42,246.46,2,Clear,Low,Delivered,11.0,DEL_03002,DRV_0378,1.27,11.0,24.1,25.85,Desserts,4.2,0,0,0,Night
ORD_03005,CUST_0566,REST_059,2026-03-08 20:41:42,285.22,2,Clear,Medium,Delivered,30.0,DEL_03005,DRV_0291,10.35,30.0,97.9,42.65,Pizza,4.0,20,6,1,Evening
ORD_03007,CUST_0995,REST_005,2026-01-28 18:21:41,127.82,5,Clear,High,Delivered,38.0,DEL_03007,DRV_0051,0.74,38.0,65.2,32.99,Chinese,4.4,18,2,0,Evening
ORD_03008,CUST_0862,REST_037,2026-06-20 19:26:36,120.02,3,Cloudy,Medium,Delivered,18.0,DEL_03008,DRV_0363,0.68,18.0,47.5,22.28,Chinese,3.8,19,5,1,Evening
ORD_03009,CUST_0076,REST_031,2026-01-14 13:44:45,150.85,4,Clear,Medium,Delivered,27.0,DEL_03009,DRV_0186,5.42,27.0,73.5,25.92,North Indian,4.0,13,2,0,Afternoon
ORD_03010,CUST_0547,REST_076,2026-06-26 07:10:33,100.0,6,Clear,Medium,Delivered,20.0,DEL_03010,DRV_0005,5.75,20.0,61.8,22.89,Chinese,3.7,7,4,0,Morning
ORD_03011,CUST_0267,REST_099,2026-05-04 14:43:53,467.43,1,Rain,Medium,Delivered,25.0,DEL_03011,DRV_0422,14.5,25.0,114.1,26.12,Healthy,3.7,14,0,0,Afternoon
ORD_03012,CUST_0317,REST_094,2026-05-25 11:30:17,410.5,3,Rain,Medium,Delivered,15.0,DEL_03012,DRV_0262,2.58,15.0,52.3,45.56,Cafe,4.6,11,0,0,Morning
ORD_03013,CUST_0812,REST_048,2026-03-09 05:08:10,232.39,2,Clear,Low,Delivered,37.0,DEL_03013,DRV_0179,1.7,37.0,48.3,32.29,Chinese,4.0,5,0,0,Night
ORD_03014,CUST_0121,REST_006,2026-06-16 15:50:03,160.31,2,Clear,High,Delivered,20.0,DEL_03014,DRV_0142,3.94,20.0,66.9,21.61,Cafe,3.9,15,1,0,Afternoon
ORD_03015,CUST_0836,REST_015,2026-04-29 17:41:53,162.65,4,Clear,Low,Delivered,34.0,DEL_03015,DRV_0432,3.24,34.0,53.7,11.16,Healthy,4.6,17,2,0,Evening
ORD_03016,CUST_0025,REST_015,2026-01-26 13:31:05,275.05,5,Cloudy,High,Delivered,31.0,DEL_03016,DRV_0268,6.68,31.0,90.0,33.5,Healthy,4.6,13,0,0,Afternoon
ORD_03017,CUST_0432,REST_061,2026-04-08 12:21:28,476.66,1,Rain,Low,Delivered,35.0,DEL_03017,DRV_0114,7.43,35.0,92.7,65.81,Healthy,4.4,12,2,0,Afternoon
ORD_03018,CUST_0160,REST_016,2026-03-15 18:48:28,132.46,3,Cloudy,High,Delivered,28.0,DEL_03018,DRV_0470,3.85,28.0,71.1,12.93,Indian,3.7,18,6,1,Evening
ORD_03019,CUST_0596,REST_020,2026-05-02 22:53:24,100.0,5,Cloudy,Medium,Delivered,20.0,DEL_03019,DRV_0493,7.2,20.0,65.1,10.08,Desserts,3.4,22,5,1,Night
ORD_03020,CUST_0114,REST_077,2026-04-19 19:54:47,424.62,5,Rain,Medium,Delivered,20.0,DEL_03020,DRV_0180,2.06,20.0,53.5,57.18,Fast Food,4.1,19,6,1,Evening
ORD_03021,CUST_0735,REST_044,2026-01-09 02:17:24,100.0,6,Cloudy,Low,Delivered,25.0,DEL_03021,DRV_0489,5.18,25.0,54.9,10.76,Biryani,4.1,2,4,0,Night
ORD_03023,CUST_0502,REST_046,2026-05-06 10:40:06,158.26,3,Cloudy,High,Delivered,16.0,DEL_03023,DRV_0068,2.54,16.0,40.3,17.63,North Indian,3.7,10,2,0,Morning
ORD_03024,CUST_0166,REST_095,2026-03-21 03:24:56,100.0,3,Rain,High,Delivered,23.0,DEL_03024,DRV_0107,6.3,23.0,66.2,15.36,Pizza,3.7,3,5,1,Night
ORD_03026,CUST_0175,REST_064,2026-01-14 23:01:33,290.41,3,Clear,Medium,Delivered,12.0,DEL_03026,DRV_0274,2.29,12.0,37.9,28.8,Biryani,5.0,23,2,0,Night
ORD_03027,CUST_0001,REST_029,2026-03-11 03:42:08,132.14,2,Clear,Low,Delivered,31.0,DEL_03027,DRV_0437,5.27,31.0,59.2,36.71,Pizza,3.9,3,2,0,Night
ORD_03028,CUST_0899,REST_003,2026-03-08 01:20:49,366.42,5,Rain,Medium,Delivered,7.0,DEL_03028,DRV_0031,2.21,7.0,37.8,10.86,South Indian,4.4,1,6,1,Night
ORD_03029,CUST_0741,REST_009,2026-06-24 11:21:15,402.26,5,Clear,Low,Delivered,22.0,DEL_03029,DRV_0035,3.31,22.0,30.1,36.57,Biryani,4.6,11,2,0,Morning
ORD_03030,CUST_0086,REST_075,2026-04-21 10:28:37,170.33,2,Clear,Low,Delivered,14.0,DEL_03030,DRV_0260,5.94,14.0,40.8,29.18,Fast Food,3.5,10,1,0,Morning
ORD_03031,CUST_0574,REST_075,2026-06-26 06:29:45,141.48,5,Heavy Rain,Medium,Delivered,9.0,DEL_03031,DRV_0009,1.9,9.0,55.6,23.25,Fast Food,3.5,6,4,0,Morning
ORD_03032,CUST_0320,REST_025,2026-04-18 18:30:17,628.15,3,Rain,Medium,Delivered,26.0,DEL_03032,DRV_0109,3.31,26.0,57.8,86.24,South Indian,4.0,18,5,1,Evening
ORD_03033,CUST_0401,REST_086,2026-03-02 14:58:35,269.52,1,Heavy Rain,Low,Delivered,39.0,DEL_03033,DRV_0143,4.89,39.0,83.5,40.19,Chinese,3.8,14,0,0,Afternoon
ORD_03034,CUST_0382,REST_042,2026-04-10 06:55:40,208.72,6,Clear,Low,Delivered,30.0,DEL_03034,DRV_0042,5.13,30.0,41.4,24.88,Healthy,5.0,6,4,0,Morning
ORD_03035,CUST_0718,REST_046,2026-03-05 01:12:45,383.73,6,Rain,Medium,Delivered,17.0,DEL_03035,DRV_0187,4.55,17.0,48.8,53.27,North Indian,3.7,1,3,0,Night
ORD_03036,CUST_0617,REST_073,2026-01-01 13:30:48,214.02,5,Clear,Low,Delivered,33.0,DEL_03036,DRV_0085,4.89,33.0,71.5,36.38,South Indian,3.9,13,3,0,Afternoon
ORD_03037,CUST_0318,REST_084,2026-05-04 14:38:42,137.26,1,Clear,High,Delivered,21.0,DEL_03037,DRV_0352,2.65,21.0,64.1,19.01,North Indian,3.3,14,0,0,Afternoon
ORD_03038,CUST_0803,REST_059,2026-05-17 03:18:49,189.44,6,Clear,Medium,Delivered,30.0,DEL_03038,DRV_0201,2.37,30.0,56.4,13.06,Pizza,4.0,3,6,1,Night
ORD_03039,CUST_0250,REST_021,2026-03-09 05:41:21,320.94,1,Cloudy,Low,Delivered,20.0,DEL_03039,DRV_0368,1.95,20.0,33.0,51.89,Fast Food,3.7,5,0,0,Night
ORD_03040,CUST_0525,REST_074,2026-04-18 09:22:24,100.0,2,Clear,High,Delivered,12.0,DEL_03040,DRV_0288,2.17,12.0,38.9,25.48,Indian,4.2,9,5,1,Morning
ORD_03041,CUST_0675,REST_022,2026-04-03 12:45:51,154.71,4,Cloudy,Medium,Delivered,23.0,DEL_03041,DRV_0336,2.03,23.0,56.2,36.16,Biryani,4.5,12,4,0,Afternoon
ORD_03042,CUST_0555,REST_029,2026-03-14 16:43:13,387.87,5,Rain,Medium,Delivered,31.0,DEL_03042,DRV_0301,4.6,31.0,66.3,57.17,Pizza,3.9,16,5,1,Afternoon
ORD_03043,CUST_0898,REST_063,2026-05-30 01:15:18,136.79,2,Clear,Medium,Delivered,16.0,DEL_03043,DRV_0261,2.21,16.0,35.5,1.88,Biryani,4.7,1,5,1,Night
ORD_03044,CUST_0952,REST_073,2026-01-29 03:15:29,424.27,2,Clear,Low,Delivered,36.0,DEL_03044,DRV_0490,4.9,36.0,54.4,29.09,South Indian,3.9,3,3,0,Night
ORD_03046,CUST_0717,REST_064,2026-01-19 16:27:48,174.86,5,Rain,Medium,Delivered,15.0,DEL_03046,DRV_0153,5.49,15.0,57.5,23.49,Biryani,5.0,16,0,0,Afternoon
ORD_03047,CUST_0896,REST_069,2026-06-27 13:41:42,132.6,2,Clear,Medium,Delivered,26.0,DEL_03047,DRV_0184,4.39,26.0,61.7,9.95,Chinese,3.7,13,5,1,Afternoon
ORD_03048,CUST_0256,REST_040,2026-05-27 00:10:33,154.77,3,Clear,Medium,Delivered,32.0,DEL_03048,DRV_0257,4.1,32.0,69.0,21.82,Desserts,4.1,0,2,0,Night
ORD_03049,CUST_0307,REST_075,2026-05-25 16:19:03,784.89,2,Clear,Medium,Delivered,13.0,DEL_03049,DRV_0317,7.97,13.0,62.6,58.19,Fast Food,3.5,16,0,0,Afternoon
ORD_03050,CUST_0950,REST_001,2026-02-01 18:54:15,508.23,3,Rain,High,Delivered,14.0,DEL_03050,DRV_0067,7.51,14.0,78.0,32.4,Pizza,4.8,18,6,1,Evening
ORD_03051,CUST_0144,REST_065,2026-06-17 21:07:40,194.21,4,Clear,Medium,Delivered,21.0,DEL_03051,DRV_0213,5.24,21.0,65.4,45.4,South Indian,4.7,21,2,0,Evening
ORD_03052,CUST_0658,REST_062,2026-04-01 07:55:27,129.74,3,Clear,Medium,Delivered,20.0,DEL_03052,DRV_0220,7.42,20.0,67.0,16.05,Fast Food,3.5,7,2,0,Morning
ORD_03053,CUST_0391,REST_054,2026-04-05 05:55:58,193.32,3,Clear,Medium,Delivered,27.0,DEL_03053,DRV_0323,2.18,27.0,51.0,12.11,Healthy,4.2,5,6,1,Night
ORD_03054,CUST_0813,REST_060,2026-04-19 22:46:31,207.29,1,Rain,Low,Delivered,24.0,DEL_03054,DRV_0426,3.37,24.0,45.5,31.31,Chinese,4.2,22,6,1,Night
ORD_03055,CUST_0676,REST_046,2026-03-10 18:40:25,100.0,2,Clear,High,Delivered,18.0,DEL_03055,DRV_0352,3.45,18.0,48.5,17.68,North Indian,3.7,18,1,0,Evening
ORD_03056,CUST_0169,REST_005,2026-04-20 05:18:48,189.43,4,Cloudy,High,Delivered,35.0,DEL_03056,DRV_0224,5.02,35.0,67.7,28.35,Chinese,4.4,5,0,0,Night
ORD_03057,CUST_0990,REST_022,2026-06-09 17:23:12,375.15,2,Clear,Low,Delivered,27.0,DEL_03057,DRV_0497,1.34,27.0,45.9,42.14,Biryani,4.5,17,1,0,Evening
ORD_03058,CUST_0298,REST_090,2026-02-06 22:39:23,100.0,3,Heavy Rain,High,Delivered,35.0,DEL_03058,DRV_0094,5.2,35.0,89.6,18.17,North Indian,4.2,22,4,0,Night
ORD_03059,CUST_0233,REST_053,2026-01-14 16:08:16,285.61,6,Cloudy,Medium,Delivered,25.0,DEL_03059,DRV_0059,6.24,25.0,68.9,33.15,Desserts,5.0,16,2,0,Afternoon
ORD_03060,CUST_0903,REST_070,2026-03-06 15:43:57,386.12,3,Cloudy,Medium,Delivered,13.0,DEL_03060,DRV_0178,6.11,13.0,56.9,52.47,Desserts,4.2,15,4,0,Afternoon
ORD_03061,CUST_0271,REST_032,2026-05-08 05:39:58,133.18,2,Clear,Low,Delivered,20.0,DEL_03061,DRV_0461,1.25,20.0,35.6,17.28,Healthy,3.9,5,4,0,Night
ORD_03062,CUST_0060,REST_011,2026-01-30 20:17:49,460.26,4,Clear,Medium,Delivered,16.0,DEL_03062,DRV_0290,1.45,16.0,46.3,72.08,Pizza,4.9,20,4,0,Evening
ORD_03063,CUST_0296,REST_010,2026-02-14 18:43:25,124.0,6,Clear,Medium,Delivered,28.0,DEL_03063,DRV_0112,2.61,28.0,44.2,19.68,Healthy,4.9,18,5,1,Evening
ORD_03064,CUST_0467,REST_039,2026-05-08 14:55:37,231.04,4,Cloudy,Low,Delivered,25.0,DEL_03064,DRV_0324,12.03,25.0,85.9,44.79,Desserts,4.2,14,4,0,Afternoon
ORD_03065,CUST_0235,REST_098,2026-06-30 14:16:26,153.13,1,Heavy Rain,Medium,Delivered,18.0,DEL_03065,DRV_0182,5.28,18.0,76.8,3.96,Biryani,4.7,14,1,0,Afternoon
ORD_03066,CUST_0677,REST_031,2026-03-19 07:03:33,153.11,3,Clear,High,Delivered,31.0,DEL_03066,DRV_0466,1.51,31.0,50.9,21.06,North Indian,4.0,7,3,0,Morning
ORD_03067,CUST_0706,REST_012,2026-01-30 04:58:37,129.09,3,Rain,Medium,Delivered,16.0,DEL_03067,DRV_0224,5.5,16.0,56.5,15.73,South Indian,4.6,4,4,0,Night
ORD_03068,CUST_0234,REST_080,2026-05-13 07:09:36,266.19,1,Clear,Medium,Delivered,26.0,DEL_03068,DRV_0398,4.56,26.0,51.0,22.83,South Indian,5.0,7,2,0,Morning
ORD_03069,CUST_0368,REST_038,2026-02-11 09:21:08,289.12,2,Rain,Medium,Delivered,36.0,DEL_03069,DRV_0160,5.98,36.0,77.1,49.93,Indian,3.7,9,2,0,Morning
ORD_03070,CUST_0695,REST_067,2026-05-02 09:04:36,174.96,3,Clear,Low,Delivered,19.0,DEL_03070,DRV_0454,4.06,19.0,39.0,22.56,North Indian,3.1,9,5,1,Morning
ORD_03071,CUST_0845,REST_066,2026-01-12 10:34:54,100.0,2,Clear,High,Delivered,27.0,DEL_03071,DRV_0363,4.19,27.0,67.0,14.99,North Indian,3.5,10,0,0,Morning
ORD_03072,CUST_0232,REST_052,2026-04-08 18:50:54,226.27,4,Clear,High,Delivered,30.0,DEL_03072,DRV_0337,2.58,30.0,66.6,47.67,Healthy,4.6,18,2,0,Evening
ORD_03073,CUST_0873,REST_005,2026-02-04 06:50:27,228.63,6,Cloudy,Medium,Delivered,35.0,DEL_03073,DRV_0264,13.91,35.0,103.4,19.96,Chinese,4.4,6,2,0,Morning
ORD_03074,CUST_0491,REST_011,2026-05-13 18:54:34,160.9,6,Cloudy,Low,Delivered,22.0,DEL_03074,DRV_0163,3.27,22.0,36.2,17.79,Pizza,4.9,18,2,0,Evening
ORD_03075,CUST_0619,REST_025,2026-02-18 00:45:56,506.22,6,Clear,Low,Delivered,30.0,DEL_03075,DRV_0280,3.76,30.0,38.8,87.05,South Indian,4.0,0,2,0,Night
ORD_03076,CUST_0503,REST_035,2026-04-04 20:21:47,100.0,5,Cloudy,Low,Delivered,25.0,DEL_03076,DRV_0003,2.94,25.0,55.6,17.3,North Indian,4.8,20,5,1,Evening
ORD_03077,CUST_0890,REST_035,2026-06-18 00:03:44,100.0,1,Clear,Medium,Delivered,27.0,DEL_03077,DRV_0081,0.68,27.0,39.0,20.6,North Indian,4.8,0,3,0,Night
ORD_03079,CUST_0592,REST_037,2026-06-14 13:56:58,267.93,3,Clear,Medium,Delivered,23.0,DEL_03079,DRV_0179,4.66,23.0,66.7,40.59,Chinese,3.8,13,6,1,Afternoon
ORD_03080,CUST_0746,REST_086,2026-06-07 11:32:21,101.42,1,Cloudy,Medium,Delivered,42.0,DEL_03080,DRV_0360,3.18,42.0,74.5,11.67,Chinese,3.8,11,6,1,Morning
ORD_03082,CUST_0696,REST_075,2026-06-27 11:04:07,305.84,4,Cloudy,Medium,Delivered,9.0,DEL_03082,DRV_0441,6.5,9.0,49.1,35.97,Fast Food,3.5,11,5,1,Morning
ORD_03083,CUST_0428,REST_096,2026-02-02 03:00:14,233.78,4,Cloudy,Low,Delivered,25.0,DEL_03083,DRV_0315,6.38,25.0,58.1,22.71,Biryani,3.3,3,0,0,Night
ORD_03084,CUST_0697,REST_099,2026-01-22 05:20:01,223.05,4,Clear,High,Delivered,31.0,DEL_03084,DRV_0094,5.75,31.0,70.1,20.47,Healthy,3.7,5,3,0,Night
ORD_03085,CUST_0646,REST_095,2026-03-04 00:08:30,278.6,5,Rain,Medium,Delivered,31.0,DEL_03085,DRV_0217,4.44,31.0,61.1,15.82,Pizza,3.7,0,2,0,Night
ORD_03086,CUST_0732,REST_072,2026-06-28 17:33:02,143.47,2,Clear,Medium,Delivered,19.0,DEL_03086,DRV_0022,10.63,19.0,82.3,30.09,Chinese,3.8,17,6,1,Evening
ORD_03087,CUST_0800,REST_064,2026-02-10 21:34:14,147.17,2,Cloudy,Low,Delivered,7.0,DEL_03087,DRV_0421,3.02,7.0,35.4,25.96,Biryani,5.0,21,1,0,Evening
ORD_03088,CUST_0364,REST_020,2026-05-13 08:27:01,282.98,6,Clear,High,Delivered,16.0,DEL_03088,DRV_0459,4.43,16.0,52.0,35.2,Desserts,3.4,8,2,0,Morning
ORD_03089,CUST_0202,REST_098,2026-01-29 23:20:40,100.0,5,Cloudy,Medium,Delivered,18.0,DEL_03089,DRV_0126,1.77,18.0,36.7,18.08,Biryani,4.7,23,3,0,Night
ORD_03090,CUST_0882,REST_004,2026-04-14 17:43:10,100.0,2,Cloudy,Medium,Delivered,14.0,DEL_03090,DRV_0268,1.23,14.0,42.5,26.18,Healthy,3.7,17,1,0,Evening
ORD_03091,CUST_0146,REST_018,2026-06-29 13:30:15,142.84,4,Clear,Low,Delivered,38.0,DEL_03091,DRV_0405,9.74,38.0,85.9,25.22,Pizza,3.6,13,0,0,Afternoon
ORD_03092,CUST_0836,REST_051,2026-06-16 05:05:33,302.47,2,Cloudy,Medium,Delivered,11.0,DEL_03092,DRV_0143,5.74,11.0,45.8,10.61,Healthy,3.6,5,1,0,Night
ORD_03093,CUST_0639,REST_068,2026-05-21 23:15:27,208.63,1,Clear,Low,Delivered,18.0,DEL_03093,DRV_0268,5.29,18.0,41.4,35.78,Indian,4.5,23,3,0,Night
ORD_03094,CUST_0457,REST_020,2026-02-26 02:30:18,290.47,6,Clear,High,Delivered,15.0,DEL_03094,DRV_0342,13.5,15.0,93.8,37.21,Desserts,3.4,2,3,0,Night
ORD_03095,CUST_0135,REST_009,2026-05-25 08:18:53,100.0,2,Cloudy,High,Delivered,26.0,DEL_03095,DRV_0103,1.02,26.0,60.3,13.8,Biryani,4.6,8,0,0,Morning
ORD_03096,CUST_0626,REST_080,2026-06-29 14:16:14,215.62,1,Rain,Medium,Delivered,30.0,DEL_03096,DRV_0056,1.5,30.0,70.0,22.85,South Indian,5.0,14,0,0,Afternoon
ORD_03097,CUST_0264,REST_026,2026-01-09 17:18:43,259.73,3,Clear,High,Delivered,38.0,DEL_03097,DRV_0227,12.07,38.0,102.8,41.51,Fast Food,3.0,17,4,0,Evening
ORD_03098,CUST_0064,REST_025,2026-05-02 20:50:37,100.0,1,Clear,Low,Delivered,29.0,DEL_03098,DRV_0106,4.53,29.0,58.7,16.09,South Indian,4.0,20,5,1,Evening
ORD_03100,CUST_0647,REST_041,2026-05-25 05:50:00,170.49,4,Cloudy,Low,Delivered,30.0,DEL_03100,DRV_0033,3.3,30.0,55.2,12.67,North Indian,4.9,5,0,0,Night
ORD_03101,CUST_0041,REST_059,2026-04-02 03:45:04,981.65,4,Clear,Low,Delivered,39.0,DEL_03101,DRV_0117,4.32,39.0,57.2,94.11,Pizza,4.0,3,3,0,Night
ORD_03102,CUST_0296,REST_045,2026-03-17 21:01:46,100.0,6,Rain,High,Delivered,34.0,DEL_03102,DRV_0171,5.53,34.0,83.8,8.99,Pizza,4.2,21,1,0,Evening
ORD_03103,CUST_0003,REST_041,2026-01-29 23:33:57,384.91,4,Cloudy,Low,Delivered,34.0,DEL_03103,DRV_0305,9.21,34.0,74.7,24.51,North Indian,4.9,23,3,0,Night
ORD_03104,CUST_0913,REST_038,2026-01-31 04:57:35,145.94,1,Clear,High,Delivered,34.0,DEL_03104,DRV_0334,11.02,34.0,92.6,24.49,Indian,3.7,4,5,1,Night
ORD_03105,CUST_0706,REST_019,2026-04-20 12:26:47,100.0,5,Clear,High,Delivered,25.0,DEL_03105,DRV_0018,6.99,25.0,81.6,12.88,Indian,4.4,12,0,0,Afternoon
ORD_03106,CUST_0975,REST_014,2026-05-07 14:47:22,135.66,4,Clear,Medium,Delivered,31.0,DEL_03106,DRV_0236,13.46,31.0,101.8,21.34,Fast Food,5.0,14,3,0,Afternoon
ORD_03107,CUST_0110,REST_021,2026-04-05 11:16:10,211.16,4,Cloudy,Low,Delivered,25.0,DEL_03107,DRV_0400,2.56,25.0,42.1,8.03,Fast Food,3.7,11,6,1,Morning
ORD_03108,CUST_0221,REST_015,2026-06-25 05:54:59,320.73,1,Clear,Low,Delivered,33.0,DEL_03108,DRV_0168,8.05,33.0,68.9,32.04,Healthy,4.6,5,3,0,Night
ORD_03109,CUST_0370,REST_003,2026-04-01 05:13:53,467.35,3,Heavy Rain,Low,Delivered,17.0,DEL_03109,DRV_0451,5.48,17.0,56.9,33.86,South Indian,4.4,5,2,0,Night
ORD_03110,CUST_0368,REST_037,2026-01-30 03:24:10,396.25,3,Clear,Medium,Delivered,22.0,DEL_03110,DRV_0363,5.14,22.0,49.8,60.61,Chinese,3.8,3,4,0,Night
ORD_03111,CUST_0436,REST_046,2026-05-12 03:56:01,106.6,2,Cloudy,Medium,Delivered,20.0,DEL_03111,DRV_0446,2.76,20.0,47.1,33.4,North Indian,3.7,3,1,0,Night
ORD_03112,CUST_0918,REST_016,2026-02-02 06:04:15,337.51,6,Clear,Medium,Delivered,30.0,DEL_03112,DRV_0346,4.07,30.0,55.8,40.6,Indian,3.7,6,0,0,Morning
ORD_03113,CUST_0004,REST_014,2026-06-29 00:07:21,224.8,3,Rain,High,Delivered,30.0,DEL_03113,DRV_0335,3.09,30.0,62.9,34.49,Fast Food,5.0,0,0,0,Night
ORD_03114,CUST_0244,REST_009,2026-04-22 00:34:56,126.47,4,Rain,Medium,Delivered,24.0,DEL_03114,DRV_0356,0.63,24.0,50.8,24.27,Biryani,4.6,0,2,0,Night
ORD_03115,CUST_0902,REST_007,2026-04-11 05:46:07,161.33,5,Clear,Low,Delivered,20.0,DEL_03115,DRV_0155,5.05,20.0,42.6,30.01,Healthy,3.9,5,5,1,Night
ORD_03116,CUST_0166,REST_014,2026-05-12 09:59:16,122.68,2,Rain,High,Delivered,32.0,DEL_03116,DRV_0240,12.28,32.0,109.4,11.02,Fast Food,5.0,9,1,0,Morning
ORD_03117,CUST_0026,REST_006,2026-05-25 20:21:03,185.01,6,Clear,Medium,Delivered,18.0,DEL_03117,DRV_0118,2.69,18.0,52.1,21.78,Cafe,3.9,20,0,0,Evening
ORD_03118,CUST_0395,REST_085,2026-01-25 20:50:52,121.35,5,Cloudy,Low,Delivered,14.0,DEL_03118,DRV_0376,5.22,14.0,55.0,17.09,South Indian,3.4,20,6,1,Evening
ORD_03119,CUST_0474,REST_015,2026-02-28 09:17:41,102.99,5,Rain,High,Delivered,34.0,DEL_03119,DRV_0383,2.03,34.0,72.1,15.99,Healthy,4.6,9,5,1,Morning
ORD_03120,CUST_0017,REST_052,2026-03-06 18:26:43,235.93,4,Cloudy,High,Delivered,29.0,DEL_03120,DRV_0081,7.52,29.0,77.8,30.87,Healthy,4.6,18,4,0,Evening
ORD_03121,CUST_0728,REST_072,2026-04-06 04:06:59,256.16,1,Rain,High,Delivered,22.0,DEL_03121,DRV_0398,9.42,22.0,92.8,23.84,Chinese,3.8,4,0,0,Night
ORD_03122,CUST_0092,REST_034,2026-05-23 00:24:52,163.5,1,Rain,Low,Delivered,22.0,DEL_03122,DRV_0450,0.8,22.0,37.1,14.69,Desserts,4.0,0,5,1,Night
ORD_03123,CUST_0483,REST_001,2026-02-21 03:19:09,384.6,1,Heavy Rain,Medium,Delivered,17.0,DEL_03123,DRV_0411,3.79,17.0,67.2,24.71,Pizza,4.8,3,5,1,Night
ORD_03124,CUST_0543,REST_096,2026-05-10 12:32:31,157.08,3,Clear,Low,Delivered,35.0,DEL_03124,DRV_0310,3.2,35.0,64.9,25.57,Biryani,3.3,12,6,1,Afternoon
ORD_03125,CUST_0205,REST_069,2026-04-19 14:11:42,153.47,1,Clear,High,Delivered,30.0,DEL_03125,DRV_0495,3.7,30.0,83.4,38.01,Chinese,3.7,14,6,1,Afternoon
ORD_03127,CUST_0931,REST_086,2026-05-28 17:51:11,168.54,4,Cloudy,Low,Delivered,35.0,DEL_03127,DRV_0444,3.65,35.0,62.0,28.71,Chinese,3.8,17,3,0,Evening
ORD_03128,CUST_0400,REST_020,2026-04-10 12:44:29,189.93,3,Cloudy,High,Delivered,22.0,DEL_03128,DRV_0168,8.41,22.0,92.7,25.05,Desserts,3.4,12,4,0,Afternoon
ORD_03129,CUST_0207,REST_080,2026-02-04 00:14:53,100.0,6,Clear,High,Delivered,29.0,DEL_03129,DRV_0173,0.62,29.0,57.1,21.24,South Indian,5.0,0,2,0,Night
ORD_03130,CUST_0619,REST_007,2026-04-29 11:06:21,182.95,1,Rain,Medium,Delivered,21.0,DEL_03130,DRV_0355,4.84,21.0,65.5,37.79,Healthy,3.9,11,2,0,Morning
ORD_03131,CUST_0146,REST_007,2026-02-21 21:34:05,100.0,6,Heavy Rain,Low,Delivered,16.0,DEL_03131,DRV_0324,5.13,16.0,70.6,18.77,Healthy,3.9,21,5,1,Evening
ORD_03132,CUST_0879,REST_050,2026-04-10 16:29:44,100.0,5,Clear,Medium,Delivered,21.0,DEL_03132,DRV_0218,1.64,21.0,35.9,29.75,Desserts,4.0,16,4,0,Afternoon
ORD_03133,CUST_0101,REST_002,2026-01-19 23:08:07,100.0,4,Clear,High,Delivered,38.0,DEL_03133,DRV_0228,11.33,38.0,108.5,13.63,North Indian,4.2,23,0,0,Night
ORD_03134,CUST_0880,REST_047,2026-06-24 13:38:32,102.16,4,Clear,Medium,Delivered,29.0,DEL_03134,DRV_0452,3.35,29.0,66.4,7.92,Desserts,4.4,13,2,0,Afternoon
ORD_03135,CUST_0830,REST_014,2026-03-27 19:32:12,134.04,6,Clear,Low,Delivered,32.0,DEL_03135,DRV_0191,6.5,32.0,64.2,33.35,Fast Food,5.0,19,4,0,Evening
ORD_03137,CUST_0241,REST_050,2026-01-11 03:57:49,261.22,4,Rain,High,Delivered,26.0,DEL_03137,DRV_0461,2.14,26.0,59.3,35.5,Desserts,4.0,3,6,1,Night
ORD_03138,CUST_0923,REST_061,2026-01-01 13:41:54,204.86,5,Clear,Medium,Delivered,32.0,DEL_03138,DRV_0168,7.08,32.0,74.8,19.06,Healthy,4.4,13,3,0,Afternoon
ORD_03139,CUST_0759,REST_041,2026-06-07 10:09:20,100.0,4,Cloudy,Medium,Delivered,39.0,DEL_03139,DRV_0297,2.33,39.0,65.8,16.32,North Indian,4.9,10,6,1,Morning
ORD_03140,CUST_0163,REST_014,2026-03-09 05:38:53,189.77,2,Cloudy,Medium,Delivered,26.0,DEL_03140,DRV_0189,3.72,26.0,49.3,32.49,Fast Food,5.0,5,0,0,Night
ORD_03141,CUST_0884,REST_005,2026-06-05 20:46:33,215.95,4,Clear,Medium,Delivered,35.0,DEL_03141,DRV_0193,2.7,35.0,60.2,24.61,Chinese,4.4,20,4,0,Evening
ORD_03142,CUST_0173,REST_075,2026-04-28 18:53:32,151.3,4,Cloudy,High,Delivered,14.0,DEL_03142,DRV_0001,6.82,14.0,79.4,11.97,Fast Food,3.5,18,1,0,Evening
ORD_03143,CUST_0502,REST_005,2026-05-18 07:40:37,175.3,2,Cloudy,Medium,Delivered,36.0,DEL_03143,DRV_0009,3.15,36.0,60.2,23.9,Chinese,4.4,7,0,0,Morning
ORD_03144,CUST_0547,REST_064,2026-06-12 19:53:39,201.27,4,Rain,Medium,Delivered,11.0,DEL_03144,DRV_0075,1.8,11.0,55.3,13.61,Biryani,5.0,19,4,0,Evening
ORD_03145,CUST_0284,REST_029,2026-05-16 15:14:18,276.04,6,Clear,Low,Delivered,29.0,DEL_03145,DRV_0336,5.54,29.0,61.0,48.79,Pizza,3.9,15,5,1,Afternoon
ORD_03146,CUST_0359,REST_075,2026-03-29 04:30:06,100.0,3,Cloudy,Low,Delivered,16.0,DEL_03146,DRV_0349,10.6,16.0,72.1,31.54,Fast Food,3.5,4,6,1,Night
ORD_03147,CUST_0381,REST_005,2026-06-23 06:28:45,158.48,6,Clear,High,Delivered,35.0,DEL_03147,DRV_0484,7.47,35.0,86.6,31.29,Chinese,4.4,6,1,0,Morning
ORD_03148,CUST_0870,REST_096,2026-01-17 13:11:51,415.54,4,Clear,High,Delivered,25.0,DEL_03148,DRV_0143,7.6,25.0,88.2,20.88,Biryani,3.3,13,5,1,Afternoon
ORD_03149,CUST_0905,REST_036,2026-01-04 19:21:37,395.11,1,Clear,Medium,Delivered,15.0,DEL_03149,DRV_0315,2.77,15.0,53.8,66.56,Indian,3.0,19,6,1,Evening
ORD_03150,CUST_0972,REST_079,2026-01-28 17:08:58,289.46,1,Clear,Low,Delivered,32.0,DEL_03150,DRV_0487,4.9,32.0,54.1,22.77,Healthy,4.4,17,2,0,Evening
ORD_03151,CUST_0911,REST_019,2026-05-16 00:38:57,243.53,3,Clear,Low,Delivered,18.0,DEL_03151,DRV_0194,3.33,18.0,41.2,33.26,Indian,4.4,0,5,1,Night
ORD_03152,CUST_0533,REST_064,2026-01-05 06:20:06,450.36,4,Clear,High,Delivered,16.0,DEL_03152,DRV_0010,1.95,16.0,47.3,20.77,Biryani,5.0,6,0,0,Morning
ORD_03153,CUST_0820,REST_022,2026-05-17 10:36:44,520.51,5,Cloudy,Low,Delivered,22.0,DEL_03153,DRV_0433,5.61,22.0,52.3,35.9,Biryani,4.5,10,6,1,Morning
ORD_03154,CUST_0163,REST_034,2026-05-12 14:53:18,168.85,4,Cloudy,High,Delivered,13.0,DEL_03154,DRV_0139,5.22,13.0,81.7,38.75,Desserts,4.0,14,1,0,Afternoon
ORD_03155,CUST_0609,REST_056,2026-01-29 10:47:00,106.36,1,Clear,Low,Delivered,35.0,DEL_03155,DRV_0030,3.94,35.0,51.4,16.22,Desserts,4.2,10,3,0,Morning
ORD_03156,CUST_0307,REST_017,2026-01-19 08:40:44,156.23,2,Clear,High,Delivered,14.0,DEL_03156,DRV_0279,8.94,14.0,75.1,17.67,Pizza,4.5,8,0,0,Morning
ORD_03157,CUST_0339,REST_076,2026-03-14 14:55:28,995.44,3,Cloudy,High,Delivered,20.0,DEL_03157,DRV_0278,1.26,20.0,64.2,146.4,Chinese,3.7,14,5,1,Afternoon
ORD_03159,CUST_0983,REST_056,2026-02-28 18:11:43,139.94,5,Clear,High,Delivered,31.0,DEL_03159,DRV_0042,5.7,31.0,77.1,17.52,Desserts,4.2,18,5,1,Evening
ORD_03160,CUST_0333,REST_017,2026-03-24 03:50:30,100.0,4,Cloudy,Low,Delivered,18.0,DEL_03160,DRV_0228,0.96,18.0,25.0,25.91,Pizza,4.5,3,1,0,Night
ORD_03161,CUST_0127,REST_074,2026-05-02 13:39:53,194.15,5,Clear,Low,Delivered,6.0,DEL_03161,DRV_0285,5.58,6.0,47.9,30.5,Indian,4.2,13,5,1,Afternoon
ORD_03162,CUST_0940,REST_092,2026-02-13 14:13:57,100.0,2,Clear,Medium,Delivered,28.0,DEL_03162,DRV_0429,1.2,28.0,56.4,22.42,Indian,4.1,14,4,0,Afternoon
ORD_03163,CUST_0705,REST_082,2026-02-01 03:59:47,170.75,4,Clear,Medium,Delivered,34.0,DEL_03163,DRV_0480,3.19,34.0,63.7,14.2,Healthy,3.7,3,6,1,Night
ORD_03164,CUST_0243,REST_018,2026-01-13 23:52:11,100.0,6,Clear,Medium,Delivered,38.0,DEL_03164,DRV_0417,3.47,38.0,66.0,14.31,Pizza,3.6,23,1,0,Night
ORD_03165,CUST_0861,REST_045,2026-05-12 12:06:23,254.6,6,Heavy Rain,Medium,Delivered,34.0,DEL_03165,DRV_0423,2.61,34.0,86.7,28.87,Pizza,4.2,12,1,0,Afternoon
ORD_03166,CUST_0600,REST_096,2026-02-27 04:16:12,355.06,5,Clear,Low,Delivered,25.0,DEL_03166,DRV_0201,2.51,25.0,35.0,35.71,Biryani,3.3,4,4,0,Night
ORD_03167,CUST_0848,REST_078,2026-06-24 14:46:47,146.76,6,Cloudy,Low,Delivered,32.0,DEL_03167,DRV_0321,2.67,32.0,54.3,25.67,Biryani,3.9,14,2,0,Afternoon
ORD_03168,CUST_0409,REST_056,2026-04-01 04:16:27,168.29,6,Cloudy,Medium,Delivered,36.0,DEL_03168,DRV_0210,4.65,36.0,70.0,32.05,Desserts,4.2,4,2,0,Night
ORD_03169,CUST_0503,REST_080,2026-04-09 09:58:55,165.69,1,Clear,Medium,Delivered,30.0,DEL_03169,DRV_0178,8.23,30.0,80.6,28.6,South Indian,5.0,9,3,0,Morning
ORD_03170,CUST_0727,REST_050,2026-03-17 11:22:18,200.24,6,Clear,Medium,Delivered,28.0,DEL_03170,DRV_0368,5.96,28.0,63.2,38.95,Desserts,4.0,11,1,0,Morning
ORD_03171,CUST_0604,REST_058,2026-02-02 15:54:57,177.51,1,Rain,Medium,Delivered,19.0,DEL_03171,DRV_0086,6.76,19.0,64.5,26.38,Fast Food,4.7,15,0,0,Afternoon
ORD_03172,CUST_0303,REST_018,2026-06-02 04:17:37,276.57,3,Rain,High,Delivered,31.0,DEL_03172,DRV_0048,10.2,31.0,93.6,43.38,Pizza,3.6,4,1,0,Night
ORD_03173,CUST_0464,REST_080,2026-06-22 04:56:15,357.16,1,Clear,Medium,Delivered,26.0,DEL_03173,DRV_0293,9.04,26.0,76.8,54.48,South Indian,5.0,4,0,0,Night
ORD_03174,CUST_0235,REST_081,2026-01-31 05:45:05,115.85,1,Clear,Low,Delivered,20.0,DEL_03174,DRV_0206,6.63,20.0,52.0,26.36,Desserts,4.1,5,5,1,Night
ORD_03175,CUST_0696,REST_007,2026-05-20 10:03:30,152.91,2,Rain,Medium,Delivered,16.0,DEL_03175,DRV_0342,1.53,16.0,42.8,27.33,Healthy,3.9,10,2,0,Morning
ORD_03176,CUST_0038,REST_076,2026-03-30 12:00:37,297.64,1,Clear,Medium,Delivered,19.0,DEL_03176,DRV_0417,3.13,19.0,60.2,48.15,Chinese,3.7,12,0,0,Afternoon
ORD_03177,CUST_0139,REST_098,2026-01-09 09:44:32,100.0,1,Clear,Medium,Delivered,19.0,DEL_03177,DRV_0390,0.87,19.0,36.2,13.35,Biryani,4.7,9,4,0,Morning
ORD_03178,CUST_0195,REST_010,2026-03-31 12:08:10,100.0,2,Clear,Medium,Delivered,34.0,DEL_03178,DRV_0347,1.44,34.0,61.0,28.75,Healthy,4.9,12,1,0,Afternoon
ORD_03179,CUST_0527,REST_069,2026-03-09 00:18:57,205.3,1,Clear,Medium,Delivered,31.0,DEL_03179,DRV_0326,3.4,31.0,60.9,30.79,Chinese,3.7,0,0,0,Night
ORD_03181,CUST_0647,REST_003,2026-01-27 16:35:42,121.84,1,Clear,Medium,Delivered,11.0,DEL_03181,DRV_0428,8.28,11.0,57.7,22.81,South Indian,4.4,16,1,0,Afternoon
ORD_03182,CUST_0001,REST_083,2026-03-27 05:08:01,131.86,3,Cloudy,Low,Delivered,11.0,DEL_03182,DRV_0306,6.87,11.0,44.9,17.37,Pizza,4.8,5,4,0,Night
ORD_03183,CUST_0561,REST_044,2026-04-19 01:02:51,119.33,1,Cloudy,Medium,Delivered,20.0,DEL_03183,DRV_0310,9.7,20.0,70.9,23.89,Biryani,4.1,1,6,1,Night
ORD_03184,CUST_0096,REST_099,2026-01-02 14:47:28,112.53,1,Clear,Medium,Delivered,26.0,DEL_03184,DRV_0191,1.98,26.0,59.1,15.52,Healthy,3.7,14,4,0,Afternoon
ORD_03185,CUST_0713,REST_070,2026-04-13 04:08:18,265.45,3,Clear,Medium,Delivered,15.0,DEL_03185,DRV_0361,9.48,15.0,62.5,33.1,Desserts,4.2,4,0,0,Night
ORD_03186,CUST_0413,REST_014,2026-01-18 13:56:31,100.0,2,Cloudy,Medium,Delivered,27.0,DEL_03186,DRV_0016,5.85,27.0,74.1,13.8,Fast Food,5.0,13,6,1,Afternoon
ORD_03187,CUST_0538,REST_004,2026-05-17 22:53:45,156.64,6,Clear,Low,Delivered,17.0,DEL_03187,DRV_0128,7.54,17.0,52.3,28.32,Healthy,3.7,22,6,1,Night
ORD_03189,CUST_0429,REST_093,2026-04-07 09:25:16,100.0,6,Clear,Medium,Delivered,20.0,DEL_03189,DRV_0185,5.79,20.0,63.1,25.67,Indian,3.8,9,1,0,Morning
ORD_03190,CUST_0235,REST_099,2026-02-23 00:30:24,292.54,5,Clear,Medium,Delivered,34.0,DEL_03190,DRV_0130,4.43,34.0,55.2,38.65,Healthy,3.7,0,0,0,Night
ORD_03191,CUST_0349,REST_052,2026-03-02 07:50:46,136.2,6,Rain,Low,Delivered,29.0,DEL_03191,DRV_0165,3.6,29.0,63.5,24.43,Healthy,4.6,7,0,0,Morning
ORD_03192,CUST_0756,REST_038,2026-01-10 21:44:20,201.07,2,Cloudy,Low,Delivered,38.0,DEL_03192,DRV_0093,4.63,38.0,65.8,20.66,Indian,3.7,21,5,1,Evening
ORD_03194,CUST_0481,REST_020,2026-02-18 14:17:05,120.53,1,Cloudy,Medium,Delivered,18.0,DEL_03194,DRV_0213,11.66,18.0,87.9,23.85,Desserts,3.4,14,2,0,Afternoon
ORD_03195,CUST_0839,REST_088,2026-02-27 17:08:32,274.75,3,Clear,Low,Delivered,29.0,DEL_03195,DRV_0141,2.67,29.0,41.9,25.84,Cafe,3.8,17,4,0,Evening
ORD_03196,CUST_0396,REST_099,2026-02-06 03:39:04,752.2,2,Clear,Medium,Delivered,26.0,DEL_03196,DRV_0115,2.72,26.0,44.8,69.42,Healthy,3.7,3,4,0,Night
ORD_03198,CUST_0416,REST_051,2026-02-14 08:20:57,162.29,5,Cloudy,Medium,Delivered,20.0,DEL_03198,DRV_0477,10.02,20.0,76.4,38.51,Healthy,3.6,8,5,1,Morning
ORD_03199,CUST_0886,REST_019,2026-04-01 23:32:21,227.41,3,Clear,Medium,Delivered,23.0,DEL_03199,DRV_0304,8.32,23.0,70.8,30.84,Indian,4.4,23,2,0,Night
ORD_03200,CUST_0916,REST_068,2026-03-16 07:45:34,129.17,4,Clear,High,Delivered,24.0,DEL_03200,DRV_0007,5.1,24.0,62.2,21.86,Indian,4.5,7,0,0,Morning
ORD_03201,CUST_0887,REST_097,2026-02-02 07:18:28,289.23,3,Clear,Low,Delivered,9.0,DEL_03201,DRV_0415,4.04,9.0,26.3,55.32,Cafe,4.7,7,0,0,Morning
ORD_03202,CUST_0051,REST_066,2026-01-04 15:31:51,112.54,2,Clear,Medium,Delivered,31.0,DEL_03202,DRV_0447,2.07,31.0,48.9,18.98,North Indian,3.5,15,6,1,Afternoon
ORD_03203,CUST_0081,REST_013,2026-05-10 07:56:23,197.28,3,Cloudy,Low,Delivered,10.0,DEL_03203,DRV_0429,1.29,10.0,28.8,24.19,Cafe,3.2,7,6,1,Morning
ORD_03204,CUST_0036,REST_062,2026-06-19 12:48:29,136.03,3,Rain,Medium,Delivered,17.0,DEL_03204,DRV_0056,3.65,17.0,63.6,29.47,Fast Food,3.5,12,4,0,Afternoon
ORD_03206,CUST_0641,REST_030,2026-02-16 09:18:03,124.96,4,Cloudy,Low,Delivered,19.0,DEL_03206,DRV_0022,8.03,19.0,60.9,23.58,South Indian,4.1,9,0,0,Morning
ORD_03207,CUST_0882,REST_098,2026-06-09 22:19:50,149.38,1,Rain,Medium,Delivered,23.0,DEL_03207,DRV_0319,4.85,23.0,63.8,15.86,Biryani,4.7,22,1,0,Night
ORD_03208,CUST_0667,REST_030,2026-04-09 09:27:08,304.94,2,Clear,High,Delivered,26.0,DEL_03208,DRV_0080,4.25,26.0,68.5,25.51,South Indian,4.1,9,3,0,Morning
ORD_03210,CUST_0623,REST_088,2026-03-27 01:10:27,188.26,4,Clear,Medium,Delivered,30.0,DEL_03210,DRV_0428,3.25,30.0,59.7,28.01,Cafe,3.8,1,4,0,Night
ORD_03211,CUST_0680,REST_048,2026-06-07 04:55:13,100.0,3,Clear,High,Delivered,35.0,DEL_03211,DRV_0103,4.32,35.0,76.1,13.82,Chinese,4.0,4,6,1,Night
ORD_03213,CUST_0468,REST_074,2026-05-21 18:08:02,223.67,5,Clear,Medium,Delivered,14.0,DEL_03213,DRV_0142,4.5,14.0,50.8,42.94,Indian,4.2,18,3,0,Evening
ORD_03214,CUST_0142,REST_082,2026-04-20 21:32:59,105.12,3,Clear,High,Delivered,35.0,DEL_03214,DRV_0498,6.08,35.0,97.1,28.63,Healthy,3.7,21,0,0,Evening
ORD_03216,CUST_0709,REST_071,2026-01-21 17:42:50,237.74,3,Rain,Low,Delivered,29.0,DEL_03216,DRV_0403,3.89,29.0,65.5,46.48,Healthy,4.9,17,2,0,Evening
ORD_03217,CUST_0471,REST_057,2026-03-15 06:15:06,131.82,5,Clear,High,Delivered,21.0,DEL_03217,DRV_0444,1.48,21.0,48.0,23.91,Desserts,4.7,6,6,1,Morning
ORD_03218,CUST_0621,REST_019,2026-01-10 01:15:29,285.02,4,Clear,High,Delivered,20.0,DEL_03218,DRV_0077,9.04,20.0,84.3,37.22,Indian,4.4,1,5,1,Night
ORD_03219,CUST_0888,REST_088,2026-04-18 21:29:48,204.1,2,Cloudy,Low,Delivered,35.0,DEL_03219,DRV_0258,7.83,35.0,75.4,22.84,Cafe,3.8,21,5,1,Evening
ORD_03220,CUST_0591,REST_079,2026-06-07 22:47:44,230.36,6,Clear,Medium,Delivered,26.0,DEL_03220,DRV_0307,11.43,26.0,89.3,24.66,Healthy,4.4,22,6,1,Night
ORD_03221,CUST_0902,REST_041,2026-04-04 17:09:27,358.72,2,Clear,Medium,Delivered,39.0,DEL_03221,DRV_0228,4.3,39.0,66.7,24.35,North Indian,4.9,17,5,1,Evening
ORD_03222,CUST_0673,REST_042,2026-04-28 10:59:43,216.13,2,Clear,High,Delivered,29.0,DEL_03222,DRV_0078,0.89,29.0,59.4,38.36,Healthy,5.0,10,1,0,Morning
ORD_03223,CUST_0439,REST_087,2026-04-05 19:19:47,422.57,4,Cloudy,Medium,Delivered,11.0,DEL_03223,DRV_0162,4.01,11.0,64.2,41.16,Healthy,4.0,19,6,1,Evening
ORD_03224,CUST_0531,REST_052,2026-03-21 09:19:46,299.22,2,Rain,High,Delivered,32.0,DEL_03224,DRV_0082,2.54,32.0,75.8,36.88,Healthy,4.6,9,5,1,Morning
ORD_03225,CUST_0127,REST_004,2026-01-19 06:24:16,135.92,5,Cloudy,High,Delivered,11.0,DEL_03225,DRV_0216,4.84,11.0,57.1,24.21,Healthy,3.7,6,0,0,Morning
ORD_03226,CUST_0205,REST_004,2026-04-01 20:03:45,369.16,4,Clear,High,Delivered,18.0,DEL_03226,DRV_0478,4.44,18.0,64.7,52.67,Healthy,3.7,20,2,0,Evening
ORD_03227,CUST_0029,REST_005,2026-01-19 02:51:14,209.58,2,Clear,Medium,Delivered,38.0,DEL_03227,DRV_0051,3.64,38.0,65.6,25.61,Chinese,4.4,2,0,0,Night
ORD_03228,CUST_0445,REST_041,2026-06-15 16:05:54,145.9,6,Clear,Medium,Delivered,38.0,DEL_03228,DRV_0403,2.44,38.0,56.7,15.34,North Indian,4.9,16,0,0,Afternoon
ORD_03229,CUST_0966,REST_087,2026-02-11 21:13:09,211.26,1,Rain,Low,Delivered,12.0,DEL_03229,DRV_0164,7.9,12.0,72.5,28.3,Healthy,4.0,21,2,0,Evening
ORD_03231,CUST_0464,REST_075,2026-03-28 06:52:07,232.82,4,Clear,Medium,Delivered,13.0,DEL_03231,DRV_0213,4.96,13.0,43.6,20.93,Fast Food,3.5,6,5,1,Morning
ORD_03233,CUST_0151,REST_075,2026-01-08 05:16:01,329.51,2,Clear,Medium,Delivered,12.0,DEL_03233,DRV_0374,7.57,12.0,60.4,58.42,Fast Food,3.5,5,3,0,Night
ORD_03234,CUST_0240,REST_013,2026-05-25 19:27:41,241.71,1,Heavy Rain,Medium,Delivered,18.0,DEL_03234,DRV_0410,2.31,18.0,67.3,21.48,Cafe,3.2,19,0,0,Evening
ORD_03235,CUST_0266,REST_014,2026-01-30 16:22:07,103.1,6,Rain,High,Delivered,26.0,DEL_03235,DRV_0163,5.15,26.0,73.3,21.81,Fast Food,5.0,16,4,0,Afternoon
ORD_03236,CUST_0694,REST_060,2026-04-01 17:35:34,164.21,5,Clear,Medium,Delivered,20.0,DEL_03236,DRV_0319,1.41,20.0,48.6,24.75,Chinese,4.2,17,2,0,Evening
ORD_03237,CUST_0105,REST_072,2026-05-26 13:41:04,188.56,4,Cloudy,Low,Delivered,19.0,DEL_03237,DRV_0360,2.07,19.0,45.8,33.41,Chinese,3.8,13,1,0,Afternoon
ORD_03238,CUST_0937,REST_025,2026-04-15 00:33:26,265.91,5,Clear,Medium,Delivered,32.0,DEL_03238,DRV_0388,3.52,32.0,46.4,21.17,South Indian,4.0,0,2,0,Night
ORD_03239,CUST_0433,REST_082,2026-06-29 03:24:08,257.37,5,Clear,High,Delivered,31.0,DEL_03239,DRV_0085,3.8,31.0,72.7,52.24,Healthy,3.7,3,0,0,Night
ORD_03240,CUST_0913,REST_044,2026-05-16 14:53:24,198.99,5,Cloudy,High,Delivered,27.0,DEL_03240,DRV_0003,7.28,27.0,91.7,13.9,Biryani,4.1,14,5,1,Afternoon
ORD_03241,CUST_0497,REST_082,2026-06-15 09:57:20,193.68,3,Cloudy,Low,Delivered,33.0,DEL_03241,DRV_0005,3.73,33.0,53.5,20.36,Healthy,3.7,9,0,0,Morning
ORD_03242,CUST_0440,REST_010,2026-05-15 02:43:32,269.41,5,Clear,Medium,Delivered,33.0,DEL_03242,DRV_0235,4.34,33.0,60.8,25.03,Healthy,4.9,2,4,0,Night
ORD_03243,CUST_0748,REST_071,2026-04-11 09:28:26,113.04,2,Cloudy,High,Delivered,27.0,DEL_03243,DRV_0413,7.09,27.0,80.0,33.66,Healthy,4.9,9,5,1,Morning
ORD_03244,CUST_0685,REST_050,2026-02-26 04:02:56,460.6,2,Cloudy,Low,Delivered,29.0,DEL_03244,DRV_0375,2.4,29.0,54.1,31.05,Desserts,4.0,4,3,0,Night
ORD_03245,CUST_0158,REST_044,2026-02-09 23:21:45,100.0,1,Clear,Low,Delivered,24.0,DEL_03245,DRV_0275,10.64,24.0,74.1,23.46,Biryani,4.1,23,0,0,Night
ORD_03246,CUST_0172,REST_014,2026-03-08 19:11:26,403.62,1,Clear,Low,Delivered,32.0,DEL_03246,DRV_0371,9.36,32.0,84.3,23.05,Fast Food,5.0,19,6,1,Evening
ORD_03247,CUST_0494,REST_015,2026-05-21 20:49:47,176.82,6,Cloudy,Medium,Delivered,34.0,DEL_03247,DRV_0401,4.68,34.0,75.6,17.06,Healthy,4.6,20,3,0,Evening
ORD_03248,CUST_0970,REST_016,2026-01-29 11:08:08,314.64,5,Clear,Medium,Delivered,25.0,DEL_03248,DRV_0290,6.68,25.0,73.4,53.11,Indian,3.7,11,3,0,Morning
ORD_03249,CUST_0311,REST_002,2026-03-16 15:35:20,221.43,5,Rain,Low,Delivered,36.0,DEL_03249,DRV_0020,4.67,36.0,69.7,31.28,North Indian,4.2,15,0,0,Afternoon
ORD_03250,CUST_0403,REST_030,2026-01-23 11:40:49,219.27,3,Clear,Medium,Delivered,26.0,DEL_03250,DRV_0412,4.06,26.0,60.0,34.49,South Indian,4.1,11,4,0,Morning
ORD_03251,CUST_0669,REST_030,2026-01-14 07:15:02,245.88,5,Clear,Low,Delivered,19.0,DEL_03251,DRV_0329,5.22,19.0,47.5,26.03,South Indian,4.1,7,2,0,Morning
ORD_03252,CUST_0770,REST_082,2026-03-15 20:24:15,282.87,5,Clear,Medium,Delivered,32.0,DEL_03252,DRV_0195,7.97,32.0,90.5,35.07,Healthy,3.7,20,6,1,Evening
ORD_03253,CUST_0676,REST_031,2026-01-29 16:28:11,151.28,5,Cloudy,Medium,Delivered,27.0,DEL_03253,DRV_0394,7.48,27.0,74.5,9.27,North Indian,4.0,16,3,0,Afternoon
ORD_03254,CUST_0659,REST_077,2026-01-12 22:13:32,320.26,4,Cloudy,Medium,Delivered,14.0,DEL_03254,DRV_0149,2.65,14.0,40.9,27.58,Fast Food,4.1,22,0,0,Night
ORD_03255,CUST_0903,REST_020,2026-01-02 22:49:21,100.0,4,Clear,Low,Delivered,21.0,DEL_03255,DRV_0489,4.21,21.0,45.5,17.6,Desserts,3.4,22,4,0,Night
ORD_03257,CUST_0463,REST_035,2026-06-12 01:12:19,287.09,3,Rain,Medium,Delivered,28.0,DEL_03257,DRV_0004,6.13,28.0,73.9,35.87,North Indian,4.8,1,4,0,Night
ORD_03258,CUST_0367,REST_023,2026-06-18 20:35:01,313.33,2,Clear,Medium,Delivered,34.0,DEL_03258,DRV_0022,6.73,34.0,88.5,32.4,South Indian,4.6,20,3,0,Evening
ORD_03259,CUST_0550,REST_097,2026-04-30 13:56:29,233.56,3,Clear,Medium,Delivered,12.0,DEL_03259,DRV_0327,5.81,12.0,66.8,53.65,Cafe,4.7,13,3,0,Afternoon
ORD_03260,CUST_0643,REST_099,2026-02-24 22:34:25,146.0,6,Clear,Medium,Delivered,27.0,DEL_03260,DRV_0190,17.64,27.0,113.0,21.68,Healthy,3.7,22,1,0,Night
ORD_03261,CUST_0870,REST_100,2026-02-24 22:54:25,296.84,2,Clear,Low,Delivered,30.0,DEL_03261,DRV_0012,4.93,30.0,62.0,21.76,Pizza,3.9,22,1,0,Night
ORD_03263,CUST_0208,REST_084,2026-05-26 13:30:12,474.98,3,Clear,Low,Delivered,18.0,DEL_03263,DRV_0406,4.42,18.0,42.9,36.31,North Indian,3.3,13,1,0,Afternoon
ORD_03264,CUST_0450,REST_055,2026-02-23 06:06:39,173.02,6,Clear,Medium,Delivered,40.0,DEL_03264,DRV_0413,2.25,40.0,67.6,19.39,North Indian,4.2,6,0,0,Morning
ORD_03265,CUST_0095,REST_067,2026-02-22 15:43:49,100.0,3,Rain,Medium,Delivered,12.0,DEL_03265,DRV_0189,7.15,12.0,61.0,16.11,North Indian,3.1,15,6,1,Afternoon
ORD_03266,CUST_0860,REST_008,2026-03-15 08:12:46,100.0,3,Clear,High,Delivered,31.0,DEL_03266,DRV_0317,8.12,31.0,85.8,13.6,Desserts,4.5,8,6,1,Morning
ORD_03267,CUST_0839,REST_040,2026-02-13 10:37:02,185.68,2,Rain,Medium,Delivered,33.0,DEL_03267,DRV_0027,3.67,33.0,75.8,27.3,Desserts,4.1,10,4,0,Morning
ORD_03268,CUST_0478,REST_059,2026-05-28 20:31:07,195.76,2,Cloudy,High,Delivered,33.0,DEL_03268,DRV_0431,4.41,33.0,86.0,28.62,Pizza,4.0,20,3,0,Evening
ORD_03269,CUST_0683,REST_032,2026-03-07 00:29:49,535.56,1,Clear,Medium,Delivered,22.0,DEL_03269,DRV_0340,5.35,22.0,65.4,25.29,Healthy,3.9,0,5,1,Night
ORD_03270,CUST_0762,REST_093,2026-04-23 13:28:40,102.39,2,Cloudy,Medium,Delivered,17.0,DEL_03270,DRV_0142,5.23,17.0,63.6,17.7,Indian,3.8,13,3,0,Afternoon
ORD_03271,CUST_0190,REST_007,2026-04-20 13:36:57,185.25,2,Clear,High,Delivered,24.0,DEL_03271,DRV_0007,8.14,24.0,92.8,29.31,Healthy,3.9,13,0,0,Afternoon
ORD_03273,CUST_0484,REST_085,2026-03-12 02:00:45,138.25,3,Rain,Medium,Delivered,13.0,DEL_03273,DRV_0430,4.25,13.0,60.9,22.38,South Indian,3.4,2,3,0,Night
ORD_03274,CUST_0733,REST_006,2026-03-01 16:27:08,457.69,2,Cloudy,Low,Delivered,18.0,DEL_03274,DRV_0412,3.69,18.0,40.9,22.57,Cafe,3.9,16,6,1,Afternoon
ORD_03275,CUST_0536,REST_092,2026-04-06 21:52:52,100.0,3,Rain,High,Delivered,22.0,DEL_03275,DRV_0427,1.59,22.0,65.1,24.46,Indian,4.1,21,0,0,Evening
ORD_03276,CUST_0756,REST_036,2026-04-28 11:47:59,250.35,3,Rain,Medium,Delivered,14.0,DEL_03276,DRV_0010,2.13,14.0,43.4,42.3,Indian,3.0,11,1,0,Morning
ORD_03277,CUST_0423,REST_032,2026-05-10 01:28:10,225.0,4,Clear,Low,Delivered,22.0,DEL_03277,DRV_0179,2.03,22.0,33.6,25.89,Healthy,3.9,1,6,1,Night
ORD_03278,CUST_0836,REST_045,2026-01-29 02:36:21,178.88,3,Clear,Medium,Delivered,41.0,DEL_03278,DRV_0003,15.42,41.0,109.2,11.75,Pizza,4.2,2,3,0,Night
ORD_03279,CUST_0640,REST_042,2026-04-18 11:12:41,241.22,6,Clear,Low,Delivered,33.0,DEL_03279,DRV_0460,4.17,33.0,49.6,29.72,Healthy,5.0,11,5,1,Morning
ORD_03280,CUST_0605,REST_053,2026-06-24 08:42:35,100.0,2,Rain,High,Delivered,26.0,DEL_03280,DRV_0461,6.69,26.0,89.2,21.49,Desserts,5.0,8,2,0,Morning
ORD_03281,CUST_0812,REST_009,2026-02-23 12:06:31,450.78,3,Rain,Medium,Delivered,17.0,DEL_03281,DRV_0103,6.14,17.0,81.2,31.05,Biryani,4.6,12,0,0,Afternoon
ORD_03282,CUST_0133,REST_075,2026-04-22 14:14:07,522.52,1,Cloudy,Medium,Delivered,12.0,DEL_03282,DRV_0300,0.92,12.0,46.2,21.22,Fast Food,3.5,14,2,0,Afternoon
ORD_03283,CUST_0055,REST_087,2026-03-13 01:49:54,186.03,1,Clear,Medium,Delivered,9.0,DEL_03283,DRV_0054,3.84,9.0,37.3,39.01,Healthy,4.0,1,4,0,Night
ORD_03284,CUST_0989,REST_075,2026-06-28 18:17:37,687.26,4,Clear,High,Delivered,14.0,DEL_03284,DRV_0162,5.73,14.0,59.2,47.34,Fast Food,3.5,18,6,1,Evening
ORD_03285,CUST_0510,REST_049,2026-01-01 06:30:39,145.55,6,Rain,High,Delivered,32.0,DEL_03285,DRV_0449,0.65,32.0,53.8,18.78,Cafe,3.6,6,3,0,Morning
ORD_03286,CUST_0670,REST_002,2026-04-24 08:52:34,225.93,2,Rain,High,Delivered,39.0,DEL_03286,DRV_0230,3.84,39.0,84.5,11.97,North Indian,4.2,8,4,0,Morning
ORD_03287,CUST_0541,REST_067,2026-05-07 01:01:17,398.43,4,Clear,High,Delivered,16.0,DEL_03287,DRV_0345,7.05,16.0,65.6,33.7,North Indian,3.1,1,3,0,Night
ORD_03288,CUST_0410,REST_011,2026-04-15 05:34:32,140.83,1,Clear,Low,Delivered,20.0,DEL_03288,DRV_0211,3.41,20.0,47.0,24.14,Pizza,4.9,5,2,0,Night
ORD_03289,CUST_0211,REST_050,2026-06-04 04:09:51,100.0,6,Clear,High,Delivered,20.0,DEL_03289,DRV_0281,6.42,20.0,62.8,19.17,Desserts,4.0,4,3,0,Night
ORD_03290,CUST_0666,REST_035,2026-06-18 06:03:10,100.0,2,Clear,Medium,Delivered,31.0,DEL_03290,DRV_0447,2.31,31.0,49.1,25.1,North Indian,4.8,6,3,0,Morning
ORD_03291,CUST_0293,REST_015,2026-01-18 04:58:29,563.1,3,Rain,High,Delivered,26.0,DEL_03291,DRV_0070,3.24,26.0,69.3,56.49,Healthy,4.6,4,6,1,Night
ORD_03292,CUST_0987,REST_075,2026-02-22 15:33:13,135.51,2,Clear,Medium,Delivered,9.0,DEL_03292,DRV_0301,6.7,9.0,54.3,22.18,Fast Food,3.5,15,6,1,Afternoon
ORD_03293,CUST_0734,REST_031,2026-02-28 22:54:19,163.67,5,Cloudy,Low,Delivered,29.0,DEL_03293,DRV_0068,3.95,29.0,61.0,28.36,North Indian,4.0,22,5,1,Night
ORD_03294,CUST_0115,REST_092,2026-02-28 14:43:15,100.0,2,Clear,Medium,Delivered,20.0,DEL_03294,DRV_0282,1.79,20.0,44.3,19.34,Indian,4.1,14,5,1,Afternoon
ORD_03295,CUST_0949,REST_062,2026-01-03 19:52:41,305.39,3,Clear,Low,Delivered,16.0,DEL_03295,DRV_0282,7.08,16.0,59.6,52.57,Fast Food,3.5,19,5,1,Evening
ORD_03296,CUST_0670,REST_028,2026-06-04 03:40:34,117.94,5,Clear,Medium,Delivered,29.0,DEL_03296,DRV_0154,5.2,29.0,54.9,5.34,Indian,4.4,3,3,0,Night
ORD_03297,CUST_0259,REST_096,2026-01-18 03:56:28,138.35,6,Rain,Medium,Delivered,35.0,DEL_03297,DRV_0462,2.39,35.0,67.5,9.67,Biryani,3.3,3,6,1,Night
ORD_03298,CUST_0763,REST_025,2026-03-22 16:13:05,213.73,4,Cloudy,Low,Delivered,28.0,DEL_03298,DRV_0446,6.62,28.0,58.6,22.32,South Indian,4.0,16,6,1,Afternoon
ORD_03300,CUST_0299,REST_092,2026-05-10 10:23:27,164.31,2,Clear,High,Delivered,19.0,DEL_03300,DRV_0368,9.43,19.0,80.1,18.27,Indian,4.1,10,6,1,Morning
ORD_03301,CUST_0775,REST_025,2026-06-30 18:27:41,391.98,4,Clear,High,Delivered,30.0,DEL_03301,DRV_0348,8.1,30.0,85.0,53.32,South Indian,4.0,18,1,0,Evening
ORD_03302,CUST_0381,REST_075,2026-02-28 15:58:27,229.42,2,Clear,High,Delivered,9.0,DEL_03302,DRV_0189,4.44,9.0,52.2,29.46,Fast Food,3.5,15,5,1,Afternoon
ORD_03303,CUST_0561,REST_083,2026-02-23 17:40:24,194.77,1,Cloudy,Medium,Delivered,19.0,DEL_03303,DRV_0386,5.92,19.0,55.0,19.53,Pizza,4.8,17,0,0,Evening
ORD_03304,CUST_0889,REST_092,2026-03-28 09:08:51,204.01,1,Cloudy,Medium,Delivered,24.0,DEL_03304,DRV_0041,9.08,24.0,76.9,35.85,Indian,4.1,9,5,1,Morning
ORD_03305,CUST_0841,REST_001,2026-02-24 06:45:48,146.35,3,Clear,Low,Delivered,16.0,DEL_03305,DRV_0173,4.41,16.0,36.5,18.18,Pizza,4.8,6,1,0,Morning
ORD_03306,CUST_0501,REST_059,2026-03-19 17:51:11,543.42,6,Rain,High,Delivered,32.0,DEL_03306,DRV_0469,0.86,32.0,69.1,55.87,Pizza,4.0,17,3,0,Evening
ORD_03307,CUST_0297,REST_069,2026-05-11 07:16:43,115.97,1,Cloudy,High,Delivered,25.0,DEL_03307,DRV_0238,5.88,25.0,74.8,15.58,Chinese,3.7,7,0,0,Morning
ORD_03308,CUST_0362,REST_074,2026-02-15 19:16:36,203.57,5,Clear,Medium,Delivered,6.0,DEL_03308,DRV_0270,7.25,6.0,56.6,19.95,Indian,4.2,19,6,1,Evening
ORD_03309,CUST_0589,REST_042,2026-03-08 07:20:31,193.11,5,Clear,High,Delivered,31.0,DEL_03309,DRV_0165,7.43,31.0,94.6,31.76,Healthy,5.0,7,6,1,Morning
ORD_03310,CUST_0463,REST_034,2026-01-21 17:10:06,315.71,2,Rain,Medium,Delivered,20.0,DEL_03310,DRV_0130,2.27,20.0,59.4,61.32,Desserts,4.0,17,2,0,Evening
ORD_03311,CUST_0438,REST_100,2026-06-12 03:11:51,332.54,4,Cloudy,Medium,Delivered,29.0,DEL_03311,DRV_0005,9.51,29.0,94.5,45.45,Pizza,3.9,3,4,0,Night
ORD_03312,CUST_0127,REST_066,2026-04-25 22:05:53,178.11,5,Clear,High,Delivered,24.0,DEL_03312,DRV_0358,15.86,24.0,108.9,23.36,North Indian,3.5,22,5,1,Night
ORD_03313,CUST_0197,REST_018,2026-04-19 06:47:23,212.7,2,Cloudy,Medium,Delivered,38.0,DEL_03313,DRV_0130,7.34,38.0,76.6,32.89,Pizza,3.6,6,6,1,Morning
ORD_03314,CUST_0221,REST_077,2026-04-09 00:32:58,217.17,4,Clear,Medium,Delivered,14.0,DEL_03314,DRV_0385,3.53,14.0,47.4,16.22,Fast Food,4.1,0,3,0,Night
ORD_03315,CUST_0995,REST_005,2026-06-23 14:17:25,100.0,1,Rain,Medium,Delivered,33.0,DEL_03315,DRV_0176,5.44,33.0,89.7,15.69,Chinese,4.4,14,1,0,Afternoon
ORD_03316,CUST_0091,REST_020,2026-02-15 10:40:27,100.0,2,Rain,Medium,Delivered,20.0,DEL_03316,DRV_0022,6.42,20.0,68.7,14.08,Desserts,3.4,10,6,1,Morning
ORD_03317,CUST_0411,REST_066,2026-06-23 20:19:47,129.96,4,Cloudy,Medium,Delivered,28.0,DEL_03317,DRV_0041,6.86,28.0,70.3,16.36,North Indian,3.5,20,1,0,Evening
ORD_03318,CUST_0008,REST_075,2026-01-12 00:36:13,133.1,3,Cloudy,Medium,Delivered,12.0,DEL_03318,DRV_0153,4.95,12.0,45.5,24.28,Fast Food,3.5,0,0,0,Night
ORD_03319,CUST_0544,REST_062,2026-01-21 13:39:42,100.0,6,Clear,Medium,Delivered,19.0,DEL_03319,DRV_0046,1.98,19.0,53.2,18.57,Fast Food,3.5,13,2,0,Afternoon
ORD_03320,CUST_0468,REST_094,2026-01-09 00:45:20,273.77,6,Cloudy,Medium,Delivered,18.0,DEL_03320,DRV_0350,6.76,18.0,59.1,32.54,Cafe,4.6,0,4,0,Night
ORD_03321,CUST_0320,REST_096,2026-03-07 21:42:46,181.48,3,Rain,Medium,Delivered,33.0,DEL_03321,DRV_0009,2.76,33.0,66.6,32.12,Biryani,3.3,21,5,1,Evening
ORD_03322,CUST_0394,REST_032,2026-01-06 01:00:43,161.08,5,Clear,High,Delivered,25.0,DEL_03322,DRV_0445,3.51,25.0,60.8,15.98,Healthy,3.9,1,1,0,Night
ORD_03323,CUST_0269,REST_058,2026-02-04 19:53:12,100.0,6,Cloudy,Low,Delivered,18.0,DEL_03323,DRV_0101,2.4,18.0,30.8,15.2,Fast Food,4.7,19,2,0,Evening
ORD_03324,CUST_0191,REST_050,2026-02-05 14:12:32,176.89,4,Rain,Low,Delivered,20.0,DEL_03324,DRV_0047,1.83,20.0,48.3,37.22,Desserts,4.0,14,3,0,Afternoon
ORD_03325,CUST_0861,REST_038,2026-02-25 10:55:44,100.0,3,Clear,Low,Delivered,37.0,DEL_03325,DRV_0330,3.41,37.0,51.1,20.15,Indian,3.7,10,2,0,Morning
ORD_03326,CUST_0675,REST_055,2026-03-29 08:45:52,165.73,5,Clear,High,Delivered,45.0,DEL_03326,DRV_0207,5.25,45.0,86.6,22.22,North Indian,4.2,8,6,1,Morning
ORD_03327,CUST_0061,REST_028,2026-06-22 05:46:17,187.68,2,Cloudy,Medium,Delivered,26.0,DEL_03327,DRV_0241,3.0,26.0,56.5,24.28,Indian,4.4,5,0,0,Night
ORD_03328,CUST_0438,REST_074,2026-04-26 20:33:26,207.07,2,Rain,High,Delivered,15.0,DEL_03328,DRV_0003,2.32,15.0,69.2,34.37,Indian,4.2,20,6,1,Evening
ORD_03329,CUST_0264,REST_086,2026-04-12 07:57:35,100.0,4,Rain,Medium,Delivered,35.0,DEL_03329,DRV_0264,4.33,35.0,75.8,10.92,Chinese,3.8,7,6,1,Morning
ORD_03330,CUST_0797,REST_081,2026-03-04 12:31:22,205.13,4,Cloudy,Medium,Delivered,27.0,DEL_03330,DRV_0409,1.01,27.0,55.8,34.49,Desserts,4.1,12,2,0,Afternoon
ORD_03331,CUST_0095,REST_022,2026-06-19 12:15:20,102.23,4,Rain,High,Delivered,23.0,DEL_03331,DRV_0036,0.5,23.0,59.1,4.53,Biryani,4.5,12,4,0,Afternoon
ORD_03332,CUST_0553,REST_043,2026-01-23 15:58:23,115.95,6,Cloudy,Low,Delivered,21.0,DEL_03332,DRV_0299,7.61,21.0,60.5,13.42,Fast Food,3.7,15,4,0,Afternoon
ORD_03333,CUST_0926,REST_083,2026-05-10 23:29:22,269.04,4,Clear,Medium,Delivered,15.0,DEL_03333,DRV_0243,1.55,15.0,31.8,36.76,Pizza,4.8,23,6,1,Night
ORD_03334,CUST_0470,REST_081,2026-04-24 14:16:55,548.82,3,Rain,Medium,Delivered,21.0,DEL_03334,DRV_0238,4.6,21.0,64.4,52.67,Desserts,4.1,14,4,0,Afternoon
ORD_03336,CUST_0716,REST_036,2026-02-07 16:14:58,115.65,5,Clear,Medium,Delivered,16.0,DEL_03336,DRV_0319,4.67,16.0,42.4,25.38,Indian,3.0,16,5,1,Afternoon
ORD_03337,CUST_0779,REST_096,2026-06-05 20:14:51,201.09,3,Clear,Low,Delivered,27.0,DEL_03337,DRV_0469,2.49,27.0,55.0,24.71,Biryani,3.3,20,4,0,Evening
ORD_03338,CUST_0514,REST_052,2026-06-01 16:26:51,303.83,6,Clear,Low,Delivered,25.0,DEL_03338,DRV_0418,4.4,25.0,41.1,20.92,Healthy,4.6,16,0,0,Afternoon
ORD_03339,CUST_0690,REST_036,2026-01-20 03:26:26,255.07,2,Clear,Medium,Delivered,12.0,DEL_03339,DRV_0219,2.72,12.0,37.0,13.72,Indian,3.0,3,1,0,Night
ORD_03340,CUST_0937,REST_028,2026-03-27 07:53:52,819.51,5,Clear,High,Delivered,22.0,DEL_03340,DRV_0201,3.3,22.0,56.0,29.61,Indian,4.4,7,4,0,Morning
ORD_03341,CUST_0194,REST_078,2026-06-06 03:45:53,122.31,3,Clear,Low,Delivered,39.0,DEL_03341,DRV_0394,1.25,39.0,51.9,21.87,Biryani,3.9,3,5,1,Night
ORD_03343,CUST_0899,REST_036,2026-04-14 17:06:14,424.92,3,Clear,Low,Delivered,17.0,DEL_03343,DRV_0089,3.14,17.0,32.0,64.03,Indian,3.0,17,1,0,Evening
ORD_03344,CUST_0336,REST_070,2026-01-25 20:06:42,410.5,1,Rain,Medium,Delivered,15.0,DEL_03344,DRV_0269,1.72,15.0,54.1,30.19,Desserts,4.2,20,6,1,Evening
ORD_03346,CUST_0196,REST_021,2026-04-15 19:18:23,180.94,6,Rain,High,Delivered,18.0,DEL_03346,DRV_0324,4.26,18.0,84.9,12.95,Fast Food,3.7,19,2,0,Evening
ORD_03347,CUST_0855,REST_064,2026-05-24 12:23:32,410.14,3,Clear,High,Delivered,10.0,DEL_03347,DRV_0124,3.31,10.0,52.4,24.74,Biryani,5.0,12,6,1,Afternoon
ORD_03348,CUST_0249,REST_076,2026-01-01 16:19:51,888.78,3,Cloudy,Low,Delivered,22.0,DEL_03348,DRV_0400,11.28,22.0,82.3,68.44,Chinese,3.7,16,3,0,Afternoon
ORD_03349,CUST_0498,REST_061,2026-06-04 20:23:48,266.96,6,Clear,Low,Delivered,40.0,DEL_03349,DRV_0396,5.19,40.0,79.0,34.84,Healthy,4.4,20,3,0,Evening
ORD_03350,CUST_0212,REST_094,2026-05-12 12:56:15,148.07,2,Clear,Low,Delivered,17.0,DEL_03350,DRV_0281,4.77,17.0,53.6,8.7,Cafe,4.6,12,1,0,Afternoon
ORD_03351,CUST_0665,REST_095,2026-04-06 00:30:42,104.06,4,Cloudy,High,Delivered,32.0,DEL_03351,DRV_0496,9.28,32.0,93.3,18.49,Pizza,3.7,0,0,0,Night
ORD_03352,CUST_0670,REST_040,2026-04-02 16:47:52,614.19,4,Cloudy,Medium,Delivered,33.0,DEL_03352,DRV_0255,2.14,33.0,53.2,32.27,Desserts,4.1,16,3,0,Afternoon
ORD_03353,CUST_0466,REST_056,2026-01-02 14:38:38,270.64,2,Rain,Low,Delivered,28.0,DEL_03353,DRV_0433,2.94,28.0,55.9,31.02,Desserts,4.2,14,4,0,Afternoon
ORD_03354,CUST_0874,REST_004,2026-06-01 18:15:34,113.7,2,Cloudy,Low,Delivered,12.0,DEL_03354,DRV_0400,1.95,12.0,32.1,26.79,Healthy,3.7,18,0,0,Evening
ORD_03355,CUST_0651,REST_031,2026-03-26 03:01:56,162.11,1,Clear,Medium,Delivered,35.0,DEL_03355,DRV_0359,4.21,35.0,62.0,23.13,North Indian,4.0,3,3,0,Night
ORD_03356,CUST_0221,REST_027,2026-03-10 19:24:06,214.99,6,Rain,Low,Delivered,32.0,DEL_03356,DRV_0002,13.25,32.0,108.8,31.65,South Indian,4.0,19,1,0,Evening
ORD_03357,CUST_0273,REST_058,2026-03-17 20:49:14,244.47,5,Cloudy,High,Delivered,21.0,DEL_03357,DRV_0329,2.97,21.0,72.0,45.64,Fast Food,4.7,20,1,0,Evening
ORD_03358,CUST_0154,REST_025,2026-02-01 13:16:57,110.52,4,Rain,Medium,Delivered,35.0,DEL_03358,DRV_0123,3.89,35.0,92.1,6.35,South Indian,4.0,13,6,1,Afternoon
ORD_03359,CUST_0249,REST_069,2026-03-09 20:28:40,129.31,2,Rain,Medium,Delivered,32.0,DEL_03359,DRV_0236,1.54,32.0,73.7,30.14,Chinese,3.7,20,0,0,Evening
ORD_03360,CUST_0279,REST_070,2026-05-05 07:18:44,100.0,2,Clear,Medium,Delivered,12.0,DEL_03360,DRV_0383,7.7,12.0,61.1,26.44,Desserts,4.2,7,1,0,Morning
ORD_03361,CUST_0440,REST_005,2026-06-08 09:15:34,321.14,6,Clear,Low,Delivered,32.0,DEL_03361,DRV_0077,10.34,32.0,66.3,31.36,Chinese,4.4,9,0,0,Morning
ORD_03362,CUST_0948,REST_091,2026-01-29 14:13:14,150.22,5,Clear,Medium,Delivered,18.0,DEL_03362,DRV_0078,3.01,18.0,56.4,24.32,Cafe,4.6,14,3,0,Afternoon
ORD_03363,CUST_0816,REST_008,2026-01-07 19:42:32,234.27,2,Clear,Medium,Delivered,29.0,DEL_03363,DRV_0332,15.75,29.0,122.1,15.66,Desserts,4.5,19,2,0,Evening
ORD_03364,CUST_0276,REST_009,2026-04-23 22:08:32,396.33,1,Clear,Medium,Delivered,26.0,DEL_03364,DRV_0163,0.94,26.0,40.4,60.64,Biryani,4.6,22,3,0,Night
ORD_03365,CUST_0514,REST_015,2026-06-27 12:39:47,204.57,5,Clear,Medium,Delivered,29.0,DEL_03365,DRV_0150,3.65,29.0,76.8,28.88,Healthy,4.6,12,5,1,Afternoon
ORD_03366,CUST_0088,REST_100,2026-04-08 09:47:12,170.35,1,Rain,High,Delivered,31.0,DEL_03366,DRV_0469,2.96,31.0,75.4,17.11,Pizza,3.9,9,2,0,Morning
ORD_03367,CUST_0799,REST_007,2026-03-23 07:54:15,201.67,3,Rain,Low,Delivered,25.0,DEL_03367,DRV_0048,4.43,25.0,57.2,47.25,Healthy,3.9,7,0,0,Morning
ORD_03368,CUST_0923,REST_096,2026-02-14 00:42:10,187.68,4,Cloudy,Medium,Delivered,34.0,DEL_03368,DRV_0114,6.9,34.0,70.8,35.4,Biryani,3.3,0,5,1,Night
ORD_03369,CUST_0642,REST_072,2026-03-26 13:05:37,359.74,2,Clear,Medium,Delivered,19.0,DEL_03369,DRV_0064,9.96,19.0,90.6,44.23,Chinese,3.8,13,3,0,Afternoon
ORD_03370,CUST_0505,REST_015,2026-02-12 04:17:01,215.07,5,Clear,Medium,Delivered,32.0,DEL_03370,DRV_0451,2.64,32.0,50.0,15.33,Healthy,4.6,4,3,0,Night
ORD_03371,CUST_0590,REST_037,2026-05-29 18:03:15,134.37,1,Cloudy,Low,Delivered,24.0,DEL_03371,DRV_0150,5.28,24.0,50.5,26.89,Chinese,3.8,18,4,0,Evening
ORD_03372,CUST_0772,REST_083,2026-04-11 06:06:18,322.57,4,Clear,Medium,Delivered,20.0,DEL_03372,DRV_0073,4.83,20.0,43.9,26.1,Pizza,4.8,6,5,1,Morning
ORD_03373,CUST_0241,REST_039,2026-03-31 04:56:50,356.65,4,Rain,Low,Delivered,24.0,DEL_03373,DRV_0047,7.48,24.0,71.6,56.61,Desserts,4.2,4,1,0,Night
ORD_03375,CUST_0740,REST_083,2026-05-30 15:18:28,421.17,4,Clear,Medium,Delivered,20.0,DEL_03375,DRV_0362,2.53,20.0,44.2,60.07,Pizza,4.8,15,5,1,Afternoon
ORD_03376,CUST_0675,REST_057,2026-01-13 00:54:22,221.54,2,Cloudy,Medium,Delivered,18.0,DEL_03376,DRV_0181,2.79,18.0,50.3,20.73,Desserts,4.7,0,1,0,Night
ORD_03377,CUST_0236,REST_092,2026-06-27 22:25:32,211.83,3,Clear,High,Delivered,18.0,DEL_03377,DRV_0374,6.34,18.0,71.0,33.41,Indian,4.1,22,5,1,Night
ORD_03378,CUST_0128,REST_081,2026-02-25 10:20:39,315.34,2,Cloudy,Medium,Delivered,22.0,DEL_03378,DRV_0259,1.19,22.0,41.5,27.23,Desserts,4.1,10,2,0,Morning
ORD_03379,CUST_0503,REST_019,2026-02-13 06:30:33,132.71,6,Clear,Medium,Delivered,24.0,DEL_03379,DRV_0095,2.87,24.0,44.8,25.93,Indian,4.4,6,4,0,Morning
ORD_03380,CUST_0200,REST_063,2026-04-09 22:51:35,306.37,1,Clear,Medium,Delivered,20.0,DEL_03380,DRV_0101,3.95,20.0,41.2,22.12,Biryani,4.7,22,3,0,Night
ORD_03381,CUST_0962,REST_031,2026-02-26 14:51:34,147.34,6,Cloudy,Medium,Delivered,33.0,DEL_03381,DRV_0390,5.18,33.0,77.2,29.48,North Indian,4.0,14,3,0,Afternoon
ORD_03382,CUST_0902,REST_075,2026-06-07 16:03:51,100.0,4,Cloudy,Low,Delivered,12.0,DEL_03382,DRV_0398,5.04,12.0,36.2,23.61,Fast Food,3.5,16,6,1,Afternoon
ORD_03383,CUST_0543,REST_079,2026-03-29 04:54:36,104.71,4,Cloudy,Low,Delivered,28.0,DEL_03383,DRV_0083,2.01,28.0,44.3,9.34,Healthy,4.4,4,6,1,Night
ORD_03384,CUST_0502,REST_010,2026-01-22 00:57:00,247.61,4,Clear,Low,Delivered,33.0,DEL_03384,DRV_0442,1.51,33.0,41.6,23.66,Healthy,4.9,0,3,0,Night
ORD_03385,CUST_0650,REST_087,2026-04-04 03:56:52,107.77,2,Cloudy,Medium,Delivered,17.0,DEL_03385,DRV_0082,5.5,17.0,54.6,11.86,Healthy,4.0,3,5,1,Night
ORD_03386,CUST_0492,REST_067,2026-05-07 21:07:05,439.46,5,Rain,High,Delivered,11.0,DEL_03386,DRV_0121,2.67,11.0,70.7,44.29,North Indian,3.1,21,3,0,Evening
ORD_03387,CUST_0021,REST_062,2026-06-09 11:47:05,348.66,2,Heavy Rain,High,Delivered,19.0,DEL_03387,DRV_0391,3.9,19.0,68.9,27.76,Fast Food,3.5,11,1,0,Morning
ORD_03388,CUST_0234,REST_003,2026-03-19 11:04:26,377.43,1,Rain,High,Delivered,11.0,DEL_03388,DRV_0484,2.21,11.0,44.4,20.54,South Indian,4.4,11,3,0,Morning
ORD_03389,CUST_0714,REST_018,2026-02-12 12:25:47,194.15,2,Rain,High,Delivered,32.0,DEL_03389,DRV_0413,2.18,32.0,79.2,34.75,Pizza,3.6,12,3,0,Afternoon
ORD_03390,CUST_0791,REST_025,2026-03-10 08:59:43,208.89,4,Cloudy,Medium,Delivered,33.0,DEL_03390,DRV_0003,5.93,33.0,67.4,38.89,South Indian,4.0,8,1,0,Morning
ORD_03392,CUST_0416,REST_058,2026-04-16 19:43:08,313.46,1,Clear,Medium,Delivered,19.0,DEL_03392,DRV_0164,3.51,19.0,52.7,26.66,Fast Food,4.7,19,3,0,Evening
ORD_03393,CUST_0148,REST_093,2026-03-01 05:40:37,223.39,6,Clear,High,Delivered,20.0,DEL_03393,DRV_0105,4.13,20.0,62.6,48.14,Indian,3.8,5,6,1,Night
ORD_03394,CUST_0970,REST_086,2026-05-18 14:59:51,247.65,3,Rain,Medium,Delivered,33.0,DEL_03394,DRV_0345,2.97,33.0,69.4,18.58,Chinese,3.8,14,0,0,Afternoon
ORD_03395,CUST_0029,REST_050,2026-02-02 22:13:34,458.78,1,Rain,Medium,Delivered,20.0,DEL_03395,DRV_0348,4.3,20.0,54.3,68.15,Desserts,4.0,22,0,0,Night
ORD_03396,CUST_0361,REST_079,2026-04-21 04:15:08,129.89,1,Cloudy,Low,Delivered,34.0,DEL_03396,DRV_0166,3.43,34.0,57.0,30.7,Healthy,4.4,4,1,0,Night
ORD_03397,CUST_0308,REST_010,2026-05-07 22:34:40,169.12,4,Clear,Medium,Delivered,24.0,DEL_03397,DRV_0075,10.08,24.0,77.3,33.54,Healthy,4.9,22,3,0,Night
ORD_03398,CUST_0883,REST_021,2026-04-16 04:39:17,216.95,6,Clear,Medium,Delivered,24.0,DEL_03398,DRV_0060,2.85,24.0,42.7,29.88,Fast Food,3.7,4,3,0,Night
ORD_03399,CUST_0942,REST_029,2026-06-14 08:24:05,108.37,2,Clear,Medium,Delivered,34.0,DEL_03399,DRV_0233,2.35,34.0,49.8,21.59,Pizza,3.9,8,6,1,Morning
ORD_03400,CUST_0162,REST_096,2026-01-09 18:29:18,163.5,6,Clear,High,Delivered,26.0,DEL_03400,DRV_0382,8.08,26.0,79.3,29.4,Biryani,3.3,18,4,0,Evening
ORD_03401,CUST_0869,REST_010,2026-05-02 05:45:16,237.73,4,Clear,Low,Delivered,31.0,DEL_03401,DRV_0073,3.57,31.0,43.4,49.82,Healthy,4.9,5,5,1,Night
ORD_03402,CUST_0852,REST_013,2026-01-11 17:30:28,151.57,4,Rain,High,Delivered,13.0,DEL_03402,DRV_0278,8.49,13.0,78.9,26.63,Cafe,3.2,17,6,1,Evening
ORD_03403,CUST_0061,REST_047,2026-04-03 10:23:47,372.39,4,Clear,Low,Delivered,28.0,DEL_03403,DRV_0149,6.02,28.0,55.2,53.18,Desserts,4.4,10,4,0,Morning
ORD_03404,CUST_0125,REST_023,2026-01-22 04:01:04,100.0,3,Cloudy,High,Delivered,37.0,DEL_03404,DRV_0123,2.14,37.0,64.6,21.94,South Indian,4.6,4,3,0,Night
ORD_03405,CUST_0456,REST_050,2026-02-19 13:32:58,336.14,6,Clear,Medium,Delivered,23.0,DEL_03405,DRV_0467,4.39,23.0,67.2,25.49,Desserts,4.0,13,3,0,Afternoon
ORD_03406,CUST_0071,REST_087,2026-04-21 11:32:09,260.77,6,Heavy Rain,Medium,Delivered,18.0,DEL_03406,DRV_0289,1.71,18.0,49.1,36.02,Healthy,4.0,11,1,0,Morning
ORD_03407,CUST_0838,REST_095,2026-04-22 17:56:58,132.57,1,Rain,Low,Delivered,25.0,DEL_03407,DRV_0004,9.62,25.0,82.7,30.99,Pizza,3.7,17,2,0,Evening
ORD_03408,CUST_0907,REST_004,2026-01-18 10:01:35,109.02,5,Clear,Medium,Delivered,19.0,DEL_03408,DRV_0481,2.33,19.0,41.4,18.63,Healthy,3.7,10,6,1,Morning
ORD_03409,CUST_0876,REST_067,2026-06-30 14:54:31,100.0,2,Heavy Rain,High,Delivered,13.0,DEL_03409,DRV_0237,0.5,13.0,62.1,18.25,North Indian,3.1,14,1,0,Afternoon
ORD_03410,CUST_0466,REST_085,2026-04-01 04:23:49,117.06,4,Cloudy,Low,Delivered,19.0,DEL_03410,DRV_0208,1.94,19.0,38.7,29.63,South Indian,3.4,4,2,0,Night
ORD_03411,CUST_0243,REST_053,2026-05-20 00:31:30,322.45,6,Clear,Low,Delivered,23.0,DEL_03411,DRV_0172,10.88,23.0,72.1,15.47,Desserts,5.0,0,2,0,Night
ORD_03412,CUST_0490,REST_002,2026-03-03 07:24:43,175.77,6,Cloudy,Medium,Delivered,42.0,DEL_03412,DRV_0385,5.34,42.0,79.8,35.86,North Indian,4.2,7,1,0,Morning
ORD_03413,CUST_0761,REST_068,2026-05-16 04:34:58,343.66,1,Clear,Low,Delivered,25.0,DEL_03413,DRV_0446,4.38,25.0,37.5,40.23,Indian,4.5,4,5,1,Night
ORD_03414,CUST_0221,REST_065,2026-03-08 22:24:43,128.9,2,Cloudy,Low,Delivered,15.0,DEL_03414,DRV_0207,1.06,15.0,31.8,19.37,South Indian,4.7,22,6,1,Night
ORD_03415,CUST_0473,REST_079,2026-06-17 08:29:57,267.44,5,Rain,Medium,Delivered,28.0,DEL_03415,DRV_0150,11.38,28.0,91.3,30.45,Healthy,4.4,8,2,0,Morning
ORD_03416,CUST_0959,REST_057,2026-04-22 09:40:43,122.17,5,Rain,Low,Delivered,23.0,DEL_03416,DRV_0224,8.85,23.0,72.0,20.88,Desserts,4.7,9,2,0,Morning
ORD_03417,CUST_0533,REST_097,2026-02-18 04:22:54,106.58,4,Clear,Medium,Delivered,17.0,DEL_03417,DRV_0059,1.93,17.0,38.9,22.62,Cafe,4.7,4,2,0,Night
ORD_03418,CUST_0494,REST_070,2026-04-07 04:32:54,170.9,5,Clear,High,Delivered,19.0,DEL_03418,DRV_0293,0.99,19.0,53.9,34.42,Desserts,4.2,4,1,0,Night
ORD_03419,CUST_0899,REST_007,2026-02-11 23:13:11,125.75,5,Clear,Medium,Delivered,25.0,DEL_03419,DRV_0151,6.69,25.0,55.5,21.47,Healthy,3.9,23,2,0,Night
ORD_03420,CUST_0082,REST_019,2026-06-24 07:02:28,100.0,2,Clear,Low,Delivered,22.0,DEL_03420,DRV_0161,7.64,22.0,66.2,14.58,Indian,4.4,7,2,0,Morning
ORD_03421,CUST_0856,REST_044,2026-01-26 16:29:29,163.98,2,Clear,Medium,Delivered,17.0,DEL_03421,DRV_0113,5.5,17.0,57.1,19.06,Biryani,4.1,16,0,0,Afternoon
ORD_03422,CUST_0879,REST_063,2026-02-20 05:40:05,192.2,4,Clear,Medium,Delivered,10.0,DEL_03422,DRV_0232,8.77,10.0,61.8,37.45,Biryani,4.7,5,4,0,Night
ORD_03423,CUST_0998,REST_065,2026-06-04 08:03:59,364.16,6,Cloudy,Medium,Delivered,21.0,DEL_03423,DRV_0406,4.95,21.0,50.4,38.38,South Indian,4.7,8,3,0,Morning
ORD_03424,CUST_0522,REST_039,2026-04-09 02:54:35,303.46,1,Rain,Medium,Delivered,22.0,DEL_03424,DRV_0448,2.67,22.0,45.9,14.91,Desserts,4.2,2,3,0,Night
ORD_03426,CUST_0012,REST_026,2026-03-27 18:21:25,269.4,3,Clear,Medium,Delivered,36.0,DEL_03426,DRV_0383,2.59,36.0,60.3,18.42,Fast Food,3.0,18,4,0,Evening
ORD_03427,CUST_0263,REST_044,2026-06-20 12:05:28,217.66,5,Clear,Low,Delivered,17.0,DEL_03427,DRV_0446,4.17,17.0,50.2,43.45,Biryani,4.1,12,5,1,Afternoon
ORD_03428,CUST_0657,REST_012,2026-03-16 14:08:09,100.0,1,Clear,Medium,Delivered,21.0,DEL_03428,DRV_0374,5.41,21.0,69.3,21.57,South Indian,4.6,14,0,0,Afternoon
ORD_03429,CUST_0449,REST_022,2026-04-19 00:29:07,196.85,6,Clear,Medium,Delivered,24.0,DEL_03429,DRV_0438,3.94,24.0,45.6,27.31,Biryani,4.5,0,6,1,Night
ORD_03430,CUST_0192,REST_077,2026-06-06 13:49:01,251.7,6,Clear,High,Delivered,20.0,DEL_03430,DRV_0186,9.87,20.0,93.7,26.29,Fast Food,4.1,13,5,1,Afternoon
ORD_03431,CUST_0762,REST_092,2026-05-11 18:12:29,404.07,2,Cloudy,High,Delivered,23.0,DEL_03431,DRV_0239,8.31,23.0,88.1,24.31,Indian,4.1,18,0,0,Evening
ORD_03432,CUST_0114,REST_014,2026-05-14 05:54:33,264.4,3,Rain,Medium,Delivered,24.0,DEL_03432,DRV_0247,2.7,24.0,63.3,55.62,Fast Food,5.0,5,3,0,Night
ORD_03433,CUST_0026,REST_086,2026-05-28 04:00:28,358.6,6,Clear,Medium,Delivered,41.0,DEL_03433,DRV_0140,9.83,41.0,83.9,48.46,Chinese,3.8,4,3,0,Night
ORD_03434,CUST_0783,REST_030,2026-01-01 18:52:32,102.76,3,Cloudy,Medium,Delivered,18.0,DEL_03434,DRV_0112,1.01,18.0,37.7,15.27,South Indian,4.1,18,3,0,Evening
ORD_03435,CUST_0499,REST_044,2026-06-04 19:30:34,151.48,5,Clear,Medium,Delivered,22.0,DEL_03435,DRV_0402,0.96,22.0,47.7,16.96,Biryani,4.1,19,3,0,Evening
ORD_03436,CUST_0508,REST_084,2026-03-20 18:25:28,229.56,2,Rain,Low,Delivered,24.0,DEL_03436,DRV_0480,17.93,24.0,105.8,33.16,North Indian,3.3,18,4,0,Evening
ORD_03437,CUST_0545,REST_091,2026-03-08 15:59:11,343.27,1,Clear,Medium,Delivered,13.0,DEL_03437,DRV_0195,8.3,13.0,66.1,27.27,Cafe,4.6,15,6,1,Afternoon
ORD_03438,CUST_0062,REST_038,2026-02-13 08:53:55,167.36,2,Clear,Medium,Delivered,35.0,DEL_03438,DRV_0444,1.82,35.0,67.6,28.25,Indian,3.7,8,4,0,Morning
ORD_03439,CUST_0229,REST_059,2026-04-18 15:42:25,173.24,5,Clear,Medium,Delivered,33.0,DEL_03439,DRV_0125,3.54,33.0,53.0,13.23,Pizza,4.0,15,5,1,Afternoon
ORD_03440,CUST_0815,REST_042,2026-05-23 16:03:27,264.52,6,Clear,Medium,Delivered,37.0,DEL_03440,DRV_0356,3.55,37.0,63.9,46.18,Healthy,5.0,16,5,1,Afternoon
ORD_03442,CUST_0035,REST_063,2026-03-10 01:25:22,438.81,5,Heavy Rain,Medium,Delivered,20.0,DEL_03442,DRV_0494,6.33,20.0,75.9,29.17,Biryani,4.7,1,1,0,Night
ORD_03443,CUST_0705,REST_061,2026-05-29 13:51:18,111.77,6,Rain,Medium,Delivered,38.0,DEL_03443,DRV_0001,9.45,38.0,110.9,6.77,Healthy,4.4,13,4,0,Afternoon
ORD_03444,CUST_0456,REST_034,2026-01-27 07:26:02,100.0,4,Clear,Medium,Delivered,16.0,DEL_03444,DRV_0121,2.52,16.0,42.7,8.97,Desserts,4.0,7,1,0,Morning
ORD_03445,CUST_0588,REST_039,2026-03-23 20:07:11,182.28,3,Cloudy,Medium,Delivered,20.0,DEL_03445,DRV_0089,7.79,20.0,67.5,22.28,Desserts,4.2,20,0,0,Evening
ORD_03446,CUST_0891,REST_041,2026-06-23 14:14:17,461.35,5,Cloudy,Low,Delivered,37.0,DEL_03446,DRV_0020,2.31,37.0,54.7,34.81,North Indian,4.9,14,1,0,Afternoon
ORD_03447,CUST_0502,REST_037,2026-04-19 05:27:27,250.27,1,Rain,Low,Delivered,16.0,DEL_03447,DRV_0273,5.46,16.0,47.3,12.53,Chinese,3.8,5,6,1,Night
ORD_03448,CUST_0761,REST_065,2026-06-15 00:51:29,273.99,1,Cloudy,Low,Delivered,18.0,DEL_03448,DRV_0177,5.48,18.0,45.6,28.25,South Indian,4.7,0,0,0,Night
ORD_03449,CUST_0595,REST_079,2026-03-30 13:48:30,185.45,6,Cloudy,Low,Delivered,32.0,DEL_03449,DRV_0406,3.93,32.0,63.6,20.93,Healthy,4.4,13,0,0,Afternoon
ORD_03450,CUST_0025,REST_032,2026-02-18 12:03:55,166.7,6,Cloudy,Medium,Delivered,17.0,DEL_03450,DRV_0114,2.3,17.0,52.7,19.17,Healthy,3.9,12,2,0,Afternoon
ORD_03451,CUST_0569,REST_008,2026-01-03 09:05:32,100.0,1,Cloudy,Medium,Delivered,28.0,DEL_03451,DRV_0417,5.86,28.0,57.7,14.72,Desserts,4.5,9,5,1,Morning
ORD_03452,CUST_0032,REST_097,2026-02-26 01:36:58,100.0,4,Clear,Low,Delivered,16.0,DEL_03452,DRV_0282,7.67,16.0,45.4,15.04,Cafe,4.7,1,3,0,Night
ORD_03453,CUST_0831,REST_018,2026-03-14 05:50:41,201.94,2,Clear,High,Delivered,36.0,DEL_03453,DRV_0027,14.69,36.0,105.0,36.81,Pizza,3.6,5,5,1,Night
ORD_03454,CUST_0012,REST_045,2026-03-12 01:32:52,373.12,1,Cloudy,Medium,Delivered,34.0,DEL_03454,DRV_0188,4.07,34.0,56.7,31.31,Pizza,4.2,1,3,0,Night
ORD_03455,CUST_0319,REST_093,2026-03-23 02:13:43,219.04,6,Rain,Medium,Delivered,23.0,DEL_03455,DRV_0418,3.63,23.0,63.9,16.42,Indian,3.8,2,0,0,Night
ORD_03456,CUST_0845,REST_096,2026-04-20 22:37:16,255.44,6,Clear,Low,Delivered,29.0,DEL_03456,DRV_0087,9.56,29.0,70.1,31.68,Biryani,3.3,22,0,0,Night
ORD_03458,CUST_0001,REST_005,2026-01-06 12:39:23,217.2,1,Clear,Medium,Delivered,41.0,DEL_03458,DRV_0462,1.31,41.0,56.5,13.05,Chinese,4.4,12,1,0,Afternoon
ORD_03459,CUST_0435,REST_082,2026-03-27 18:41:29,169.45,4,Clear,High,Delivered,30.0,DEL_03459,DRV_0180,7.86,30.0,78.4,15.01,Healthy,3.7,18,4,0,Evening
ORD_03460,CUST_0838,REST_074,2026-04-10 02:01:11,115.56,1,Clear,Low,Delivered,12.0,DEL_03460,DRV_0055,7.24,12.0,51.6,6.22,Indian,4.2,2,4,0,Night
ORD_03461,CUST_0136,REST_036,2026-05-17 14:10:10,551.27,2,Rain,Medium,Delivered,15.0,DEL_03461,DRV_0247,3.81,15.0,65.6,90.83,Indian,3.0,14,6,1,Afternoon
ORD_03462,CUST_0196,REST_097,2026-02-04 23:34:48,242.16,5,Clear,High,Delivered,17.0,DEL_03462,DRV_0500,4.96,17.0,60.2,38.65,Cafe,4.7,23,2,0,Night
ORD_03463,CUST_0133,REST_023,2026-02-24 11:39:43,107.88,1,Clear,Medium,Delivered,36.0,DEL_03463,DRV_0317,1.4,36.0,51.1,12.58,South Indian,4.6,11,1,0,Morning
ORD_03464,CUST_0985,REST_040,2026-01-09 03:48:34,100.0,5,Clear,Medium,Delivered,23.0,DEL_03464,DRV_0434,7.68,23.0,58.3,4.52,Desserts,4.1,3,4,0,Night
ORD_03465,CUST_0086,REST_005,2026-02-02 21:09:59,361.11,1,Cloudy,Medium,Delivered,39.0,DEL_03465,DRV_0233,6.74,39.0,85.3,63.13,Chinese,4.4,21,0,0,Evening
ORD_03466,CUST_0476,REST_034,2026-02-22 04:54:25,102.45,2,Rain,High,Delivered,19.0,DEL_03466,DRV_0447,10.01,19.0,94.0,13.0,Desserts,4.0,4,6,1,Night
ORD_03467,CUST_0807,REST_024,2026-01-18 08:24:50,502.51,6,Clear,Medium,Delivered,33.0,DEL_03467,DRV_0448,2.52,33.0,51.1,67.44,Cafe,4.3,8,6,1,Morning
ORD_03468,CUST_0791,REST_017,2026-05-23 09:54:08,100.0,5,Rain,High,Delivered,12.0,DEL_03468,DRV_0270,2.84,12.0,65.1,23.48,Pizza,4.5,9,5,1,Morning
ORD_03469,CUST_0324,REST_095,2026-02-23 16:35:09,396.4,4,Rain,Medium,Delivered,31.0,DEL_03469,DRV_0382,3.97,31.0,72.7,34.93,Pizza,3.7,16,0,0,Afternoon
ORD_03470,CUST_0180,REST_071,2026-01-09 10:24:26,236.94,1,Clear,High,Delivered,27.0,DEL_03470,DRV_0109,1.15,27.0,51.9,45.99,Healthy,4.9,10,4,0,Morning
ORD_03471,CUST_0516,REST_081,2026-05-04 04:12:37,193.49,6,Rain,High,Delivered,29.0,DEL_03471,DRV_0474,3.31,29.0,71.1,36.22,Desserts,4.1,4,0,0,Night
ORD_03472,CUST_0638,REST_092,2026-05-20 00:00:44,164.6,1,Clear,Medium,Delivered,25.0,DEL_03472,DRV_0238,9.37,25.0,86.6,22.73,Indian,4.1,0,2,0,Night
ORD_03473,CUST_0175,REST_022,2026-04-15 02:12:06,512.81,4,Clear,Medium,Delivered,19.0,DEL_03473,DRV_0378,5.75,19.0,60.4,66.99,Biryani,4.5,2,2,0,Night
ORD_03474,CUST_0763,REST_015,2026-04-19 13:26:23,267.44,2,Cloudy,Medium,Delivered,31.0,DEL_03474,DRV_0307,1.2,31.0,61.0,30.69,Healthy,4.6,13,6,1,Afternoon
ORD_03475,CUST_0021,REST_015,2026-03-11 01:20:51,110.3,3,Cloudy,High,Delivered,29.0,DEL_03475,DRV_0369,2.62,29.0,65.6,21.85,Healthy,4.6,1,2,0,Night
ORD_03476,CUST_0997,REST_025,2026-06-02 01:34:40,100.0,1,Clear,High,Delivered,28.0,DEL_03476,DRV_0155,2.48,28.0,61.1,22.34,South Indian,4.0,1,1,0,Night
ORD_03477,CUST_0952,REST_053,2026-02-13 21:55:46,199.84,4,Clear,Low,Delivered,19.0,DEL_03477,DRV_0168,11.35,19.0,80.5,19.25,Desserts,5.0,21,4,0,Evening
ORD_03478,CUST_0105,REST_021,2026-03-04 07:53:12,181.17,3,Rain,Medium,Delivered,18.0,DEL_03478,DRV_0068,6.29,18.0,60.2,20.22,Fast Food,3.7,7,2,0,Morning
ORD_03479,CUST_0578,REST_066,2026-01-24 12:12:52,100.0,1,Cloudy,High,Delivered,27.0,DEL_03479,DRV_0265,9.38,27.0,98.1,13.84,North Indian,3.5,12,5,1,Afternoon
ORD_03480,CUST_0443,REST_091,2026-01-30 15:05:09,175.83,5,Clear,Medium,Delivered,17.0,DEL_03480,DRV_0440,0.89,17.0,28.0,34.16,Cafe,4.6,15,4,0,Afternoon
ORD_03481,CUST_0775,REST_032,2026-05-11 12:58:56,132.2,6,Clear,Medium,Delivered,19.0,DEL_03481,DRV_0475,4.14,19.0,63.4,12.92,Healthy,3.9,12,0,0,Afternoon
ORD_03482,CUST_0049,REST_021,2026-04-16 08:19:09,182.2,6,Clear,Low,Delivered,18.0,DEL_03482,DRV_0235,2.46,18.0,33.6,28.22,Fast Food,3.7,8,3,0,Morning
ORD_03483,CUST_0528,REST_068,2026-01-11 19:40:36,270.23,4,Clear,Medium,Delivered,24.0,DEL_03483,DRV_0039,2.81,24.0,62.3,36.4,Indian,4.5,19,6,1,Evening
ORD_03484,CUST_0145,REST_044,2026-06-21 17:39:32,411.96,5,Cloudy,High,Delivered,24.0,DEL_03484,DRV_0143,3.46,24.0,57.7,22.45,Biryani,4.1,17,6,1,Evening
ORD_03485,CUST_0340,REST_083,2026-01-28 11:21:24,298.83,2,Cloudy,High,Delivered,21.0,DEL_03485,DRV_0345,3.72,21.0,69.8,51.98,Pizza,4.8,11,2,0,Morning
ORD_03486,CUST_0762,REST_066,2026-03-17 15:29:51,121.9,3,Clear,Low,Delivered,26.0,DEL_03486,DRV_0018,3.32,26.0,50.6,26.54,North Indian,3.5,15,1,0,Afternoon
ORD_03487,CUST_0855,REST_090,2026-04-14 04:16:30,222.05,4,Rain,Medium,Delivered,32.0,DEL_03487,DRV_0052,1.47,32.0,49.6,34.35,North Indian,4.2,4,1,0,Night
ORD_03488,CUST_0354,REST_098,2026-03-04 03:50:07,187.67,1,Clear,High,Delivered,25.0,DEL_03488,DRV_0445,11.51,25.0,91.5,34.22,Biryani,4.7,3,2,0,Night
ORD_03489,CUST_0075,REST_014,2026-04-19 17:06:29,100.0,6,Cloudy,High,Delivered,32.0,DEL_03489,DRV_0222,4.65,32.0,73.2,22.5,Fast Food,5.0,17,6,1,Evening
ORD_03490,CUST_0802,REST_015,2026-02-16 12:46:02,225.66,1,Clear,Medium,Delivered,27.0,DEL_03490,DRV_0293,13.74,27.0,97.4,20.1,Healthy,4.6,12,0,0,Afternoon
ORD_03491,CUST_0929,REST_020,2026-06-27 06:50:09,503.29,3,Clear,Low,Delivered,21.0,DEL_03491,DRV_0080,8.98,21.0,61.4,42.39,Desserts,3.4,6,5,1,Morning
ORD_03492,CUST_0794,REST_034,2026-01-19 04:47:44,184.53,5,Clear,Medium,Delivered,21.0,DEL_03492,DRV_0181,2.88,21.0,49.1,12.0,Desserts,4.0,4,0,0,Night
ORD_03493,CUST_0578,REST_036,2026-05-08 21:06:57,100.0,5,Cloudy,High,Delivered,19.0,DEL_03493,DRV_0140,8.95,19.0,89.7,25.7,Indian,3.0,21,4,0,Evening
ORD_03494,CUST_0637,REST_083,2026-02-23 13:15:40,184.32,4,Clear,Medium,Delivered,15.0,DEL_03494,DRV_0209,1.66,15.0,38.1,23.01,Pizza,4.8,13,0,0,Afternoon
ORD_03495,CUST_0319,REST_009,2026-06-12 02:48:41,100.0,4,Clear,High,Delivered,23.0,DEL_03495,DRV_0409,2.9,23.0,61.9,10.78,Biryani,4.6,2,4,0,Night
ORD_03496,CUST_0087,REST_071,2026-03-28 03:28:37,291.48,5,Clear,Medium,Delivered,29.0,DEL_03496,DRV_0335,3.57,29.0,51.5,28.26,Healthy,4.9,3,5,1,Night
ORD_03497,CUST_0553,REST_030,2026-03-09 04:30:23,241.94,4,Clear,High,Delivered,24.0,DEL_03497,DRV_0281,4.36,24.0,61.2,20.1,South Indian,4.1,4,0,0,Night
ORD_03498,CUST_0982,REST_077,2026-01-31 21:24:46,165.01,5,Clear,High,Delivered,16.0,DEL_03498,DRV_0405,3.02,16.0,71.3,21.47,Fast Food,4.1,21,5,1,Evening
ORD_03499,CUST_0698,REST_091,2026-02-11 10:29:56,151.09,3,Cloudy,Medium,Delivered,13.0,DEL_03499,DRV_0122,3.98,13.0,49.3,19.76,Cafe,4.6,10,2,0,Morning
ORD_03501,CUST_0892,REST_035,2026-06-21 05:26:51,182.1,5,Cloudy,High,Delivered,29.0,DEL_03501,DRV_0344,4.12,29.0,64.7,21.59,North Indian,4.8,5,6,1,Night
ORD_03503,CUST_0778,REST_079,2026-03-21 20:15:01,100.0,1,Cloudy,Medium,Delivered,34.0,DEL_03503,DRV_0460,8.19,34.0,95.4,19.79,Healthy,4.4,20,5,1,Evening
ORD_03504,CUST_0783,REST_046,2026-01-30 21:05:17,339.1,6,Rain,Medium,Delivered,16.0,DEL_03504,DRV_0177,8.84,16.0,81.6,21.97,North Indian,3.7,21,4,0,Evening
ORD_03505,CUST_0042,REST_056,2026-05-11 01:40:09,146.65,1,Rain,Medium,Delivered,33.0,DEL_03505,DRV_0039,5.95,33.0,69.9,28.86,Desserts,4.2,1,0,0,Night
ORD_03506,CUST_0093,REST_009,2026-04-04 17:52:22,198.72,2,Rain,Low,Delivered,26.0,DEL_03506,DRV_0075,2.27,26.0,49.8,28.14,Biryani,4.6,17,5,1,Evening
ORD_03507,CUST_0697,REST_087,2026-06-29 02:35:59,212.07,5,Clear,Medium,Delivered,12.0,DEL_03507,DRV_0353,1.68,12.0,37.3,29.26,Healthy,4.0,2,0,0,Night
ORD_03508,CUST_0727,REST_036,2026-06-21 13:54:32,216.4,2,Rain,Medium,Delivered,12.0,DEL_03508,DRV_0049,4.3,12.0,60.9,35.17,Indian,3.0,13,6,1,Afternoon
ORD_03509,CUST_0507,REST_003,2026-02-26 03:47:13,100.0,5,Rain,Low,Delivered,11.0,DEL_03509,DRV_0217,2.66,11.0,31.9,12.38,South Indian,4.4,3,3,0,Night
ORD_03510,CUST_0529,REST_098,2026-02-28 22:43:52,100.0,6,Clear,High,Delivered,23.0,DEL_03510,DRV_0246,5.33,23.0,67.8,14.26,Biryani,4.7,22,5,1,Night
ORD_03511,CUST_0956,REST_019,2026-05-30 15:42:30,131.13,4,Clear,Medium,Delivered,17.0,DEL_03511,DRV_0231,1.99,17.0,41.9,18.56,Indian,4.4,15,5,1,Afternoon
ORD_03512,CUST_0265,REST_028,2026-04-06 01:46:09,225.35,5,Heavy Rain,Medium,Delivered,21.0,DEL_03512,DRV_0418,8.96,21.0,83.2,13.3,Indian,4.4,1,0,0,Night
ORD_03513,CUST_0626,REST_023,2026-02-18 12:48:39,121.47,1,Cloudy,Medium,Delivered,37.0,DEL_03513,DRV_0255,11.84,37.0,109.3,14.31,South Indian,4.6,12,2,0,Afternoon
ORD_03514,CUST_0292,REST_007,2026-06-13 10:33:14,149.13,4,Clear,Low,Delivered,22.0,DEL_03514,DRV_0203,4.43,22.0,47.1,28.66,Healthy,3.9,10,5,1,Morning
ORD_03515,CUST_0969,REST_076,2026-05-05 16:35:11,584.07,6,Rain,High,Delivered,18.0,DEL_03515,DRV_0144,3.57,18.0,70.4,35.73,Chinese,3.7,16,1,0,Afternoon
ORD_03516,CUST_0464,REST_014,2026-03-24 15:27:20,100.0,1,Clear,Medium,Delivered,29.0,DEL_03516,DRV_0352,12.65,29.0,89.7,20.06,Fast Food,5.0,15,1,0,Afternoon
ORD_03517,CUST_0804,REST_046,2026-02-08 08:12:19,119.67,4,Clear,Medium,Delivered,21.0,DEL_03517,DRV_0399,6.79,21.0,56.3,16.58,North Indian,3.7,8,6,1,Morning
ORD_03518,CUST_0560,REST_015,2026-06-27 01:04:15,514.47,5,Cloudy,Medium,Delivered,27.0,DEL_03518,DRV_0296,11.08,27.0,86.6,62.64,Healthy,4.6,1,5,1,Night
ORD_03519,CUST_0819,REST_067,2026-06-07 00:53:12,176.88,5,Cloudy,Medium,Delivered,12.0,DEL_03519,DRV_0463,4.3,12.0,56.2,33.93,North Indian,3.1,0,6,1,Night
ORD_03520,CUST_0097,REST_015,2026-04-23 05:25:37,122.94,1,Rain,Medium,Delivered,32.0,DEL_03520,DRV_0007,2.32,32.0,52.1,8.09,Healthy,4.6,5,3,0,Night
ORD_03521,CUST_0887,REST_051,2026-04-25 01:56:10,344.75,3,Clear,Low,Delivered,16.0,DEL_03521,DRV_0101,4.45,16.0,29.0,30.32,Healthy,3.6,1,5,1,Night
ORD_03522,CUST_0095,REST_088,2026-02-25 10:41:40,186.86,5,Rain,Low,Delivered,29.0,DEL_03522,DRV_0296,8.21,29.0,73.5,15.18,Cafe,3.8,10,2,0,Morning
ORD_03523,CUST_0326,REST_008,2026-03-16 06:12:42,149.67,3,Clear,Medium,Delivered,33.0,DEL_03523,DRV_0450,6.69,33.0,69.3,20.54,Desserts,4.5,6,0,0,Morning
ORD_03524,CUST_0074,REST_069,2026-06-23 04:49:37,201.5,4,Cloudy,High,Delivered,30.0,DEL_03524,DRV_0326,3.87,30.0,69.4,12.5,Chinese,3.7,4,1,0,Night
ORD_03525,CUST_0336,REST_062,2026-03-25 22:51:44,126.22,3,Clear,Medium,Delivered,16.0,DEL_03525,DRV_0228,1.75,16.0,36.6,12.3,Fast Food,3.5,22,2,0,Night
ORD_03526,CUST_0068,REST_051,2026-06-20 09:06:37,103.58,1,Clear,Low,Delivered,14.0,DEL_03526,DRV_0103,3.63,14.0,40.7,23.35,Healthy,3.6,9,5,1,Morning
ORD_03527,CUST_0758,REST_063,2026-01-23 05:57:24,170.29,2,Rain,Low,Delivered,16.0,DEL_03527,DRV_0486,1.78,16.0,37.7,31.65,Biryani,4.7,5,4,0,Night
ORD_03528,CUST_0918,REST_068,2026-02-03 02:14:41,103.95,2,Clear,Medium,Delivered,21.0,DEL_03528,DRV_0092,12.57,21.0,89.2,32.84,Indian,4.5,2,1,0,Night
ORD_03529,CUST_0077,REST_078,2026-06-27 12:00:13,182.34,1,Rain,Medium,Delivered,36.0,DEL_03529,DRV_0278,0.65,36.0,55.0,24.64,Biryani,3.9,12,5,1,Afternoon
ORD_03530,CUST_0208,REST_016,2026-06-17 13:39:24,220.29,2,Clear,Low,Delivered,33.0,DEL_03530,DRV_0357,2.52,33.0,53.8,35.98,Indian,3.7,13,2,0,Afternoon
ORD_03531,CUST_0884,REST_084,2026-04-07 05:51:02,289.8,1,Clear,Medium,Delivered,23.0,DEL_03531,DRV_0187,3.57,23.0,46.6,39.36,North Indian,3.3,5,1,0,Night
ORD_03532,CUST_0766,REST_024,2026-03-23 05:16:55,337.09,5,Clear,Low,Delivered,33.0,DEL_03532,DRV_0389,6.44,33.0,50.7,60.88,Cafe,4.3,5,0,0,Night
ORD_03533,CUST_0221,REST_006,2026-02-04 08:45:37,145.02,3,Cloudy,Medium,Delivered,18.0,DEL_03533,DRV_0146,5.18,18.0,56.6,14.52,Cafe,3.9,8,2,0,Morning
ORD_03534,CUST_0262,REST_057,2026-02-27 02:26:14,238.57,2,Clear,Medium,Delivered,23.0,DEL_03534,DRV_0267,0.99,23.0,39.9,33.85,Desserts,4.7,2,4,0,Night
ORD_03535,CUST_0410,REST_031,2026-04-24 06:49:23,237.67,5,Cloudy,High,Delivered,29.0,DEL_03535,DRV_0119,2.77,29.0,62.9,32.55,North Indian,4.0,6,4,0,Morning
ORD_03536,CUST_0331,REST_006,2026-01-13 16:53:04,217.09,2,Cloudy,Low,Delivered,24.0,DEL_03536,DRV_0264,3.26,24.0,44.6,33.56,Cafe,3.9,16,1,0,Afternoon
ORD_03537,CUST_0344,REST_099,2026-06-01 16:37:35,139.25,4,Clear,Medium,Delivered,26.0,DEL_03537,DRV_0276,3.28,26.0,52.4,19.87,Healthy,3.7,16,0,0,Afternoon
ORD_03538,CUST_0989,REST_079,2026-03-21 15:48:58,102.98,1,Clear,High,Delivered,33.0,DEL_03538,DRV_0203,4.98,33.0,79.4,19.39,Healthy,4.4,15,5,1,Afternoon
ORD_03539,CUST_0771,REST_029,2026-06-18 10:10:58,238.91,1,Clear,Medium,Delivered,29.0,DEL_03539,DRV_0059,9.73,29.0,83.3,38.29,Pizza,3.9,10,3,0,Morning
ORD_03540,CUST_0820,REST_067,2026-02-10 01:19:22,100.0,5,Rain,Medium,Delivered,18.0,DEL_03540,DRV_0347,1.38,18.0,47.6,17.38,North Indian,3.1,1,1,0,Night
ORD_03541,CUST_0074,REST_075,2026-04-12 11:00:11,156.44,4,Clear,Medium,Delivered,16.0,DEL_03541,DRV_0477,4.83,16.0,61.7,29.11,Fast Food,3.5,11,6,1,Morning
ORD_03542,CUST_0637,REST_003,2026-04-07 16:20:04,100.0,3,Clear,Low,Delivered,13.0,DEL_03542,DRV_0153,1.73,13.0,23.8,23.66,South Indian,4.4,16,1,0,Afternoon
ORD_03543,CUST_0700,REST_028,2026-01-18 07:19:26,100.0,4,Clear,Medium,Delivered,23.0,DEL_03543,DRV_0186,7.6,23.0,60.0,18.44,Indian,4.4,7,6,1,Morning
ORD_03544,CUST_0254,REST_074,2026-04-23 14:25:32,111.9,4,Cloudy,High,Delivered,12.0,DEL_03544,DRV_0115,5.79,12.0,79.6,19.59,Indian,4.2,14,3,0,Afternoon
ORD_03545,CUST_0959,REST_097,2026-01-29 01:28:39,331.36,6,Cloudy,Medium,Delivered,10.0,DEL_03545,DRV_0275,1.03,10.0,42.5,37.77,Cafe,4.7,1,3,0,Night
ORD_03546,CUST_0833,REST_048,2026-01-12 21:41:52,264.66,3,Rain,Medium,Delivered,31.0,DEL_03546,DRV_0381,7.26,31.0,86.7,48.0,Chinese,4.0,21,0,0,Evening
ORD_03547,CUST_0820,REST_080,2026-06-04 17:53:01,133.66,3,Rain,Medium,Delivered,31.0,DEL_03547,DRV_0386,4.73,31.0,76.6,38.27,South Indian,5.0,17,3,0,Evening
ORD_03548,CUST_0747,REST_010,2026-03-23 10:42:48,270.74,4,Clear,Medium,Delivered,30.0,DEL_03548,DRV_0362,1.14,30.0,43.9,39.77,Healthy,4.9,10,0,0,Morning
ORD_03549,CUST_0986,REST_033,2026-06-12 00:00:18,295.36,2,Clear,Medium,Delivered,33.0,DEL_03549,DRV_0487,3.99,33.0,63.3,47.29,Fast Food,4.1,0,4,0,Night
ORD_03550,CUST_0762,REST_100,2026-06-23 03:00:36,165.94,6,Cloudy,Low,Delivered,35.0,DEL_03550,DRV_0236,5.76,35.0,67.2,19.18,Pizza,3.9,3,1,0,Night
ORD_03551,CUST_0332,REST_067,2026-06-22 01:04:40,100.0,2,Rain,Medium,Delivered,13.0,DEL_03551,DRV_0442,19.35,13.0,110.6,27.6,North Indian,3.1,1,0,0,Night
ORD_03552,CUST_0398,REST_069,2026-04-13 16:52:36,161.68,4,Clear,Medium,Delivered,32.0,DEL_03552,DRV_0066,1.93,32.0,60.6,36.59,Chinese,3.7,16,0,0,Afternoon
ORD_03553,CUST_0345,REST_012,2026-06-27 03:45:28,171.77,2,Clear,High,Delivered,17.0,DEL_03553,DRV_0263,0.9,17.0,55.0,15.03,South Indian,4.6,3,5,1,Night
ORD_03554,CUST_0584,REST_057,2026-06-02 05:24:57,100.0,3,Rain,Medium,Delivered,19.0,DEL_03554,DRV_0051,2.77,19.0,47.2,23.07,Desserts,4.7,5,1,0,Night
ORD_03555,CUST_0747,REST_044,2026-05-09 17:48:39,221.82,3,Clear,Medium,Delivered,25.0,DEL_03555,DRV_0351,5.19,25.0,59.8,27.11,Biryani,4.1,17,5,1,Evening
ORD_03556,CUST_0836,REST_013,2026-03-21 06:12:26,211.43,2,Clear,Low,Delivered,14.0,DEL_03556,DRV_0417,5.21,14.0,46.6,25.82,Cafe,3.2,6,5,1,Morning
ORD_03557,CUST_0668,REST_024,2026-06-08 02:29:52,231.54,3,Rain,Low,Delivered,33.0,DEL_03557,DRV_0331,4.37,33.0,52.5,21.88,Cafe,4.3,2,0,0,Night
ORD_03558,CUST_0455,REST_044,2026-04-21 06:49:55,211.33,1,Rain,Medium,Delivered,19.0,DEL_03558,DRV_0232,4.26,19.0,58.4,18.89,Biryani,4.1,6,1,0,Morning
ORD_03559,CUST_0906,REST_057,2026-04-14 10:22:17,270.81,3,Clear,High,Delivered,26.0,DEL_03559,DRV_0360,3.82,26.0,55.8,49.3,Desserts,4.7,10,1,0,Morning
ORD_03560,CUST_0115,REST_096,2026-05-04 19:00:03,164.25,4,Clear,Medium,Delivered,31.0,DEL_03560,DRV_0494,3.6,31.0,70.5,30.07,Biryani,3.3,19,0,0,Evening
ORD_03561,CUST_0313,REST_016,2026-06-29 06:22:03,202.55,5,Clear,Medium,Delivered,25.0,DEL_03561,DRV_0013,10.11,25.0,78.9,23.99,Indian,3.7,6,0,0,Morning
ORD_03562,CUST_0228,REST_096,2026-02-06 00:45:19,145.66,2,Rain,High,Delivered,29.0,DEL_03562,DRV_0394,2.16,29.0,66.0,31.15,Biryani,3.3,0,4,0,Night
ORD_03563,CUST_0834,REST_100,2026-01-04 12:44:16,131.44,6,Heavy Rain,Low,Delivered,30.0,DEL_03563,DRV_0369,2.99,30.0,63.1,13.9,Pizza,3.9,12,6,1,Afternoon
ORD_03564,CUST_0858,REST_021,2026-01-06 20:38:33,378.43,2,Rain,Medium,Delivered,19.0,DEL_03564,DRV_0315,1.36,19.0,53.6,55.09,Fast Food,3.7,20,1,0,Evening
ORD_03565,CUST_0245,REST_076,2026-05-30 22:08:03,100.0,3,Clear,Medium,Delivered,18.0,DEL_03565,DRV_0294,5.4,18.0,56.6,19.82,Chinese,3.7,22,5,1,Night
ORD_03566,CUST_0818,REST_051,2026-02-24 04:01:18,293.6,3,Clear,Medium,Delivered,19.0,DEL_03566,DRV_0020,8.04,19.0,65.2,48.17,Healthy,3.6,4,1,0,Night
ORD_03567,CUST_0526,REST_021,2026-02-20 21:20:50,128.86,5,Cloudy,High,Delivered,21.0,DEL_03567,DRV_0213,4.49,21.0,81.7,29.71,Fast Food,3.7,21,4,0,Evening
ORD_03568,CUST_0528,REST_060,2026-04-09 13:56:21,120.0,5,Clear,Medium,Delivered,24.0,DEL_03568,DRV_0270,10.45,24.0,94.6,16.11,Chinese,4.2,13,3,0,Afternoon
ORD_03569,CUST_0950,REST_051,2026-01-26 13:00:10,209.32,6,Cloudy,Medium,Delivered,14.0,DEL_03569,DRV_0472,3.97,14.0,63.5,35.01,Healthy,3.6,13,0,0,Afternoon
ORD_03570,CUST_0427,REST_021,2026-03-21 09:07:16,100.0,4,Cloudy,Medium,Delivered,20.0,DEL_03570,DRV_0040,1.32,20.0,39.6,28.96,Fast Food,3.7,9,5,1,Morning
ORD_03571,CUST_0042,REST_006,2026-02-13 14:55:00,115.72,1,Clear,Medium,Delivered,18.0,DEL_03571,DRV_0135,6.08,18.0,68.2,11.21,Cafe,3.9,14,4,0,Afternoon
ORD_03572,CUST_0465,REST_073,2026-06-26 08:22:41,113.63,4,Rain,Low,Delivered,39.0,DEL_03572,DRV_0453,0.88,39.0,47.9,18.0,South Indian,3.9,8,4,0,Morning
ORD_03573,CUST_0622,REST_065,2026-02-26 19:07:07,160.49,6,Clear,High,Delivered,24.0,DEL_03573,DRV_0262,2.36,24.0,60.3,25.33,South Indian,4.7,19,3,0,Evening
ORD_03574,CUST_0278,REST_076,2026-02-04 00:45:22,116.48,2,Cloudy,Low,Delivered,12.0,DEL_03574,DRV_0424,3.68,12.0,43.2,19.6,Chinese,3.7,0,2,0,Night
ORD_03575,CUST_0836,REST_058,2026-04-23 16:36:10,437.3,3,Clear,Medium,Delivered,17.0,DEL_03575,DRV_0181,2.23,17.0,34.6,67.89,Fast Food,4.7,16,3,0,Afternoon
ORD_03576,CUST_0019,REST_078,2026-04-18 19:47:33,487.05,4,Cloudy,Medium,Delivered,32.0,DEL_03576,DRV_0227,15.86,32.0,113.6,86.27,Biryani,3.9,19,5,1,Evening
ORD_03577,CUST_0066,REST_006,2026-06-30 14:37:21,100.0,3,Cloudy,High,Delivered,26.0,DEL_03577,DRV_0265,4.4,26.0,79.9,14.82,Cafe,3.9,14,1,0,Afternoon
ORD_03578,CUST_0167,REST_065,2026-04-09 08:09:34,244.54,3,Clear,Medium,Delivered,25.0,DEL_03578,DRV_0106,4.28,25.0,53.8,30.81,South Indian,4.7,8,3,0,Morning
ORD_03579,CUST_0585,REST_086,2026-02-26 13:38:11,290.69,4,Clear,Medium,Delivered,39.0,DEL_03579,DRV_0321,5.84,39.0,81.6,12.38,Chinese,3.8,13,3,0,Afternoon
ORD_03580,CUST_0403,REST_034,2026-04-10 03:25:05,244.36,4,Clear,Medium,Delivered,17.0,DEL_03580,DRV_0487,2.15,17.0,51.7,41.05,Desserts,4.0,3,4,0,Night
ORD_03582,CUST_0822,REST_075,2026-04-16 06:15:14,158.5,6,Cloudy,Medium,Delivered,9.0,DEL_03582,DRV_0390,7.24,9.0,59.6,23.72,Fast Food,3.5,6,3,0,Morning
ORD_03583,CUST_0409,REST_003,2026-01-17 15:59:37,120.11,6,Clear,High,Delivered,17.0,DEL_03583,DRV_0096,5.94,17.0,65.8,12.98,South Indian,4.4,15,5,1,Afternoon
ORD_03584,CUST_0112,REST_042,2026-04-11 21:57:41,143.86,1,Clear,Low,Delivered,30.0,DEL_03584,DRV_0461,16.4,30.0,114.6,15.43,Healthy,5.0,21,5,1,Evening
ORD_03585,CUST_0274,REST_062,2026-05-25 22:17:18,100.0,5,Clear,Medium,Delivered,24.0,DEL_03585,DRV_0295,2.82,24.0,44.6,17.96,Fast Food,3.5,22,0,0,Night
ORD_03586,CUST_0407,REST_006,2026-01-08 01:39:44,170.18,1,Cloudy,Medium,Delivered,26.0,DEL_03586,DRV_0488,3.95,26.0,56.5,26.8,Cafe,3.9,1,3,0,Night
ORD_03587,CUST_0373,REST_006,2026-02-26 11:32:12,100.0,4,Cloudy,High,Delivered,22.0,DEL_03587,DRV_0123,1.32,22.0,54.5,20.15,Cafe,3.9,11,3,0,Morning
ORD_03588,CUST_0597,REST_063,2026-03-11 06:06:34,162.38,6,Clear,Medium,Delivered,12.0,DEL_03588,DRV_0277,3.63,12.0,35.0,16.23,Biryani,4.7,6,2,0,Morning
ORD_03589,CUST_0651,REST_020,2026-01-09 19:13:17,100.0,6,Cloudy,Low,Delivered,18.0,DEL_03589,DRV_0037,4.14,18.0,44.9,24.98,Desserts,3.4,19,4,0,Evening
ORD_03590,CUST_0039,REST_021,2026-02-19 19:39:42,203.11,1,Rain,Low,Delivered,27.0,DEL_03590,DRV_0268,5.47,27.0,71.4,13.1,Fast Food,3.7,19,3,0,Evening
ORD_03592,CUST_0324,REST_090,2026-04-21 08:10:26,212.69,5,Cloudy,Medium,Delivered,33.0,DEL_03592,DRV_0255,2.15,33.0,54.2,21.36,North Indian,4.2,8,1,0,Morning
ORD_03593,CUST_0793,REST_095,2026-05-23 22:27:35,328.61,5,Clear,Medium,Delivered,31.0,DEL_03593,DRV_0015,5.86,31.0,65.2,56.92,Pizza,3.7,22,5,1,Night
ORD_03595,CUST_0992,REST_056,2026-02-04 11:40:31,100.0,6,Cloudy,Medium,Delivered,28.0,DEL_03595,DRV_0085,3.73,28.0,57.6,15.36,Desserts,4.2,11,2,0,Morning
ORD_03596,CUST_0414,REST_096,2026-02-26 12:25:43,114.57,3,Clear,Medium,Delivered,35.0,DEL_03596,DRV_0092,2.95,35.0,71.7,20.39,Biryani,3.3,12,3,0,Afternoon
ORD_03597,CUST_0429,REST_010,2026-06-21 09:35:27,153.44,6,Rain,High,Delivered,24.0,DEL_03597,DRV_0100,2.35,24.0,77.9,20.27,Healthy,4.9,9,6,1,Morning
ORD_03598,CUST_0635,REST_087,2026-06-20 09:02:22,233.5,3,Clear,Low,Delivered,15.0,DEL_03598,DRV_0465,9.47,15.0,57.0,31.24,Healthy,4.0,9,5,1,Morning
ORD_03599,CUST_0730,REST_070,2026-05-25 10:10:41,100.0,6,Clear,Medium,Delivered,20.0,DEL_03599,DRV_0174,6.99,20.0,61.1,21.1,Desserts,4.2,10,0,0,Morning
ORD_03600,CUST_0889,REST_023,2026-06-21 18:07:18,105.62,4,Cloudy,Medium,Delivered,34.0,DEL_03600,DRV_0455,6.82,34.0,77.5,19.63,South Indian,4.6,18,6,1,Evening
ORD_03601,CUST_0061,REST_092,2026-01-09 23:18:48,194.75,6,Cloudy,Low,Delivered,24.0,DEL_03601,DRV_0215,4.13,24.0,56.2,23.19,Indian,4.1,23,4,0,Night
ORD_03602,CUST_0612,REST_030,2026-05-24 21:28:38,189.94,4,Cloudy,Medium,Delivered,20.0,DEL_03602,DRV_0365,7.88,20.0,77.9,23.08,South Indian,4.1,21,6,1,Evening
ORD_03603,CUST_0307,REST_078,2026-03-30 03:26:10,223.12,3,Clear,Medium,Delivered,33.0,DEL_03603,DRV_0086,4.9,33.0,67.6,25.18,Biryani,3.9,3,0,0,Night
ORD_03604,CUST_0354,REST_037,2026-03-29 14:43:18,231.37,5,Rain,Low,Delivered,22.0,DEL_03604,DRV_0394,4.02,22.0,63.4,46.27,Chinese,3.8,14,6,1,Afternoon
ORD_03605,CUST_0393,REST_055,2026-05-10 01:19:42,218.38,3,Heavy Rain,Medium,Delivered,40.0,DEL_03605,DRV_0082,2.31,40.0,73.9,26.63,North Indian,4.2,1,6,1,Night
ORD_03606,CUST_0204,REST_096,2026-04-15 23:48:29,201.65,1,Clear,Medium,Delivered,30.0,DEL_03606,DRV_0322,4.18,30.0,56.6,30.94,Biryani,3.3,23,2,0,Night
ORD_03607,CUST_0258,REST_049,2026-06-22 21:34:56,186.92,5,Rain,Low,Delivered,28.0,DEL_03607,DRV_0374,0.51,28.0,49.4,19.25,Cafe,3.6,21,0,0,Evening
ORD_03608,CUST_0486,REST_034,2026-03-03 22:36:44,261.29,6,Cloudy,Medium,Delivered,14.0,DEL_03608,DRV_0460,7.71,14.0,78.4,14.55,Desserts,4.0,22,1,0,Night
ORD_03609,CUST_0517,REST_044,2026-02-15 12:00:12,100.0,6,Clear,Medium,Delivered,22.0,DEL_03609,DRV_0493,2.07,22.0,46.2,9.03,Biryani,4.1,12,6,1,Afternoon
ORD_03610,CUST_0446,REST_022,2026-06-12 11:31:14,423.85,6,Clear,Low,Delivered,20.0,DEL_03610,DRV_0117,2.49,20.0,28.7,57.18,Biryani,4.5,11,4,0,Morning
ORD_03611,CUST_0709,REST_031,2026-06-26 15:20:20,100.0,6,Clear,Low,Delivered,27.0,DEL_03611,DRV_0167,3.22,27.0,45.7,13.35,North Indian,4.0,15,4,0,Afternoon
ORD_03612,CUST_0180,REST_007,2026-06-19 19:07:07,100.13,6,Heavy Rain,Medium,Delivered,18.0,DEL_03612,DRV_0242,2.33,18.0,67.7,25.39,Healthy,3.9,19,4,0,Evening
ORD_03613,CUST_0342,REST_021,2026-04-20 13:39:49,160.02,3,Clear,Medium,Delivered,20.0,DEL_03613,DRV_0278,5.62,20.0,68.6,15.86,Fast Food,3.7,13,0,0,Afternoon
ORD_03614,CUST_0133,REST_016,2026-04-02 20:25:22,262.42,4,Cloudy,High,Delivered,33.0,DEL_03614,DRV_0491,8.46,33.0,96.9,48.81,Indian,3.7,20,3,0,Evening
ORD_03615,CUST_0443,REST_020,2026-04-07 18:18:54,100.0,3,Clear,Low,Delivered,15.0,DEL_03615,DRV_0342,8.78,15.0,52.0,17.12,Desserts,3.4,18,1,0,Evening
ORD_03616,CUST_0836,REST_043,2026-04-03 20:21:55,178.49,2,Cloudy,Low,Delivered,21.0,DEL_03616,DRV_0426,3.63,21.0,52.9,10.66,Fast Food,3.7,20,4,0,Evening
ORD_03618,CUST_0265,REST_047,2026-05-12 08:53:18,313.24,5,Rain,Medium,Delivered,34.0,DEL_03618,DRV_0134,8.1,34.0,80.5,22.46,Desserts,4.4,8,1,0,Morning
ORD_03620,CUST_0662,REST_048,2026-05-03 10:38:55,153.63,3,Rain,Medium,Delivered,33.0,DEL_03620,DRV_0180,7.4,33.0,79.4,34.29,Chinese,4.0,10,6,1,Morning
ORD_03621,CUST_0411,REST_096,2026-03-22 23:17:24,129.17,4,Rain,High,Delivered,32.0,DEL_03621,DRV_0165,5.79,32.0,77.1,21.74,Biryani,3.3,23,6,1,Night
ORD_03622,CUST_0138,REST_079,2026-04-30 09:59:13,146.06,6,Cloudy,Medium,Delivered,32.0,DEL_03622,DRV_0212,5.51,32.0,62.2,14.6,Healthy,4.4,9,3,0,Morning
ORD_03623,CUST_0208,REST_069,2026-04-02 16:20:41,102.77,1,Clear,High,Delivered,29.0,DEL_03623,DRV_0006,2.68,29.0,66.5,17.49,Chinese,3.7,16,3,0,Afternoon
ORD_03624,CUST_0637,REST_011,2026-01-29 00:14:16,111.15,2,Clear,Low,Delivered,19.0,DEL_03624,DRV_0073,6.98,19.0,50.1,17.59,Pizza,4.9,0,3,0,Night
ORD_03625,CUST_0746,REST_079,2026-01-20 20:09:45,230.19,5,Rain,Low,Delivered,29.0,DEL_03625,DRV_0413,4.38,29.0,74.9,30.14,Healthy,4.4,20,1,0,Evening
ORD_03626,CUST_0573,REST_029,2026-04-02 19:22:47,194.88,4,Clear,Low,Delivered,30.0,DEL_03626,DRV_0357,7.15,30.0,72.4,19.85,Pizza,3.9,19,3,0,Evening
ORD_03627,CUST_0307,REST_045,2026-01-20 08:00:11,237.55,2,Clear,Low,Delivered,33.0,DEL_03627,DRV_0453,1.2,33.0,34.4,12.71,Pizza,4.2,8,1,0,Morning
ORD_03628,CUST_0266,REST_068,2026-01-16 16:15:59,203.92,3,Cloudy,High,Delivered,22.0,DEL_03628,DRV_0435,0.69,22.0,53.7,30.62,Indian,4.5,16,4,0,Afternoon
ORD_03629,CUST_0646,REST_036,2026-05-23 07:12:53,267.04,2,Clear,Medium,Delivered,17.0,DEL_03629,DRV_0077,13.78,17.0,82.7,41.84,Indian,3.0,7,5,1,Morning
ORD_03631,CUST_0113,REST_087,2026-06-26 00:26:34,100.0,6,Cloudy,Medium,Delivered,12.0,DEL_03631,DRV_0215,9.37,12.0,73.7,9.61,Healthy,4.0,0,4,0,Night
ORD_03632,CUST_0901,REST_015,2026-06-18 11:08:50,113.31,1,Clear,Low,Delivered,29.0,DEL_03632,DRV_0165,6.56,29.0,53.0,26.82,Healthy,4.6,11,3,0,Morning
ORD_03633,CUST_0378,REST_044,2026-06-25 18:52:10,159.61,2,Clear,Low,Delivered,22.0,DEL_03633,DRV_0174,7.03,22.0,53.5,21.75,Biryani,4.1,18,3,0,Evening
ORD_03634,CUST_0454,REST_067,2026-02-10 01:00:33,179.03,2,Cloudy,Medium,Delivered,15.0,DEL_03634,DRV_0098,0.84,15.0,30.9,10.7,North Indian,3.1,1,1,0,Night
ORD_03635,CUST_0191,REST_096,2026-05-08 13:01:10,125.39,6,Clear,Medium,Delivered,32.0,DEL_03635,DRV_0025,6.1,32.0,72.0,19.91,Biryani,3.3,13,4,0,Afternoon
ORD_03636,CUST_0891,REST_074,2026-05-02 22:09:43,299.35,3,Cloudy,High,Delivered,12.0,DEL_03636,DRV_0421,4.28,12.0,55.4,24.21,Indian,4.2,22,5,1,Night
ORD_03637,CUST_0440,REST_040,2026-03-09 05:54:01,538.6,3,Clear,Medium,Delivered,32.0,DEL_03637,DRV_0151,1.76,32.0,46.4,69.36,Desserts,4.1,5,0,0,Night
ORD_03638,CUST_0187,REST_086,2026-01-09 19:05:04,200.82,5,Cloudy,Medium,Delivered,33.0,DEL_03638,DRV_0220,2.81,33.0,67.3,18.45,Chinese,3.8,19,4,0,Evening
ORD_03639,CUST_0831,REST_014,2026-04-20 18:39:09,189.88,3,Clear,Low,Delivered,24.0,DEL_03639,DRV_0154,3.8,24.0,47.6,28.36,Fast Food,5.0,18,0,0,Evening
ORD_03640,CUST_0367,REST_063,2026-03-10 08:34:06,289.22,2,Clear,High,Delivered,20.0,DEL_03640,DRV_0076,3.5,20.0,54.2,31.97,Biryani,4.7,8,1,0,Morning
ORD_03641,CUST_0089,REST_081,2026-03-23 22:17:25,100.0,1,Clear,Low,Delivered,19.0,DEL_03641,DRV_0376,11.6,19.0,64.3,17.6,Desserts,4.1,22,0,0,Night
ORD_03642,CUST_0187,REST_085,2026-04-25 20:17:26,184.13,3,Clear,High,Delivered,20.0,DEL_03642,DRV_0436,3.35,20.0,70.6,22.07,South Indian,3.4,20,5,1,Evening
ORD_03643,CUST_0819,REST_051,2026-05-13 05:32:14,310.59,6,Rain,Medium,Delivered,17.0,DEL_03643,DRV_0231,8.61,17.0,70.3,14.73,Healthy,3.6,5,2,0,Night
ORD_03644,CUST_0946,REST_079,2026-04-08 03:53:48,127.26,6,Clear,Low,Delivered,31.0,DEL_03644,DRV_0003,5.28,31.0,65.1,29.74,Healthy,4.4,3,2,0,Night
ORD_03645,CUST_0132,REST_058,2026-02-04 15:06:32,100.0,5,Cloudy,Medium,Delivered,17.0,DEL_03645,DRV_0073,1.09,17.0,36.9,15.37,Fast Food,4.7,15,2,0,Afternoon
ORD_03646,CUST_0872,REST_015,2026-06-02 18:24:11,163.66,5,Rain,High,Delivered,28.0,DEL_03646,DRV_0111,1.64,28.0,64.3,28.39,Healthy,4.6,18,1,0,Evening
ORD_03647,CUST_0635,REST_065,2026-02-26 18:20:18,175.32,2,Cloudy,Medium,Delivered,21.0,DEL_03647,DRV_0335,1.25,21.0,31.3,13.79,South Indian,4.7,18,3,0,Evening
ORD_03648,CUST_0560,REST_088,2026-01-23 07:38:57,109.97,3,Clear,Low,Delivered,36.0,DEL_03648,DRV_0072,5.24,36.0,54.0,23.97,Cafe,3.8,7,4,0,Morning
ORD_03649,CUST_0800,REST_055,2026-05-28 02:42:28,574.15,3,Clear,Low,Delivered,40.0,DEL_03649,DRV_0412,6.09,40.0,55.0,85.49,North Indian,4.2,2,3,0,Night
ORD_03650,CUST_0376,REST_076,2026-04-07 11:56:28,139.31,5,Rain,Medium,Delivered,19.0,DEL_03650,DRV_0255,2.73,19.0,53.6,19.39,Chinese,3.7,11,1,0,Morning
ORD_03651,CUST_0691,REST_010,2026-03-20 14:45:02,100.0,3,Cloudy,Low,Delivered,25.0,DEL_03651,DRV_0218,6.68,25.0,69.3,20.65,Healthy,4.9,14,4,0,Afternoon
ORD_03652,CUST_0692,REST_042,2026-05-07 04:11:21,172.17,2,Cloudy,High,Delivered,33.0,DEL_03652,DRV_0208,5.22,33.0,81.4,22.52,Healthy,5.0,4,3,0,Night
ORD_03653,CUST_0099,REST_095,2026-01-22 13:34:56,298.67,1,Clear,High,Delivered,27.0,DEL_03653,DRV_0249,7.34,27.0,93.0,33.93,Pizza,3.7,13,3,0,Afternoon
ORD_03654,CUST_0842,REST_011,2026-05-09 07:02:20,183.02,6,Rain,High,Delivered,18.0,DEL_03654,DRV_0290,5.32,18.0,76.5,28.74,Pizza,4.9,7,5,1,Morning
ORD_03655,CUST_0034,REST_016,2026-05-29 21:22:45,236.77,2,Cloudy,Low,Delivered,29.0,DEL_03655,DRV_0340,6.36,29.0,70.5,19.51,Indian,3.7,21,4,0,Evening
ORD_03656,CUST_0932,REST_073,2026-02-15 08:39:04,112.24,3,Clear,Medium,Delivered,40.0,DEL_03656,DRV_0065,2.99,40.0,62.4,11.07,South Indian,3.9,8,6,1,Morning
ORD_03657,CUST_0582,REST_078,2026-05-03 00:38:06,410.85,2,Cloudy,Low,Delivered,37.0,DEL_03657,DRV_0472,4.44,37.0,63.3,16.75,Biryani,3.9,0,6,1,Night
ORD_03658,CUST_0171,REST_019,2026-03-27 01:38:16,246.89,6,Clear,Medium,Delivered,27.0,DEL_03658,DRV_0285,2.48,27.0,45.5,37.72,Indian,4.4,1,4,0,Night
ORD_03659,CUST_0366,REST_031,2026-06-19 12:20:38,322.54,4,Clear,High,Delivered,26.0,DEL_03659,DRV_0004,11.8,26.0,101.3,24.68,North Indian,4.0,12,4,0,Afternoon
ORD_03660,CUST_0784,REST_073,2026-05-23 04:00:13,221.59,6,Rain,Medium,Delivered,36.0,DEL_03660,DRV_0196,6.49,36.0,88.5,11.45,South Indian,3.9,4,5,1,Night
ORD_03661,CUST_0059,REST_100,2026-04-12 03:18:34,285.34,6,Clear,High,Delivered,38.0,DEL_03661,DRV_0119,5.12,38.0,69.8,46.03,Pizza,3.9,3,6,1,Night
ORD_03662,CUST_0181,REST_053,2026-05-31 01:15:10,112.15,4,Cloudy,High,Delivered,26.0,DEL_03662,DRV_0190,1.26,26.0,59.3,24.62,Desserts,5.0,1,6,1,Night
ORD_03663,CUST_0019,REST_090,2026-01-28 02:09:27,138.34,3,Clear,Low,Delivered,40.0,DEL_03663,DRV_0166,8.42,40.0,77.4,13.58,North Indian,4.2,2,2,0,Night
ORD_03664,CUST_0226,REST_008,2026-02-27 21:22:33,380.15,3,Clear,Medium,Delivered,27.0,DEL_03664,DRV_0451,9.43,27.0,81.7,63.16,Desserts,4.5,21,4,0,Evening
ORD_03666,CUST_0095,REST_008,2026-06-14 10:08:33,100.0,6,Heavy Rain,Medium,Delivered,30.0,DEL_03666,DRV_0130,4.16,30.0,71.9,9.3,Desserts,4.5,10,6,1,Morning
ORD_03667,CUST_0881,REST_083,2026-05-31 17:06:53,207.96,2,Clear,Low,Delivered,14.0,DEL_03667,DRV_0477,4.81,14.0,41.5,40.11,Pizza,4.8,17,6,1,Evening
ORD_03668,CUST_0297,REST_048,2026-02-07 09:01:25,143.02,1,Clear,High,Delivered,38.0,DEL_03668,DRV_0369,2.12,38.0,68.6,25.0,Chinese,4.0,9,5,1,Morning
ORD_03669,CUST_0593,REST_030,2026-05-04 12:47:00,123.55,3,Cloudy,Medium,Delivered,19.0,DEL_03669,DRV_0092,3.16,19.0,58.7,16.84,South Indian,4.1,12,0,0,Afternoon
ORD_03670,CUST_0175,REST_058,2026-02-18 15:57:56,212.02,3,Clear,Medium,Delivered,20.0,DEL_03670,DRV_0332,2.88,20.0,46.5,37.76,Fast Food,4.7,15,2,0,Afternoon
ORD_03671,CUST_0222,REST_086,2026-06-01 10:06:52,339.52,5,Clear,Medium,Delivered,40.0,DEL_03671,DRV_0125,8.13,40.0,85.8,26.05,Chinese,3.8,10,0,0,Morning
ORD_03672,CUST_0615,REST_055,2026-04-21 09:13:54,232.39,1,Clear,High,Delivered,37.0,DEL_03672,DRV_0300,10.89,37.0,104.2,32.34,North Indian,4.2,9,1,0,Morning
ORD_03673,CUST_0054,REST_073,2026-04-06 03:26:42,152.06,3,Clear,Medium,Delivered,36.0,DEL_03673,DRV_0207,3.76,36.0,69.5,20.98,South Indian,3.9,3,0,0,Night
ORD_03674,CUST_0695,REST_062,2026-02-22 09:43:01,240.61,4,Clear,Low,Delivered,24.0,DEL_03674,DRV_0114,5.91,24.0,58.1,32.56,Fast Food,3.5,9,6,1,Morning
ORD_03675,CUST_0863,REST_048,2026-06-23 03:08:11,148.71,5,Clear,Medium,Delivered,28.0,DEL_03675,DRV_0361,1.08,28.0,44.8,20.32,Chinese,4.0,3,1,0,Night
ORD_03676,CUST_0403,REST_004,2026-03-27 10:14:49,227.39,2,Clear,Medium,Delivered,18.0,DEL_03676,DRV_0351,9.21,18.0,72.4,32.75,Healthy,3.7,10,4,0,Morning
ORD_03677,CUST_0318,REST_037,2026-01-22 20:06:20,390.75,5,Rain,Medium,Delivered,23.0,DEL_03677,DRV_0373,6.07,23.0,80.8,61.22,Chinese,3.8,20,3,0,Evening
ORD_03680,CUST_0443,REST_092,2026-01-02 02:37:36,100.0,2,Cloudy,High,Delivered,25.0,DEL_03680,DRV_0470,2.48,25.0,61.7,5.48,Indian,4.1,2,4,0,Night
ORD_03681,CUST_0833,REST_070,2026-05-07 06:37:17,356.23,4,Clear,Low,Delivered,11.0,DEL_03681,DRV_0131,8.14,11.0,41.0,47.94,Desserts,4.2,6,3,0,Morning
ORD_03682,CUST_0580,REST_047,2026-04-04 04:49:06,127.69,2,Heavy Rain,Medium,Delivered,30.0,DEL_03682,DRV_0017,6.33,30.0,87.7,18.28,Desserts,4.4,4,5,1,Night
ORD_03683,CUST_0540,REST_100,2026-01-10 04:08:59,100.0,1,Clear,Low,Delivered,31.0,DEL_03683,DRV_0477,7.33,31.0,65.9,19.18,Pizza,3.9,4,5,1,Night
ORD_03684,CUST_0786,REST_075,2026-04-10 15:56:16,265.71,2,Clear,Low,Delivered,8.0,DEL_03684,DRV_0248,4.62,8.0,34.1,38.38,Fast Food,3.5,15,4,0,Afternoon
ORD_03685,CUST_0282,REST_005,2026-02-28 01:24:57,221.47,2,Clear,Low,Delivered,39.0,DEL_03685,DRV_0375,8.89,39.0,74.7,23.73,Chinese,4.4,1,5,1,Night
ORD_03686,CUST_0360,REST_050,2026-02-20 22:47:30,104.63,5,Cloudy,Medium,Delivered,24.0,DEL_03686,DRV_0396,2.62,24.0,54.0,24.1,Desserts,4.0,22,4,0,Night
ORD_03687,CUST_0915,REST_024,2026-01-21 03:06:44,100.0,4,Clear,High,Delivered,35.0,DEL_03687,DRV_0064,10.29,35.0,106.3,23.03,Cafe,4.3,3,2,0,Night
ORD_03688,CUST_0823,REST_047,2026-04-25 03:26:48,163.51,2,Clear,Medium,Delivered,27.0,DEL_03688,DRV_0447,8.55,27.0,75.7,13.13,Desserts,4.4,3,5,1,Night
ORD_03689,CUST_0631,REST_018,2026-06-13 23:48:34,100.0,1,Clear,Medium,Delivered,40.0,DEL_03689,DRV_0078,5.25,40.0,80.5,23.2,Pizza,3.6,23,5,1,Night
ORD_03690,CUST_0892,REST_084,2026-03-14 12:50:49,101.11,5,Cloudy,Medium,Delivered,25.0,DEL_03690,DRV_0200,2.13,25.0,63.4,25.56,North Indian,3.3,12,5,1,Afternoon
ORD_03691,CUST_0953,REST_028,2026-06-12 18:13:17,193.17,4,Clear,Medium,Delivered,29.0,DEL_03691,DRV_0041,8.32,29.0,70.5,32.07,Indian,4.4,18,4,0,Evening
ORD_03692,CUST_0646,REST_077,2026-05-11 09:39:05,106.57,4,Clear,High,Delivered,15.0,DEL_03692,DRV_0258,2.53,15.0,52.6,8.09,Fast Food,4.1,9,0,0,Morning
ORD_03693,CUST_0641,REST_005,2026-02-02 19:38:32,229.2,3,Clear,Medium,Delivered,33.0,DEL_03693,DRV_0181,3.62,33.0,70.8,38.26,Chinese,4.4,19,0,0,Evening
ORD_03694,CUST_0008,REST_030,2026-01-08 12:07:11,411.41,6,Rain,Medium,Delivered,17.0,DEL_03694,DRV_0290,1.56,17.0,51.8,29.19,South Indian,4.1,12,3,0,Afternoon
ORD_03695,CUST_0993,REST_001,2026-03-10 12:18:08,167.05,1,Clear,Medium,Delivered,8.0,DEL_03695,DRV_0125,2.16,8.0,41.0,16.6,Pizza,4.8,12,1,0,Afternoon
ORD_03696,CUST_0563,REST_086,2026-05-17 04:56:05,194.72,6,Clear,High,Delivered,41.0,DEL_03696,DRV_0344,4.92,41.0,78.3,28.85,Chinese,3.8,4,6,1,Night
ORD_03697,CUST_0491,REST_082,2026-01-10 07:37:44,550.02,5,Rain,Medium,Delivered,28.0,DEL_03697,DRV_0112,10.86,28.0,92.3,81.3,Healthy,3.7,7,5,1,Morning
ORD_03698,CUST_0341,REST_046,2026-01-04 04:10:44,100.0,5,Clear,Low,Delivered,17.0,DEL_03698,DRV_0468,5.75,17.0,45.2,29.81,North Indian,3.7,4,6,1,Night
ORD_03699,CUST_0472,REST_069,2026-05-18 02:06:50,349.04,1,Cloudy,Low,Delivered,25.0,DEL_03699,DRV_0235,5.96,25.0,58.2,46.73,Chinese,3.7,2,0,0,Night
ORD_03700,CUST_0793,REST_031,2026-05-25 21:25:01,326.68,4,Heavy Rain,High,Delivered,29.0,DEL_03700,DRV_0500,5.64,29.0,100.9,48.79,North Indian,4.0,21,0,0,Evening
ORD_03701,CUST_0687,REST_070,2026-01-27 16:18:49,290.0,2,Rain,High,Delivered,20.0,DEL_03701,DRV_0202,6.34,20.0,83.7,34.41,Desserts,4.2,16,1,0,Afternoon
ORD_03702,CUST_0695,REST_091,2026-06-17 11:42:25,368.88,1,Clear,Low,Delivered,16.0,DEL_03702,DRV_0040,6.78,16.0,52.7,44.25,Cafe,4.6,11,2,0,Morning
ORD_03703,CUST_0704,REST_056,2026-04-13 12:28:20,211.52,5,Clear,High,Delivered,31.0,DEL_03703,DRV_0199,8.19,31.0,92.1,34.58,Desserts,4.2,12,0,0,Afternoon
ORD_03704,CUST_0249,REST_089,2026-01-01 21:55:44,131.55,6,Clear,Medium,Delivered,16.0,DEL_03704,DRV_0449,9.65,16.0,90.0,14.13,North Indian,4.1,21,3,0,Evening
ORD_03705,CUST_0235,REST_093,2026-05-07 12:03:36,330.97,1,Rain,Medium,Delivered,18.0,DEL_03705,DRV_0311,2.98,18.0,58.8,29.88,Indian,3.8,12,3,0,Afternoon
ORD_03706,CUST_0083,REST_028,2026-05-01 01:40:57,338.01,4,Heavy Rain,Low,Delivered,28.0,DEL_03706,DRV_0126,7.87,28.0,76.9,39.21,Indian,4.4,1,4,0,Night
ORD_03707,CUST_0093,REST_016,2026-01-23 23:15:40,332.93,3,Clear,High,Delivered,31.0,DEL_03707,DRV_0074,10.97,31.0,99.7,46.15,Indian,3.7,23,4,0,Night
ORD_03708,CUST_0885,REST_054,2026-02-25 16:10:33,185.76,3,Cloudy,Low,Delivered,19.0,DEL_03708,DRV_0179,3.28,19.0,55.8,31.39,Healthy,4.2,16,2,0,Afternoon
ORD_03709,CUST_0394,REST_053,2026-04-03 03:27:20,122.25,2,Rain,Medium,Delivered,25.0,DEL_03709,DRV_0005,2.33,25.0,57.3,16.41,Desserts,5.0,3,4,0,Night
ORD_03710,CUST_0824,REST_012,2026-03-01 04:21:09,201.39,2,Clear,Low,Delivered,14.0,DEL_03710,DRV_0312,8.48,14.0,51.9,28.17,South Indian,4.6,4,6,1,Night
ORD_03712,CUST_0417,REST_082,2026-03-20 12:10:48,318.43,6,Clear,Low,Delivered,37.0,DEL_03712,DRV_0232,3.55,37.0,55.3,34.11,Healthy,3.7,12,4,0,Afternoon
ORD_03713,CUST_0632,REST_034,2026-04-20 04:22:21,143.12,2,Clear,Low,Delivered,14.0,DEL_03713,DRV_0149,9.58,14.0,59.6,12.02,Desserts,4.0,4,0,0,Night
ORD_03714,CUST_0583,REST_053,2026-04-29 15:50:26,215.61,3,Rain,Low,Delivered,18.0,DEL_03714,DRV_0314,9.52,18.0,73.2,24.73,Desserts,5.0,15,2,0,Afternoon
ORD_03715,CUST_0529,REST_064,2026-04-06 06:19:58,100.0,4,Rain,Low,Delivered,6.0,DEL_03715,DRV_0201,3.9,6.0,31.3,18.33,Biryani,5.0,6,0,0,Morning
ORD_03716,CUST_0253,REST_023,2026-01-20 23:08:51,311.6,4,Clear,Medium,Delivered,37.0,DEL_03716,DRV_0349,2.81,37.0,59.9,26.1,South Indian,4.6,23,1,0,Night
ORD_03717,CUST_0957,REST_027,2026-02-21 16:02:45,117.82,4,Clear,Low,Delivered,27.0,DEL_03717,DRV_0031,3.06,27.0,37.3,25.07,South Indian,4.0,16,5,1,Afternoon
ORD_03718,CUST_0122,REST_017,2026-01-15 13:35:15,279.19,1,Clear,High,Delivered,17.0,DEL_03718,DRV_0237,5.0,17.0,67.0,44.87,Pizza,4.5,13,3,0,Afternoon
ORD_03719,CUST_0892,REST_048,2026-03-29 09:22:56,100.0,6,Rain,Medium,Delivered,33.0,DEL_03719,DRV_0430,2.61,33.0,66.0,23.41,Chinese,4.0,9,6,1,Morning
ORD_03720,CUST_0010,REST_021,2026-02-25 08:30:14,319.67,6,Cloudy,Medium,Delivered,19.0,DEL_03720,DRV_0155,2.05,19.0,40.7,39.13,Fast Food,3.7,8,2,0,Morning
ORD_03721,CUST_0799,REST_050,2026-01-27 09:51:32,216.37,2,Cloudy,Low,Delivered,26.0,DEL_03721,DRV_0198,2.88,26.0,51.9,17.77,Desserts,4.0,9,1,0,Morning
ORD_03722,CUST_0316,REST_040,2026-01-10 10:39:42,117.95,6,Cloudy,Medium,Delivered,25.0,DEL_03722,DRV_0107,7.97,25.0,70.0,18.94,Desserts,4.1,10,5,1,Morning
ORD_03723,CUST_0838,REST_095,2026-02-24 02:14:31,265.14,5,Clear,Low,Delivered,31.0,DEL_03723,DRV_0159,4.22,31.0,57.2,40.95,Pizza,3.7,2,1,0,Night
ORD_03724,CUST_0273,REST_003,2026-06-30 13:39:04,131.01,3,Clear,High,Delivered,14.0,DEL_03724,DRV_0169,2.49,14.0,70.5,17.09,South Indian,4.4,13,1,0,Afternoon
ORD_03725,CUST_0306,REST_017,2026-03-21 08:36:52,273.76,2,Heavy Rain,Medium,Delivered,12.0,DEL_03725,DRV_0301,5.08,12.0,59.2,25.99,Pizza,4.5,8,5,1,Morning
ORD_03727,CUST_0210,REST_050,2026-02-08 11:06:20,100.0,3,Cloudy,Medium,Delivered,21.0,DEL_03727,DRV_0258,1.82,21.0,45.1,12.17,Desserts,4.0,11,6,1,Morning
ORD_03728,CUST_0958,REST_090,2026-03-31 13:42:56,105.6,2,Clear,High,Delivered,32.0,DEL_03728,DRV_0062,0.53,32.0,62.6,21.88,North Indian,4.2,13,1,0,Afternoon
ORD_03729,CUST_0730,REST_087,2026-05-17 21:54:40,143.06,5,Cloudy,Low,Delivered,11.0,DEL_03729,DRV_0149,1.1,11.0,34.7,19.32,Healthy,4.0,21,6,1,Evening
ORD_03730,CUST_0753,REST_006,2026-01-19 07:55:50,384.72,3,Cloudy,Low,Delivered,18.0,DEL_03730,DRV_0162,3.21,18.0,38.2,62.06,Cafe,3.9,7,0,0,Morning
ORD_03731,CUST_0886,REST_028,2026-02-11 21:09:18,297.56,5,Cloudy,Medium,Delivered,27.0,DEL_03731,DRV_0086,9.44,27.0,97.4,36.16,Indian,4.4,21,2,0,Evening
ORD_03732,CUST_0464,REST_072,2026-02-08 17:38:29,442.8,3,Rain,High,Delivered,24.0,DEL_03732,DRV_0013,11.12,24.0,106.3,45.18,Chinese,3.8,17,6,1,Evening
ORD_03734,CUST_0728,REST_058,2026-06-26 12:09:17,135.08,1,Cloudy,Low,Delivered,16.0,DEL_03734,DRV_0417,6.01,16.0,53.3,18.57,Fast Food,4.7,12,4,0,Afternoon
ORD_03735,CUST_0717,REST_045,2026-01-22 14:45:40,163.42,3,Clear,Medium,Delivered,39.0,DEL_03735,DRV_0124,2.5,39.0,70.1,29.31,Pizza,4.2,14,3,0,Afternoon
ORD_03736,CUST_0925,REST_072,2026-04-21 12:45:49,144.57,3,Rain,High,Delivered,20.0,DEL_03736,DRV_0358,2.77,20.0,65.3,22.87,Chinese,3.8,12,1,0,Afternoon
ORD_03737,CUST_0416,REST_019,2026-01-24 22:06:16,125.29,5,Clear,Low,Delivered,17.0,DEL_03737,DRV_0104,3.46,17.0,42.5,36.14,Indian,4.4,22,5,1,Night
ORD_03738,CUST_0216,REST_029,2026-04-18 20:06:15,100.0,6,Rain,Low,Delivered,30.0,DEL_03738,DRV_0049,3.06,30.0,61.8,9.32,Pizza,3.9,20,5,1,Evening
ORD_03740,CUST_0779,REST_032,2026-02-23 17:51:02,100.0,3,Clear,High,Delivered,23.0,DEL_03740,DRV_0422,7.27,23.0,73.0,15.45,Healthy,3.9,17,0,0,Evening
ORD_03741,CUST_0480,REST_010,2026-02-17 15:04:21,177.9,2,Clear,Medium,Delivered,33.0,DEL_03741,DRV_0250,4.33,33.0,52.9,13.77,Healthy,4.9,15,1,0,Afternoon
ORD_03742,CUST_0902,REST_091,2026-03-26 00:31:53,580.37,2,Heavy Rain,High,Delivered,20.0,DEL_03742,DRV_0253,3.47,20.0,77.3,77.21,Cafe,4.6,0,3,0,Night
ORD_03743,CUST_0891,REST_049,2026-02-25 00:02:57,136.98,2,Clear,Low,Delivered,30.0,DEL_03743,DRV_0211,2.71,30.0,49.7,24.0,Cafe,3.6,0,2,0,Night
ORD_03744,CUST_0547,REST_065,2026-02-05 17:19:55,201.77,1,Clear,Medium,Delivered,21.0,DEL_03744,DRV_0071,7.83,21.0,66.8,35.4,South Indian,4.7,17,3,0,Evening
ORD_03745,CUST_0801,REST_029,2026-05-10 15:08:44,298.47,6,Clear,Medium,Delivered,31.0,DEL_03745,DRV_0271,2.2,31.0,41.0,35.2,Pizza,3.9,15,6,1,Afternoon
ORD_03746,CUST_0018,REST_059,2026-01-16 00:48:18,211.49,5,Clear,Medium,Delivered,34.0,DEL_03746,DRV_0038,2.2,34.0,57.8,11.7,Pizza,4.0,0,4,0,Night
ORD_03747,CUST_0165,REST_045,2026-02-21 10:39:47,212.91,6,Clear,High,Delivered,33.0,DEL_03747,DRV_0153,3.65,33.0,65.3,33.88,Pizza,4.2,10,5,1,Morning
ORD_03748,CUST_0525,REST_067,2026-05-26 15:55:50,148.51,1,Cloudy,High,Delivered,19.0,DEL_03748,DRV_0317,8.21,19.0,81.6,26.22,North Indian,3.1,15,1,0,Afternoon
ORD_03749,CUST_0202,REST_051,2026-03-18 22:18:15,159.57,6,Clear,Medium,Delivered,15.0,DEL_03749,DRV_0470,10.52,15.0,69.6,12.18,Healthy,3.6,22,2,0,Night
ORD_03750,CUST_0741,REST_095,2026-04-12 21:50:36,106.91,6,Cloudy,Low,Delivered,23.0,DEL_03750,DRV_0215,4.0,23.0,55.5,14.39,Pizza,3.7,21,6,1,Evening
ORD_03751,CUST_0346,REST_011,2026-03-10 20:23:22,288.68,2,Clear,Medium,Delivered,23.0,DEL_03751,DRV_0434,2.33,23.0,58.2,44.4,Pizza,4.9,20,1,0,Evening
ORD_03752,CUST_0366,REST_086,2026-06-01 00:31:45,100.0,3,Clear,Medium,Delivered,42.0,DEL_03752,DRV_0010,11.24,42.0,92.5,20.85,Chinese,3.8,0,0,0,Night
ORD_03753,CUST_0977,REST_082,2026-06-09 11:39:03,309.23,2,Cloudy,Low,Delivered,33.0,DEL_03753,DRV_0100,13.92,33.0,94.2,55.19,Healthy,3.7,11,1,0,Morning
ORD_03754,CUST_0448,REST_099,2026-04-17 08:31:06,100.0,6,Clear,High,Delivered,26.0,DEL_03754,DRV_0357,5.62,26.0,73.8,8.75,Healthy,3.7,8,4,0,Morning
ORD_03755,CUST_0513,REST_006,2026-01-17 13:28:08,307.8,3,Clear,Low,Delivered,16.0,DEL_03755,DRV_0434,9.44,16.0,81.4,44.3,Cafe,3.9,13,5,1,Afternoon
ORD_03756,CUST_0319,REST_067,2026-01-22 19:53:26,149.22,5,Clear,Low,Delivered,10.0,DEL_03756,DRV_0379,2.76,10.0,38.7,21.56,North Indian,3.1,19,3,0,Evening
ORD_03757,CUST_0217,REST_062,2026-04-01 22:46:23,100.0,4,Clear,Medium,Delivered,15.0,DEL_03757,DRV_0490,2.37,15.0,43.7,30.29,Fast Food,3.5,22,2,0,Night
ORD_03758,CUST_0034,REST_005,2026-04-19 08:30:56,249.29,3,Cloudy,Medium,Delivered,34.0,DEL_03758,DRV_0298,4.63,34.0,60.9,36.64,Chinese,4.4,8,6,1,Morning
ORD_03760,CUST_0266,REST_028,2026-01-25 20:43:11,142.46,2,Cloudy,Medium,Delivered,23.0,DEL_03760,DRV_0199,11.79,23.0,92.5,24.37,Indian,4.4,20,6,1,Evening
ORD_03761,CUST_0640,REST_083,2026-05-10 12:35:51,269.44,2,Clear,Medium,Delivered,21.0,DEL_03761,DRV_0436,3.41,21.0,57.8,43.94,Pizza,4.8,12,6,1,Afternoon
ORD_03762,CUST_0724,REST_092,2026-04-01 11:47:00,100.0,6,Clear,Low,Delivered,18.0,DEL_03762,DRV_0174,3.97,18.0,42.8,13.22,Indian,4.1,11,2,0,Morning
ORD_03763,CUST_0775,REST_091,2026-01-08 23:39:23,100.0,6,Clear,Low,Delivered,20.0,DEL_03763,DRV_0217,6.68,20.0,48.8,13.58,Cafe,4.6,23,3,0,Night
ORD_03764,CUST_0824,REST_077,2026-03-02 01:32:46,369.01,6,Cloudy,Medium,Delivered,17.0,DEL_03764,DRV_0040,6.36,17.0,65.4,26.35,Fast Food,4.1,1,0,0,Night
ORD_03765,CUST_0080,REST_038,2026-04-03 06:06:06,160.29,6,Clear,Medium,Delivered,32.0,DEL_03765,DRV_0186,1.73,32.0,47.2,32.15,Indian,3.7,6,4,0,Morning
ORD_03767,CUST_0413,REST_021,2026-01-12 23:08:07,123.42,3,Rain,Medium,Delivered,21.0,DEL_03767,DRV_0280,2.67,21.0,58.8,2.45,Fast Food,3.7,23,0,0,Night
ORD_03768,CUST_0252,REST_091,2026-03-19 12:29:37,109.09,5,Clear,Medium,Delivered,13.0,DEL_03768,DRV_0069,10.41,13.0,82.9,18.28,Cafe,4.6,12,3,0,Afternoon
ORD_03769,CUST_0012,REST_062,2026-02-09 02:00:48,165.46,3,Heavy Rain,Medium,Delivered,18.0,DEL_03769,DRV_0249,5.38,18.0,72.5,27.42,Fast Food,3.5,2,0,0,Night
ORD_03770,CUST_0401,REST_046,2026-06-23 17:16:30,147.83,1,Clear,Low,Delivered,22.0,DEL_03770,DRV_0085,4.37,22.0,57.7,31.71,North Indian,3.7,17,1,0,Evening
ORD_03771,CUST_0816,REST_070,2026-04-14 18:17:23,200.02,2,Rain,Medium,Delivered,10.0,DEL_03771,DRV_0168,12.15,10.0,84.7,39.36,Desserts,4.2,18,1,0,Evening
ORD_03772,CUST_0724,REST_038,2026-06-04 15:00:03,174.48,3,Clear,Medium,Delivered,31.0,DEL_03772,DRV_0404,2.05,31.0,51.5,9.44,Indian,3.7,15,3,0,Afternoon
ORD_03773,CUST_0282,REST_049,2026-06-26 12:19:46,382.93,2,Rain,High,Delivered,24.0,DEL_03773,DRV_0029,1.63,24.0,73.4,31.69,Cafe,3.6,12,4,0,Afternoon
ORD_03774,CUST_0112,REST_075,2026-01-13 10:38:11,228.95,1,Clear,Low,Delivered,8.0,DEL_03774,DRV_0037,9.44,8.0,60.5,30.49,Fast Food,3.5,10,1,0,Morning
ORD_03775,CUST_0723,REST_081,2026-03-29 12:06:42,233.16,4,Clear,Low,Delivered,28.0,DEL_03775,DRV_0020,8.35,28.0,87.4,29.79,Desserts,4.1,12,6,1,Afternoon
ORD_03776,CUST_0378,REST_039,2026-03-09 10:06:09,344.07,4,Clear,Low,Delivered,20.0,DEL_03776,DRV_0146,12.94,20.0,76.9,40.5,Desserts,4.2,10,0,0,Morning
ORD_03777,CUST_0751,REST_071,2026-01-24 22:27:31,146.38,4,Heavy Rain,Low,Delivered,30.0,DEL_03777,DRV_0260,8.82,30.0,79.7,33.29,Healthy,4.9,22,5,1,Night
ORD_03778,CUST_0268,REST_030,2026-02-02 12:48:29,100.0,2,Heavy Rain,Medium,Delivered,24.0,DEL_03778,DRV_0139,5.03,24.0,88.1,13.1,South Indian,4.1,12,0,0,Afternoon
ORD_03779,CUST_0917,REST_021,2026-06-28 04:53:59,352.07,3,Clear,High,Delivered,17.0,DEL_03779,DRV_0255,2.74,17.0,45.7,40.4,Fast Food,3.7,4,6,1,Night
ORD_03781,CUST_0317,REST_089,2026-04-22 19:43:19,195.71,5,Cloudy,High,Delivered,16.0,DEL_03781,DRV_0086,3.27,16.0,68.4,19.34,North Indian,4.1,19,2,0,Evening
ORD_03782,CUST_0570,REST_032,2026-06-19 08:07:10,127.95,3,Clear,Medium,Delivered,24.0,DEL_03782,DRV_0052,1.33,24.0,42.0,19.76,Healthy,3.9,8,4,0,Morning
ORD_03783,CUST_0509,REST_008,2026-03-12 07:31:30,129.12,1,Clear,Low,Delivered,26.0,DEL_03783,DRV_0299,2.34,26.0,39.9,11.39,Desserts,4.5,7,3,0,Morning
ORD_03784,CUST_0950,REST_069,2026-06-01 07:23:05,288.79,6,Heavy Rain,Low,Delivered,32.0,DEL_03784,DRV_0142,2.59,32.0,52.7,33.26,Chinese,3.7,7,0,0,Morning
ORD_03785,CUST_0546,REST_030,2026-06-14 22:47:05,311.55,4,Clear,Low,Delivered,24.0,DEL_03785,DRV_0122,5.91,24.0,48.5,13.21,South Indian,4.1,22,6,1,Night
ORD_03786,CUST_0775,REST_008,2026-01-11 07:05:15,278.97,3,Clear,Medium,Delivered,25.0,DEL_03786,DRV_0429,1.25,25.0,47.7,11.93,Desserts,4.5,7,6,1,Morning
ORD_03787,CUST_0365,REST_019,2026-03-31 23:30:03,280.38,3,Clear,Medium,Delivered,20.0,DEL_03787,DRV_0412,1.45,20.0,29.6,30.29,Indian,4.4,23,1,0,Night
ORD_03789,CUST_0271,REST_055,2026-03-25 02:12:44,194.87,1,Cloudy,High,Delivered,43.0,DEL_03789,DRV_0400,2.43,43.0,73.6,41.4,North Indian,4.2,2,2,0,Night
ORD_03790,CUST_0961,REST_030,2026-02-10 02:26:20,164.6,2,Clear,Medium,Delivered,23.0,DEL_03790,DRV_0422,5.05,23.0,46.6,22.74,South Indian,4.1,2,1,0,Night
ORD_03793,CUST_0537,REST_055,2026-05-01 01:25:17,222.18,3,Clear,Low,Delivered,35.0,DEL_03793,DRV_0333,7.23,35.0,69.7,17.82,North Indian,4.2,1,4,0,Night
ORD_03794,CUST_0234,REST_044,2026-04-18 06:44:48,116.49,4,Clear,High,Delivered,25.0,DEL_03794,DRV_0148,7.98,25.0,77.6,13.34,Biryani,4.1,6,5,1,Morning
ORD_03795,CUST_0059,REST_027,2026-04-22 15:08:52,126.14,5,Rain,Low,Delivered,31.0,DEL_03795,DRV_0453,2.65,31.0,49.2,12.39,South Indian,4.0,15,2,0,Afternoon
ORD_03796,CUST_0251,REST_077,2026-06-22 18:30:51,159.19,1,Clear,Medium,Delivered,15.0,DEL_03796,DRV_0083,5.97,15.0,52.7,28.26,Fast Food,4.1,18,0,0,Evening
ORD_03797,CUST_0847,REST_078,2026-02-02 00:42:39,116.49,2,Rain,Medium,Delivered,40.0,DEL_03797,DRV_0149,2.2,40.0,65.0,11.52,Biryani,3.9,0,0,0,Night
ORD_03798,CUST_0086,REST_054,2026-02-02 09:41:43,281.13,1,Clear,Medium,Delivered,29.0,DEL_03798,DRV_0170,7.08,29.0,68.6,19.59,Healthy,4.2,9,0,0,Morning
ORD_03799,CUST_0763,REST_048,2026-02-15 21:46:56,100.0,1,Clear,Medium,Delivered,31.0,DEL_03799,DRV_0325,1.97,31.0,56.7,24.58,Chinese,4.0,21,6,1,Evening
ORD_03800,CUST_0390,REST_030,2026-04-18 15:54:25,191.44,6,Clear,High,Delivered,20.0,DEL_03800,DRV_0270,8.41,20.0,72.6,32.1,South Indian,4.1,15,5,1,Afternoon
ORD_03801,CUST_0180,REST_039,2026-01-18 00:29:26,194.98,1,Cloudy,Low,Delivered,25.0,DEL_03801,DRV_0228,0.78,25.0,41.1,28.75,Desserts,4.2,0,6,1,Night
ORD_03802,CUST_0719,REST_013,2026-01-08 13:00:31,100.0,4,Rain,Low,Delivered,9.0,DEL_03802,DRV_0326,2.07,9.0,43.5,14.65,Cafe,3.2,13,3,0,Afternoon
ORD_03803,CUST_0856,REST_016,2026-03-08 20:31:35,142.23,6,Clear,Medium,Delivered,26.0,DEL_03803,DRV_0005,2.94,26.0,60.3,33.56,Indian,3.7,20,6,1,Evening
ORD_03805,CUST_0583,REST_071,2026-06-27 19:40:29,229.48,6,Cloudy,Medium,Delivered,28.0,DEL_03805,DRV_0221,1.72,28.0,68.2,38.02,Healthy,4.9,19,5,1,Evening
ORD_03806,CUST_0121,REST_027,2026-01-21 23:22:26,162.01,4,Clear,High,Delivered,25.0,DEL_03806,DRV_0157,2.77,25.0,58.6,33.0,South Indian,4.0,23,2,0,Night
ORD_03807,CUST_0765,REST_045,2026-04-01 15:55:54,263.04,6,Cloudy,High,Delivered,39.0,DEL_03807,DRV_0258,3.68,39.0,67.4,31.71,Pizza,4.2,15,2,0,Afternoon
ORD_03808,CUST_0605,REST_035,2026-01-11 00:59:55,170.69,6,Clear,Medium,Delivered,33.0,DEL_03808,DRV_0006,0.81,33.0,49.0,16.31,North Indian,4.8,0,6,1,Night
ORD_03809,CUST_0256,REST_079,2026-05-16 16:42:52,182.64,3,Cloudy,High,Delivered,34.0,DEL_03809,DRV_0290,5.26,34.0,75.4,15.53,Healthy,4.4,16,5,1,Afternoon
ORD_03810,CUST_0766,REST_028,2026-04-08 01:58:23,208.18,4,Cloudy,Medium,Delivered,20.0,DEL_03810,DRV_0204,5.32,20.0,62.8,18.84,Indian,4.4,1,2,0,Night
ORD_03811,CUST_0864,REST_099,2026-03-01 00:23:35,301.83,3,Clear,High,Delivered,33.0,DEL_03811,DRV_0278,8.3,33.0,92.8,23.21,Healthy,3.7,0,6,1,Night
ORD_03812,CUST_0800,REST_007,2026-03-09 22:16:32,125.01,6,Cloudy,Low,Delivered,24.0,DEL_03812,DRV_0388,16.75,24.0,103.8,16.79,Healthy,3.9,22,0,0,Night
ORD_03813,CUST_0309,REST_062,2026-03-09 04:43:52,138.69,2,Clear,Medium,Delivered,20.0,DEL_03813,DRV_0493,2.06,20.0,39.9,15.34,Fast Food,3.5,4,0,0,Night
ORD_03815,CUST_0069,REST_046,2026-01-08 23:01:33,151.0,2,Clear,Medium,Delivered,17.0,DEL_03815,DRV_0134,1.48,17.0,38.8,16.19,North Indian,3.7,23,3,0,Night
ORD_03816,CUST_0446,REST_020,2026-05-17 07:55:56,397.2,2,Clear,High,Delivered,21.0,DEL_03816,DRV_0323,3.51,21.0,63.3,16.65,Desserts,3.4,7,6,1,Morning
ORD_03817,CUST_0388,REST_096,2026-02-06 19:50:07,248.39,2,Clear,Low,Delivered,32.0,DEL_03817,DRV_0077,5.44,32.0,62.2,28.94,Biryani,3.3,19,4,0,Evening
ORD_03818,CUST_0086,REST_038,2026-05-15 11:22:41,100.0,2,Heavy Rain,High,Delivered,37.0,DEL_03818,DRV_0447,5.42,37.0,94.7,17.48,Indian,3.7,11,4,0,Morning
ORD_03819,CUST_0786,REST_061,2026-03-09 00:43:47,130.29,4,Cloudy,Medium,Delivered,33.0,DEL_03819,DRV_0471,8.06,33.0,89.0,25.99,Healthy,4.4,0,0,0,Night
ORD_03820,CUST_0227,REST_032,2026-01-04 08:11:55,222.52,5,Clear,Low,Delivered,17.0,DEL_03820,DRV_0483,3.21,17.0,33.8,29.83,Healthy,3.9,8,6,1,Morning
ORD_03821,CUST_0593,REST_026,2026-05-15 02:10:55,110.1,4,Rain,Low,Delivered,36.0,DEL_03821,DRV_0346,4.58,36.0,65.0,8.64,Fast Food,3.0,2,4,0,Night
ORD_03823,CUST_0184,REST_039,2026-03-28 05:30:42,379.83,4,Cloudy,High,Delivered,21.0,DEL_03823,DRV_0201,10.25,21.0,87.6,34.66,Desserts,4.2,5,5,1,Night
ORD_03824,CUST_0792,REST_020,2026-04-26 01:22:11,129.37,2,Clear,Medium,Delivered,19.0,DEL_03824,DRV_0087,4.22,19.0,42.4,18.56,Desserts,3.4,1,6,1,Night
ORD_03825,CUST_0322,REST_082,2026-01-04 11:26:14,306.45,1,Cloudy,High,Delivered,28.0,DEL_03825,DRV_0068,3.13,28.0,65.6,51.5,Healthy,3.7,11,6,1,Morning
ORD_03826,CUST_0909,REST_050,2026-01-14 10:12:20,361.56,6,Cloudy,Medium,Delivered,30.0,DEL_03826,DRV_0418,7.35,30.0,82.8,19.46,Desserts,4.0,10,2,0,Morning
ORD_03827,CUST_0318,REST_079,2026-01-16 19:39:29,121.1,5,Cloudy,High,Delivered,30.0,DEL_03827,DRV_0101,4.21,30.0,87.1,13.6,Healthy,4.4,19,4,0,Evening
ORD_03828,CUST_0566,REST_052,2026-06-11 23:36:34,111.11,1,Clear,Medium,Delivered,33.0,DEL_03828,DRV_0456,8.24,33.0,72.5,23.09,Healthy,4.6,23,3,0,Night
ORD_03829,CUST_0399,REST_086,2026-02-10 20:52:25,155.73,2,Clear,Low,Delivered,39.0,DEL_03829,DRV_0162,8.24,39.0,86.2,15.84,Chinese,3.8,20,1,0,Evening
ORD_03830,CUST_0709,REST_022,2026-01-29 16:32:42,100.0,5,Clear,Low,Delivered,17.0,DEL_03830,DRV_0313,0.99,17.0,26.7,18.81,Biryani,4.5,16,3,0,Afternoon
ORD_03831,CUST_0899,REST_053,2026-04-28 05:37:22,193.75,1,Clear,High,Delivered,18.0,DEL_03831,DRV_0421,15.8,18.0,109.7,33.1,Desserts,5.0,5,1,0,Night
ORD_03832,CUST_0293,REST_085,2026-02-25 23:47:25,161.89,4,Clear,Medium,Delivered,18.0,DEL_03832,DRV_0390,1.58,18.0,35.6,37.08,South Indian,3.4,23,2,0,Night
ORD_03833,CUST_0293,REST_066,2026-04-06 21:45:56,221.03,2,Cloudy,Low,Delivered,33.0,DEL_03833,DRV_0071,4.84,33.0,71.2,20.56,North Indian,3.5,21,0,0,Evening
ORD_03834,CUST_0485,REST_043,2026-03-07 16:46:51,390.85,4,Rain,Low,Delivered,23.0,DEL_03834,DRV_0173,2.69,23.0,56.7,16.73,Fast Food,3.7,16,5,1,Afternoon
ORD_03835,CUST_0899,REST_082,2026-03-25 00:28:26,284.18,4,Clear,Low,Delivered,30.0,DEL_03835,DRV_0169,2.56,30.0,31.2,25.38,Healthy,3.7,0,2,0,Night
ORD_03836,CUST_0447,REST_023,2026-02-28 00:38:51,237.24,2,Clear,High,Delivered,37.0,DEL_03836,DRV_0103,1.93,37.0,68.3,29.15,South Indian,4.6,0,5,1,Night
ORD_03837,CUST_0803,REST_077,2026-01-08 09:15:00,100.0,5,Rain,Medium,Delivered,17.0,DEL_03837,DRV_0228,7.59,17.0,76.6,15.4,Fast Food,4.1,9,3,0,Morning
ORD_03838,CUST_0692,REST_064,2026-06-14 19:53:07,231.33,6,Rain,Medium,Delivered,11.0,DEL_03838,DRV_0133,3.29,11.0,50.2,21.79,Biryani,5.0,19,6,1,Evening
ORD_03839,CUST_0983,REST_009,2026-01-28 18:14:47,467.52,3,Clear,High,Delivered,21.0,DEL_03839,DRV_0060,9.05,21.0,77.4,72.62,Biryani,4.6,18,2,0,Evening
ORD_03840,CUST_0892,REST_007,2026-05-28 18:47:17,100.0,3,Clear,Medium,Delivered,21.0,DEL_03840,DRV_0451,3.22,21.0,45.7,19.13,Healthy,3.9,18,3,0,Evening
ORD_03841,CUST_0412,REST_041,2026-02-06 13:16:21,264.85,6,Cloudy,High,Delivered,35.0,DEL_03841,DRV_0145,3.17,35.0,78.0,43.14,North Indian,4.9,13,4,0,Afternoon
ORD_03842,CUST_0508,REST_054,2026-03-04 01:55:28,166.06,2,Rain,Medium,Delivered,28.0,DEL_03842,DRV_0211,2.13,28.0,52.9,39.46,Healthy,4.2,1,2,0,Night
ORD_03843,CUST_0734,REST_065,2026-03-07 19:33:41,113.59,3,Clear,High,Delivered,20.0,DEL_03843,DRV_0109,3.89,20.0,67.7,28.03,South Indian,4.7,19,5,1,Evening
ORD_03844,CUST_0786,REST_002,2026-06-06 19:51:46,281.64,6,Cloudy,Low,Delivered,39.0,DEL_03844,DRV_0193,0.8,39.0,61.7,42.86,North Indian,4.2,19,5,1,Evening
ORD_03845,CUST_0890,REST_004,2026-02-25 04:36:25,464.21,1,Cloudy,Medium,Delivered,19.0,DEL_03845,DRV_0357,8.86,19.0,79.1,26.9,Healthy,3.7,4,2,0,Night
ORD_03846,CUST_0244,REST_078,2026-02-10 17:24:12,277.65,6,Clear,Medium,Delivered,36.0,DEL_03846,DRV_0183,5.46,36.0,75.2,42.86,Biryani,3.9,17,1,0,Evening
ORD_03847,CUST_0420,REST_032,2026-05-02 21:24:26,147.8,5,Cloudy,Low,Delivered,17.0,DEL_03847,DRV_0009,4.3,17.0,58.8,19.25,Healthy,3.9,21,5,1,Evening
ORD_03848,CUST_0929,REST_100,2026-03-20 20:59:40,107.89,6,Clear,Medium,Delivered,34.0,DEL_03848,DRV_0132,0.86,34.0,67.8,14.52,Pizza,3.9,20,4,0,Evening
ORD_03849,CUST_0960,REST_002,2026-06-25 18:57:41,196.28,4,Cloudy,Medium,Delivered,37.0,DEL_03849,DRV_0426,2.26,37.0,69.8,26.18,North Indian,4.2,18,3,0,Evening
ORD_03850,CUST_0154,REST_064,2026-01-15 03:34:25,293.02,4,Cloudy,Low,Delivered,16.0,DEL_03850,DRV_0430,0.62,16.0,29.1,25.32,Biryani,5.0,3,3,0,Night
ORD_03851,CUST_0816,REST_014,2026-01-24 12:03:44,146.51,2,Clear,Medium,Delivered,31.0,DEL_03851,DRV_0074,1.71,31.0,66.8,20.82,Fast Food,5.0,12,5,1,Afternoon
ORD_03852,CUST_0424,REST_020,2026-04-27 08:28:26,154.51,4,Cloudy,High,Delivered,18.0,DEL_03852,DRV_0096,4.0,18.0,63.5,25.1,Desserts,3.4,8,0,0,Morning
ORD_03853,CUST_0273,REST_089,2026-02-14 15:19:58,855.85,1,Cloudy,Medium,Delivered,16.0,DEL_03853,DRV_0129,5.65,16.0,55.3,133.93,North Indian,4.1,15,5,1,Afternoon
ORD_03854,CUST_0936,REST_049,2026-01-07 15:44:47,328.08,6,Heavy Rain,Medium,Delivered,28.0,DEL_03854,DRV_0343,2.23,28.0,64.1,57.63,Cafe,3.6,15,2,0,Afternoon
ORD_03855,CUST_0647,REST_008,2026-06-27 08:38:58,341.23,1,Clear,Low,Delivered,32.0,DEL_03855,DRV_0371,2.0,32.0,48.7,34.48,Desserts,4.5,8,5,1,Morning
ORD_03856,CUST_0825,REST_092,2026-03-15 12:33:40,100.0,2,Clear,Low,Delivered,25.0,DEL_03856,DRV_0401,6.72,25.0,74.2,22.71,Indian,4.1,12,6,1,Afternoon
ORD_03857,CUST_0520,REST_063,2026-02-08 17:59:10,122.86,4,Heavy Rain,Medium,Delivered,11.0,DEL_03857,DRV_0372,4.46,11.0,62.5,25.11,Biryani,4.7,17,6,1,Evening
ORD_03858,CUST_0128,REST_046,2026-01-29 10:24:35,188.87,3,Cloudy,High,Delivered,15.0,DEL_03858,DRV_0222,7.24,15.0,70.0,28.96,North Indian,3.7,10,3,0,Morning
ORD_03859,CUST_0373,REST_021,2026-04-04 05:43:50,104.52,6,Rain,High,Delivered,24.0,DEL_03859,DRV_0128,10.07,24.0,93.0,15.49,Fast Food,3.7,5,5,1,Night
ORD_03860,CUST_0568,REST_087,2026-05-21 20:10:11,437.12,3,Clear,Medium,Delivered,18.0,DEL_03860,DRV_0347,5.15,18.0,53.7,61.35,Healthy,4.0,20,3,0,Evening
ORD_03861,CUST_0638,REST_032,2026-05-13 21:01:27,393.73,5,Clear,Medium,Delivered,23.0,DEL_03861,DRV_0335,2.92,23.0,59.9,45.3,Healthy,3.9,21,2,0,Evening
ORD_03862,CUST_0159,REST_008,2026-06-01 17:56:41,135.17,2,Clear,Medium,Delivered,31.0,DEL_03862,DRV_0374,3.54,31.0,58.4,20.46,Desserts,4.5,17,0,0,Evening
ORD_03864,CUST_0570,REST_016,2026-02-03 20:08:48,180.85,3,Rain,Medium,Delivered,23.0,DEL_03864,DRV_0007,3.48,23.0,70.7,20.86,Indian,3.7,20,1,0,Evening
ORD_03866,CUST_0176,REST_027,2026-02-01 23:24:20,196.29,3,Clear,Low,Delivered,34.0,DEL_03866,DRV_0389,4.38,34.0,47.3,26.98,South Indian,4.0,23,6,1,Night
ORD_03867,CUST_0927,REST_018,2026-03-28 06:06:36,248.86,5,Clear,High,Delivered,38.0,DEL_03867,DRV_0436,2.05,38.0,65.0,13.35,Pizza,3.6,6,5,1,Morning
ORD_03868,CUST_0620,REST_035,2026-05-12 10:10:11,391.48,2,Cloudy,Low,Delivered,24.0,DEL_03868,DRV_0116,1.52,24.0,45.3,26.95,North Indian,4.8,10,1,0,Morning
ORD_03870,CUST_0447,REST_015,2026-03-14 11:00:32,240.06,6,Cloudy,High,Delivered,29.0,DEL_03870,DRV_0226,0.51,29.0,56.3,35.99,Healthy,4.6,11,5,1,Morning
ORD_03871,CUST_0586,REST_063,2026-03-20 01:59:49,167.73,1,Clear,Medium,Delivered,16.0,DEL_03871,DRV_0053,8.37,16.0,65.1,28.72,Biryani,4.7,1,4,0,Night
ORD_03872,CUST_0167,REST_053,2026-02-08 04:28:00,240.51,1,Clear,Low,Delivered,19.0,DEL_03872,DRV_0375,2.61,19.0,35.5,24.51,Desserts,5.0,4,6,1,Night
ORD_03873,CUST_0460,REST_091,2026-01-25 11:43:09,115.71,3,Clear,Low,Delivered,17.0,DEL_03873,DRV_0003,11.13,17.0,71.6,23.29,Cafe,4.6,11,6,1,Morning
ORD_03875,CUST_0357,REST_066,2026-04-26 20:15:03,100.0,2,Clear,Low,Delivered,32.0,DEL_03875,DRV_0032,9.47,32.0,89.8,18.11,North Indian,3.5,20,6,1,Evening
ORD_03876,CUST_0304,REST_031,2026-02-25 18:28:49,100.0,4,Rain,Medium,Delivered,35.0,DEL_03876,DRV_0258,2.98,35.0,64.4,23.06,North Indian,4.0,18,2,0,Evening
ORD_03877,CUST_0233,REST_061,2026-03-26 11:11:21,186.37,4,Cloudy,Medium,Delivered,38.0,DEL_03877,DRV_0080,1.61,38.0,60.5,31.55,Healthy,4.4,11,3,0,Morning
ORD_03879,CUST_0884,REST_098,2026-01-13 10:20:13,301.63,4,Clear,Low,Delivered,26.0,DEL_03879,DRV_0337,6.25,26.0,55.2,45.47,Biryani,4.7,10,1,0,Morning
ORD_03880,CUST_0182,REST_034,2026-05-19 03:28:21,173.29,6,Rain,Medium,Delivered,22.0,DEL_03880,DRV_0309,1.54,22.0,46.2,11.08,Desserts,4.0,3,1,0,Night
ORD_03881,CUST_0634,REST_055,2026-05-19 05:17:03,473.83,6,Clear,Medium,Delivered,43.0,DEL_03881,DRV_0396,16.26,43.0,118.2,57.31,North Indian,4.2,5,1,0,Night
ORD_03882,CUST_0334,REST_059,2026-06-01 09:05:33,132.56,5,Clear,Medium,Delivered,35.0,DEL_03882,DRV_0380,2.07,35.0,51.3,21.2,Pizza,4.0,9,0,0,Morning
ORD_03883,CUST_0715,REST_003,2026-04-08 08:35:27,100.0,1,Rain,Low,Delivered,15.0,DEL_03883,DRV_0389,2.93,15.0,38.2,17.17,South Indian,4.4,8,2,0,Morning
ORD_03884,CUST_0967,REST_017,2026-01-09 02:51:17,100.0,3,Cloudy,Medium,Delivered,15.0,DEL_03884,DRV_0260,6.56,15.0,60.3,22.7,Pizza,4.5,2,4,0,Night
ORD_03885,CUST_0029,REST_078,2026-06-10 10:31:17,100.0,2,Cloudy,Medium,Delivered,36.0,DEL_03885,DRV_0312,6.16,36.0,73.5,6.92,Biryani,3.9,10,2,0,Morning
ORD_03886,CUST_0714,REST_078,2026-01-17 21:01:11,284.05,1,Clear,Low,Delivered,34.0,DEL_03886,DRV_0336,3.43,34.0,61.8,43.75,Biryani,3.9,21,5,1,Evening
ORD_03887,CUST_0093,REST_046,2026-03-12 13:55:47,127.85,6,Rain,High,Delivered,15.0,DEL_03887,DRV_0210,3.32,15.0,63.5,15.54,North Indian,3.7,13,3,0,Afternoon
ORD_03888,CUST_0841,REST_038,2026-01-03 16:08:02,233.58,1,Clear,High,Delivered,32.0,DEL_03888,DRV_0448,3.23,32.0,65.6,51.2,Indian,3.7,16,5,1,Afternoon
ORD_03890,CUST_0688,REST_001,2026-03-13 08:33:07,100.0,3,Clear,Medium,Delivered,10.0,DEL_03890,DRV_0444,5.22,10.0,41.7,18.05,Pizza,4.8,8,4,0,Morning
ORD_03891,CUST_0330,REST_029,2026-04-13 14:25:21,235.85,6,Clear,Medium,Delivered,33.0,DEL_03891,DRV_0404,2.51,33.0,64.0,36.72,Pizza,3.9,14,0,0,Afternoon
ORD_03892,CUST_0723,REST_004,2026-04-26 23:57:57,243.82,5,Heavy Rain,Low,Delivered,15.0,DEL_03892,DRV_0309,4.07,15.0,59.3,38.77,Healthy,3.7,23,6,1,Night
ORD_03893,CUST_0184,REST_061,2026-04-20 10:29:45,112.91,1,Cloudy,Medium,Delivered,33.0,DEL_03893,DRV_0329,7.44,33.0,79.8,19.84,Healthy,4.4,10,0,0,Morning
ORD_03894,CUST_0095,REST_097,2026-03-29 22:27:48,381.77,2,Cloudy,High,Delivered,16.0,DEL_03894,DRV_0272,2.95,16.0,56.1,31.59,Cafe,4.7,22,6,1,Night
ORD_03895,CUST_0785,REST_017,2026-01-25 14:29:46,154.74,4,Heavy Rain,Medium,Delivered,18.0,DEL_03895,DRV_0227,5.75,18.0,78.5,30.75,Pizza,4.5,14,6,1,Afternoon
ORD_03896,CUST_0649,REST_028,2026-05-01 00:24:08,146.78,5,Clear,High,Delivered,19.0,DEL_03896,DRV_0349,2.88,19.0,53.5,18.1,Indian,4.4,0,4,0,Night
ORD_03897,CUST_0749,REST_050,2026-06-24 14:01:46,579.05,6,Clear,Medium,Delivered,20.0,DEL_03897,DRV_0113,1.71,20.0,57.4,71.38,Desserts,4.0,14,2,0,Afternoon
ORD_03898,CUST_0353,REST_090,2026-03-06 17:17:25,241.66,1,Cloudy,Low,Delivered,38.0,DEL_03898,DRV_0030,3.28,38.0,51.0,25.26,North Indian,4.2,17,4,0,Evening
ORD_03899,CUST_0930,REST_008,2026-06-25 18:10:05,301.54,4,Cloudy,Low,Delivered,32.0,DEL_03899,DRV_0276,5.1,32.0,55.4,18.11,Desserts,4.5,18,3,0,Evening
ORD_03900,CUST_0941,REST_034,2026-01-28 20:04:31,381.91,4,Clear,Medium,Delivered,18.0,DEL_03900,DRV_0362,16.04,18.0,111.9,66.75,Desserts,4.0,20,2,0,Evening
ORD_03901,CUST_0984,REST_059,2026-03-16 03:19:06,126.75,1,Clear,Medium,Delivered,32.0,DEL_03901,DRV_0214,4.28,32.0,59.0,25.39,Pizza,4.0,3,0,0,Night
ORD_03902,CUST_0265,REST_018,2026-01-13 05:09:34,360.47,3,Clear,Low,Delivered,34.0,DEL_03902,DRV_0087,3.68,34.0,61.6,26.14,Pizza,3.6,5,1,0,Night
ORD_03903,CUST_0647,REST_095,2026-01-06 21:12:57,137.55,1,Clear,Medium,Delivered,29.0,DEL_03903,DRV_0436,2.75,29.0,65.7,23.43,Pizza,3.7,21,1,0,Evening
ORD_03904,CUST_0656,REST_059,2026-01-30 14:07:51,134.35,6,Clear,High,Delivered,38.0,DEL_03904,DRV_0292,4.93,38.0,93.9,26.6,Pizza,4.0,14,4,0,Afternoon
ORD_03905,CUST_0019,REST_027,2026-01-20 02:20:24,156.08,2,Clear,High,Delivered,31.0,DEL_03905,DRV_0022,3.94,31.0,60.4,27.31,South Indian,4.0,2,1,0,Night
ORD_03906,CUST_0743,REST_016,2026-02-07 07:24:39,128.75,6,Clear,Low,Delivered,30.0,DEL_03906,DRV_0385,3.34,30.0,52.7,14.38,Indian,3.7,7,5,1,Morning
ORD_03907,CUST_0646,REST_010,2026-05-13 19:59:26,284.91,4,Clear,Low,Delivered,24.0,DEL_03907,DRV_0021,2.57,24.0,45.2,47.81,Healthy,4.9,19,2,0,Evening
ORD_03908,CUST_0626,REST_076,2026-04-10 04:51:30,209.97,2,Clear,High,Delivered,17.0,DEL_03908,DRV_0176,0.62,17.0,47.7,39.77,Chinese,3.7,4,4,0,Night
ORD_03909,CUST_0499,REST_022,2026-03-30 11:04:24,138.36,5,Heavy Rain,High,Delivered,22.0,DEL_03909,DRV_0491,5.66,22.0,81.4,20.75,Biryani,4.5,11,0,0,Morning
ORD_03910,CUST_0139,REST_016,2026-03-14 19:23:30,262.69,4,Rain,Medium,Delivered,27.0,DEL_03910,DRV_0467,3.27,27.0,71.8,60.16,Indian,3.7,19,5,1,Evening
ORD_03911,CUST_0637,REST_012,2026-06-11 08:57:59,155.81,3,Cloudy,High,Delivered,21.0,DEL_03911,DRV_0456,1.59,21.0,48.6,32.88,South Indian,4.6,8,3,0,Morning
ORD_03912,CUST_0716,REST_075,2026-05-01 22:46:17,151.34,1,Heavy Rain,Low,Delivered,7.0,DEL_03912,DRV_0261,3.62,7.0,36.5,19.4,Fast Food,3.5,22,4,0,Night
ORD_03913,CUST_0573,REST_084,2026-03-19 02:54:00,186.19,5,Heavy Rain,Low,Delivered,17.0,DEL_03913,DRV_0376,3.3,17.0,52.6,25.57,North Indian,3.3,2,3,0,Night
ORD_03914,CUST_0762,REST_051,2026-01-05 05:19:18,233.9,6,Clear,Low,Delivered,14.0,DEL_03914,DRV_0168,0.55,14.0,21.9,20.26,Healthy,3.6,5,0,0,Night
ORD_03915,CUST_0810,REST_001,2026-05-15 00:44:51,224.62,2,Clear,Low,Delivered,16.0,DEL_03915,DRV_0221,1.24,16.0,23.3,30.46,Pizza,4.8,0,4,0,Night
ORD_03916,CUST_0525,REST_027,2026-01-23 18:41:02,148.44,5,Heavy Rain,High,Delivered,30.0,DEL_03916,DRV_0082,1.32,30.0,63.9,24.59,South Indian,4.0,18,4,0,Evening
ORD_03917,CUST_0908,REST_067,2026-02-02 05:59:36,288.85,3,Cloudy,Medium,Delivered,14.0,DEL_03917,DRV_0477,11.89,14.0,66.4,37.35,North Indian,3.1,5,0,0,Night
ORD_03918,CUST_0255,REST_012,2026-03-25 07:46:26,160.4,1,Clear,Low,Delivered,12.0,DEL_03918,DRV_0079,5.42,12.0,43.9,28.07,South Indian,4.6,7,2,0,Morning
ORD_03919,CUST_0085,REST_030,2026-01-18 14:28:30,126.44,5,Cloudy,High,Delivered,19.0,DEL_03919,DRV_0498,2.58,19.0,65.2,16.35,South Indian,4.1,14,6,1,Afternoon
ORD_03921,CUST_0532,REST_053,2026-03-09 06:51:21,311.3,2,Clear,Low,Delivered,21.0,DEL_03921,DRV_0159,4.0,21.0,43.9,55.82,Desserts,5.0,6,0,0,Morning
ORD_03922,CUST_0562,REST_061,2026-03-27 11:13:02,182.51,5,Clear,Medium,Delivered,38.0,DEL_03922,DRV_0143,6.85,38.0,80.9,25.57,Healthy,4.4,11,4,0,Morning
ORD_03923,CUST_0676,REST_054,2026-02-16 18:35:28,203.56,1,Clear,Medium,Delivered,22.0,DEL_03923,DRV_0314,8.11,22.0,69.4,12.8,Healthy,4.2,18,0,0,Evening
ORD_03924,CUST_0092,REST_037,2026-03-29 20:10:38,322.21,6,Clear,Medium,Delivered,15.0,DEL_03924,DRV_0437,9.64,15.0,76.3,20.5,Chinese,3.8,20,6,1,Evening
ORD_03925,CUST_0600,REST_065,2026-04-04 21:28:19,139.41,5,Rain,Medium,Delivered,18.0,DEL_03925,DRV_0045,1.44,18.0,66.8,12.94,South Indian,4.7,21,5,1,Evening
ORD_03926,CUST_0069,REST_042,2026-05-16 19:47:03,100.0,2,Clear,Low,Delivered,36.0,DEL_03926,DRV_0451,3.53,36.0,59.7,14.69,Healthy,5.0,19,5,1,Evening
ORD_03927,CUST_0037,REST_049,2026-01-10 10:12:36,188.36,1,Clear,Medium,Delivered,26.0,DEL_03927,DRV_0236,2.88,26.0,43.3,24.6,Cafe,3.6,10,5,1,Morning
ORD_03928,CUST_0765,REST_004,2026-03-24 21:01:21,214.73,3,Clear,High,Delivered,13.0,DEL_03928,DRV_0492,1.67,13.0,55.6,21.84,Healthy,3.7,21,1,0,Evening
ORD_03929,CUST_0764,REST_064,2026-06-06 02:20:34,156.87,3,Cloudy,High,Delivered,8.0,DEL_03929,DRV_0170,10.04,8.0,76.3,33.04,Biryani,5.0,2,5,1,Night
ORD_03930,CUST_0140,REST_079,2026-06-07 20:33:20,407.71,4,Heavy Rain,Low,Delivered,32.0,DEL_03930,DRV_0225,8.87,32.0,100.8,68.86,Healthy,4.4,20,6,1,Evening
ORD_03931,CUST_0867,REST_051,2026-05-23 22:52:01,100.0,5,Clear,Low,Delivered,17.0,DEL_03931,DRV_0408,6.99,17.0,48.9,17.68,Healthy,3.6,22,5,1,Night
ORD_03932,CUST_0893,REST_091,2026-01-14 10:52:00,335.64,2,Clear,High,Delivered,18.0,DEL_03932,DRV_0294,9.21,18.0,78.4,15.0,Cafe,4.6,10,2,0,Morning
ORD_03933,CUST_0680,REST_072,2026-01-27 22:54:57,280.1,5,Clear,Medium,Delivered,20.0,DEL_03933,DRV_0307,2.94,20.0,41.4,32.3,Chinese,3.8,22,1,0,Night
ORD_03934,CUST_0566,REST_060,2026-01-03 12:25:22,233.04,1,Cloudy,Medium,Delivered,23.0,DEL_03934,DRV_0280,5.0,23.0,73.4,28.63,Chinese,4.2,12,5,1,Afternoon
ORD_03935,CUST_0898,REST_087,2026-06-23 03:06:40,100.0,4,Clear,Medium,Delivered,11.0,DEL_03935,DRV_0461,9.12,11.0,64.0,26.47,Healthy,4.0,3,1,0,Night
ORD_03936,CUST_0178,REST_079,2026-04-15 21:03:38,367.29,2,Clear,Medium,Delivered,28.0,DEL_03936,DRV_0091,7.41,28.0,78.7,44.73,Healthy,4.4,21,2,0,Evening
ORD_03937,CUST_0809,REST_091,2026-04-03 14:27:04,103.08,5,Clear,Medium,Delivered,16.0,DEL_03937,DRV_0417,8.06,16.0,72.3,23.69,Cafe,4.6,14,4,0,Afternoon
ORD_03938,CUST_0813,REST_031,2026-06-09 22:49:45,137.11,2,Clear,Medium,Delivered,31.0,DEL_03938,DRV_0147,6.08,31.0,67.0,21.8,North Indian,4.0,22,1,0,Night
ORD_03939,CUST_0871,REST_072,2026-03-12 21:37:40,165.04,1,Rain,Low,Delivered,22.0,DEL_03939,DRV_0281,5.14,22.0,59.0,20.96,Chinese,3.8,21,3,0,Evening
ORD_03940,CUST_0618,REST_094,2026-05-03 12:12:31,226.8,4,Clear,High,Delivered,17.0,DEL_03940,DRV_0070,3.04,17.0,69.6,47.88,Cafe,4.6,12,6,1,Afternoon
ORD_03941,CUST_0137,REST_058,2026-06-08 16:23:19,257.67,2,Clear,High,Delivered,22.0,DEL_03941,DRV_0481,8.31,22.0,84.4,38.83,Fast Food,4.7,16,0,0,Afternoon
ORD_03942,CUST_0190,REST_082,2026-02-14 18:04:52,296.21,1,Rain,High,Delivered,38.0,DEL_03942,DRV_0473,9.72,38.0,105.5,51.95,Healthy,3.7,18,5,1,Evening
ORD_03943,CUST_0640,REST_004,2026-03-22 12:31:51,283.93,3,Rain,High,Delivered,18.0,DEL_03943,DRV_0471,2.64,18.0,70.6,22.66,Healthy,3.7,12,6,1,Afternoon
ORD_03944,CUST_0342,REST_022,2026-02-06 11:41:42,208.33,2,Clear,Medium,Delivered,27.0,DEL_03944,DRV_0049,4.04,27.0,50.8,14.68,Biryani,4.5,11,4,0,Morning
ORD_03945,CUST_0559,REST_003,2026-05-26 15:01:31,227.87,4,Heavy Rain,Low,Delivered,10.0,DEL_03945,DRV_0017,1.17,10.0,46.3,34.34,South Indian,4.4,15,1,0,Afternoon
ORD_03946,CUST_0005,REST_079,2026-06-03 00:51:47,100.0,6,Cloudy,Low,Delivered,32.0,DEL_03946,DRV_0149,2.63,32.0,56.5,23.72,Healthy,4.4,0,2,0,Night
ORD_03947,CUST_0972,REST_099,2026-01-20 20:42:06,119.93,6,Clear,Low,Delivered,25.0,DEL_03947,DRV_0043,6.94,25.0,69.7,22.46,Healthy,3.7,20,1,0,Evening
ORD_03948,CUST_0257,REST_047,2026-02-23 11:00:06,296.64,2,Clear,Medium,Delivered,28.0,DEL_03948,DRV_0212,10.91,28.0,88.1,45.98,Desserts,4.4,11,0,0,Morning
ORD_03949,CUST_0812,REST_038,2026-01-21 14:31:01,287.28,2,Clear,Medium,Delivered,33.0,DEL_03949,DRV_0204,5.44,33.0,82.3,27.41,Indian,3.7,14,2,0,Afternoon
ORD_03950,CUST_0662,REST_033,2026-01-03 15:29:12,269.91,1,Clear,High,Delivered,27.0,DEL_03950,DRV_0205,5.3,27.0,75.9,15.66,Fast Food,4.1,15,5,1,Afternoon
ORD_03951,CUST_0806,REST_078,2026-05-09 06:27:55,136.6,5,Clear,Medium,Delivered,36.0,DEL_03951,DRV_0338,15.19,36.0,103.3,16.79,Biryani,3.9,6,5,1,Morning
ORD_03953,CUST_0787,REST_065,2026-03-06 10:57:18,100.0,5,Rain,Medium,Delivered,22.0,DEL_03953,DRV_0063,5.89,22.0,69.5,18.05,South Indian,4.7,10,4,0,Morning
ORD_03954,CUST_0720,REST_026,2026-01-09 16:40:47,327.85,6,Clear,Low,Delivered,42.0,DEL_03954,DRV_0024,9.24,42.0,81.6,33.09,Fast Food,3.0,16,4,0,Afternoon
ORD_03955,CUST_0415,REST_008,2026-05-29 00:43:56,157.04,2,Clear,High,Delivered,26.0,DEL_03955,DRV_0033,4.7,26.0,71.4,6.59,Desserts,4.5,0,4,0,Night
ORD_03956,CUST_0627,REST_050,2026-02-28 06:53:12,457.74,4,Clear,Medium,Delivered,26.0,DEL_03956,DRV_0451,8.07,26.0,74.3,50.89,Desserts,4.0,6,5,1,Morning
ORD_03957,CUST_0707,REST_080,2026-01-22 05:00:13,100.0,4,Cloudy,Low,Delivered,32.0,DEL_03957,DRV_0209,6.55,32.0,66.0,14.49,South Indian,5.0,5,3,0,Night
ORD_03958,CUST_0343,REST_038,2026-02-15 08:47:48,478.13,6,Rain,High,Delivered,38.0,DEL_03958,DRV_0487,2.18,38.0,62.1,59.81,Indian,3.7,8,6,1,Morning
ORD_03961,CUST_0594,REST_037,2026-01-03 20:36:08,201.78,2,Clear,Medium,Delivered,20.0,DEL_03961,DRV_0176,4.66,20.0,73.0,40.96,Chinese,3.8,20,5,1,Evening
ORD_03962,CUST_0666,REST_026,2026-06-17 22:18:30,123.55,2,Cloudy,Medium,Delivered,39.0,DEL_03962,DRV_0044,8.91,39.0,85.5,25.33,Fast Food,3.0,22,2,0,Night
ORD_03963,CUST_0653,REST_092,2026-01-24 11:34:11,174.2,5,Clear,Low,Delivered,21.0,DEL_03963,DRV_0153,4.15,21.0,34.2,18.44,Indian,4.1,11,5,1,Morning
ORD_03964,CUST_0826,REST_012,2026-02-03 23:21:39,120.82,1,Clear,High,Delivered,20.0,DEL_03964,DRV_0456,4.13,20.0,59.6,17.41,South Indian,4.6,23,1,0,Night
ORD_03965,CUST_0146,REST_084,2026-05-14 14:03:22,123.27,3,Clear,High,Delivered,18.0,DEL_03965,DRV_0363,3.49,18.0,68.6,12.23,North Indian,3.3,14,3,0,Afternoon
ORD_03966,CUST_0323,REST_049,2026-04-29 06:37:27,236.94,4,Rain,Medium,Delivered,32.0,DEL_03966,DRV_0355,3.05,32.0,61.6,32.84,Cafe,3.6,6,2,0,Morning
ORD_03967,CUST_0122,REST_014,2026-01-10 07:21:09,110.4,4,Cloudy,Medium,Delivered,30.0,DEL_03967,DRV_0188,19.41,30.0,129.5,20.08,Fast Food,5.0,7,5,1,Morning
ORD_03968,CUST_0252,REST_046,2026-03-31 11:56:40,118.81,2,Heavy Rain,High,Delivered,16.0,DEL_03968,DRV_0285,5.1,16.0,72.9,34.85,North Indian,3.7,11,1,0,Morning
ORD_03969,CUST_0855,REST_035,2026-06-19 20:27:09,100.0,1,Clear,Medium,Delivered,27.0,DEL_03969,DRV_0012,2.99,27.0,61.1,35.08,North Indian,4.8,20,4,0,Evening
ORD_03970,CUST_0899,REST_029,2026-02-19 08:10:49,137.39,3,Clear,High,Delivered,34.0,DEL_03970,DRV_0356,5.0,34.0,74.0,23.18,Pizza,3.9,8,3,0,Morning
ORD_03971,CUST_0311,REST_012,2026-06-14 06:14:53,372.93,4,Clear,Medium,Delivered,13.0,DEL_03971,DRV_0383,5.35,13.0,63.7,51.37,South Indian,4.6,6,6,1,Morning
ORD_03972,CUST_0601,REST_082,2026-04-28 09:18:30,113.83,1,Cloudy,Medium,Delivered,30.0,DEL_03972,DRV_0137,2.23,30.0,49.4,16.57,Healthy,3.7,9,1,0,Morning
ORD_03973,CUST_0475,REST_044,2026-06-30 20:14:27,121.22,3,Rain,Medium,Delivered,27.0,DEL_03973,DRV_0474,10.17,27.0,101.2,21.69,Biryani,4.1,20,1,0,Evening
ORD_03974,CUST_0570,REST_066,2026-04-04 17:13:06,201.67,6,Rain,Medium,Delivered,26.0,DEL_03974,DRV_0086,3.45,26.0,54.6,23.53,North Indian,3.5,17,5,1,Evening
ORD_03975,CUST_0492,REST_002,2026-05-08 11:19:51,147.83,2,Cloudy,Low,Delivered,33.0,DEL_03975,DRV_0053,10.01,33.0,81.2,2.73,North Indian,4.2,11,4,0,Morning
ORD_03976,CUST_0575,REST_059,2026-02-10 20:44:22,617.38,5,Cloudy,High,Delivered,32.0,DEL_03976,DRV_0061,3.11,32.0,74.3,74.3,Pizza,4.0,20,1,0,Evening
ORD_03977,CUST_0347,REST_017,2026-01-06 15:30:43,165.77,4,Rain,Medium,Delivered,20.0,DEL_03977,DRV_0415,2.62,20.0,58.0,15.78,Pizza,4.5,15,1,0,Afternoon
ORD_03979,CUST_0487,REST_018,2026-01-12 17:06:27,304.62,3,Rain,Low,Delivered,41.0,DEL_03979,DRV_0304,10.36,41.0,93.6,42.34,Pizza,3.6,17,0,0,Evening
ORD_03980,CUST_0473,REST_022,2026-04-26 13:12:16,301.42,5,Rain,Medium,Delivered,22.0,DEL_03980,DRV_0108,3.4,22.0,60.2,41.17,Biryani,4.5,13,6,1,Afternoon
ORD_03981,CUST_0382,REST_083,2026-05-09 06:25:35,206.09,6,Clear,High,Delivered,13.0,DEL_03981,DRV_0478,3.03,13.0,50.3,46.42,Pizza,4.8,6,5,1,Morning
ORD_03982,CUST_0280,REST_058,2026-04-15 02:08:58,165.9,1,Cloudy,High,Delivered,16.0,DEL_03982,DRV_0335,6.61,16.0,68.7,26.3,Fast Food,4.7,2,2,0,Night
ORD_03983,CUST_0072,REST_053,2026-06-27 08:55:02,551.82,2,Clear,High,Delivered,24.0,DEL_03983,DRV_0303,1.82,24.0,58.6,35.3,Desserts,5.0,8,5,1,Morning
ORD_03984,CUST_0521,REST_001,2026-05-07 21:10:08,171.59,1,Clear,High,Delivered,14.0,DEL_03984,DRV_0417,5.83,14.0,68.0,33.48,Pizza,4.8,21,3,0,Evening
ORD_03985,CUST_0366,REST_088,2026-01-01 04:00:25,142.18,3,Cloudy,Low,Delivered,33.0,DEL_03985,DRV_0067,9.35,33.0,82.6,13.04,Cafe,3.8,4,3,0,Night
ORD_03986,CUST_0933,REST_061,2026-02-22 04:12:09,127.08,4,Clear,High,Delivered,39.0,DEL_03986,DRV_0482,3.51,39.0,78.1,23.55,Healthy,4.4,4,6,1,Night
ORD_03987,CUST_0094,REST_100,2026-01-01 21:29:07,100.0,6,Clear,Low,Delivered,32.0,DEL_03987,DRV_0320,9.58,32.0,77.0,23.01,Pizza,3.9,21,3,0,Evening
ORD_03988,CUST_0373,REST_089,2026-02-11 22:07:38,284.83,4,Rain,Low,Delivered,20.0,DEL_03988,DRV_0122,8.69,20.0,67.7,56.99,North Indian,4.1,22,2,0,Night
ORD_03989,CUST_0339,REST_100,2026-03-09 14:04:45,100.0,1,Clear,Low,Delivered,38.0,DEL_03989,DRV_0254,6.05,38.0,74.3,12.94,Pizza,3.9,14,0,0,Afternoon
ORD_03990,CUST_0437,REST_031,2026-02-24 12:26:10,180.7,6,Clear,High,Delivered,36.0,DEL_03990,DRV_0401,15.38,36.0,133.3,17.54,North Indian,4.0,12,1,0,Afternoon
ORD_03991,CUST_0336,REST_031,2026-06-08 08:33:38,161.96,2,Cloudy,Low,Delivered,29.0,DEL_03991,DRV_0300,1.85,29.0,40.2,12.0,North Indian,4.0,8,0,0,Morning
ORD_03992,CUST_0664,REST_066,2026-01-17 02:36:59,621.4,3,Clear,Low,Delivered,25.0,DEL_03992,DRV_0005,1.85,25.0,38.4,33.02,North Indian,3.5,2,5,1,Night
ORD_03993,CUST_0492,REST_019,2026-03-06 00:21:52,100.0,2,Clear,Low,Delivered,26.0,DEL_03993,DRV_0350,9.46,26.0,74.1,19.62,Indian,4.4,0,4,0,Night
ORD_03994,CUST_0917,REST_053,2026-06-03 12:56:03,110.43,3,Clear,Medium,Delivered,24.0,DEL_03994,DRV_0446,1.82,24.0,55.7,9.38,Desserts,5.0,12,2,0,Afternoon
ORD_03995,CUST_0868,REST_076,2026-05-14 06:59:25,168.2,2,Clear,High,Delivered,15.0,DEL_03995,DRV_0235,4.07,15.0,47.0,22.81,Chinese,3.7,6,3,0,Morning
ORD_03997,CUST_0359,REST_095,2026-03-08 13:38:53,133.99,5,Rain,Medium,Delivered,27.0,DEL_03997,DRV_0447,9.19,27.0,98.9,17.27,Pizza,3.7,13,6,1,Afternoon
ORD_03998,CUST_0574,REST_022,2026-06-15 14:35:24,173.37,6,Clear,Low,Delivered,23.0,DEL_03998,DRV_0335,4.68,23.0,61.0,30.82,Biryani,4.5,14,0,0,Afternoon
ORD_03999,CUST_0254,REST_023,2026-05-06 03:49:00,100.0,3,Clear,Low,Delivered,39.0,DEL_03999,DRV_0039,1.57,39.0,36.2,19.28,South Indian,4.6,3,2,0,Night
ORD_04000,CUST_0966,REST_087,2026-06-21 20:36:39,220.62,1,Heavy Rain,Low,Delivered,15.0,DEL_04000,DRV_0200,6.58,15.0,74.3,13.4,Healthy,4.0,20,6,1,Evening
ORD_04002,CUST_0398,REST_026,2026-04-29 21:30:06,178.72,4,Clear,Medium,Delivered,37.0,DEL_04002,DRV_0358,4.56,37.0,78.5,14.6,Fast Food,3.0,21,2,0,Evening
ORD_04003,CUST_0757,REST_003,2026-03-21 21:18:08,130.3,2,Cloudy,Low,Delivered,11.0,DEL_04003,DRV_0348,3.61,11.0,49.5,22.42,South Indian,4.4,21,5,1,Evening
ORD_04004,CUST_0877,REST_087,2026-05-21 07:17:31,317.02,4,Cloudy,High,Delivered,18.0,DEL_04004,DRV_0021,8.33,18.0,89.0,49.72,Healthy,4.0,7,3,0,Morning
ORD_04005,CUST_0170,REST_020,2026-02-23 07:55:41,476.0,5,Cloudy,High,Delivered,16.0,DEL_04005,DRV_0175,5.79,16.0,66.7,47.31,Desserts,3.4,7,0,0,Morning
ORD_04006,CUST_0690,REST_040,2026-02-15 07:47:33,151.1,3,Rain,Low,Delivered,30.0,DEL_04006,DRV_0074,4.25,30.0,60.5,25.74,Desserts,4.1,7,6,1,Morning
ORD_04007,CUST_0701,REST_039,2026-06-16 10:55:18,389.51,2,Clear,Low,Delivered,24.0,DEL_04007,DRV_0284,9.15,24.0,61.1,60.78,Desserts,4.2,10,1,0,Morning
ORD_04008,CUST_0511,REST_072,2026-05-08 04:13:50,152.34,3,Clear,High,Delivered,21.0,DEL_04008,DRV_0149,4.23,21.0,58.5,34.13,Chinese,3.8,4,4,0,Night
ORD_04009,CUST_0260,REST_018,2026-02-07 21:27:53,106.55,3,Clear,Low,Delivered,36.0,DEL_04009,DRV_0113,4.51,36.0,65.2,26.22,Pizza,3.6,21,5,1,Evening
ORD_04010,CUST_0584,REST_041,2026-04-15 00:02:19,473.55,1,Cloudy,Medium,Delivered,37.0,DEL_04010,DRV_0284,2.59,37.0,65.2,72.02,North Indian,4.9,0,2,0,Night
ORD_04011,CUST_0984,REST_070,2026-05-13 13:49:37,241.39,4,Cloudy,Medium,Delivered,10.0,DEL_04011,DRV_0086,8.68,10.0,70.0,30.95,Desserts,4.2,13,2,0,Afternoon
ORD_04012,CUST_0459,REST_027,2026-02-18 21:12:35,181.72,6,Clear,High,Delivered,32.0,DEL_04012,DRV_0102,4.12,32.0,86.3,23.47,South Indian,4.0,21,2,0,Evening
ORD_04013,CUST_0529,REST_100,2026-02-11 11:58:50,264.53,3,Clear,Medium,Delivered,36.0,DEL_04013,DRV_0019,3.14,36.0,53.9,42.33,Pizza,3.9,11,2,0,Morning
ORD_04014,CUST_0882,REST_015,2026-03-11 10:05:33,210.78,5,Heavy Rain,Low,Delivered,28.0,DEL_04014,DRV_0063,7.32,28.0,79.9,15.5,Healthy,4.6,10,2,0,Morning
ORD_04015,CUST_0341,REST_037,2026-04-02 21:12:18,174.5,5,Clear,Low,Delivered,18.0,DEL_04015,DRV_0116,2.44,18.0,46.9,11.24,Chinese,3.8,21,3,0,Evening
ORD_04016,CUST_0057,REST_058,2026-01-12 05:49:48,100.0,6,Clear,Low,Delivered,21.0,DEL_04016,DRV_0180,4.86,21.0,47.5,22.0,Fast Food,4.7,5,0,0,Night
ORD_04017,CUST_0218,REST_005,2026-05-12 01:46:52,156.21,4,Rain,Medium,Delivered,38.0,DEL_04017,DRV_0038,4.68,38.0,80.0,19.93,Chinese,4.4,1,1,0,Night
ORD_04019,CUST_0816,REST_007,2026-02-08 10:57:58,169.44,2,Clear,High,Delivered,18.0,DEL_04019,DRV_0408,4.31,18.0,57.3,19.31,Healthy,3.9,10,6,1,Morning
ORD_04020,CUST_0940,REST_041,2026-01-05 14:53:05,297.76,2,Clear,Medium,Delivered,36.0,DEL_04020,DRV_0092,8.19,36.0,84.7,36.14,North Indian,4.9,14,0,0,Afternoon
ORD_04021,CUST_0685,REST_084,2026-03-27 02:33:14,223.86,2,Cloudy,Medium,Delivered,15.0,DEL_04021,DRV_0173,5.56,15.0,55.3,34.34,North Indian,3.3,2,4,0,Night
ORD_04023,CUST_0464,REST_062,2026-04-27 15:59:36,100.0,3,Rain,Low,Delivered,23.0,DEL_04023,DRV_0009,16.35,23.0,106.1,29.98,Fast Food,3.5,15,0,0,Afternoon
ORD_04024,CUST_0247,REST_026,2026-04-24 02:59:55,166.26,1,Clear,High,Delivered,33.0,DEL_04024,DRV_0009,4.8,33.0,75.5,23.71,Fast Food,3.0,2,4,0,Night
ORD_04025,CUST_0730,REST_068,2026-04-14 05:12:13,135.87,6,Cloudy,Low,Delivered,20.0,DEL_04025,DRV_0021,8.42,20.0,66.1,16.12,Indian,4.5,5,1,0,Night
ORD_04026,CUST_0373,REST_024,2026-02-22 06:42:54,218.11,6,Clear,Low,Delivered,37.0,DEL_04026,DRV_0024,3.87,37.0,54.1,37.19,Cafe,4.3,6,6,1,Morning
ORD_04027,CUST_0417,REST_078,2026-04-06 01:46:18,122.12,6,Clear,Low,Delivered,33.0,DEL_04027,DRV_0095,0.5,33.0,40.4,17.38,Biryani,3.9,1,0,0,Night
ORD_04028,CUST_0031,REST_041,2026-01-14 19:45:41,129.22,2,Cloudy,Medium,Delivered,37.0,DEL_04028,DRV_0192,6.04,37.0,93.8,19.95,North Indian,4.9,19,2,0,Evening
ORD_04029,CUST_0368,REST_065,2026-04-26 05:43:09,323.5,1,Clear,High,Delivered,20.0,DEL_04029,DRV_0349,1.28,20.0,42.4,44.75,South Indian,4.7,5,6,1,Night
ORD_04030,CUST_0559,REST_017,2026-05-12 12:45:54,196.67,5,Cloudy,Low,Delivered,16.0,DEL_04030,DRV_0296,4.09,16.0,43.0,38.8,Pizza,4.5,12,1,0,Afternoon
ORD_04031,CUST_0646,REST_024,2026-01-13 19:41:06,123.16,4,Clear,Medium,Delivered,33.0,DEL_04031,DRV_0458,4.2,33.0,74.4,24.26,Cafe,4.3,19,1,0,Evening
ORD_04032,CUST_0108,REST_027,2026-06-30 13:20:19,183.04,5,Clear,Low,Delivered,33.0,DEL_04032,DRV_0180,1.03,33.0,46.3,32.11,South Indian,4.0,13,1,0,Afternoon
ORD_04033,CUST_0584,REST_007,2026-04-24 20:19:22,386.99,2,Cloudy,High,Delivered,22.0,DEL_04033,DRV_0388,4.6,22.0,70.1,24.94,Healthy,3.9,20,4,0,Evening
ORD_04034,CUST_0839,REST_073,2026-01-12 18:52:44,213.06,3,Cloudy,Medium,Delivered,41.0,DEL_04034,DRV_0131,3.99,41.0,72.4,42.77,South Indian,3.9,18,0,0,Evening
ORD_04035,CUST_0418,REST_099,2026-01-06 16:09:27,251.17,2,Clear,Medium,Delivered,35.0,DEL_04035,DRV_0397,3.67,35.0,55.7,30.14,Healthy,3.7,16,1,0,Afternoon
ORD_04036,CUST_0620,REST_012,2026-04-24 07:08:00,119.85,1,Rain,Medium,Delivered,20.0,DEL_04036,DRV_0021,3.15,20.0,62.3,23.07,South Indian,4.6,7,4,0,Morning
ORD_04038,CUST_0398,REST_003,2026-04-11 14:13:15,648.69,6,Clear,Medium,Delivered,17.0,DEL_04038,DRV_0376,6.13,17.0,65.1,27.41,South Indian,4.4,14,5,1,Afternoon
ORD_04039,CUST_0272,REST_079,2026-04-28 00:04:10,117.3,3,Clear,Medium,Delivered,28.0,DEL_04039,DRV_0201,10.77,28.0,79.4,26.32,Healthy,4.4,0,1,0,Night
ORD_04041,CUST_0116,REST_010,2026-01-25 00:17:58,199.65,4,Clear,Medium,Delivered,32.0,DEL_04041,DRV_0385,6.96,32.0,63.5,39.76,Healthy,4.9,0,6,1,Night
ORD_04042,CUST_0841,REST_033,2026-05-08 06:07:30,293.4,4,Rain,Low,Delivered,26.0,DEL_04042,DRV_0014,2.27,26.0,35.5,35.1,Fast Food,4.1,6,4,0,Morning
ORD_04043,CUST_0586,REST_046,2026-01-29 10:22:05,172.39,6,Clear,Medium,Delivered,20.0,DEL_04043,DRV_0332,11.95,20.0,74.0,12.39,North Indian,3.7,10,3,0,Morning
ORD_04044,CUST_0256,REST_059,2026-04-24 13:27:22,101.57,3,Clear,Low,Delivered,37.0,DEL_04044,DRV_0036,1.6,37.0,61.7,9.63,Pizza,4.0,13,4,0,Afternoon
ORD_04045,CUST_0081,REST_052,2026-06-13 17:02:30,170.76,6,Heavy Rain,Medium,Delivered,32.0,DEL_04045,DRV_0406,7.84,32.0,85.3,26.66,Healthy,4.6,17,5,1,Evening
ORD_04046,CUST_0780,REST_006,2026-01-19 11:38:32,251.88,3,Clear,Medium,Delivered,21.0,DEL_04046,DRV_0373,1.76,21.0,34.7,30.0,Cafe,3.9,11,0,0,Morning
ORD_04047,CUST_0128,REST_002,2026-02-23 15:08:02,144.91,1,Clear,Low,Delivered,39.0,DEL_04047,DRV_0164,0.64,39.0,43.3,9.76,North Indian,4.2,15,0,0,Afternoon
ORD_04048,CUST_0838,REST_029,2026-04-16 04:04:18,253.15,2,Clear,Medium,Delivered,29.0,DEL_04048,DRV_0045,1.24,29.0,57.3,34.51,Pizza,3.9,4,3,0,Night
ORD_04049,CUST_0915,REST_040,2026-04-24 17:40:49,343.98,4,Clear,High,Delivered,23.0,DEL_04049,DRV_0144,14.19,23.0,108.6,32.97,Desserts,4.1,17,4,0,Evening
ORD_04050,CUST_0235,REST_097,2026-02-17 20:00:57,206.88,1,Clear,Medium,Delivered,12.0,DEL_04050,DRV_0011,3.42,12.0,47.3,32.55,Cafe,4.7,20,1,0,Evening
ORD_04051,CUST_0553,REST_061,2026-02-03 03:54:24,178.51,2,Clear,Low,Delivered,41.0,DEL_04051,DRV_0323,5.8,41.0,61.9,28.49,Healthy,4.4,3,1,0,Night
ORD_04052,CUST_0181,REST_068,2026-03-27 17:47:20,286.04,4,Cloudy,High,Delivered,23.0,DEL_04052,DRV_0354,3.77,23.0,60.5,40.38,Indian,4.5,17,4,0,Evening
ORD_04053,CUST_0157,REST_068,2026-03-24 14:49:57,113.2,6,Cloudy,Medium,Delivered,26.0,DEL_04053,DRV_0409,1.96,26.0,55.1,23.94,Indian,4.5,14,1,0,Afternoon
ORD_04054,CUST_0454,REST_029,2026-01-01 12:00:37,107.22,1,Rain,Low,Delivered,28.0,DEL_04054,DRV_0346,6.92,28.0,80.8,24.75,Pizza,3.9,12,3,0,Afternoon
ORD_04055,CUST_0571,REST_062,2026-02-04 20:15:51,156.55,5,Cloudy,Medium,Delivered,20.0,DEL_04055,DRV_0451,5.23,20.0,66.2,35.93,Fast Food,3.5,20,2,0,Evening
ORD_04056,CUST_0857,REST_060,2026-03-13 17:08:36,138.31,5,Clear,Medium,Delivered,23.0,DEL_04056,DRV_0212,3.53,23.0,45.0,34.73,Chinese,4.2,17,4,0,Evening
ORD_04057,CUST_0761,REST_084,2026-03-30 01:58:00,116.53,4,Clear,Medium,Delivered,25.0,DEL_04057,DRV_0415,3.97,25.0,47.2,24.85,North Indian,3.3,1,0,0,Night
ORD_04058,CUST_0704,REST_041,2026-01-20 04:01:34,496.09,1,Cloudy,Medium,Delivered,34.0,DEL_04058,DRV_0113,2.16,34.0,68.3,62.31,North Indian,4.9,4,1,0,Night
ORD_04059,CUST_0024,REST_087,2026-03-31 00:47:22,598.6,2,Clear,Medium,Delivered,16.0,DEL_04059,DRV_0449,7.78,16.0,65.6,51.41,Healthy,4.0,0,1,0,Night
ORD_04060,CUST_0473,REST_082,2026-05-08 20:03:48,149.23,2,Clear,High,Delivered,37.0,DEL_04060,DRV_0346,3.44,37.0,77.1,13.46,Healthy,3.7,20,4,0,Evening
ORD_04061,CUST_0400,REST_089,2026-01-10 02:09:05,190.65,1,Cloudy,Medium,Delivered,21.0,DEL_04061,DRV_0345,5.38,21.0,65.4,22.47,North Indian,4.1,2,5,1,Night
ORD_04062,CUST_0948,REST_065,2026-04-20 04:04:05,163.48,5,Clear,Medium,Delivered,17.0,DEL_04062,DRV_0011,2.47,17.0,35.7,23.65,South Indian,4.7,4,0,0,Night
ORD_04063,CUST_0592,REST_064,2026-05-21 10:26:54,333.33,1,Rain,High,Delivered,7.0,DEL_04063,DRV_0336,1.22,7.0,45.8,35.01,Biryani,5.0,10,3,0,Morning
ORD_04064,CUST_0134,REST_079,2026-01-27 05:56:24,371.71,5,Clear,Medium,Delivered,26.0,DEL_04064,DRV_0340,5.2,26.0,58.4,51.5,Healthy,4.4,5,1,0,Night
ORD_04065,CUST_0421,REST_063,2026-06-10 21:59:46,100.0,5,Heavy Rain,High,Delivered,15.0,DEL_04065,DRV_0362,5.02,15.0,86.0,30.61,Biryani,4.7,21,2,0,Evening
ORD_04066,CUST_0213,REST_098,2026-02-04 10:17:13,235.52,6,Rain,Low,Delivered,27.0,DEL_04066,DRV_0372,4.56,27.0,53.1,21.85,Biryani,4.7,10,2,0,Morning
ORD_04069,CUST_0348,REST_037,2026-04-28 04:05:29,230.94,4,Cloudy,Low,Delivered,18.0,DEL_04069,DRV_0054,3.35,18.0,38.9,4.7,Chinese,3.8,4,1,0,Night
ORD_04070,CUST_0166,REST_064,2026-03-26 11:34:18,115.26,3,Cloudy,Low,Delivered,6.0,DEL_04070,DRV_0093,11.58,6.0,70.8,32.34,Biryani,5.0,11,3,0,Morning
ORD_04071,CUST_0937,REST_091,2026-04-08 15:32:55,158.74,1,Clear,Medium,Delivered,10.0,DEL_04071,DRV_0263,2.72,10.0,42.0,40.15,Cafe,4.6,15,2,0,Afternoon
ORD_04072,CUST_0348,REST_086,2026-01-16 00:03:01,154.63,5,Clear,Medium,Delivered,39.0,DEL_04072,DRV_0433,3.68,39.0,60.4,11.7,Chinese,3.8,0,4,0,Night
ORD_04073,CUST_0849,REST_005,2026-06-27 23:04:12,241.97,1,Clear,Medium,Delivered,32.0,DEL_04073,DRV_0296,7.79,32.0,67.1,26.36,Chinese,4.4,23,5,1,Night
ORD_04074,CUST_0398,REST_034,2026-03-06 11:51:02,321.52,4,Clear,Low,Delivered,15.0,DEL_04074,DRV_0045,6.57,15.0,37.4,42.96,Desserts,4.0,11,4,0,Morning
ORD_04075,CUST_0583,REST_039,2026-03-17 16:00:06,100.0,4,Rain,Low,Delivered,29.0,DEL_04075,DRV_0438,4.17,29.0,61.0,12.89,Desserts,4.2,16,1,0,Afternoon
ORD_04076,CUST_0726,REST_067,2026-04-04 06:21:55,498.36,3,Clear,Medium,Delivered,14.0,DEL_04076,DRV_0217,3.78,14.0,45.7,56.04,North Indian,3.1,6,5,1,Morning
ORD_04077,CUST_0435,REST_081,2026-03-27 03:37:50,438.4,3,Clear,Medium,Delivered,26.0,DEL_04077,DRV_0189,3.02,26.0,52.8,67.44,Desserts,4.1,3,4,0,Night
ORD_04078,CUST_0577,REST_062,2026-04-25 00:50:19,112.01,5,Clear,Medium,Delivered,24.0,DEL_04078,DRV_0388,6.29,24.0,70.8,22.83,Fast Food,3.5,0,5,1,Night
ORD_04079,CUST_0221,REST_088,2026-06-30 13:50:39,188.68,6,Rain,Medium,Delivered,37.0,DEL_04079,DRV_0107,5.52,37.0,88.4,33.18,Cafe,3.8,13,1,0,Afternoon
ORD_04080,CUST_0308,REST_024,2026-06-17 04:35:17,464.49,3,Cloudy,Medium,Delivered,29.0,DEL_04080,DRV_0290,2.09,29.0,53.7,32.57,Cafe,4.3,4,2,0,Night
ORD_04081,CUST_0991,REST_003,2026-04-20 01:50:00,357.13,6,Rain,Low,Delivered,15.0,DEL_04081,DRV_0473,6.23,15.0,47.9,35.27,South Indian,4.4,1,0,0,Night
ORD_04082,CUST_0798,REST_071,2026-02-12 19:40:18,150.62,6,Rain,High,Delivered,25.0,DEL_04082,DRV_0008,6.32,25.0,99.4,32.58,Healthy,4.9,19,3,0,Evening
ORD_04083,CUST_0697,REST_089,2026-04-02 15:39:51,283.69,5,Rain,Low,Delivered,19.0,DEL_04083,DRV_0032,4.65,19.0,51.0,19.93,North Indian,4.1,15,3,0,Afternoon
ORD_04084,CUST_0719,REST_067,2026-06-06 18:24:03,942.43,2,Cloudy,Low,Delivered,19.0,DEL_04084,DRV_0402,4.21,19.0,41.0,84.39,North Indian,3.1,18,5,1,Evening
ORD_04085,CUST_0466,REST_079,2026-02-28 18:30:17,192.07,6,Clear,Medium,Delivered,28.0,DEL_04085,DRV_0168,13.18,28.0,94.2,13.83,Healthy,4.4,18,5,1,Evening
ORD_04086,CUST_0099,REST_093,2026-01-31 14:35:56,128.0,5,Clear,Low,Delivered,24.0,DEL_04086,DRV_0331,4.14,24.0,65.8,23.68,Indian,3.8,14,5,1,Afternoon
ORD_04087,CUST_0242,REST_050,2026-06-10 21:11:46,199.3,3,Cloudy,Medium,Delivered,27.0,DEL_04087,DRV_0440,3.57,27.0,77.6,17.58,Desserts,4.0,21,2,0,Evening
ORD_04088,CUST_0158,REST_029,2026-06-24 15:52:29,207.6,1,Clear,Medium,Delivered,34.0,DEL_04088,DRV_0037,5.75,34.0,63.3,9.67,Pizza,3.9,15,2,0,Afternoon
ORD_04089,CUST_0610,REST_074,2026-06-23 00:07:34,135.84,3,Cloudy,Medium,Delivered,9.0,DEL_04089,DRV_0231,3.08,9.0,46.4,27.69,Indian,4.2,0,1,0,Night
ORD_04090,CUST_0554,REST_032,2026-03-16 06:17:45,231.11,4,Clear,Medium,Delivered,25.0,DEL_04090,DRV_0183,4.71,25.0,58.5,21.63,Healthy,3.9,6,0,0,Morning
ORD_04091,CUST_0651,REST_087,2026-06-17 02:44:40,100.0,3,Cloudy,High,Delivered,17.0,DEL_04091,DRV_0292,5.97,17.0,73.4,26.73,Healthy,4.0,2,2,0,Night
ORD_04092,CUST_0795,REST_039,2026-06-25 23:58:35,125.71,2,Clear,Medium,Delivered,24.0,DEL_04092,DRV_0246,11.68,24.0,85.3,29.14,Desserts,4.2,23,3,0,Night
ORD_04093,CUST_0920,REST_009,2026-06-24 04:41:29,275.07,5,Clear,Medium,Delivered,17.0,DEL_04093,DRV_0010,4.79,17.0,53.8,54.19,Biryani,4.6,4,2,0,Night
ORD_04094,CUST_0227,REST_014,2026-01-08 21:37:02,100.0,6,Cloudy,High,Delivered,31.0,DEL_04094,DRV_0070,6.23,31.0,97.3,24.45,Fast Food,5.0,21,3,0,Evening
ORD_04096,CUST_0072,REST_064,2026-05-06 14:06:20,100.0,5,Cloudy,Medium,Delivered,6.0,DEL_04096,DRV_0464,6.92,6.0,65.3,9.55,Biryani,5.0,14,2,0,Afternoon
ORD_04097,CUST_0243,REST_020,2026-05-26 17:20:55,100.0,5,Cloudy,Medium,Delivered,19.0,DEL_04097,DRV_0118,7.32,19.0,59.6,24.27,Desserts,3.4,17,1,0,Evening
ORD_04098,CUST_0530,REST_028,2026-04-18 10:24:11,137.77,6,Heavy Rain,Medium,Delivered,28.0,DEL_04098,DRV_0217,7.12,28.0,81.6,23.39,Indian,4.4,10,5,1,Morning
ORD_04099,CUST_0589,REST_014,2026-02-05 20:13:38,212.25,3,Rain,High,Delivered,25.0,DEL_04099,DRV_0191,4.42,25.0,83.7,26.36,Fast Food,5.0,20,3,0,Evening
ORD_04100,CUST_0045,REST_044,2026-05-21 00:31:42,375.74,1,Clear,Low,Delivered,22.0,DEL_04100,DRV_0418,4.77,22.0,41.6,59.57,Biryani,4.1,0,3,0,Night
ORD_04101,CUST_0472,REST_098,2026-04-06 21:59:03,187.11,4,Cloudy,High,Delivered,24.0,DEL_04101,DRV_0351,4.67,24.0,76.0,13.61,Biryani,4.7,21,0,0,Evening
ORD_04102,CUST_0371,REST_077,2026-02-18 11:13:55,158.28,6,Clear,Medium,Delivered,22.0,DEL_04102,DRV_0239,2.11,22.0,37.0,21.18,Fast Food,4.1,11,2,0,Morning
ORD_04103,CUST_0855,REST_095,2026-05-16 05:10:29,249.33,2,Clear,High,Delivered,26.0,DEL_04103,DRV_0328,5.91,26.0,69.5,28.3,Pizza,3.7,5,5,1,Night
ORD_04104,CUST_0652,REST_097,2026-01-29 20:41:31,112.28,2,Cloudy,Low,Delivered,12.0,DEL_04104,DRV_0401,2.0,12.0,43.2,8.81,Cafe,4.7,20,3,0,Evening
ORD_04105,CUST_0689,REST_039,2026-01-10 16:55:37,195.72,1,Cloudy,High,Delivered,21.0,DEL_04105,DRV_0379,4.93,21.0,71.8,34.84,Desserts,4.2,16,5,1,Afternoon
ORD_04106,CUST_0734,REST_028,2026-06-10 12:53:21,100.0,1,Clear,Low,Delivered,20.0,DEL_04106,DRV_0317,4.39,20.0,49.7,12.52,Indian,4.4,12,2,0,Afternoon
ORD_04107,CUST_0927,REST_064,2026-03-30 18:19:04,189.7,3,Clear,Medium,Delivered,12.0,DEL_04107,DRV_0206,8.31,12.0,67.5,18.29,Biryani,5.0,18,0,0,Evening
ORD_04108,CUST_0092,REST_089,2026-04-06 20:12:54,168.78,2,Rain,Medium,Delivered,26.0,DEL_04108,DRV_0222,4.23,26.0,76.6,26.05,North Indian,4.1,20,0,0,Evening
ORD_04109,CUST_0022,REST_032,2026-04-04 18:22:31,116.47,4,Clear,Medium,Delivered,19.0,DEL_04109,DRV_0146,10.23,19.0,81.3,11.78,Healthy,3.9,18,5,1,Evening
ORD_04110,CUST_0172,REST_009,2026-01-10 20:11:02,198.5,6,Rain,Medium,Delivered,21.0,DEL_04110,DRV_0189,3.89,21.0,59.5,27.95,Biryani,4.6,20,5,1,Evening
ORD_04111,CUST_0604,REST_028,2026-05-24 10:58:55,197.79,1,Cloudy,Low,Delivered,20.0,DEL_04111,DRV_0238,2.05,20.0,38.8,27.69,Indian,4.4,10,6,1,Morning
ORD_04112,CUST_0192,REST_095,2026-02-08 00:32:10,346.02,1,Clear,Medium,Delivered,29.0,DEL_04112,DRV_0292,0.96,29.0,48.1,60.25,Pizza,3.7,0,6,1,Night
ORD_04113,CUST_0077,REST_017,2026-03-28 23:34:17,100.0,1,Clear,Low,Delivered,11.0,DEL_04113,DRV_0469,10.67,11.0,52.9,17.69,Pizza,4.5,23,5,1,Night
ORD_04114,CUST_0281,REST_087,2026-02-27 17:55:47,173.85,6,Clear,Medium,Delivered,12.0,DEL_04114,DRV_0437,1.82,12.0,47.0,42.25,Healthy,4.0,17,4,0,Evening
ORD_04115,CUST_0364,REST_077,2026-01-04 04:40:16,119.33,4,Rain,Medium,Delivered,16.0,DEL_04115,DRV_0223,4.47,16.0,53.5,7.17,Fast Food,4.1,4,6,1,Night
ORD_04116,CUST_0179,REST_055,2026-06-05 07:26:39,292.47,2,Rain,Low,Delivered,37.0,DEL_04116,DRV_0246,2.32,37.0,59.6,26.04,North Indian,4.2,7,4,0,Morning
ORD_04117,CUST_0238,REST_010,2026-05-11 20:52:02,274.42,4,Cloudy,Medium,Delivered,25.0,DEL_04117,DRV_0247,7.18,25.0,84.4,29.04,Healthy,4.9,20,0,0,Evening
ORD_04119,CUST_0877,REST_006,2026-04-20 22:51:38,123.09,4,Cloudy,Low,Delivered,26.0,DEL_04119,DRV_0407,0.5,26.0,42.7,21.09,Cafe,3.9,22,0,0,Night
ORD_04120,CUST_0902,REST_048,2026-06-27 10:07:38,295.01,3,Clear,High,Delivered,32.0,DEL_04120,DRV_0448,10.53,32.0,105.7,22.32,Chinese,4.0,10,5,1,Morning
ORD_04121,CUST_0280,REST_075,2026-05-26 07:17:26,100.0,6,Cloudy,Medium,Delivered,12.0,DEL_04121,DRV_0038,2.67,12.0,35.7,15.61,Fast Food,3.5,7,1,0,Morning
ORD_04122,CUST_0019,REST_067,2026-04-19 17:41:46,100.0,1,Clear,Low,Delivered,13.0,DEL_04122,DRV_0453,4.56,13.0,39.2,21.88,North Indian,3.1,17,6,1,Evening
ORD_04123,CUST_0595,REST_092,2026-06-06 19:38:52,100.0,2,Rain,Low,Delivered,24.0,DEL_04123,DRV_0207,4.36,24.0,69.2,19.82,Indian,4.1,19,5,1,Evening
ORD_04124,CUST_0740,REST_041,2026-04-05 19:52:48,177.97,3,Cloudy,Medium,Delivered,31.0,DEL_04124,DRV_0414,1.85,31.0,55.0,27.21,North Indian,4.9,19,6,1,Evening
ORD_04125,CUST_0371,REST_079,2026-02-01 05:24:41,262.79,3,Clear,Medium,Delivered,29.0,DEL_04125,DRV_0400,7.62,29.0,77.0,3.23,Healthy,4.4,5,6,1,Night
ORD_04126,CUST_0777,REST_060,2026-01-08 08:40:24,100.0,6,Rain,Low,Delivered,22.0,DEL_04126,DRV_0438,1.88,22.0,51.7,18.42,Chinese,4.2,8,3,0,Morning
ORD_04127,CUST_0112,REST_077,2026-06-02 12:32:59,375.22,5,Clear,Low,Delivered,21.0,DEL_04127,DRV_0187,10.6,21.0,85.6,49.59,Fast Food,4.1,12,1,0,Afternoon
ORD_04128,CUST_0763,REST_042,2026-01-24 16:55:49,194.83,1,Clear,Medium,Delivered,31.0,DEL_04128,DRV_0360,4.76,31.0,64.0,21.3,Healthy,5.0,16,5,1,Afternoon
ORD_04129,CUST_0676,REST_081,2026-02-15 01:34:04,100.0,2,Clear,Medium,Delivered,22.0,DEL_04129,DRV_0477,3.81,22.0,58.5,13.56,Desserts,4.1,1,6,1,Night
ORD_04130,CUST_0870,REST_071,2026-02-17 20:31:07,191.62,2,Cloudy,Low,Delivered,29.0,DEL_04130,DRV_0092,4.37,29.0,65.5,22.85,Healthy,4.9,20,1,0,Evening
ORD_04132,CUST_0221,REST_013,2026-06-21 02:48:32,252.07,6,Rain,High,Delivered,11.0,DEL_04132,DRV_0133,5.52,11.0,64.3,24.55,Cafe,3.2,2,6,1,Night
ORD_04133,CUST_0920,REST_081,2026-03-17 23:11:28,331.79,1,Cloudy,High,Delivered,19.0,DEL_04133,DRV_0486,1.94,19.0,52.7,45.58,Desserts,4.1,23,1,0,Night
ORD_04134,CUST_0304,REST_015,2026-02-08 10:48:19,100.0,6,Clear,High,Delivered,34.0,DEL_04134,DRV_0473,11.12,34.0,99.4,13.12,Healthy,4.6,10,6,1,Morning
ORD_04135,CUST_0703,REST_036,2026-02-07 20:28:38,144.36,2,Clear,High,Delivered,21.0,DEL_04135,DRV_0092,4.29,21.0,71.5,7.41,Indian,3.0,20,5,1,Evening
ORD_04137,CUST_0437,REST_015,2026-06-22 03:37:30,466.23,4,Rain,Low,Delivered,31.0,DEL_04137,DRV_0270,3.43,31.0,57.6,54.46,Healthy,4.6,3,0,0,Night
ORD_04138,CUST_0438,REST_075,2026-06-07 17:37:50,257.66,1,Heavy Rain,Medium,Delivered,7.0,DEL_04138,DRV_0083,5.73,7.0,69.0,15.3,Fast Food,3.5,17,6,1,Evening
ORD_04139,CUST_0170,REST_056,2026-02-06 14:14:23,867.71,2,Clear,Medium,Delivered,32.0,DEL_04139,DRV_0287,5.89,32.0,78.2,30.89,Desserts,4.2,14,4,0,Afternoon
ORD_04140,CUST_0375,REST_095,2026-01-23 02:00:10,140.16,6,Rain,High,Delivered,25.0,DEL_04140,DRV_0179,6.18,25.0,83.9,10.01,Pizza,3.7,2,4,0,Night
ORD_04141,CUST_0557,REST_004,2026-02-22 12:17:59,121.68,5,Cloudy,Low,Delivered,11.0,DEL_04141,DRV_0377,1.98,11.0,28.8,19.0,Healthy,3.7,12,6,1,Afternoon
ORD_04142,CUST_0381,REST_099,2026-03-02 01:15:37,167.58,5,Clear,Medium,Delivered,35.0,DEL_04142,DRV_0335,1.53,35.0,52.7,21.31,Healthy,3.7,1,0,0,Night
ORD_04143,CUST_0986,REST_098,2026-05-08 10:42:48,386.87,5,Cloudy,Medium,Delivered,24.0,DEL_04143,DRV_0147,8.16,24.0,78.3,45.33,Biryani,4.7,10,4,0,Morning
ORD_04144,CUST_0014,REST_052,2026-02-22 02:41:20,148.21,4,Rain,Medium,Delivered,33.0,DEL_04144,DRV_0102,9.57,33.0,96.9,17.85,Healthy,4.6,2,6,1,Night
ORD_04145,CUST_0743,REST_091,2026-05-09 07:56:51,194.11,6,Clear,Medium,Delivered,18.0,DEL_04145,DRV_0288,2.15,18.0,46.7,23.77,Cafe,4.6,7,5,1,Morning
ORD_04146,CUST_0669,REST_010,2026-02-05 02:22:43,191.17,5,Rain,Low,Delivered,29.0,DEL_04146,DRV_0313,2.7,29.0,53.5,24.41,Healthy,4.9,2,3,0,Night
ORD_04147,CUST_0500,REST_094,2026-01-18 04:57:10,185.25,2,Clear,High,Delivered,15.0,DEL_04147,DRV_0031,1.44,15.0,47.8,22.6,Cafe,4.6,4,6,1,Night
ORD_04148,CUST_0646,REST_045,2026-04-02 11:20:32,126.62,2,Clear,Medium,Delivered,40.0,DEL_04148,DRV_0314,5.32,40.0,67.9,19.79,Pizza,4.2,11,3,0,Morning
ORD_04149,CUST_0391,REST_084,2026-05-17 12:57:12,168.09,5,Clear,Medium,Delivered,19.0,DEL_04149,DRV_0485,3.3,19.0,60.6,14.99,North Indian,3.3,12,6,1,Afternoon
ORD_04150,CUST_0549,REST_029,2026-06-26 05:01:32,164.18,3,Rain,Low,Delivered,26.0,DEL_04150,DRV_0154,1.8,26.0,42.7,28.77,Pizza,3.9,5,4,0,Night
ORD_04151,CUST_0565,REST_053,2026-01-01 23:46:31,180.52,5,Clear,Medium,Delivered,18.0,DEL_04151,DRV_0048,1.09,18.0,40.2,10.49,Desserts,5.0,23,3,0,Night
ORD_04152,CUST_0530,REST_029,2026-01-12 22:51:13,304.58,3,Rain,Low,Delivered,35.0,DEL_04152,DRV_0379,2.74,35.0,57.2,40.57,Pizza,3.9,22,0,0,Night
ORD_04153,CUST_0983,REST_023,2026-06-21 23:44:33,477.4,1,Cloudy,Low,Delivered,36.0,DEL_04153,DRV_0041,3.81,36.0,57.1,15.19,South Indian,4.6,23,6,1,Night
ORD_04154,CUST_0492,REST_057,2026-04-02 09:48:07,114.18,1,Clear,Low,Delivered,19.0,DEL_04154,DRV_0153,1.41,19.0,35.8,21.55,Desserts,4.7,9,3,0,Morning
ORD_04155,CUST_0550,REST_050,2026-05-16 22:47:22,146.12,2,Rain,Low,Delivered,22.0,DEL_04155,DRV_0431,2.09,22.0,46.8,4.44,Desserts,4.0,22,5,1,Night
ORD_04156,CUST_0699,REST_021,2026-06-14 02:50:37,115.15,6,Clear,Medium,Delivered,24.0,DEL_04156,DRV_0182,10.17,24.0,79.3,28.94,Fast Food,3.7,2,6,1,Night
ORD_04157,CUST_0385,REST_043,2026-06-24 01:26:38,200.92,4,Rain,Medium,Delivered,20.0,DEL_04157,DRV_0232,1.49,20.0,45.5,35.15,Fast Food,3.7,1,2,0,Night
ORD_04158,CUST_0196,REST_010,2026-01-24 16:26:56,134.82,6,Clear,High,Delivered,25.0,DEL_04158,DRV_0121,2.94,25.0,67.8,22.13,Healthy,4.9,16,5,1,Afternoon
ORD_04159,CUST_0755,REST_076,2026-03-12 06:30:36,206.83,2,Cloudy,Low,Delivered,13.0,DEL_04159,DRV_0185,2.86,13.0,36.5,8.03,Chinese,3.7,6,3,0,Morning
ORD_04160,CUST_0300,REST_030,2026-01-24 06:48:38,332.62,2,Cloudy,Low,Delivered,17.0,DEL_04160,DRV_0456,7.08,17.0,58.7,45.62,South Indian,4.1,6,5,1,Morning
ORD_04161,CUST_0815,REST_051,2026-02-06 04:09:44,100.0,6,Rain,High,Delivered,17.0,DEL_04161,DRV_0317,0.64,17.0,52.6,13.41,Healthy,3.6,4,4,0,Night
ORD_04162,CUST_0547,REST_033,2026-06-01 05:47:23,237.57,4,Clear,Low,Delivered,28.0,DEL_04162,DRV_0388,6.74,28.0,55.9,36.57,Fast Food,4.1,5,0,0,Night
ORD_04163,CUST_0727,REST_018,2026-06-12 08:18:06,140.74,2,Cloudy,Low,Delivered,36.0,DEL_04163,DRV_0415,14.28,36.0,100.7,19.31,Pizza,3.6,8,4,0,Morning
ORD_04165,CUST_0828,REST_022,2026-02-28 21:01:10,110.71,2,Clear,High,Delivered,19.0,DEL_04165,DRV_0352,7.01,19.0,83.4,20.33,Biryani,4.5,21,5,1,Evening
ORD_04166,CUST_0602,REST_064,2026-02-15 22:12:05,350.0,1,Clear,High,Delivered,13.0,DEL_04166,DRV_0226,8.33,13.0,55.4,61.63,Biryani,5.0,22,6,1,Night
ORD_04167,CUST_0308,REST_021,2026-03-18 19:23:26,299.56,3,Clear,Medium,Delivered,19.0,DEL_04167,DRV_0112,4.23,19.0,58.1,51.27,Fast Food,3.7,19,2,0,Evening
ORD_04168,CUST_0252,REST_001,2026-04-30 10:40:38,247.79,2,Rain,Medium,Delivered,11.0,DEL_04168,DRV_0195,2.58,11.0,45.0,26.6,Pizza,4.8,10,3,0,Morning
ORD_04169,CUST_0008,REST_015,2026-06-02 23:25:10,280.42,3,Cloudy,Medium,Delivered,33.0,DEL_04169,DRV_0297,3.96,33.0,58.5,38.82,Healthy,4.6,23,1,0,Night
ORD_04170,CUST_0768,REST_036,2026-05-12 02:21:13,120.29,5,Clear,High,Delivered,14.0,DEL_04170,DRV_0026,5.97,14.0,64.9,31.62,Indian,3.0,2,1,0,Night
ORD_04171,CUST_0875,REST_047,2026-05-25 20:24:32,128.92,2,Rain,Low,Delivered,28.0,DEL_04171,DRV_0452,2.85,28.0,59.7,25.01,Desserts,4.4,20,0,0,Evening
ORD_04172,CUST_0208,REST_054,2026-05-24 07:45:17,274.2,1,Clear,High,Delivered,29.0,DEL_04172,DRV_0194,0.5,29.0,53.2,39.79,Healthy,4.2,7,6,1,Morning
ORD_04173,CUST_0937,REST_086,2026-05-09 14:08:31,118.84,4,Cloudy,Low,Delivered,38.0,DEL_04173,DRV_0019,2.11,38.0,59.1,26.68,Chinese,3.8,14,5,1,Afternoon
ORD_04174,CUST_0131,REST_032,2026-04-08 19:48:02,401.46,1,Rain,Medium,Delivered,15.0,DEL_04174,DRV_0343,4.86,15.0,72.3,28.88,Healthy,3.9,19,2,0,Evening
ORD_04175,CUST_0736,REST_058,2026-05-02 01:33:35,151.72,3,Rain,Low,Delivered,16.0,DEL_04175,DRV_0025,4.71,16.0,52.4,23.35,Fast Food,4.7,1,5,1,Night
ORD_04176,CUST_0709,REST_046,2026-02-26 11:19:37,238.9,4,Clear,Medium,Delivered,19.0,DEL_04176,DRV_0047,2.01,19.0,42.7,20.12,North Indian,3.7,11,3,0,Morning
ORD_04177,CUST_0980,REST_054,2026-04-29 14:10:08,575.12,1,Cloudy,Medium,Delivered,27.0,DEL_04177,DRV_0199,2.94,27.0,64.7,71.72,Healthy,4.2,14,2,0,Afternoon
ORD_04178,CUST_0654,REST_033,2026-01-29 14:31:32,122.93,1,Clear,Medium,Delivered,32.0,DEL_04178,DRV_0264,1.07,32.0,70.5,24.32,Fast Food,4.1,14,3,0,Afternoon
ORD_04179,CUST_0764,REST_039,2026-01-22 12:17:06,188.26,1,Rain,Medium,Delivered,23.0,DEL_04179,DRV_0003,3.68,23.0,68.3,18.04,Desserts,4.2,12,3,0,Afternoon
ORD_04180,CUST_0608,REST_023,2026-03-03 06:41:52,323.69,6,Cloudy,Medium,Delivered,36.0,DEL_04180,DRV_0471,3.05,36.0,58.5,32.71,South Indian,4.6,6,1,0,Morning
ORD_04181,CUST_0026,REST_043,2026-01-30 00:02:57,305.88,4,Rain,High,Delivered,18.0,DEL_04181,DRV_0239,3.34,18.0,57.9,40.8,Fast Food,3.7,0,4,0,Night
ORD_04182,CUST_0623,REST_055,2026-03-27 01:32:41,151.37,1,Clear,Low,Delivered,45.0,DEL_04182,DRV_0289,13.77,45.0,105.6,23.91,North Indian,4.2,1,4,0,Night
ORD_04183,CUST_0454,REST_002,2026-06-01 23:35:54,136.43,1,Cloudy,Medium,Delivered,34.0,DEL_04183,DRV_0368,4.47,34.0,74.2,14.9,North Indian,4.2,23,0,0,Night
ORD_04185,CUST_0186,REST_038,2026-03-09 06:28:05,401.95,1,Cloudy,Medium,Delivered,31.0,DEL_04185,DRV_0022,5.22,31.0,65.3,12.57,Indian,3.7,6,0,0,Morning
ORD_04187,CUST_0680,REST_067,2026-04-14 08:09:57,189.23,5,Rain,Medium,Delivered,11.0,DEL_04187,DRV_0354,2.4,11.0,43.8,20.27,North Indian,3.1,8,1,0,Morning
ORD_04188,CUST_0051,REST_071,2026-03-17 04:56:49,143.35,4,Rain,Medium,Delivered,28.0,DEL_04188,DRV_0030,3.91,28.0,55.2,28.06,Healthy,4.9,4,1,0,Night
ORD_04189,CUST_0891,REST_036,2026-03-23 10:38:07,267.21,5,Clear,Medium,Delivered,12.0,DEL_04189,DRV_0047,9.26,12.0,68.7,30.04,Indian,3.0,10,0,0,Morning
ORD_04190,CUST_0005,REST_029,2026-01-19 23:51:29,197.46,6,Rain,Medium,Delivered,29.0,DEL_04190,DRV_0420,1.08,29.0,59.5,33.15,Pizza,3.9,23,0,0,Night
ORD_04191,CUST_0589,REST_037,2026-06-06 02:50:22,104.39,3,Clear,Medium,Delivered,14.0,DEL_04191,DRV_0315,0.61,14.0,22.1,25.01,Chinese,3.8,2,5,1,Night
ORD_04192,CUST_0160,REST_100,2026-04-16 06:47:40,106.39,5,Cloudy,High,Delivered,32.0,DEL_04192,DRV_0270,2.49,32.0,75.3,7.76,Pizza,3.9,6,3,0,Morning
ORD_04193,CUST_0208,REST_087,2026-03-02 17:11:08,100.0,6,Rain,Medium,Delivered,10.0,DEL_04193,DRV_0329,3.6,10.0,56.5,16.83,Healthy,4.0,17,0,0,Evening
ORD_04194,CUST_0257,REST_045,2026-04-20 15:25:03,114.75,2,Clear,Medium,Delivered,40.0,DEL_04194,DRV_0470,3.24,40.0,47.6,21.48,Pizza,4.2,15,0,0,Afternoon
ORD_04195,CUST_0205,REST_016,2026-03-08 12:08:39,280.53,4,Rain,High,Delivered,23.0,DEL_04195,DRV_0476,3.14,23.0,66.1,21.69,Indian,3.7,12,6,1,Afternoon
ORD_04196,CUST_0767,REST_031,2026-01-21 06:46:02,375.43,1,Rain,High,Delivered,35.0,DEL_04196,DRV_0361,2.55,35.0,73.5,44.31,North Indian,4.0,6,2,0,Morning
ORD_04197,CUST_0950,REST_034,2026-03-23 00:09:43,264.29,5,Cloudy,Medium,Delivered,12.0,DEL_04197,DRV_0270,7.42,12.0,66.9,19.73,Desserts,4.0,0,0,0,Night
ORD_04198,CUST_0011,REST_050,2026-01-01 02:30:13,245.93,5,Clear,Medium,Delivered,27.0,DEL_04198,DRV_0463,4.77,27.0,60.1,26.34,Desserts,4.0,2,3,0,Night
ORD_04199,CUST_0949,REST_065,2026-03-07 16:26:49,169.09,1,Clear,Medium,Delivered,17.0,DEL_04199,DRV_0440,8.32,17.0,65.0,26.29,South Indian,4.7,16,5,1,Afternoon
ORD_04200,CUST_0008,REST_082,2026-05-09 23:44:54,277.61,1,Heavy Rain,Medium,Delivered,38.0,DEL_04200,DRV_0485,0.7,38.0,69.1,26.36,Healthy,3.7,23,5,1,Night
ORD_04201,CUST_0409,REST_062,2026-01-21 20:32:32,212.18,3,Clear,Medium,Delivered,21.0,DEL_04201,DRV_0152,3.05,21.0,53.0,37.68,Fast Food,3.5,20,2,0,Evening
ORD_04202,CUST_0936,REST_043,2026-05-14 14:09:34,489.04,5,Cloudy,High,Delivered,24.0,DEL_04202,DRV_0226,4.51,24.0,84.6,30.71,Fast Food,3.7,14,3,0,Afternoon
ORD_04203,CUST_0032,REST_056,2026-05-02 17:25:28,171.72,5,Clear,Low,Delivered,31.0,DEL_04203,DRV_0248,1.55,31.0,40.5,32.26,Desserts,4.2,17,5,1,Evening
ORD_04204,CUST_0984,REST_015,2026-01-31 17:07:48,379.42,2,Clear,Medium,Delivered,27.0,DEL_04204,DRV_0305,3.26,27.0,44.5,54.9,Healthy,4.6,17,5,1,Evening
ORD_04205,CUST_0540,REST_048,2026-03-05 13:04:08,293.17,6,Rain,High,Delivered,38.0,DEL_04205,DRV_0171,5.52,38.0,94.5,44.58,Chinese,4.0,13,3,0,Afternoon
ORD_04206,CUST_0718,REST_049,2026-03-13 21:01:35,271.64,2,Clear,Low,Delivered,29.0,DEL_04206,DRV_0237,9.76,29.0,84.1,23.98,Cafe,3.6,21,4,0,Evening
ORD_04207,CUST_0387,REST_081,2026-03-30 12:31:13,100.0,5,Heavy Rain,Medium,Delivered,25.0,DEL_04207,DRV_0236,9.61,25.0,100.0,15.17,Desserts,4.1,12,0,0,Afternoon
ORD_04208,CUST_0228,REST_044,2026-01-27 10:26:37,302.19,2,Cloudy,High,Delivered,19.0,DEL_04208,DRV_0259,8.84,19.0,79.6,37.04,Biryani,4.1,10,1,0,Morning
ORD_04209,CUST_0640,REST_010,2026-03-13 15:10:23,169.0,5,Cloudy,High,Delivered,29.0,DEL_04209,DRV_0279,10.56,29.0,97.5,20.4,Healthy,4.9,15,4,0,Afternoon
ORD_04210,CUST_0767,REST_020,2026-05-07 02:03:19,142.0,4,Clear,Medium,Delivered,19.0,DEL_04210,DRV_0148,0.5,19.0,37.0,24.83,Desserts,3.4,2,3,0,Night
ORD_04211,CUST_0475,REST_070,2026-01-08 20:34:30,100.0,3,Heavy Rain,Low,Delivered,10.0,DEL_04211,DRV_0109,0.98,10.0,40.8,27.32,Desserts,4.2,20,3,0,Evening
ORD_04212,CUST_0724,REST_008,2026-01-26 18:35:54,180.72,2,Clear,Low,Delivered,24.0,DEL_04212,DRV_0143,2.97,24.0,47.2,20.76,Desserts,4.5,18,0,0,Evening
ORD_04215,CUST_0318,REST_096,2026-02-15 22:56:18,100.0,6,Clear,Low,Delivered,27.0,DEL_04215,DRV_0071,12.99,27.0,84.0,20.8,Biryani,3.3,22,6,1,Night
ORD_04216,CUST_0795,REST_051,2026-04-08 18:16:03,236.9,3,Cloudy,High,Delivered,19.0,DEL_04216,DRV_0417,0.83,19.0,47.5,27.23,Healthy,3.6,18,2,0,Evening
ORD_04217,CUST_0757,REST_004,2026-05-30 08:36:03,292.78,4,Cloudy,High,Delivered,11.0,DEL_04217,DRV_0311,2.63,11.0,54.9,37.23,Healthy,3.7,8,5,1,Morning
ORD_04218,CUST_0557,REST_039,2026-05-27 05:25:45,201.27,1,Clear,High,Delivered,29.0,DEL_04218,DRV_0126,3.66,29.0,66.2,30.3,Desserts,4.2,5,2,0,Night
ORD_04219,CUST_0617,REST_084,2026-03-23 09:35:05,341.37,1,Clear,Low,Delivered,18.0,DEL_04219,DRV_0467,1.07,18.0,29.0,31.04,North Indian,3.3,9,0,0,Morning
ORD_04220,CUST_0348,REST_024,2026-03-26 19:25:11,172.86,2,Rain,Low,Delivered,39.0,DEL_04220,DRV_0082,6.42,39.0,72.4,22.13,Cafe,4.3,19,3,0,Evening
ORD_04221,CUST_0793,REST_088,2026-05-24 10:42:20,175.93,5,Clear,High,Delivered,36.0,DEL_04221,DRV_0041,4.06,36.0,77.1,22.44,Cafe,3.8,10,6,1,Morning
ORD_04222,CUST_0234,REST_055,2026-02-19 02:12:03,109.47,6,Clear,Medium,Delivered,38.0,DEL_04222,DRV_0402,2.84,38.0,58.9,23.75,North Indian,4.2,2,3,0,Night
ORD_04223,CUST_0701,REST_026,2026-05-10 08:19:57,100.0,3,Clear,High,Delivered,38.0,DEL_04223,DRV_0387,5.29,38.0,83.3,21.93,Fast Food,3.0,8,6,1,Morning
ORD_04224,CUST_0044,REST_025,2026-03-20 09:47:32,502.74,4,Clear,High,Delivered,36.0,DEL_04224,DRV_0259,6.96,36.0,92.9,57.61,South Indian,4.0,9,4,0,Morning
ORD_04225,CUST_0737,REST_036,2026-06-15 20:26:09,337.72,4,Clear,High,Delivered,16.0,DEL_04225,DRV_0356,4.6,16.0,73.3,61.11,Indian,3.0,20,0,0,Evening
ORD_04226,CUST_0942,REST_071,2026-05-28 22:20:12,100.0,4,Clear,Medium,Delivered,26.0,DEL_04226,DRV_0144,4.72,26.0,58.0,11.72,Healthy,4.9,22,3,0,Night
ORD_04227,CUST_0142,REST_074,2026-01-17 20:48:35,197.49,1,Cloudy,Medium,Delivered,12.0,DEL_04227,DRV_0171,3.98,12.0,55.1,29.56,Indian,4.2,20,5,1,Evening
ORD_04228,CUST_0648,REST_058,2026-03-09 02:58:14,171.57,3,Clear,Medium,Delivered,18.0,DEL_04228,DRV_0279,4.9,18.0,64.6,22.87,Fast Food,4.7,2,0,0,Night
ORD_04229,CUST_0176,REST_012,2026-05-06 16:48:50,155.91,1,Cloudy,Medium,Delivered,16.0,DEL_04229,DRV_0471,7.96,16.0,68.1,22.14,South Indian,4.6,16,2,0,Afternoon
ORD_04230,CUST_0654,REST_001,2026-01-27 06:40:29,144.75,2,Heavy Rain,Medium,Delivered,16.0,DEL_04230,DRV_0143,13.33,16.0,100.2,38.42,Pizza,4.8,6,1,0,Morning
ORD_04231,CUST_0449,REST_050,2026-01-11 14:53:49,223.56,4,Heavy Rain,High,Delivered,21.0,DEL_04231,DRV_0457,16.37,21.0,134.4,23.4,Desserts,4.0,14,6,1,Afternoon
ORD_04232,CUST_0592,REST_025,2026-04-19 23:56:00,284.29,3,Rain,Low,Delivered,34.0,DEL_04232,DRV_0127,4.74,34.0,59.7,51.72,South Indian,4.0,23,6,1,Night
ORD_04233,CUST_0082,REST_080,2026-02-04 03:31:59,226.18,4,Clear,High,Delivered,34.0,DEL_04233,DRV_0058,4.78,34.0,64.6,35.79,South Indian,5.0,3,2,0,Night
ORD_04234,CUST_0135,REST_005,2026-04-12 07:59:08,169.65,1,Clear,Low,Delivered,40.0,DEL_04234,DRV_0168,8.36,40.0,83.0,32.63,Chinese,4.4,7,6,1,Morning
ORD_04235,CUST_0719,REST_083,2026-01-25 11:05:27,166.26,1,Rain,Medium,Delivered,20.0,DEL_04235,DRV_0118,1.99,20.0,46.1,29.48,Pizza,4.8,11,6,1,Morning
ORD_04236,CUST_0856,REST_068,2026-01-02 13:09:43,303.46,1,Clear,High,Delivered,23.0,DEL_04236,DRV_0166,11.32,23.0,100.7,47.56,Indian,4.5,13,4,0,Afternoon
ORD_04237,CUST_0177,REST_006,2026-06-18 17:10:14,233.9,4,Clear,Low,Delivered,21.0,DEL_04237,DRV_0373,4.52,21.0,44.3,33.68,Cafe,3.9,17,3,0,Evening
ORD_04238,CUST_0383,REST_026,2026-01-04 03:22:06,188.67,3,Cloudy,Medium,Delivered,41.0,DEL_04238,DRV_0082,1.45,41.0,66.8,20.98,Fast Food,3.0,3,6,1,Night
ORD_04239,CUST_0243,REST_055,2026-03-09 20:23:54,177.73,3,Clear,Low,Delivered,41.0,DEL_04239,DRV_0358,0.93,41.0,52.7,26.48,North Indian,4.2,20,0,0,Evening
ORD_04240,CUST_0567,REST_039,2026-05-25 00:59:29,219.18,2,Rain,High,Delivered,23.0,DEL_04240,DRV_0134,2.52,23.0,65.8,25.05,Desserts,4.2,0,0,0,Night
ORD_04241,CUST_0141,REST_009,2026-06-17 21:27:48,140.11,4,Rain,High,Delivered,23.0,DEL_04241,DRV_0364,3.01,23.0,79.0,32.47,Biryani,4.6,21,2,0,Evening
ORD_04242,CUST_0457,REST_045,2026-04-19 12:54:03,284.82,2,Rain,High,Delivered,41.0,DEL_04242,DRV_0485,4.72,41.0,90.8,23.19,Pizza,4.2,12,6,1,Afternoon
ORD_04243,CUST_0440,REST_014,2026-02-11 10:24:54,100.31,6,Rain,High,Delivered,23.0,DEL_04243,DRV_0046,8.81,23.0,82.2,20.65,Fast Food,5.0,10,2,0,Morning
ORD_04244,CUST_0056,REST_055,2026-06-18 01:48:46,144.56,2,Clear,Medium,Delivered,41.0,DEL_04244,DRV_0262,5.5,41.0,69.2,32.01,North Indian,4.2,1,3,0,Night
ORD_04245,CUST_0527,REST_009,2026-04-21 21:26:16,253.69,2,Cloudy,Low,Delivered,17.0,DEL_04245,DRV_0469,7.15,17.0,66.4,28.25,Biryani,4.6,21,1,0,Evening
ORD_04246,CUST_0697,REST_015,2026-03-21 03:24:48,100.0,2,Clear,Medium,Delivered,36.0,DEL_04246,DRV_0123,6.13,36.0,71.9,21.65,Healthy,4.6,3,5,1,Night
ORD_04247,CUST_0826,REST_037,2026-04-09 11:34:38,100.0,1,Cloudy,Medium,Delivered,21.0,DEL_04247,DRV_0222,1.39,21.0,42.8,24.06,Chinese,3.8,11,3,0,Morning
ORD_04248,CUST_0419,REST_050,2026-02-14 23:18:26,187.67,6,Clear,Medium,Delivered,29.0,DEL_04248,DRV_0092,3.78,29.0,59.6,16.09,Desserts,4.0,23,5,1,Night
ORD_04249,CUST_0088,REST_084,2026-02-01 21:17:57,100.0,2,Cloudy,High,Delivered,20.0,DEL_04249,DRV_0404,1.72,20.0,59.6,10.68,North Indian,3.3,21,6,1,Evening
ORD_04250,CUST_0609,REST_072,2026-01-14 03:58:05,100.0,3,Heavy Rain,Low,Delivered,14.0,DEL_04250,DRV_0019,4.06,14.0,51.6,16.3,Chinese,3.8,3,2,0,Night
ORD_04251,CUST_0656,REST_096,2026-01-18 07:28:54,274.82,2,Clear,Low,Delivered,35.0,DEL_04251,DRV_0270,3.57,35.0,51.7,39.16,Biryani,3.3,7,6,1,Morning
ORD_04252,CUST_0008,REST_021,2026-03-02 10:15:01,161.96,1,Clear,Medium,Delivered,17.0,DEL_04252,DRV_0065,3.3,17.0,40.7,20.07,Fast Food,3.7,10,0,0,Morning
ORD_04253,CUST_0477,REST_057,2026-06-10 02:32:00,367.61,5,Clear,Low,Delivered,21.0,DEL_04253,DRV_0219,8.6,21.0,72.7,57.88,Desserts,4.7,2,2,0,Night
ORD_04254,CUST_0215,REST_019,2026-05-01 03:09:39,100.0,6,Clear,Medium,Delivered,23.0,DEL_04254,DRV_0500,5.22,23.0,46.5,27.85,Indian,4.4,3,4,0,Night
ORD_04255,CUST_0685,REST_093,2026-03-10 06:17:09,172.14,5,Clear,Medium,Delivered,20.0,DEL_04255,DRV_0352,10.51,20.0,82.2,15.62,Indian,3.8,6,1,0,Morning
ORD_04256,CUST_0735,REST_058,2026-01-04 10:12:23,225.83,5,Rain,Medium,Delivered,19.0,DEL_04256,DRV_0157,3.11,19.0,57.6,30.36,Fast Food,4.7,10,6,1,Morning
ORD_04257,CUST_0552,REST_095,2026-01-30 14:19:05,100.0,6,Clear,Low,Delivered,30.0,DEL_04257,DRV_0415,2.27,30.0,57.1,23.81,Pizza,3.7,14,4,0,Afternoon
ORD_04258,CUST_0497,REST_006,2026-01-01 09:35:10,319.73,4,Clear,High,Delivered,17.0,DEL_04258,DRV_0153,1.7,17.0,48.9,29.36,Cafe,3.9,9,3,0,Morning
ORD_04259,CUST_0694,REST_004,2026-01-18 21:23:25,240.06,3,Cloudy,Low,Delivered,12.0,DEL_04259,DRV_0247,7.43,12.0,69.0,45.45,Healthy,3.7,21,6,1,Evening
ORD_04260,CUST_0503,REST_043,2026-05-27 15:40:31,100.0,1,Clear,Medium,Delivered,18.0,DEL_04260,DRV_0199,2.83,18.0,41.5,16.92,Fast Food,3.7,15,2,0,Afternoon
ORD_04261,CUST_0782,REST_093,2026-06-09 01:55:31,177.55,6,Clear,Medium,Delivered,26.0,DEL_04261,DRV_0231,3.97,26.0,56.6,23.13,Indian,3.8,1,1,0,Night
ORD_04262,CUST_0699,REST_042,2026-04-16 13:42:14,224.14,5,Rain,Low,Delivered,34.0,DEL_04262,DRV_0302,0.7,34.0,58.4,28.09,Healthy,5.0,13,3,0,Afternoon
ORD_04263,CUST_0245,REST_003,2026-05-07 05:59:11,131.04,1,Rain,Low,Delivered,12.0,DEL_04263,DRV_0436,9.84,12.0,65.8,14.07,South Indian,4.4,5,3,0,Night
ORD_04264,CUST_0478,REST_001,2026-05-30 06:51:38,100.0,1,Clear,Low,Delivered,16.0,DEL_04264,DRV_0016,7.3,16.0,52.6,8.15,Pizza,4.8,6,5,1,Morning
ORD_04266,CUST_0231,REST_015,2026-05-02 01:52:32,611.66,5,Clear,High,Delivered,35.0,DEL_04266,DRV_0395,6.02,35.0,76.8,86.27,Healthy,4.6,1,5,1,Night
ORD_04267,CUST_0383,REST_047,2026-03-10 12:51:47,146.52,2,Clear,Medium,Delivered,32.0,DEL_04267,DRV_0274,4.71,32.0,80.3,25.09,Desserts,4.4,12,1,0,Afternoon
ORD_04268,CUST_0155,REST_085,2026-04-07 11:24:07,429.7,1,Clear,Medium,Delivered,14.0,DEL_04268,DRV_0364,10.13,14.0,84.1,57.34,South Indian,3.4,11,1,0,Morning
ORD_04269,CUST_0175,REST_046,2026-02-24 02:29:29,119.85,5,Cloudy,Medium,Delivered,22.0,DEL_04269,DRV_0184,3.18,22.0,53.9,27.06,North Indian,3.7,2,1,0,Night
ORD_04270,CUST_0848,REST_058,2026-04-05 20:46:43,204.09,1,Rain,Low,Delivered,21.0,DEL_04270,DRV_0490,4.46,21.0,66.8,9.58,Fast Food,4.7,20,6,1,Evening
ORD_04271,CUST_0115,REST_095,2026-04-06 11:02:09,277.09,4,Clear,Low,Delivered,25.0,DEL_04271,DRV_0184,9.52,25.0,69.3,50.22,Pizza,3.7,11,0,0,Morning
ORD_04272,CUST_0390,REST_071,2026-03-23 23:26:25,180.44,4,Cloudy,High,Delivered,26.0,DEL_04272,DRV_0441,4.01,26.0,70.1,33.49,Healthy,4.9,23,0,0,Night
ORD_04273,CUST_0311,REST_081,2026-01-02 12:27:15,153.89,2,Clear,Low,Delivered,19.0,DEL_04273,DRV_0069,4.63,19.0,56.4,23.42,Desserts,4.1,12,4,0,Afternoon
ORD_04274,CUST_0993,REST_083,2026-05-17 04:37:02,270.26,4,Cloudy,High,Delivered,15.0,DEL_04274,DRV_0250,4.82,15.0,67.5,36.02,Pizza,4.8,4,6,1,Night
ORD_04275,CUST_0300,REST_039,2026-03-18 11:02:20,513.01,5,Cloudy,Low,Delivered,25.0,DEL_04275,DRV_0376,9.14,25.0,77.2,82.2,Desserts,4.2,11,2,0,Morning
ORD_04276,CUST_0018,REST_003,2026-01-30 18:48:03,213.86,6,Rain,Medium,Delivered,11.0,DEL_04276,DRV_0450,2.22,11.0,39.3,27.97,South Indian,4.4,18,4,0,Evening
ORD_04277,CUST_0784,REST_030,2026-02-21 08:57:51,136.48,4,Clear,High,Delivered,23.0,DEL_04277,DRV_0458,10.24,23.0,101.5,26.8,South Indian,4.1,8,5,1,Morning
ORD_04278,CUST_0012,REST_035,2026-01-10 10:47:42,163.31,6,Clear,Medium,Delivered,27.0,DEL_04278,DRV_0218,4.7,27.0,59.1,20.25,North Indian,4.8,10,5,1,Morning
ORD_04279,CUST_0404,REST_057,2026-03-27 14:15:45,724.76,2,Cloudy,Medium,Delivered,22.0,DEL_04279,DRV_0088,16.63,22.0,115.8,77.54,Desserts,4.7,14,4,0,Afternoon
ORD_04281,CUST_0704,REST_050,2026-06-20 06:05:34,130.72,1,Clear,Medium,Delivered,28.0,DEL_04281,DRV_0272,4.86,28.0,57.8,24.36,Desserts,4.0,6,5,1,Morning
ORD_04282,CUST_0232,REST_062,2026-04-18 13:00:05,100.0,1,Clear,Low,Delivered,16.0,DEL_04282,DRV_0217,4.11,16.0,52.3,27.68,Fast Food,3.5,13,5,1,Afternoon
ORD_04283,CUST_0955,REST_052,2026-04-21 16:04:47,100.0,5,Cloudy,High,Delivered,23.0,DEL_04283,DRV_0358,2.77,23.0,63.7,21.47,Healthy,4.6,16,1,0,Afternoon
ORD_04285,CUST_0990,REST_035,2026-02-17 09:18:10,259.84,2,Heavy Rain,Low,Delivered,29.0,DEL_04285,DRV_0180,1.49,29.0,51.9,27.28,North Indian,4.8,9,1,0,Morning
ORD_04286,CUST_0730,REST_028,2026-01-28 23:15:51,145.74,2,Clear,High,Delivered,28.0,DEL_04286,DRV_0125,0.52,28.0,39.0,24.2,Indian,4.4,23,2,0,Night
ORD_04287,CUST_0278,REST_058,2026-01-11 04:07:19,179.79,1,Clear,Medium,Delivered,22.0,DEL_04287,DRV_0376,10.67,22.0,69.3,35.92,Fast Food,4.7,4,6,1,Night
ORD_04288,CUST_0353,REST_030,2026-04-27 15:50:24,100.0,4,Cloudy,Medium,Delivered,20.0,DEL_04288,DRV_0183,5.53,20.0,59.2,17.25,South Indian,4.1,15,0,0,Afternoon
ORD_04289,CUST_0999,REST_090,2026-03-20 02:53:22,195.02,1,Clear,High,Delivered,30.0,DEL_04289,DRV_0332,6.35,30.0,79.1,29.24,North Indian,4.2,2,4,0,Night
ORD_04290,CUST_0303,REST_007,2026-05-19 15:14:12,236.23,1,Clear,Medium,Delivered,24.0,DEL_04290,DRV_0329,3.99,24.0,51.1,34.46,Healthy,3.9,15,1,0,Afternoon
ORD_04291,CUST_0541,REST_039,2026-02-05 04:43:55,135.05,1,Clear,Medium,Delivered,22.0,DEL_04291,DRV_0433,3.05,22.0,44.3,18.53,Desserts,4.2,4,3,0,Night
ORD_04292,CUST_0470,REST_095,2026-04-25 13:29:47,459.32,4,Clear,High,Delivered,28.0,DEL_04292,DRV_0490,5.94,28.0,85.6,47.06,Pizza,3.7,13,5,1,Afternoon
ORD_04293,CUST_0813,REST_069,2026-03-13 01:11:48,114.39,3,Rain,Medium,Delivered,33.0,DEL_04293,DRV_0200,1.85,33.0,59.3,16.02,Chinese,3.7,1,4,0,Night
ORD_04294,CUST_0077,REST_035,2026-05-05 16:06:18,211.86,5,Clear,Low,Delivered,31.0,DEL_04294,DRV_0184,12.34,31.0,81.8,23.7,North Indian,4.8,16,1,0,Afternoon
ORD_04295,CUST_0521,REST_052,2026-06-16 19:08:41,289.04,3,Rain,Medium,Delivered,33.0,DEL_04295,DRV_0479,5.15,33.0,74.9,33.81,Healthy,4.6,19,1,0,Evening
ORD_04296,CUST_0024,REST_014,2026-03-02 14:01:54,173.73,3,Rain,Medium,Delivered,27.0,DEL_04296,DRV_0297,5.11,27.0,73.8,27.29,Fast Food,5.0,14,0,0,Afternoon
ORD_04297,CUST_0015,REST_063,2026-05-22 03:51:26,163.42,1,Clear,Low,Delivered,20.0,DEL_04297,DRV_0224,7.1,20.0,59.1,32.38,Biryani,4.7,3,4,0,Night
ORD_04298,CUST_0676,REST_036,2026-05-25 11:34:32,100.0,3,Clear,Medium,Delivered,18.0,DEL_04298,DRV_0455,8.42,18.0,61.3,21.07,Indian,3.0,11,0,0,Morning
ORD_04299,CUST_0525,REST_091,2026-02-22 01:07:54,382.43,1,Clear,Medium,Delivered,20.0,DEL_04299,DRV_0480,3.37,20.0,50.8,37.25,Cafe,4.6,1,6,1,Night
ORD_04300,CUST_0347,REST_024,2026-04-20 19:12:48,165.1,1,Clear,Low,Delivered,39.0,DEL_04300,DRV_0362,1.51,39.0,64.2,15.2,Cafe,4.3,19,0,0,Evening
ORD_04301,CUST_0172,REST_040,2026-06-16 08:55:11,243.61,5,Cloudy,Medium,Delivered,32.0,DEL_04301,DRV_0440,3.19,32.0,55.4,35.95,Desserts,4.1,8,1,0,Morning
ORD_04302,CUST_0869,REST_029,2026-01-21 03:52:31,262.43,2,Clear,Low,Delivered,33.0,DEL_04302,DRV_0377,1.73,33.0,41.1,30.82,Pizza,3.9,3,2,0,Night
ORD_04303,CUST_0327,REST_053,2026-02-25 11:04:03,128.31,1,Rain,Medium,Delivered,16.0,DEL_04303,DRV_0089,4.02,16.0,59.8,13.46,Desserts,5.0,11,2,0,Morning
ORD_04304,CUST_0712,REST_022,2026-05-27 10:31:05,162.61,3,Clear,Medium,Delivered,27.0,DEL_04304,DRV_0225,2.41,27.0,55.4,23.05,Biryani,4.5,10,2,0,Morning
ORD_04305,CUST_0485,REST_072,2026-03-12 21:12:21,377.65,5,Clear,Low,Delivered,21.0,DEL_04305,DRV_0499,5.86,21.0,57.0,37.93,Chinese,3.8,21,3,0,Evening
ORD_04306,CUST_0489,REST_015,2026-03-03 15:24:30,100.0,6,Clear,Low,Delivered,27.0,DEL_04306,DRV_0447,1.54,27.0,29.7,7.48,Healthy,4.6,15,1,0,Afternoon
ORD_04307,CUST_0462,REST_069,2026-04-05 02:37:44,584.27,6,Clear,Low,Delivered,24.0,DEL_04307,DRV_0118,11.31,24.0,80.7,42.82,Chinese,3.7,2,6,1,Night
ORD_04308,CUST_0378,REST_064,2026-01-08 20:54:10,120.34,6,Rain,Low,Delivered,9.0,DEL_04308,DRV_0156,5.39,9.0,59.7,23.61,Biryani,5.0,20,3,0,Evening
ORD_04309,CUST_0588,REST_004,2026-02-18 11:12:31,100.0,3,Cloudy,Medium,Delivered,14.0,DEL_04309,DRV_0459,5.64,14.0,56.8,18.0,Healthy,3.7,11,2,0,Morning
ORD_04310,CUST_0164,REST_075,2026-05-21 19:41:50,194.96,2,Clear,Medium,Delivered,14.0,DEL_04310,DRV_0159,4.61,14.0,62.2,17.13,Fast Food,3.5,19,3,0,Evening
ORD_04311,CUST_0372,REST_018,2026-01-04 10:11:46,610.69,4,Rain,Low,Delivered,31.0,DEL_04311,DRV_0183,8.09,31.0,69.2,50.45,Pizza,3.6,10,6,1,Morning
ORD_04312,CUST_0573,REST_042,2026-03-31 08:46:22,100.0,2,Rain,Medium,Delivered,27.0,DEL_04312,DRV_0436,4.4,27.0,67.2,15.17,Healthy,5.0,8,1,0,Morning
ORD_04313,CUST_1000,REST_030,2026-02-26 13:32:43,167.74,5,Rain,High,Delivered,26.0,DEL_04313,DRV_0202,3.74,26.0,80.3,30.08,South Indian,4.1,13,3,0,Afternoon
ORD_04314,CUST_0977,REST_015,2026-05-07 22:22:44,235.56,2,Rain,Low,Delivered,27.0,DEL_04314,DRV_0066,4.66,27.0,61.3,38.5,Healthy,4.6,22,3,0,Night
ORD_04315,CUST_0424,REST_070,2026-04-24 20:47:50,184.66,6,Cloudy,Medium,Delivered,18.0,DEL_04315,DRV_0046,4.24,18.0,66.4,27.02,Desserts,4.2,20,4,0,Evening
ORD_04316,CUST_0757,REST_055,2026-03-29 11:23:11,223.64,2,Cloudy,Medium,Delivered,38.0,DEL_04316,DRV_0364,2.71,38.0,67.1,27.62,North Indian,4.2,11,6,1,Morning
ORD_04317,CUST_0477,REST_053,2026-02-07 12:14:28,122.13,5,Clear,Low,Delivered,22.0,DEL_04317,DRV_0260,10.09,22.0,81.0,20.78,Desserts,5.0,12,5,1,Afternoon
ORD_04318,CUST_0382,REST_016,2026-06-19 05:53:35,130.34,5,Clear,High,Delivered,25.0,DEL_04318,DRV_0406,4.98,25.0,69.2,5.57,Indian,3.7,5,4,0,Night
ORD_04319,CUST_0155,REST_073,2026-02-04 08:20:58,167.06,6,Cloudy,High,Delivered,42.0,DEL_04319,DRV_0429,3.85,42.0,81.4,29.71,South Indian,3.9,8,2,0,Morning
ORD_04321,CUST_0756,REST_027,2026-01-23 12:19:48,176.87,1,Cloudy,High,Delivered,24.0,DEL_04321,DRV_0156,0.66,24.0,59.7,38.58,South Indian,4.0,12,4,0,Afternoon
ORD_04322,CUST_0674,REST_013,2026-04-28 10:49:01,146.38,4,Rain,Medium,Delivered,16.0,DEL_04322,DRV_0394,6.83,16.0,64.3,18.1,Cafe,3.2,10,1,0,Morning
ORD_04323,CUST_0068,REST_100,2026-06-08 08:22:17,139.98,4,Clear,Low,Delivered,31.0,DEL_04323,DRV_0450,3.29,31.0,50.0,22.83,Pizza,3.9,8,0,0,Morning
ORD_04324,CUST_0344,REST_027,2026-02-10 18:29:51,216.22,6,Cloudy,Medium,Delivered,34.0,DEL_04324,DRV_0249,2.93,34.0,63.2,32.45,South Indian,4.0,18,1,0,Evening
ORD_04325,CUST_0277,REST_073,2026-03-27 03:18:04,100.0,4,Cloudy,Low,Delivered,34.0,DEL_04325,DRV_0433,7.51,34.0,67.0,15.6,South Indian,3.9,3,4,0,Night
ORD_04326,CUST_0673,REST_069,2026-01-07 17:00:49,159.81,2,Cloudy,Medium,Delivered,28.0,DEL_04326,DRV_0095,0.5,28.0,40.0,29.63,Chinese,3.7,17,2,0,Evening
ORD_04327,CUST_0391,REST_086,2026-02-26 09:02:02,648.42,5,Cloudy,Low,Delivered,33.0,DEL_04327,DRV_0255,0.73,33.0,33.9,80.96,Chinese,3.8,9,3,0,Morning
ORD_04328,CUST_0449,REST_031,2026-03-14 12:04:10,100.0,5,Clear,Medium,Delivered,28.0,DEL_04328,DRV_0362,3.04,28.0,56.3,24.27,North Indian,4.0,12,5,1,Afternoon
ORD_04329,CUST_0259,REST_003,2026-01-12 02:23:32,367.61,6,Clear,Medium,Delivered,10.0,DEL_04329,DRV_0471,4.48,10.0,41.2,38.16,South Indian,4.4,2,0,0,Night
ORD_04330,CUST_0307,REST_030,2026-01-24 12:57:44,186.8,5,Heavy Rain,Medium,Delivered,22.0,DEL_04330,DRV_0336,2.59,22.0,68.7,24.65,South Indian,4.1,12,5,1,Afternoon
ORD_04331,CUST_0847,REST_021,2026-05-18 23:27:33,130.11,1,Clear,Low,Delivered,25.0,DEL_04331,DRV_0201,4.07,25.0,44.9,17.8,Fast Food,3.7,23,0,0,Night
ORD_04332,CUST_0095,REST_099,2026-04-13 11:19:12,100.0,5,Clear,Medium,Delivered,27.0,DEL_04332,DRV_0307,3.01,27.0,45.6,18.49,Healthy,3.7,11,0,0,Morning
ORD_04333,CUST_0950,REST_006,2026-02-06 17:25:38,195.75,5,Clear,Low,Delivered,19.0,DEL_04333,DRV_0427,4.99,19.0,36.1,17.67,Cafe,3.9,17,4,0,Evening
ORD_04334,CUST_0464,REST_092,2026-01-10 02:08:54,403.17,2,Clear,Medium,Delivered,22.0,DEL_04334,DRV_0134,2.23,22.0,45.2,22.08,Indian,4.1,2,5,1,Night
ORD_04335,CUST_0970,REST_032,2026-01-23 20:52:55,146.34,3,Rain,Low,Delivered,22.0,DEL_04335,DRV_0377,5.6,22.0,68.6,14.48,Healthy,3.9,20,4,0,Evening
ORD_04336,CUST_0246,REST_042,2026-03-05 00:44:54,173.38,4,Cloudy,Medium,Delivered,35.0,DEL_04336,DRV_0153,1.23,35.0,57.0,21.75,Healthy,5.0,0,3,0,Night
ORD_04337,CUST_0733,REST_062,2026-06-26 08:51:16,315.99,2,Rain,Low,Delivered,17.0,DEL_04337,DRV_0255,2.93,17.0,47.4,36.65,Fast Food,3.5,8,4,0,Morning
ORD_04338,CUST_0635,REST_089,2026-02-04 16:16:46,218.65,2,Clear,Medium,Delivered,18.0,DEL_04338,DRV_0260,6.64,18.0,60.9,12.58,North Indian,4.1,16,2,0,Afternoon
ORD_04339,CUST_0187,REST_032,2026-01-25 05:54:49,100.0,2,Cloudy,Medium,Delivered,21.0,DEL_04339,DRV_0240,11.35,21.0,83.8,15.28,Healthy,3.9,5,6,1,Night
ORD_04340,CUST_0774,REST_099,2026-03-11 12:04:39,191.4,4,Rain,Medium,Delivered,33.0,DEL_04340,DRV_0460,9.1,33.0,103.2,33.4,Healthy,3.7,12,2,0,Afternoon
ORD_04341,CUST_0925,REST_086,2026-06-05 13:22:55,416.43,6,Heavy Rain,Medium,Delivered,33.0,DEL_04341,DRV_0152,1.89,33.0,84.1,53.48,Chinese,3.8,13,4,0,Afternoon
ORD_04342,CUST_0785,REST_088,2026-01-29 23:10:32,177.63,2,Heavy Rain,Medium,Delivered,29.0,DEL_04342,DRV_0440,4.33,29.0,70.1,18.06,Cafe,3.8,23,3,0,Night
ORD_04343,CUST_0373,REST_039,2026-05-29 23:51:34,100.0,3,Cloudy,High,Delivered,21.0,DEL_04343,DRV_0091,6.64,21.0,78.2,18.66,Desserts,4.2,23,4,0,Night
ORD_04344,CUST_0572,REST_064,2026-04-10 19:35:38,224.42,6,Clear,Medium,Delivered,11.0,DEL_04344,DRV_0240,4.64,11.0,52.2,23.18,Biryani,5.0,19,4,0,Evening
ORD_04345,CUST_0406,REST_030,2026-04-30 16:22:32,162.53,5,Clear,Medium,Delivered,19.0,DEL_04345,DRV_0183,1.99,19.0,42.3,12.45,South Indian,4.1,16,3,0,Afternoon
ORD_04346,CUST_0408,REST_063,2026-01-28 09:53:52,100.0,3,Rain,High,Delivered,17.0,DEL_04346,DRV_0310,1.64,17.0,61.5,11.72,Biryani,4.7,9,2,0,Morning
ORD_04347,CUST_0125,REST_096,2026-05-17 16:28:13,100.0,6,Rain,High,Delivered,29.0,DEL_04347,DRV_0259,1.86,29.0,65.3,21.96,Biryani,3.3,16,6,1,Afternoon
ORD_04348,CUST_0337,REST_031,2026-05-16 21:56:56,309.92,5,Cloudy,Medium,Delivered,28.0,DEL_04348,DRV_0460,10.53,28.0,90.8,41.85,North Indian,4.0,21,5,1,Evening
ORD_04349,CUST_0341,REST_087,2026-03-03 22:30:26,121.17,5,Clear,Low,Delivered,15.0,DEL_04349,DRV_0431,5.55,15.0,41.9,24.87,Healthy,4.0,22,1,0,Night
ORD_04350,CUST_0563,REST_040,2026-06-13 11:58:13,110.04,2,Cloudy,Medium,Delivered,30.0,DEL_04350,DRV_0500,4.34,30.0,57.6,21.03,Desserts,4.1,11,5,1,Morning
ORD_04351,CUST_0178,REST_033,2026-04-14 11:25:27,177.75,2,Clear,Medium,Delivered,24.0,DEL_04351,DRV_0286,7.67,24.0,62.5,39.06,Fast Food,4.1,11,1,0,Morning
ORD_04352,CUST_0651,REST_063,2026-02-06 21:33:38,127.19,4,Clear,Medium,Delivered,14.0,DEL_04352,DRV_0076,4.6,14.0,63.6,21.58,Biryani,4.7,21,4,0,Evening
ORD_04353,CUST_0952,REST_025,2026-01-12 09:37:23,191.53,1,Clear,Medium,Delivered,28.0,DEL_04353,DRV_0297,4.91,28.0,62.7,26.58,South Indian,4.0,9,0,0,Morning
ORD_04354,CUST_0839,REST_036,2026-03-20 08:36:47,162.15,3,Rain,Medium,Delivered,18.0,DEL_04354,DRV_0362,3.85,18.0,52.2,10.58,Indian,3.0,8,4,0,Morning
ORD_04355,CUST_0170,REST_024,2026-01-23 08:37:03,100.0,4,Clear,Medium,Delivered,30.0,DEL_04355,DRV_0183,0.94,30.0,40.8,18.94,Cafe,4.3,8,4,0,Morning
ORD_04356,CUST_0039,REST_095,2026-03-16 07:50:30,136.84,4,Cloudy,Medium,Delivered,31.0,DEL_04356,DRV_0059,2.2,31.0,50.0,24.45,Pizza,3.7,7,0,0,Morning
ORD_04357,CUST_0069,REST_058,2026-05-14 23:51:23,231.25,3,Clear,Low,Delivered,16.0,DEL_04357,DRV_0040,3.07,16.0,31.5,41.98,Fast Food,4.7,23,3,0,Night
ORD_04358,CUST_0236,REST_039,2026-04-02 21:38:14,185.5,6,Cloudy,Low,Delivered,30.0,DEL_04358,DRV_0045,6.74,30.0,79.7,22.98,Desserts,4.2,21,3,0,Evening
ORD_04359,CUST_0560,REST_046,2026-01-09 09:16:08,173.28,3,Cloudy,Medium,Delivered,14.0,DEL_04359,DRV_0406,7.46,14.0,61.5,20.66,North Indian,3.7,9,4,0,Morning
ORD_04360,CUST_0381,REST_077,2026-02-26 02:35:24,526.14,5,Rain,Medium,Delivered,17.0,DEL_04360,DRV_0015,1.05,17.0,54.5,47.85,Fast Food,4.1,2,3,0,Night
ORD_04361,CUST_0057,REST_010,2026-06-11 15:37:06,270.99,1,Clear,High,Delivered,26.0,DEL_04361,DRV_0220,2.59,26.0,59.0,48.48,Healthy,4.9,15,3,0,Afternoon
ORD_04362,CUST_0277,REST_087,2026-06-28 11:11:39,289.7,6,Clear,Low,Delivered,10.0,DEL_04362,DRV_0273,3.96,10.0,31.0,39.67,Healthy,4.0,11,6,1,Morning
ORD_04363,CUST_0850,REST_082,2026-02-16 07:26:15,165.46,2,Rain,Low,Delivered,37.0,DEL_04363,DRV_0187,1.6,37.0,58.6,21.47,Healthy,3.7,7,0,0,Morning
ORD_04364,CUST_0099,REST_032,2026-01-08 18:10:47,204.6,1,Clear,Medium,Delivered,16.0,DEL_04364,DRV_0364,6.46,16.0,48.3,47.56,Healthy,3.9,18,3,0,Evening
ORD_04365,CUST_0916,REST_097,2026-01-19 03:28:12,143.01,1,Clear,Medium,Delivered,13.0,DEL_04365,DRV_0496,8.21,13.0,62.2,32.15,Cafe,4.7,3,0,0,Night
ORD_04366,CUST_0527,REST_036,2026-06-01 16:54:11,278.01,2,Cloudy,Low,Delivered,22.0,DEL_04366,DRV_0025,18.88,22.0,100.1,19.53,Indian,3.0,16,0,0,Afternoon
ORD_04367,CUST_0325,REST_028,2026-01-18 11:55:18,170.59,1,Cloudy,Medium,Delivered,23.0,DEL_04367,DRV_0299,3.8,23.0,43.7,25.3,Indian,4.4,11,6,1,Morning
ORD_04368,CUST_0461,REST_016,2026-03-05 04:32:03,204.86,6,Clear,Low,Delivered,29.0,DEL_04368,DRV_0192,3.94,29.0,48.4,38.14,Indian,3.7,4,3,0,Night
ORD_04369,CUST_0179,REST_016,2026-03-05 14:39:56,198.01,6,Clear,Low,Delivered,30.0,DEL_04369,DRV_0179,9.3,30.0,85.4,26.24,Indian,3.7,14,3,0,Afternoon
ORD_04370,CUST_0844,REST_018,2026-05-29 23:59:07,179.47,6,Rain,Low,Delivered,38.0,DEL_04370,DRV_0061,8.57,38.0,83.7,22.8,Pizza,3.6,23,4,0,Night
ORD_04371,CUST_0574,REST_008,2026-05-23 18:54:08,912.33,4,Cloudy,Medium,Delivered,26.0,DEL_04371,DRV_0429,6.14,26.0,66.8,50.0,Desserts,4.5,18,5,1,Evening
ORD_04372,CUST_0119,REST_080,2026-01-07 11:19:28,125.63,4,Clear,High,Delivered,31.0,DEL_04372,DRV_0131,2.82,31.0,51.1,20.14,South Indian,5.0,11,2,0,Morning
ORD_04373,CUST_0469,REST_075,2026-01-15 08:20:13,125.01,6,Clear,Low,Delivered,11.0,DEL_04373,DRV_0249,2.67,11.0,28.7,33.34,Fast Food,3.5,8,3,0,Morning
ORD_04374,CUST_0549,REST_070,2026-01-29 14:12:32,265.54,2,Cloudy,Low,Delivered,13.0,DEL_04374,DRV_0164,3.55,13.0,46.9,14.81,Desserts,4.2,14,3,0,Afternoon
ORD_04375,CUST_0646,REST_001,2026-01-05 01:10:29,130.67,2,Clear,Medium,Delivered,16.0,DEL_04375,DRV_0479,4.51,16.0,51.9,14.47,Pizza,4.8,1,0,0,Night
ORD_04376,CUST_0455,REST_062,2026-01-23 04:11:23,154.43,3,Rain,High,Delivered,20.0,DEL_04376,DRV_0207,5.49,20.0,68.7,14.37,Fast Food,3.5,4,4,0,Night
ORD_04377,CUST_0026,REST_076,2026-04-21 07:47:05,100.0,3,Cloudy,Low,Delivered,15.0,DEL_04377,DRV_0238,5.9,15.0,52.7,12.28,Chinese,3.7,7,1,0,Morning
ORD_04378,CUST_0490,REST_038,2026-01-21 11:53:46,237.54,6,Clear,Medium,Delivered,37.0,DEL_04378,DRV_0192,4.75,37.0,64.1,18.39,Indian,3.7,11,2,0,Morning
ORD_04379,CUST_0008,REST_092,2026-03-26 06:15:16,239.21,1,Rain,Low,Delivered,26.0,DEL_04379,DRV_0028,3.13,26.0,49.8,46.21,Indian,4.1,6,3,0,Morning
ORD_04380,CUST_0969,REST_045,2026-05-19 20:27:22,152.42,1,Clear,Low,Delivered,32.0,DEL_04380,DRV_0107,0.97,32.0,52.1,14.17,Pizza,4.2,20,1,0,Evening
ORD_04381,CUST_0987,REST_058,2026-03-13 11:49:37,268.58,2,Clear,Medium,Delivered,15.0,DEL_04381,DRV_0223,6.51,15.0,50.1,34.02,Fast Food,4.7,11,4,0,Morning
ORD_04382,CUST_0516,REST_081,2026-02-17 05:09:59,100.0,1,Cloudy,High,Delivered,22.0,DEL_04382,DRV_0380,4.54,22.0,70.9,22.45,Desserts,4.1,5,1,0,Night
ORD_04383,CUST_0533,REST_001,2026-06-13 17:20:24,122.88,5,Cloudy,Medium,Delivered,12.0,DEL_04383,DRV_0429,4.26,12.0,40.9,15.91,Pizza,4.8,17,5,1,Evening
ORD_04384,CUST_0927,REST_032,2026-01-31 05:48:22,165.09,4,Clear,High,Delivered,22.0,DEL_04384,DRV_0084,3.57,22.0,63.2,27.07,Healthy,3.9,5,5,1,Night
ORD_04385,CUST_0149,REST_008,2026-03-12 19:16:43,100.0,1,Clear,Medium,Delivered,24.0,DEL_04385,DRV_0498,15.27,24.0,107.1,16.31,Desserts,4.5,19,3,0,Evening
ORD_04386,CUST_0488,REST_040,2026-01-19 14:04:29,100.0,1,Clear,High,Delivered,25.0,DEL_04386,DRV_0237,9.62,25.0,95.7,17.06,Desserts,4.1,14,0,0,Afternoon
ORD_04387,CUST_0025,REST_056,2026-01-15 21:21:19,153.03,3,Clear,Low,Delivered,30.0,DEL_04387,DRV_0149,6.75,30.0,55.7,14.51,Desserts,4.2,21,3,0,Evening
ORD_04388,CUST_0999,REST_063,2026-02-15 11:42:54,265.53,5,Cloudy,Low,Delivered,19.0,DEL_04388,DRV_0283,5.7,19.0,48.0,34.73,Biryani,4.7,11,6,1,Morning
ORD_04389,CUST_0655,REST_088,2026-06-27 10:37:50,366.93,1,Cloudy,Medium,Delivered,30.0,DEL_04389,DRV_0339,4.7,30.0,62.7,48.39,Cafe,3.8,10,5,1,Morning
ORD_04390,CUST_0757,REST_074,2026-05-27 20:48:11,134.15,4,Clear,Medium,Delivered,13.0,DEL_04390,DRV_0100,2.16,13.0,54.8,27.27,Indian,4.2,20,2,0,Evening
ORD_04391,CUST_0931,REST_074,2026-02-03 23:05:12,271.31,1,Clear,Medium,Delivered,7.0,DEL_04391,DRV_0332,3.26,7.0,36.5,51.74,Indian,4.2,23,1,0,Night
ORD_04392,CUST_0945,REST_036,2026-02-26 05:32:35,257.26,2,Clear,Medium,Delivered,15.0,DEL_04392,DRV_0035,8.95,15.0,62.5,13.47,Indian,3.0,5,3,0,Night
ORD_04393,CUST_0555,REST_089,2026-01-25 09:15:08,354.33,5,Clear,Medium,Delivered,19.0,DEL_04393,DRV_0432,4.43,19.0,55.1,60.19,North Indian,4.1,9,6,1,Morning
ORD_04394,CUST_0425,REST_057,2026-04-15 14:09:26,149.51,1,Clear,Medium,Delivered,18.0,DEL_04394,DRV_0097,9.77,18.0,79.0,25.93,Desserts,4.7,14,2,0,Afternoon
ORD_04395,CUST_0293,REST_074,2026-04-05 11:26:12,100.0,5,Clear,Low,Delivered,9.0,DEL_04395,DRV_0356,4.72,9.0,41.2,18.5,Indian,4.2,11,6,1,Morning
ORD_04396,CUST_0185,REST_083,2026-06-14 14:21:40,188.41,1,Clear,High,Delivered,15.0,DEL_04396,DRV_0233,0.78,15.0,54.4,19.78,Pizza,4.8,14,6,1,Afternoon
ORD_04398,CUST_0431,REST_079,2026-04-02 03:07:27,121.76,4,Rain,Medium,Delivered,24.0,DEL_04398,DRV_0448,4.59,24.0,68.2,20.33,Healthy,4.4,3,3,0,Night
ORD_04400,CUST_0317,REST_002,2026-02-08 10:15:08,150.44,6,Rain,High,Delivered,36.0,DEL_04400,DRV_0246,3.82,36.0,84.6,4.23,North Indian,4.2,10,6,1,Morning
ORD_04401,CUST_0398,REST_093,2026-06-24 00:50:44,195.95,3,Rain,Medium,Delivered,22.0,DEL_04401,DRV_0414,3.52,22.0,56.8,26.04,Indian,3.8,0,2,0,Night
ORD_04402,CUST_0324,REST_068,2026-01-25 11:08:05,266.86,3,Heavy Rain,Low,Delivered,28.0,DEL_04402,DRV_0458,3.45,28.0,64.2,35.06,Indian,4.5,11,6,1,Morning
ORD_04403,CUST_0565,REST_050,2026-06-01 16:14:42,148.08,2,Rain,Low,Delivered,29.0,DEL_04403,DRV_0489,2.92,29.0,62.5,21.81,Desserts,4.0,16,0,0,Afternoon
ORD_04404,CUST_0596,REST_029,2026-04-09 05:13:45,225.35,6,Cloudy,Low,Delivered,34.0,DEL_04404,DRV_0404,8.87,34.0,76.5,15.01,Pizza,3.9,5,3,0,Night
ORD_04405,CUST_0546,REST_095,2026-04-24 08:10:46,182.76,3,Cloudy,Medium,Delivered,24.0,DEL_04405,DRV_0262,20.0,24.0,118.2,37.42,Pizza,3.7,8,4,0,Morning
ORD_04406,CUST_0076,REST_081,2026-04-04 01:18:00,303.24,5,Clear,Medium,Delivered,26.0,DEL_04406,DRV_0223,5.0,26.0,66.5,17.78,Desserts,4.1,1,5,1,Night
ORD_04407,CUST_0865,REST_010,2026-02-02 15:14:32,163.41,3,Cloudy,Low,Delivered,28.0,DEL_04407,DRV_0403,6.76,28.0,65.8,22.5,Healthy,4.9,15,0,0,Afternoon
ORD_04408,CUST_0920,REST_027,2026-06-08 05:45:17,173.57,2,Cloudy,Medium,Delivered,28.0,DEL_04408,DRV_0451,3.67,28.0,55.8,31.62,South Indian,4.0,5,0,0,Night
ORD_04409,CUST_0916,REST_015,2026-04-25 09:02:06,147.54,1,Cloudy,High,Delivered,34.0,DEL_04409,DRV_0074,12.66,34.0,117.5,21.77,Healthy,4.6,9,5,1,Morning
ORD_04410,CUST_0709,REST_060,2026-01-05 00:48:12,165.8,3,Cloudy,Low,Delivered,15.0,DEL_04410,DRV_0266,5.98,15.0,42.9,22.69,Chinese,4.2,0,0,0,Night
ORD_04411,CUST_0486,REST_031,2026-02-04 05:17:29,117.81,5,Clear,Medium,Delivered,35.0,DEL_04411,DRV_0184,3.61,35.0,63.1,21.17,North Indian,4.0,5,2,0,Night
ORD_04413,CUST_0088,REST_060,2026-01-24 09:56:41,277.74,2,Clear,Medium,Delivered,15.0,DEL_04413,DRV_0383,4.63,15.0,53.9,19.54,Chinese,4.2,9,5,1,Morning
ORD_04414,CUST_0747,REST_058,2026-03-25 00:01:24,100.0,2,Cloudy,Low,Delivered,19.0,DEL_04414,DRV_0056,0.97,19.0,27.6,23.79,Fast Food,4.7,0,2,0,Night
ORD_04415,CUST_0232,REST_041,2026-06-26 03:13:26,152.09,4,Rain,Low,Delivered,30.0,DEL_04415,DRV_0057,1.97,30.0,43.7,34.88,North Indian,4.9,3,4,0,Night
ORD_04416,CUST_0007,REST_046,2026-02-22 09:12:11,316.85,4,Rain,Low,Delivered,23.0,DEL_04416,DRV_0386,1.61,23.0,44.0,41.76,North Indian,3.7,9,6,1,Morning
ORD_04417,CUST_0804,REST_045,2026-02-20 05:12:28,149.31,4,Rain,Medium,Delivered,36.0,DEL_04417,DRV_0493,9.41,36.0,96.0,29.62,Pizza,4.2,5,4,0,Night
ORD_04418,CUST_0550,REST_026,2026-02-23 12:46:42,285.95,1,Clear,Medium,Delivered,36.0,DEL_04418,DRV_0295,2.77,36.0,62.5,23.0,Fast Food,3.0,12,0,0,Afternoon
ORD_04420,CUST_0052,REST_036,2026-06-30 05:24:27,101.68,4,Clear,Medium,Delivered,17.0,DEL_04420,DRV_0173,5.85,17.0,47.7,23.14,Indian,3.0,5,1,0,Night
ORD_04421,CUST_0655,REST_052,2026-02-11 17:52:23,100.0,5,Rain,Medium,Delivered,33.0,DEL_04421,DRV_0478,5.5,33.0,79.7,19.27,Healthy,4.6,17,2,0,Evening
ORD_04422,CUST_0942,REST_081,2026-04-27 08:33:16,373.16,2,Clear,High,Delivered,24.0,DEL_04422,DRV_0110,8.74,24.0,79.3,67.24,Desserts,4.1,8,0,0,Morning
ORD_04423,CUST_0919,REST_051,2026-05-07 16:18:09,100.0,1,Clear,Low,Delivered,15.0,DEL_04423,DRV_0412,10.24,15.0,62.1,13.97,Healthy,3.6,16,3,0,Afternoon
ORD_04424,CUST_0396,REST_003,2026-05-18 11:10:45,273.4,2,Cloudy,Medium,Delivered,11.0,DEL_04424,DRV_0146,3.85,11.0,49.5,48.25,South Indian,4.4,11,0,0,Morning
ORD_04425,CUST_0221,REST_014,2026-04-08 15:56:22,104.59,5,Cloudy,High,Delivered,30.0,DEL_04425,DRV_0014,11.66,30.0,105.5,13.92,Fast Food,5.0,15,2,0,Afternoon
ORD_04426,CUST_0428,REST_049,2026-03-19 00:31:07,374.11,6,Clear,High,Delivered,23.0,DEL_04426,DRV_0183,9.14,23.0,85.3,44.91,Cafe,3.6,0,3,0,Night
ORD_04427,CUST_0752,REST_077,2026-06-08 02:52:34,610.17,6,Cloudy,Medium,Delivered,20.0,DEL_04427,DRV_0315,0.95,20.0,45.9,94.36,Fast Food,4.1,2,0,0,Night
ORD_04428,CUST_0143,REST_091,2026-06-22 09:18:05,100.0,4,Cloudy,Low,Delivered,15.0,DEL_04428,DRV_0365,6.51,15.0,53.1,10.25,Cafe,4.6,9,0,0,Morning
ORD_04429,CUST_0861,REST_001,2026-03-14 14:52:13,100.0,6,Clear,High,Delivered,15.0,DEL_04429,DRV_0147,2.5,15.0,67.2,27.66,Pizza,4.8,14,5,1,Afternoon
ORD_04430,CUST_0363,REST_057,2026-04-09 17:03:45,277.33,2,Cloudy,Medium,Delivered,19.0,DEL_04430,DRV_0232,2.31,19.0,36.9,27.12,Desserts,4.7,17,3,0,Evening
ORD_04431,CUST_0382,REST_017,2026-05-26 23:25:30,240.37,6,Clear,Medium,Delivered,12.0,DEL_04431,DRV_0484,11.27,12.0,72.4,43.15,Pizza,4.5,23,1,0,Night
ORD_04432,CUST_0561,REST_050,2026-02-07 08:45:35,277.91,3,Cloudy,Low,Delivered,20.0,DEL_04432,DRV_0297,8.85,20.0,63.9,30.21,Desserts,4.0,8,5,1,Morning
ORD_04433,CUST_0277,REST_098,2026-06-02 06:44:34,132.22,1,Clear,Low,Delivered,22.0,DEL_04433,DRV_0140,9.46,22.0,64.3,28.49,Biryani,4.7,6,1,0,Morning
ORD_04434,CUST_0271,REST_014,2026-02-04 16:09:02,540.85,5,Cloudy,Medium,Delivered,24.0,DEL_04434,DRV_0148,4.48,24.0,60.6,25.58,Fast Food,5.0,16,2,0,Afternoon
ORD_04435,CUST_0014,REST_059,2026-02-11 03:47:54,193.43,4,Clear,High,Delivered,40.0,DEL_04435,DRV_0418,1.24,40.0,66.0,35.33,Pizza,4.0,3,2,0,Night
ORD_04436,CUST_0298,REST_081,2026-05-24 14:23:45,100.0,2,Clear,High,Delivered,19.0,DEL_04436,DRV_0381,1.32,19.0,62.6,8.61,Desserts,4.1,14,6,1,Afternoon
ORD_04437,CUST_0464,REST_003,2026-02-20 01:20:42,157.71,1,Cloudy,High,Delivered,15.0,DEL_04437,DRV_0036,2.22,15.0,46.0,31.12,South Indian,4.4,1,4,0,Night
ORD_04438,CUST_0527,REST_098,2026-01-24 13:05:28,100.0,4,Cloudy,Medium,Delivered,28.0,DEL_04438,DRV_0277,9.29,28.0,102.0,19.24,Biryani,4.7,13,5,1,Afternoon
ORD_04439,CUST_0234,REST_040,2026-05-29 02:36:51,434.86,2,Heavy Rain,Medium,Delivered,31.0,DEL_04439,DRV_0056,3.45,31.0,69.6,65.0,Desserts,4.1,2,4,0,Night
ORD_04440,CUST_0575,REST_089,2026-04-22 16:27:29,126.07,6,Rain,Medium,Delivered,21.0,DEL_04440,DRV_0467,11.17,21.0,88.9,17.85,North Indian,4.1,16,2,0,Afternoon
ORD_04441,CUST_0708,REST_066,2026-06-24 22:31:14,237.67,5,Cloudy,Medium,Delivered,33.0,DEL_04441,DRV_0041,2.83,33.0,57.7,40.98,North Indian,3.5,22,2,0,Night
ORD_04442,CUST_0027,REST_034,2026-05-08 04:52:28,139.93,3,Clear,Medium,Delivered,22.0,DEL_04442,DRV_0383,12.87,22.0,87.5,13.58,Desserts,4.0,4,4,0,Night
ORD_04443,CUST_0471,REST_090,2026-05-09 00:08:03,129.22,3,Clear,High,Delivered,37.0,DEL_04443,DRV_0169,8.29,37.0,88.1,6.88,North Indian,4.2,0,5,1,Night
ORD_04444,CUST_0093,REST_095,2026-02-21 12:36:14,100.0,6,Clear,Medium,Delivered,33.0,DEL_04444,DRV_0171,2.38,33.0,64.9,25.95,Pizza,3.7,12,5,1,Afternoon
ORD_04445,CUST_0617,REST_009,2026-01-23 13:07:11,251.89,5,Clear,Low,Delivered,25.0,DEL_04445,DRV_0106,4.83,25.0,62.2,27.11,Biryani,4.6,13,4,0,Afternoon
ORD_04446,CUST_0309,REST_094,2026-05-30 19:48:13,370.39,1,Rain,High,Delivered,19.0,DEL_04446,DRV_0227,8.77,19.0,84.3,53.3,Cafe,4.6,19,5,1,Evening
ORD_04447,CUST_0052,REST_084,2026-03-29 10:06:33,109.53,5,Clear,Low,Delivered,16.0,DEL_04447,DRV_0456,5.04,16.0,41.3,14.21,North Indian,3.3,10,6,1,Morning
ORD_04448,CUST_0319,REST_021,2026-02-21 18:44:12,100.0,6,Clear,Medium,Delivered,20.0,DEL_04448,DRV_0086,3.49,20.0,46.1,23.6,Fast Food,3.7,18,5,1,Evening
ORD_04449,CUST_0969,REST_093,2026-01-20 01:04:53,281.98,2,Clear,High,Delivered,18.0,DEL_04449,DRV_0491,3.37,18.0,67.5,45.13,Indian,3.8,1,1,0,Night
ORD_04450,CUST_0181,REST_025,2026-03-27 02:33:08,100.0,1,Clear,Medium,Delivered,35.0,DEL_04450,DRV_0294,2.82,35.0,61.6,31.45,South Indian,4.0,2,4,0,Night
ORD_04451,CUST_0569,REST_044,2026-02-23 17:45:38,354.51,3,Clear,High,Delivered,23.0,DEL_04451,DRV_0146,2.74,23.0,64.9,17.97,Biryani,4.1,17,0,0,Evening
ORD_04452,CUST_0120,REST_025,2026-06-20 11:41:03,110.23,6,Cloudy,Medium,Delivered,35.0,DEL_04452,DRV_0264,4.11,35.0,68.2,18.27,South Indian,4.0,11,5,1,Morning
ORD_04453,CUST_0820,REST_009,2026-01-29 23:35:53,100.0,2,Clear,High,Delivered,26.0,DEL_04453,DRV_0247,2.09,26.0,57.6,16.85,Biryani,4.6,23,3,0,Night
ORD_04454,CUST_0875,REST_062,2026-01-27 08:23:03,207.82,6,Cloudy,Low,Delivered,24.0,DEL_04454,DRV_0450,3.25,24.0,47.0,7.76,Fast Food,3.5,8,1,0,Morning
ORD_04455,CUST_0043,REST_026,2026-04-13 16:37:11,102.41,4,Cloudy,Medium,Delivered,39.0,DEL_04455,DRV_0148,6.87,39.0,85.3,10.2,Fast Food,3.0,16,0,0,Afternoon
ORD_04456,CUST_0647,REST_057,2026-03-05 21:15:18,122.87,4,Rain,Medium,Delivered,22.0,DEL_04456,DRV_0453,2.33,22.0,71.7,27.19,Desserts,4.7,21,3,0,Evening
ORD_04457,CUST_0885,REST_037,2026-01-12 00:53:38,220.23,4,Rain,Medium,Delivered,15.0,DEL_04457,DRV_0441,1.87,15.0,47.0,29.11,Chinese,3.8,0,0,0,Night
ORD_04458,CUST_0938,REST_016,2026-06-17 16:17:49,100.0,3,Rain,Medium,Delivered,31.0,DEL_04458,DRV_0362,1.82,31.0,55.0,30.86,Indian,3.7,16,2,0,Afternoon
ORD_04459,CUST_0260,REST_037,2026-06-09 22:49:50,447.35,5,Clear,High,Delivered,14.0,DEL_04459,DRV_0222,3.42,14.0,57.5,47.86,Chinese,3.8,22,1,0,Night
ORD_04460,CUST_0197,REST_076,2026-01-01 09:06:39,185.68,1,Clear,Medium,Delivered,16.0,DEL_04460,DRV_0146,2.0,16.0,34.5,32.7,Chinese,3.7,9,3,0,Morning
ORD_04461,CUST_0645,REST_024,2026-06-17 22:03:28,100.0,3,Rain,High,Delivered,31.0,DEL_04461,DRV_0108,3.98,31.0,78.7,19.52,Cafe,4.3,22,2,0,Night
ORD_04462,CUST_0971,REST_026,2026-03-16 11:08:04,103.6,2,Clear,Medium,Delivered,39.0,DEL_04462,DRV_0444,5.79,39.0,75.8,24.54,Fast Food,3.0,11,0,0,Morning
ORD_04464,CUST_0732,REST_009,2026-01-28 18:39:01,252.29,4,Clear,Low,Delivered,17.0,DEL_04464,DRV_0245,1.33,17.0,24.4,37.7,Biryani,4.6,18,2,0,Evening
ORD_04465,CUST_0336,REST_087,2026-06-03 16:06:50,388.67,1,Cloudy,High,Delivered,11.0,DEL_04465,DRV_0130,10.9,11.0,81.1,29.98,Healthy,4.0,16,2,0,Afternoon
ORD_04466,CUST_0553,REST_029,2026-05-07 13:45:58,124.52,4,Clear,Low,Delivered,34.0,DEL_04466,DRV_0426,3.88,34.0,61.1,29.98,Pizza,3.9,13,3,0,Afternoon
ORD_04468,CUST_0990,REST_019,2026-03-05 06:12:46,229.2,2,Cloudy,Low,Delivered,25.0,DEL_04468,DRV_0300,7.12,25.0,59.5,14.16,Indian,4.4,6,3,0,Morning
ORD_04469,CUST_0900,REST_020,2026-02-07 22:51:55,265.71,5,Clear,Medium,Delivered,23.0,DEL_04469,DRV_0435,1.82,23.0,36.4,34.01,Desserts,3.4,22,5,1,Night
ORD_04470,CUST_0255,REST_087,2026-01-24 19:53:56,336.97,5,Clear,High,Delivered,9.0,DEL_04470,DRV_0357,2.83,9.0,59.5,27.54,Healthy,4.0,19,5,1,Evening
ORD_04471,CUST_0514,REST_027,2026-02-09 01:14:27,122.18,5,Cloudy,Medium,Delivered,32.0,DEL_04471,DRV_0362,4.42,32.0,65.9,13.64,South Indian,4.0,1,0,0,Night
ORD_04472,CUST_0707,REST_094,2026-06-30 03:34:25,170.24,4,Clear,High,Delivered,22.0,DEL_04472,DRV_0224,5.7,22.0,69.7,10.95,Cafe,4.6,3,1,0,Night
ORD_04473,CUST_0242,REST_085,2026-01-25 09:59:32,129.6,6,Clear,Medium,Delivered,21.0,DEL_04473,DRV_0065,4.12,21.0,49.4,21.27,South Indian,3.4,9,6,1,Morning
ORD_04474,CUST_0149,REST_044,2026-02-21 18:59:20,176.1,1,Clear,High,Delivered,27.0,DEL_04474,DRV_0487,4.78,27.0,67.5,31.27,Biryani,4.1,18,5,1,Evening
ORD_04475,CUST_0710,REST_035,2026-04-17 10:33:55,266.17,5,Cloudy,Medium,Delivered,32.0,DEL_04475,DRV_0065,4.13,32.0,59.0,33.84,North Indian,4.8,10,4,0,Morning
ORD_04477,CUST_0757,REST_022,2026-01-25 19:35:24,333.67,5,Clear,Medium,Delivered,19.0,DEL_04477,DRV_0380,0.53,19.0,38.5,12.91,Biryani,4.5,19,6,1,Evening
ORD_04478,CUST_0850,REST_074,2026-01-14 01:43:49,100.0,4,Cloudy,Medium,Delivered,9.0,DEL_04478,DRV_0182,6.12,9.0,53.1,15.52,Indian,4.2,1,2,0,Night
ORD_04479,CUST_0620,REST_087,2026-02-01 17:32:55,153.08,1,Cloudy,Low,Delivered,18.0,DEL_04479,DRV_0497,1.38,18.0,29.8,33.22,Healthy,4.0,17,6,1,Evening
ORD_04480,CUST_0453,REST_015,2026-05-27 14:10:16,359.3,5,Clear,Low,Delivered,28.0,DEL_04480,DRV_0108,12.46,28.0,101.0,44.82,Healthy,4.6,14,2,0,Afternoon
ORD_04481,CUST_0393,REST_094,2026-02-27 21:53:10,217.11,1,Clear,Low,Delivered,20.0,DEL_04481,DRV_0351,3.17,20.0,51.3,41.52,Cafe,4.6,21,4,0,Evening
ORD_04482,CUST_0212,REST_098,2026-02-07 19:31:41,218.49,3,Rain,Medium,Delivered,27.0,DEL_04482,DRV_0423,3.61,27.0,72.0,25.96,Biryani,4.7,19,5,1,Evening
ORD_04483,CUST_0668,REST_013,2026-02-22 09:33:48,100.0,2,Cloudy,Medium,Delivered,12.0,DEL_04483,DRV_0392,4.86,12.0,44.5,20.72,Cafe,3.2,9,6,1,Morning
ORD_04485,CUST_0594,REST_082,2026-02-22 19:28:26,304.2,6,Clear,Medium,Delivered,30.0,DEL_04485,DRV_0111,4.59,30.0,72.8,52.72,Healthy,3.7,19,6,1,Evening
ORD_04486,CUST_0595,REST_056,2026-01-31 04:06:44,131.1,5,Rain,High,Delivered,33.0,DEL_04486,DRV_0076,1.16,33.0,76.0,14.12,Desserts,4.2,4,5,1,Night
ORD_04487,CUST_0131,REST_023,2026-01-16 21:45:40,138.08,4,Cloudy,Medium,Delivered,41.0,DEL_04487,DRV_0250,4.0,41.0,81.8,25.7,South Indian,4.6,21,4,0,Evening
ORD_04488,CUST_0329,REST_097,2026-06-17 21:51:50,308.02,6,Clear,Medium,Delivered,18.0,DEL_04488,DRV_0241,2.06,18.0,51.5,21.7,Cafe,4.7,21,2,0,Evening
ORD_04489,CUST_0612,REST_098,2026-02-16 11:38:04,101.75,6,Rain,Low,Delivered,22.0,DEL_04489,DRV_0226,2.11,22.0,45.0,24.77,Biryani,4.7,11,0,0,Morning
ORD_04490,CUST_0256,REST_034,2026-06-29 12:38:06,210.2,4,Clear,Medium,Delivered,14.0,DEL_04490,DRV_0305,2.22,14.0,48.6,16.65,Desserts,4.0,12,0,0,Afternoon
ORD_04491,CUST_0479,REST_100,2026-01-23 09:33:24,185.6,4,Clear,Medium,Delivered,31.0,DEL_04491,DRV_0473,5.72,31.0,66.7,38.55,Pizza,3.9,9,4,0,Morning
ORD_04492,CUST_0561,REST_099,2026-06-02 13:02:34,181.0,4,Clear,Low,Delivered,30.0,DEL_04492,DRV_0164,6.02,30.0,64.7,33.94,Healthy,3.7,13,1,0,Afternoon
ORD_04493,CUST_0913,REST_017,2026-01-29 22:43:09,136.3,6,Cloudy,Low,Delivered,17.0,DEL_04493,DRV_0263,6.88,17.0,49.3,23.1,Pizza,4.5,22,3,0,Night
ORD_04494,CUST_0063,REST_028,2026-01-02 08:43:01,131.77,1,Cloudy,Medium,Delivered,25.0,DEL_04494,DRV_0015,2.86,25.0,53.0,27.99,Indian,4.4,8,4,0,Morning
ORD_04495,CUST_0311,REST_014,2026-02-24 14:59:25,100.17,4,Cloudy,High,Delivered,25.0,DEL_04495,DRV_0341,4.71,25.0,87.3,16.36,Fast Food,5.0,14,1,0,Afternoon
ORD_04496,CUST_0407,REST_034,2026-04-29 04:27:36,236.39,2,Rain,Medium,Delivered,13.0,DEL_04496,DRV_0153,6.33,13.0,65.6,37.61,Desserts,4.0,4,2,0,Night
ORD_04497,CUST_0802,REST_075,2026-05-17 06:42:26,125.53,6,Clear,High,Delivered,9.0,DEL_04497,DRV_0496,11.36,9.0,74.5,23.86,Fast Food,3.5,6,6,1,Morning
ORD_04499,CUST_0617,REST_077,2026-05-15 17:07:35,160.21,6,Cloudy,Low,Delivered,18.0,DEL_04499,DRV_0038,4.74,18.0,50.0,32.17,Fast Food,4.1,17,4,0,Evening
ORD_04500,CUST_0837,REST_097,2026-02-06 20:07:05,101.28,3,Heavy Rain,Low,Delivered,16.0,DEL_04500,DRV_0037,2.0,16.0,63.4,12.04,Cafe,4.7,20,4,0,Evening
ORD_04501,CUST_0015,REST_055,2026-02-19 22:48:27,159.05,1,Clear,Medium,Delivered,40.0,DEL_04501,DRV_0122,5.58,40.0,81.3,24.35,North Indian,4.2,22,3,0,Night
ORD_04502,CUST_0687,REST_066,2026-05-23 23:56:53,144.61,1,Heavy Rain,Medium,Delivered,24.0,DEL_04502,DRV_0272,1.49,24.0,57.1,14.36,North Indian,3.5,23,5,1,Night
ORD_04503,CUST_0259,REST_098,2026-06-16 02:40:59,315.77,4,Clear,Medium,Delivered,28.0,DEL_04503,DRV_0257,4.83,28.0,63.8,22.9,Biryani,4.7,2,1,0,Night
ORD_04504,CUST_0723,REST_093,2026-01-07 08:40:34,147.98,6,Rain,Low,Delivered,17.0,DEL_04504,DRV_0175,2.95,17.0,44.6,26.48,Indian,3.8,8,2,0,Morning
ORD_04505,CUST_0412,REST_037,2026-02-01 13:31:13,155.72,6,Cloudy,Low,Delivered,23.0,DEL_04505,DRV_0436,1.17,23.0,45.5,31.51,Chinese,3.8,13,6,1,Afternoon
ORD_04507,CUST_0614,REST_076,2026-02-07 10:55:45,239.74,1,Clear,High,Delivered,16.0,DEL_04507,DRV_0301,3.94,16.0,56.9,18.94,Chinese,3.7,10,5,1,Morning
ORD_04508,CUST_0260,REST_026,2026-01-30 09:25:21,452.36,4,Clear,High,Delivered,42.0,DEL_04508,DRV_0142,10.09,42.0,107.8,60.37,Fast Food,3.0,9,4,0,Morning
ORD_04509,CUST_0856,REST_061,2026-02-05 22:30:38,362.3,4,Clear,Low,Delivered,35.0,DEL_04509,DRV_0441,4.58,35.0,49.3,59.1,Healthy,4.4,22,3,0,Night
ORD_04510,CUST_0671,REST_092,2026-05-14 10:57:40,111.28,4,Cloudy,Low,Delivered,18.0,DEL_04510,DRV_0162,2.99,18.0,41.7,29.0,Indian,4.1,10,3,0,Morning
ORD_04511,CUST_0045,REST_067,2026-01-23 03:05:50,312.46,4,Cloudy,Low,Delivered,10.0,DEL_04511,DRV_0450,2.06,10.0,36.9,19.78,North Indian,3.1,3,4,0,Night
ORD_04513,CUST_0813,REST_074,2026-04-06 02:37:19,421.17,5,Clear,High,Delivered,11.0,DEL_04513,DRV_0339,3.61,11.0,54.1,17.97,Indian,4.2,2,0,0,Night
ORD_04514,CUST_0763,REST_052,2026-04-29 09:33:08,312.14,5,Clear,Low,Delivered,30.0,DEL_04514,DRV_0467,8.53,30.0,64.3,40.29,Healthy,4.6,9,2,0,Morning
ORD_04515,CUST_0331,REST_018,2026-04-29 21:14:39,308.63,6,Clear,Medium,Delivered,35.0,DEL_04515,DRV_0428,3.58,35.0,74.2,63.8,Pizza,3.6,21,2,0,Evening
ORD_04516,CUST_0165,REST_053,2026-04-07 07:57:04,153.47,6,Clear,Medium,Delivered,18.0,DEL_04516,DRV_0023,3.36,18.0,52.5,35.36,Desserts,5.0,7,1,0,Morning
ORD_04517,CUST_0193,REST_063,2026-06-09 06:38:25,114.37,5,Rain,Medium,Delivered,12.0,DEL_04517,DRV_0350,3.89,12.0,48.6,26.17,Biryani,4.7,6,1,0,Morning
ORD_04519,CUST_0401,REST_027,2026-04-04 17:40:01,100.0,3,Heavy Rain,Medium,Delivered,24.0,DEL_04519,DRV_0066,3.54,24.0,65.3,12.98,South Indian,4.0,17,5,1,Evening
ORD_04520,CUST_0374,REST_031,2026-03-07 23:27:42,379.38,1,Clear,High,Delivered,36.0,DEL_04520,DRV_0395,5.36,36.0,75.2,26.45,North Indian,4.0,23,5,1,Night
ORD_04522,CUST_0387,REST_001,2026-01-20 19:27:18,368.79,5,Clear,High,Delivered,9.0,DEL_04522,DRV_0462,2.65,9.0,56.4,20.8,Pizza,4.8,19,1,0,Evening
ORD_04523,CUST_0495,REST_006,2026-06-02 16:27:14,100.0,1,Cloudy,Medium,Delivered,17.0,DEL_04523,DRV_0489,3.67,17.0,44.7,12.98,Cafe,3.9,16,1,0,Afternoon
ORD_04524,CUST_0794,REST_011,2026-04-18 23:00:52,328.8,3,Heavy Rain,Medium,Delivered,20.0,DEL_04524,DRV_0058,7.98,20.0,75.5,24.84,Pizza,4.9,23,5,1,Night
ORD_04525,CUST_0693,REST_034,2026-05-24 06:23:38,138.08,4,Clear,Medium,Delivered,21.0,DEL_04525,DRV_0029,7.19,21.0,59.1,18.34,Desserts,4.0,6,6,1,Morning
ORD_04526,CUST_0415,REST_084,2026-03-23 12:46:32,100.0,2,Clear,High,Delivered,24.0,DEL_04526,DRV_0083,3.76,24.0,73.9,21.64,North Indian,3.3,12,0,0,Afternoon
ORD_04528,CUST_0791,REST_053,2026-05-02 21:44:24,333.29,5,Cloudy,High,Delivered,20.0,DEL_04528,DRV_0435,3.41,20.0,59.6,16.36,Desserts,5.0,21,5,1,Evening
ORD_04529,CUST_0030,REST_085,2026-06-08 09:03:28,203.67,3,Clear,High,Delivered,11.0,DEL_04529,DRV_0129,4.96,11.0,63.5,35.84,South Indian,3.4,9,0,0,Morning
ORD_04530,CUST_0266,REST_085,2026-05-15 14:27:57,184.69,4,Rain,Medium,Delivered,12.0,DEL_04530,DRV_0133,6.95,12.0,68.3,38.28,South Indian,3.4,14,4,0,Afternoon
ORD_04531,CUST_0328,REST_018,2026-02-27 14:33:08,230.84,4,Clear,High,Delivered,32.0,DEL_04531,DRV_0115,12.46,32.0,112.5,33.19,Pizza,3.6,14,4,0,Afternoon
ORD_04532,CUST_0492,REST_021,2026-01-10 03:10:31,201.75,2,Rain,High,Delivered,23.0,DEL_04532,DRV_0034,10.4,23.0,100.6,43.95,Fast Food,3.7,3,5,1,Night
ORD_04533,CUST_0217,REST_019,2026-06-11 19:41:08,117.24,4,Clear,Medium,Delivered,23.0,DEL_04533,DRV_0125,3.6,23.0,53.6,9.15,Indian,4.4,19,3,0,Evening
ORD_04534,CUST_0320,REST_004,2026-05-23 04:42:21,144.51,3,Clear,Medium,Delivered,14.0,DEL_04534,DRV_0078,7.72,14.0,52.9,26.95,Healthy,3.7,4,5,1,Night
ORD_04535,CUST_0918,REST_077,2026-01-09 13:34:39,532.93,6,Clear,High,Delivered,19.0,DEL_04535,DRV_0275,9.01,19.0,86.1,82.52,Fast Food,4.1,13,4,0,Afternoon
ORD_04536,CUST_0399,REST_082,2026-02-26 18:43:49,788.15,4,Clear,High,Delivered,31.0,DEL_04536,DRV_0344,2.18,31.0,66.3,109.72,Healthy,3.7,18,3,0,Evening
ORD_04537,CUST_0891,REST_029,2026-01-15 08:01:43,428.15,6,Cloudy,Medium,Delivered,33.0,DEL_04537,DRV_0168,6.02,33.0,71.4,30.41,Pizza,3.9,8,3,0,Morning
ORD_04538,CUST_0105,REST_025,2026-04-22 22:40:33,235.81,6,Cloudy,High,Delivered,33.0,DEL_04538,DRV_0081,2.8,33.0,68.6,40.01,South Indian,4.0,22,2,0,Night
ORD_04539,CUST_0696,REST_056,2026-03-20 21:16:02,150.54,3,Clear,High,Delivered,29.0,DEL_04539,DRV_0450,5.47,29.0,81.6,34.98,Desserts,4.2,21,4,0,Evening
ORD_04540,CUST_0330,REST_077,2026-06-21 10:26:34,116.86,5,Cloudy,Low,Delivered,14.0,DEL_04540,DRV_0095,8.53,14.0,61.1,24.95,Fast Food,4.1,10,6,1,Morning
ORD_04541,CUST_0660,REST_063,2026-02-11 06:15:36,121.18,5,Clear,Medium,Delivered,18.0,DEL_04541,DRV_0209,0.82,18.0,42.8,13.37,Biryani,4.7,6,2,0,Morning
ORD_04542,CUST_0617,REST_027,2026-04-25 03:43:00,133.71,5,Clear,Low,Delivered,32.0,DEL_04542,DRV_0448,11.03,32.0,94.6,8.71,South Indian,4.0,3,5,1,Night
ORD_04543,CUST_0047,REST_060,2026-01-04 20:31:00,591.78,1,Heavy Rain,Low,Delivered,24.0,DEL_04543,DRV_0072,10.68,24.0,96.2,46.61,Chinese,4.2,20,6,1,Evening
ORD_04544,CUST_0599,REST_083,2026-03-10 16:20:40,489.53,5,Rain,Medium,Delivered,15.0,DEL_04544,DRV_0494,7.89,15.0,77.2,64.07,Pizza,4.8,16,1,0,Afternoon
ORD_04545,CUST_0821,REST_049,2026-01-23 14:50:01,273.27,3,Clear,High,Delivered,32.0,DEL_04545,DRV_0145,3.14,32.0,81.2,15.17,Cafe,3.6,14,4,0,Afternoon
ORD_04546,CUST_0949,REST_065,2026-05-09 02:40:18,106.88,2,Clear,Low,Delivered,15.0,DEL_04546,DRV_0038,10.04,15.0,63.5,28.97,South Indian,4.7,2,5,1,Night
ORD_04547,CUST_0641,REST_038,2026-03-29 10:45:55,296.24,4,Cloudy,High,Delivered,32.0,DEL_04547,DRV_0474,7.03,32.0,73.7,32.95,Indian,3.7,10,6,1,Morning
ORD_04548,CUST_0770,REST_083,2026-04-22 23:13:51,158.98,5,Clear,Medium,Delivered,21.0,DEL_04548,DRV_0171,12.58,21.0,83.2,20.44,Pizza,4.8,23,2,0,Night
ORD_04549,CUST_0314,REST_052,2026-03-24 08:29:35,100.0,1,Cloudy,High,Delivered,27.0,DEL_04549,DRV_0040,3.74,27.0,65.9,26.82,Healthy,4.6,8,1,0,Morning
ORD_04551,CUST_0958,REST_040,2026-03-20 13:30:39,114.09,1,Clear,High,Delivered,26.0,DEL_04551,DRV_0424,4.38,26.0,75.3,16.86,Desserts,4.1,13,4,0,Afternoon
ORD_04552,CUST_0462,REST_081,2026-05-03 13:08:22,116.23,3,Clear,High,Delivered,19.0,DEL_04552,DRV_0199,5.74,19.0,73.3,9.43,Desserts,4.1,13,6,1,Afternoon
ORD_04553,CUST_0584,REST_021,2026-05-09 03:25:05,157.95,2,Rain,High,Delivered,22.0,DEL_04553,DRV_0376,5.35,22.0,85.2,15.9,Fast Food,3.7,3,5,1,Night
ORD_04554,CUST_0486,REST_086,2026-06-11 00:34:28,137.82,5,Clear,Low,Delivered,42.0,DEL_04554,DRV_0344,2.69,42.0,60.9,27.95,Chinese,3.8,0,3,0,Night
ORD_04557,CUST_0027,REST_048,2026-02-03 12:09:38,100.0,3,Cloudy,Medium,Delivered,28.0,DEL_04557,DRV_0286,4.45,28.0,74.4,19.69,Chinese,4.0,12,1,0,Afternoon
ORD_04558,CUST_0029,REST_032,2026-02-10 06:40:30,418.28,1,Clear,Low,Delivered,24.0,DEL_04558,DRV_0163,7.49,24.0,65.8,42.04,Healthy,3.9,6,1,0,Morning
ORD_04559,CUST_0271,REST_049,2026-03-20 19:29:28,105.55,1,Rain,Low,Delivered,28.0,DEL_04559,DRV_0450,0.71,28.0,51.1,17.52,Cafe,3.6,19,4,0,Evening
ORD_04560,CUST_0686,REST_068,2026-04-12 13:36:52,107.36,2,Cloudy,High,Delivered,22.0,DEL_04560,DRV_0428,4.78,22.0,76.6,25.66,Indian,4.5,13,6,1,Afternoon
ORD_04562,CUST_0253,REST_032,2026-01-22 12:44:48,170.79,2,Clear,High,Delivered,16.0,DEL_04562,DRV_0448,1.72,16.0,61.0,21.19,Healthy,3.9,12,3,0,Afternoon
ORD_04563,CUST_0385,REST_004,2026-05-03 19:13:01,404.41,3,Cloudy,Low,Delivered,9.0,DEL_04563,DRV_0133,6.37,9.0,48.0,37.14,Healthy,3.7,19,6,1,Evening
ORD_04564,CUST_0060,REST_065,2026-03-29 20:07:34,210.23,5,Clear,Medium,Delivered,21.0,DEL_04564,DRV_0432,5.28,21.0,55.8,20.8,South Indian,4.7,20,6,1,Evening
ORD_04565,CUST_0107,REST_097,2026-04-21 02:55:02,247.54,4,Clear,Low,Delivered,13.0,DEL_04565,DRV_0322,9.93,13.0,66.4,31.77,Cafe,4.7,2,1,0,Night
ORD_04566,CUST_0220,REST_071,2026-04-30 20:37:27,210.82,6,Cloudy,Low,Delivered,23.0,DEL_04566,DRV_0351,2.18,23.0,45.2,32.39,Healthy,4.9,20,3,0,Evening
ORD_04567,CUST_0441,REST_073,2026-05-18 08:17:22,205.88,4,Cloudy,Low,Delivered,37.0,DEL_04567,DRV_0283,1.65,37.0,59.8,24.34,South Indian,3.9,8,0,0,Morning
ORD_04568,CUST_0771,REST_065,2026-03-31 18:38:08,214.94,3,Cloudy,Medium,Delivered,17.0,DEL_04568,DRV_0152,11.95,17.0,78.1,11.25,South Indian,4.7,18,1,0,Evening
ORD_04569,CUST_0883,REST_080,2026-03-26 14:49:46,100.0,4,Cloudy,Low,Delivered,31.0,DEL_04569,DRV_0312,3.05,31.0,59.1,9.72,South Indian,5.0,14,3,0,Afternoon
ORD_04570,CUST_0658,REST_018,2026-04-19 14:27:58,157.99,1,Clear,Medium,Delivered,36.0,DEL_04570,DRV_0045,8.63,36.0,93.2,35.43,Pizza,3.6,14,6,1,Afternoon
ORD_04571,CUST_0564,REST_054,2026-01-28 22:00:08,343.52,5,Clear,Medium,Delivered,27.0,DEL_04571,DRV_0324,4.4,27.0,46.5,33.85,Healthy,4.2,22,2,0,Night
ORD_04572,CUST_0572,REST_047,2026-06-04 17:19:44,1584.91,6,Cloudy,Low,Delivered,31.0,DEL_04572,DRV_0412,4.59,31.0,70.5,181.16,Desserts,4.4,17,3,0,Evening
ORD_04573,CUST_0546,REST_006,2026-06-12 01:46:50,100.0,6,Rain,Medium,Delivered,16.0,DEL_04573,DRV_0261,2.93,16.0,48.5,18.96,Cafe,3.9,1,4,0,Night
ORD_04575,CUST_0989,REST_009,2026-04-04 02:10:48,132.41,5,Clear,High,Delivered,27.0,DEL_04575,DRV_0108,1.77,27.0,50.8,25.25,Biryani,4.6,2,5,1,Night
ORD_04576,CUST_0089,REST_068,2026-01-20 19:08:45,559.03,4,Heavy Rain,Medium,Delivered,26.0,DEL_04576,DRV_0047,1.66,26.0,72.2,55.51,Indian,4.5,19,1,0,Evening
ORD_04577,CUST_0828,REST_023,2026-02-03 22:23:45,100.0,6,Clear,High,Delivered,33.0,DEL_04577,DRV_0133,2.16,33.0,64.5,20.0,South Indian,4.6,22,1,0,Night
ORD_04578,CUST_0922,REST_043,2026-06-16 19:10:43,255.63,6,Clear,High,Delivered,23.0,DEL_04578,DRV_0261,5.38,23.0,72.3,50.02,Fast Food,3.7,19,1,0,Evening
ORD_04579,CUST_0231,REST_051,2026-06-26 05:53:05,100.0,3,Clear,Medium,Delivered,16.0,DEL_04579,DRV_0176,5.71,16.0,46.8,12.26,Healthy,3.6,5,4,0,Night
ORD_04580,CUST_0968,REST_072,2026-06-21 19:55:47,152.14,1,Clear,Medium,Delivered,16.0,DEL_04580,DRV_0121,5.52,16.0,68.2,26.1,Chinese,3.8,19,6,1,Evening
ORD_04581,CUST_0275,REST_025,2026-04-17 06:53:37,177.88,3,Cloudy,Low,Delivered,33.0,DEL_04581,DRV_0329,8.27,33.0,69.2,40.65,South Indian,4.0,6,4,0,Morning
ORD_04583,CUST_0111,REST_035,2026-05-16 09:58:56,100.24,5,Clear,Medium,Delivered,31.0,DEL_04583,DRV_0190,1.76,31.0,49.1,23.03,North Indian,4.8,9,5,1,Morning
ORD_04584,CUST_0234,REST_017,2026-03-22 05:04:10,261.09,5,Clear,High,Delivered,17.0,DEL_04584,DRV_0411,1.17,17.0,44.3,15.42,Pizza,4.5,5,6,1,Night
ORD_04585,CUST_0278,REST_018,2026-05-11 03:34:26,183.15,3,Cloudy,Medium,Delivered,37.0,DEL_04585,DRV_0260,7.12,37.0,88.8,33.37,Pizza,3.6,3,0,0,Night
ORD_04586,CUST_0477,REST_027,2026-06-26 16:28:23,210.62,2,Rain,High,Delivered,24.0,DEL_04586,DRV_0177,1.79,24.0,59.7,42.5,South Indian,4.0,16,4,0,Afternoon
ORD_04587,CUST_0417,REST_015,2026-06-05 19:14:12,307.07,3,Rain,High,Delivered,35.0,DEL_04587,DRV_0472,5.12,35.0,92.9,22.91,Healthy,4.6,19,4,0,Evening
ORD_04588,CUST_0678,REST_081,2026-02-11 14:49:35,100.0,2,Clear,High,Delivered,28.0,DEL_04588,DRV_0347,2.45,28.0,71.3,18.62,Desserts,4.1,14,2,0,Afternoon
ORD_04589,CUST_0128,REST_069,2026-01-07 16:01:55,283.11,3,Cloudy,Medium,Delivered,33.0,DEL_04589,DRV_0065,2.69,33.0,55.3,20.29,Chinese,3.7,16,2,0,Afternoon
ORD_04590,CUST_0237,REST_080,2026-02-11 05:34:12,132.57,2,Clear,Low,Delivered,33.0,DEL_04590,DRV_0352,4.27,33.0,55.7,28.22,South Indian,5.0,5,2,0,Night
ORD_04591,CUST_0803,REST_015,2026-01-24 09:23:33,331.2,2,Clear,High,Delivered,30.0,DEL_04591,DRV_0336,2.38,30.0,56.4,60.17,Healthy,4.6,9,5,1,Morning
ORD_04592,CUST_0619,REST_042,2026-02-13 09:48:37,217.89,6,Rain,High,Delivered,28.0,DEL_04592,DRV_0343,3.31,28.0,70.4,29.49,Healthy,5.0,9,4,0,Morning
ORD_04593,CUST_0128,REST_034,2026-01-26 01:38:44,161.54,6,Clear,Low,Delivered,13.0,DEL_04593,DRV_0220,4.43,13.0,40.2,26.98,Desserts,4.0,1,0,0,Night
ORD_04594,CUST_0707,REST_048,2026-01-31 12:30:51,131.04,2,Clear,High,Delivered,29.0,DEL_04594,DRV_0317,7.84,29.0,98.2,13.31,Chinese,4.0,12,5,1,Afternoon
ORD_04595,CUST_0851,REST_083,2026-04-09 20:46:02,285.09,2,Clear,Medium,Delivered,19.0,DEL_04595,DRV_0148,8.26,19.0,73.3,49.38,Pizza,4.8,20,3,0,Evening
ORD_04596,CUST_0394,REST_008,2026-06-29 11:38:19,362.68,1,Clear,Low,Delivered,28.0,DEL_04596,DRV_0465,7.9,28.0,61.0,49.63,Desserts,4.5,11,0,0,Morning
ORD_04597,CUST_0475,REST_010,2026-03-23 08:16:21,135.22,2,Clear,Medium,Delivered,26.0,DEL_04597,DRV_0100,2.76,26.0,57.5,17.23,Healthy,4.9,8,0,0,Morning
ORD_04598,CUST_0655,REST_005,2026-01-18 13:06:48,100.0,6,Clear,High,Delivered,36.0,DEL_04598,DRV_0119,2.13,36.0,72.6,23.89,Chinese,4.4,13,6,1,Afternoon
ORD_04599,CUST_0395,REST_048,2026-02-20 04:38:36,265.55,2,Clear,Medium,Delivered,36.0,DEL_04599,DRV_0109,2.88,36.0,58.0,17.41,Chinese,4.0,4,4,0,Night
ORD_04601,CUST_0090,REST_086,2026-06-11 19:24:35,100.0,1,Cloudy,Low,Delivered,41.0,DEL_04601,DRV_0082,8.34,41.0,89.5,11.49,Chinese,3.8,19,3,0,Evening
ORD_04602,CUST_0763,REST_023,2026-03-12 15:33:16,101.04,2,Rain,Medium,Delivered,40.0,DEL_04602,DRV_0013,4.98,40.0,76.7,22.87,South Indian,4.6,15,3,0,Afternoon
ORD_04603,CUST_0280,REST_062,2026-01-17 10:15:30,144.24,6,Rain,High,Delivered,25.0,DEL_04603,DRV_0457,7.28,25.0,84.3,25.28,Fast Food,3.5,10,5,1,Morning
ORD_04604,CUST_0333,REST_013,2026-03-13 04:14:04,100.0,6,Cloudy,Medium,Delivered,17.0,DEL_04604,DRV_0421,1.62,17.0,37.4,10.77,Cafe,3.2,4,4,0,Night
ORD_04605,CUST_0224,REST_009,2026-02-07 08:52:43,100.0,4,Clear,Medium,Delivered,27.0,DEL_04605,DRV_0478,8.26,27.0,74.9,21.85,Biryani,4.6,8,5,1,Morning
ORD_04606,CUST_0101,REST_020,2026-04-17 09:40:05,100.0,6,Clear,Medium,Delivered,18.0,DEL_04606,DRV_0299,2.03,18.0,35.9,12.56,Desserts,3.4,9,4,0,Morning
ORD_04607,CUST_0132,REST_092,2026-04-27 13:26:34,258.1,1,Cloudy,High,Delivered,22.0,DEL_04607,DRV_0092,4.07,22.0,78.8,29.11,Indian,4.1,13,0,0,Afternoon
ORD_04608,CUST_0013,REST_057,2026-05-26 04:03:22,100.0,6,Clear,Low,Delivered,18.0,DEL_04608,DRV_0238,5.67,18.0,47.2,16.03,Desserts,4.7,4,1,0,Night
ORD_04609,CUST_0457,REST_024,2026-01-13 18:24:51,150.33,5,Clear,Medium,Delivered,39.0,DEL_04609,DRV_0184,6.95,39.0,78.2,23.33,Cafe,4.3,18,1,0,Evening
ORD_04610,CUST_0441,REST_033,2026-05-23 03:09:08,528.84,3,Clear,Low,Delivered,32.0,DEL_04610,DRV_0178,5.23,32.0,65.2,37.56,Fast Food,4.1,3,5,1,Night
ORD_04611,CUST_0098,REST_020,2026-04-09 08:34:14,176.44,5,Cloudy,Medium,Delivered,20.0,DEL_04611,DRV_0210,5.03,20.0,49.9,25.34,Desserts,3.4,8,3,0,Morning
ORD_04612,CUST_0120,REST_060,2026-04-02 09:00:00,218.85,5,Heavy Rain,Medium,Delivered,15.0,DEL_04612,DRV_0276,2.04,15.0,53.3,45.21,Chinese,4.2,9,3,0,Morning
ORD_04613,CUST_0293,REST_048,2026-03-10 20:59:27,107.74,1,Clear,High,Delivered,34.0,DEL_04613,DRV_0304,2.63,34.0,78.9,21.32,Chinese,4.0,20,1,0,Evening
ORD_04614,CUST_0816,REST_064,2026-01-01 16:36:29,595.8,1,Cloudy,Medium,Delivered,9.0,DEL_04614,DRV_0356,3.42,9.0,38.8,87.4,Biryani,5.0,16,3,0,Afternoon
ORD_04615,CUST_0711,REST_030,2026-06-28 02:15:26,134.6,4,Rain,Medium,Delivered,20.0,DEL_04615,DRV_0275,6.19,20.0,71.5,27.73,South Indian,4.1,2,6,1,Night
ORD_04616,CUST_0001,REST_073,2026-06-20 06:44:15,159.9,6,Clear,High,Delivered,40.0,DEL_04616,DRV_0325,2.64,40.0,67.8,27.01,South Indian,3.9,6,5,1,Morning
ORD_04617,CUST_0572,REST_017,2026-02-01 00:42:08,374.05,4,Clear,Medium,Delivered,10.0,DEL_04617,DRV_0482,7.06,10.0,55.7,72.51,Pizza,4.5,0,6,1,Night
ORD_04618,CUST_0250,REST_100,2026-03-11 03:15:22,164.03,1,Clear,Medium,Delivered,33.0,DEL_04618,DRV_0273,5.88,33.0,67.3,17.93,Pizza,3.9,3,2,0,Night
ORD_04619,CUST_0652,REST_014,2026-05-16 10:24:12,186.11,6,Rain,High,Delivered,24.0,DEL_04619,DRV_0412,5.05,24.0,76.2,22.12,Fast Food,5.0,10,5,1,Morning
ORD_04620,CUST_0149,REST_019,2026-04-16 05:59:28,155.26,1,Clear,Medium,Delivered,22.0,DEL_04620,DRV_0036,2.81,22.0,47.2,14.78,Indian,4.4,5,3,0,Night
ORD_04621,CUST_0395,REST_071,2026-04-18 04:54:57,155.84,1,Clear,Low,Delivered,27.0,DEL_04621,DRV_0422,4.56,27.0,49.7,16.26,Healthy,4.9,4,5,1,Night
ORD_04622,CUST_0044,REST_059,2026-05-22 15:34:32,222.24,3,Clear,Medium,Delivered,32.0,DEL_04622,DRV_0478,1.06,32.0,45.5,30.42,Pizza,4.0,15,4,0,Afternoon
ORD_04623,CUST_0883,REST_067,2026-02-28 20:00:12,245.7,5,Rain,Medium,Delivered,13.0,DEL_04623,DRV_0338,3.98,13.0,59.0,33.89,North Indian,3.1,20,5,1,Evening
ORD_04624,CUST_0698,REST_097,2026-01-31 02:44:15,127.26,4,Rain,Low,Delivered,10.0,DEL_04624,DRV_0070,0.53,10.0,29.7,21.38,Cafe,4.7,2,5,1,Night
ORD_04625,CUST_0620,REST_044,2026-01-11 18:25:40,118.94,4,Clear,High,Delivered,23.0,DEL_04625,DRV_0116,4.5,23.0,64.7,8.89,Biryani,4.1,18,6,1,Evening
ORD_04626,CUST_0044,REST_032,2026-05-21 10:19:09,129.67,2,Rain,Medium,Delivered,23.0,DEL_04626,DRV_0410,5.0,23.0,60.9,10.7,Healthy,3.9,10,3,0,Morning
ORD_04627,CUST_0078,REST_011,2026-05-24 05:03:36,100.0,3,Clear,High,Delivered,17.0,DEL_04627,DRV_0463,3.88,17.0,58.8,7.54,Pizza,4.9,5,6,1,Night
ORD_04628,CUST_0226,REST_002,2026-03-21 01:04:44,100.0,1,Clear,Low,Delivered,42.0,DEL_04628,DRV_0001,1.99,42.0,49.2,16.74,North Indian,4.2,1,5,1,Night
ORD_04630,CUST_0793,REST_068,2026-03-10 10:02:22,303.76,3,Cloudy,High,Delivered,26.0,DEL_04630,DRV_0479,4.66,26.0,82.9,34.91,Indian,4.5,10,1,0,Morning
ORD_04631,CUST_0253,REST_017,2026-01-27 17:25:17,292.68,6,Clear,High,Delivered,17.0,DEL_04631,DRV_0386,3.86,17.0,64.0,20.44,Pizza,4.5,17,1,0,Evening
ORD_04632,CUST_0132,REST_081,2026-02-11 13:17:58,100.0,4,Clear,Medium,Delivered,19.0,DEL_04632,DRV_0420,3.24,19.0,62.8,30.82,Desserts,4.1,13,2,0,Afternoon
ORD_04633,CUST_0448,REST_092,2026-01-14 10:54:53,158.41,1,Rain,Medium,Delivered,19.0,DEL_04633,DRV_0440,1.22,19.0,50.2,27.5,Indian,4.1,10,2,0,Morning
ORD_04634,CUST_0884,REST_094,2026-06-30 21:03:43,100.0,2,Rain,Medium,Delivered,21.0,DEL_04634,DRV_0035,2.62,21.0,62.2,21.04,Cafe,4.6,21,1,0,Evening
ORD_04635,CUST_0887,REST_040,2026-05-21 17:50:54,196.18,4,Rain,High,Delivered,25.0,DEL_04635,DRV_0383,4.62,25.0,65.0,33.68,Desserts,4.1,17,3,0,Evening
ORD_04636,CUST_0474,REST_087,2026-05-08 17:21:09,144.06,5,Cloudy,High,Delivered,13.0,DEL_04636,DRV_0283,7.03,13.0,64.4,36.02,Healthy,4.0,17,4,0,Evening
ORD_04637,CUST_0656,REST_046,2026-06-20 15:22:09,251.02,3,Rain,Low,Delivered,13.0,DEL_04637,DRV_0195,2.8,13.0,36.2,19.15,North Indian,3.7,15,5,1,Afternoon
ORD_04638,CUST_0778,REST_088,2026-04-14 04:00:15,179.37,4,Cloudy,High,Delivered,36.0,DEL_04638,DRV_0184,8.33,36.0,99.2,21.83,Cafe,3.8,4,1,0,Night
ORD_04639,CUST_0109,REST_093,2026-04-10 13:45:22,100.0,5,Cloudy,High,Delivered,17.0,DEL_04639,DRV_0046,4.48,17.0,73.8,22.58,Indian,3.8,13,4,0,Afternoon
ORD_04640,CUST_0706,REST_004,2026-03-13 13:38:44,106.5,2,Rain,Medium,Delivered,9.0,DEL_04640,DRV_0148,11.81,9.0,87.1,23.38,Healthy,3.7,13,4,0,Afternoon
ORD_04641,CUST_0035,REST_038,2026-04-09 14:52:29,181.85,6,Clear,Low,Delivered,31.0,DEL_04641,DRV_0264,7.27,31.0,64.7,9.52,Indian,3.7,14,3,0,Afternoon
ORD_04642,CUST_0467,REST_063,2026-01-31 23:22:34,190.48,3,Clear,High,Delivered,17.0,DEL_04642,DRV_0093,11.28,17.0,98.3,37.06,Biryani,4.7,23,5,1,Night
ORD_04643,CUST_0902,REST_029,2026-01-13 23:37:41,100.0,6,Clear,Medium,Delivered,34.0,DEL_04643,DRV_0328,4.95,34.0,67.7,11.22,Pizza,3.9,23,1,0,Night
ORD_04644,CUST_0275,REST_019,2026-04-11 06:34:47,100.0,1,Cloudy,High,Delivered,21.0,DEL_04644,DRV_0489,2.78,21.0,63.5,16.7,Indian,4.4,6,5,1,Morning
ORD_04645,CUST_0187,REST_091,2026-04-01 16:47:19,186.97,6,Clear,High,Delivered,18.0,DEL_04645,DRV_0114,3.7,18.0,54.5,17.68,Cafe,4.6,16,2,0,Afternoon
ORD_04646,CUST_0949,REST_029,2026-05-12 20:19:14,100.0,1,Clear,Low,Delivered,27.0,DEL_04646,DRV_0347,3.24,27.0,53.9,18.72,Pizza,3.9,20,1,0,Evening
ORD_04647,CUST_0243,REST_100,2026-06-02 05:07:15,100.0,5,Clear,Medium,Delivered,35.0,DEL_04647,DRV_0282,4.29,35.0,61.4,21.83,Pizza,3.9,5,1,0,Night
ORD_04648,CUST_0264,REST_035,2026-04-12 14:10:39,141.91,4,Clear,Medium,Delivered,27.0,DEL_04648,DRV_0103,3.34,27.0,63.3,21.74,North Indian,4.8,14,6,1,Afternoon
ORD_04649,CUST_0974,REST_070,2026-03-12 21:32:48,138.57,2,Cloudy,High,Delivered,16.0,DEL_04649,DRV_0202,9.58,16.0,101.3,29.65,Desserts,4.2,21,3,0,Evening
ORD_04650,CUST_0522,REST_023,2026-06-24 18:46:57,111.82,5,Clear,Low,Delivered,41.0,DEL_04650,DRV_0062,8.91,41.0,72.4,14.98,South Indian,4.6,18,2,0,Evening
ORD_04651,CUST_0963,REST_046,2026-05-29 21:13:16,123.09,2,Clear,Low,Delivered,22.0,DEL_04651,DRV_0094,2.39,22.0,47.0,20.27,North Indian,3.7,21,4,0,Evening
ORD_04652,CUST_0678,REST_044,2026-06-05 07:14:06,182.66,6,Cloudy,High,Delivered,24.0,DEL_04652,DRV_0417,5.65,24.0,74.6,19.62,Biryani,4.1,7,4,0,Morning
ORD_04653,CUST_0541,REST_048,2026-06-08 16:16:11,121.99,2,Rain,Low,Delivered,30.0,DEL_04653,DRV_0317,9.54,30.0,79.6,14.92,Chinese,4.0,16,0,0,Afternoon
ORD_04654,CUST_0783,REST_052,2026-06-04 02:25:13,188.46,6,Clear,Medium,Delivered,25.0,DEL_04654,DRV_0228,2.38,25.0,52.5,23.17,Healthy,4.6,2,3,0,Night
ORD_04655,CUST_0087,REST_008,2026-01-22 00:21:29,147.05,2,Clear,Medium,Delivered,24.0,DEL_04655,DRV_0404,1.79,24.0,35.7,16.44,Desserts,4.5,0,3,0,Night
ORD_04656,CUST_0535,REST_055,2026-02-11 20:29:37,198.78,3,Rain,Medium,Delivered,42.0,DEL_04656,DRV_0068,3.39,42.0,92.6,8.94,North Indian,4.2,20,2,0,Evening
ORD_04657,CUST_0210,REST_066,2026-03-01 14:11:55,293.83,5,Clear,Medium,Delivered,24.0,DEL_04657,DRV_0471,1.44,24.0,46.1,41.92,North Indian,3.5,14,6,1,Afternoon
ORD_04658,CUST_0046,REST_077,2026-05-04 01:20:53,287.6,3,Rain,Medium,Delivered,18.0,DEL_04658,DRV_0285,9.48,18.0,72.7,51.94,Fast Food,4.1,1,0,0,Night
ORD_04659,CUST_0467,REST_040,2026-02-10 01:50:53,368.16,4,Clear,High,Delivered,33.0,DEL_04659,DRV_0302,5.12,33.0,72.6,13.95,Desserts,4.1,1,1,0,Night
ORD_04660,CUST_0540,REST_085,2026-04-14 05:46:23,287.43,4,Clear,Low,Delivered,17.0,DEL_04660,DRV_0480,0.97,17.0,24.2,41.7,South Indian,3.4,5,1,0,Night
ORD_04661,CUST_0026,REST_031,2026-05-01 20:28:06,206.69,1,Clear,Medium,Delivered,32.0,DEL_04661,DRV_0165,4.88,32.0,75.2,29.38,North Indian,4.0,20,4,0,Evening
ORD_04662,CUST_0266,REST_048,2026-06-11 01:40:21,142.82,1,Clear,Medium,Delivered,31.0,DEL_04662,DRV_0101,9.63,31.0,82.9,20.73,Chinese,4.0,1,3,0,Night
ORD_04663,CUST_0175,REST_100,2026-06-12 23:18:47,146.46,1,Rain,Medium,Delivered,34.0,DEL_04663,DRV_0243,4.08,34.0,70.1,41.02,Pizza,3.9,23,4,0,Night
ORD_04664,CUST_0516,REST_061,2026-05-07 07:12:56,111.86,4,Heavy Rain,Medium,Delivered,40.0,DEL_04664,DRV_0090,4.13,40.0,74.4,28.26,Healthy,4.4,7,3,0,Morning
ORD_04665,CUST_0311,REST_052,2026-03-10 07:00:39,181.72,2,Heavy Rain,Low,Delivered,33.0,DEL_04665,DRV_0437,6.25,33.0,75.7,13.69,Healthy,4.6,7,1,0,Morning
ORD_04666,CUST_0322,REST_038,2026-05-16 13:32:04,266.02,6,Rain,High,Delivered,37.0,DEL_04666,DRV_0389,6.77,37.0,102.8,36.68,Indian,3.7,13,5,1,Afternoon
ORD_04667,CUST_0579,REST_091,2026-02-18 07:06:31,121.62,2,Rain,Medium,Delivered,18.0,DEL_04667,DRV_0088,3.68,18.0,61.3,31.96,Cafe,4.6,7,2,0,Morning
ORD_04668,CUST_0135,REST_036,2026-06-17 21:13:13,177.6,5,Cloudy,Medium,Delivered,18.0,DEL_04668,DRV_0127,8.68,18.0,81.1,15.39,Indian,3.0,21,2,0,Evening
ORD_04669,CUST_0055,REST_087,2026-02-11 13:30:06,124.89,4,Rain,Medium,Delivered,13.0,DEL_04669,DRV_0107,2.24,13.0,57.3,24.03,Healthy,4.0,13,2,0,Afternoon
ORD_04670,CUST_0976,REST_055,2026-06-21 05:49:34,203.39,6,Clear,Low,Delivered,39.0,DEL_04670,DRV_0322,3.15,39.0,63.6,34.23,North Indian,4.2,5,6,1,Night
ORD_04671,CUST_0543,REST_085,2026-06-21 14:51:20,134.0,6,Clear,Low,Delivered,20.0,DEL_04671,DRV_0399,2.98,20.0,42.1,23.94,South Indian,3.4,14,6,1,Afternoon
ORD_04672,CUST_0586,REST_013,2026-06-25 08:09:35,120.7,6,Cloudy,Low,Delivered,17.0,DEL_04672,DRV_0302,6.06,17.0,48.9,25.92,Cafe,3.2,8,3,0,Morning
ORD_04673,CUST_0531,REST_037,2026-04-10 05:59:57,124.71,1,Rain,Low,Delivered,20.0,DEL_04673,DRV_0494,10.3,20.0,69.5,18.97,Chinese,3.8,5,4,0,Night
ORD_04674,CUST_0156,REST_047,2026-06-21 01:04:55,239.09,6,Cloudy,Low,Delivered,33.0,DEL_04674,DRV_0488,8.17,33.0,80.1,34.7,Desserts,4.4,1,6,1,Night
ORD_04675,CUST_0849,REST_090,2026-02-02 10:09:37,171.88,6,Rain,Medium,Delivered,31.0,DEL_04675,DRV_0244,2.55,31.0,69.4,35.8,North Indian,4.2,10,0,0,Morning
ORD_04676,CUST_0668,REST_071,2026-01-06 09:45:53,143.22,4,Clear,Medium,Delivered,25.0,DEL_04676,DRV_0185,15.38,25.0,107.2,24.69,Healthy,4.9,9,1,0,Morning
ORD_04677,CUST_0147,REST_022,2026-02-02 18:01:47,209.3,2,Cloudy,Medium,Delivered,24.0,DEL_04677,DRV_0264,1.9,24.0,50.5,33.89,Biryani,4.5,18,0,0,Evening
ORD_04678,CUST_0485,REST_039,2026-01-06 19:04:02,144.32,2,Heavy Rain,Low,Delivered,25.0,DEL_04678,DRV_0421,1.98,25.0,64.8,24.32,Desserts,4.2,19,1,0,Evening
ORD_04679,CUST_0599,REST_087,2026-05-08 14:12:22,336.83,3,Clear,High,Delivered,13.0,DEL_04679,DRV_0101,2.04,13.0,54.3,54.06,Healthy,4.0,14,4,0,Afternoon
ORD_04680,CUST_0020,REST_058,2026-03-07 13:40:56,106.1,3,Rain,High,Delivered,15.0,DEL_04680,DRV_0441,2.8,15.0,73.0,27.54,Fast Food,4.7,13,5,1,Afternoon
ORD_04681,CUST_0269,REST_030,2026-03-30 14:27:51,163.56,5,Cloudy,High,Delivered,18.0,DEL_04681,DRV_0253,7.26,18.0,78.0,36.65,South Indian,4.1,14,0,0,Afternoon
ORD_04682,CUST_0333,REST_018,2026-02-24 22:51:04,100.0,4,Cloudy,Medium,Delivered,33.0,DEL_04682,DRV_0142,7.17,33.0,69.7,16.11,Pizza,3.6,22,1,0,Night
ORD_04683,CUST_0555,REST_018,2026-03-09 08:59:49,149.79,3,Rain,Medium,Delivered,37.0,DEL_04683,DRV_0389,2.02,37.0,61.6,14.53,Pizza,3.6,8,0,0,Morning
ORD_04684,CUST_0907,REST_074,2026-01-03 13:25:20,100.0,3,Clear,Low,Delivered,14.0,DEL_04684,DRV_0253,2.27,14.0,49.7,2.98,Indian,4.2,13,5,1,Afternoon
ORD_04685,CUST_0944,REST_039,2026-01-13 12:37:01,273.27,4,Clear,High,Delivered,25.0,DEL_04685,DRV_0073,6.25,25.0,80.4,26.92,Desserts,4.2,12,1,0,Afternoon
ORD_04686,CUST_0911,REST_094,2026-01-01 05:52:59,276.32,2,Cloudy,Low,Delivered,19.0,DEL_04686,DRV_0214,2.53,19.0,36.4,48.91,Cafe,4.6,5,3,0,Night
ORD_04687,CUST_0401,REST_026,2026-02-18 10:41:51,279.02,5,Clear,Medium,Delivered,40.0,DEL_04687,DRV_0379,2.09,40.0,59.8,8.75,Fast Food,3.0,10,2,0,Morning
ORD_04688,CUST_0950,REST_071,2026-02-24 17:41:23,184.17,5,Clear,Medium,Delivered,30.0,DEL_04688,DRV_0299,9.12,30.0,83.0,38.09,Healthy,4.9,17,1,0,Evening
ORD_04689,CUST_0306,REST_007,2026-01-08 13:35:24,111.73,5,Clear,Medium,Delivered,22.0,DEL_04689,DRV_0433,0.5,22.0,53.9,16.65,Healthy,3.9,13,3,0,Afternoon
ORD_04690,CUST_0028,REST_069,2026-02-09 10:02:13,116.72,3,Rain,Medium,Delivered,32.0,DEL_04690,DRV_0379,6.05,32.0,70.2,27.36,Chinese,3.7,10,0,0,Morning
ORD_04691,CUST_0467,REST_065,2026-03-29 09:59:10,420.56,2,Clear,Low,Delivered,25.0,DEL_04691,DRV_0492,6.03,25.0,53.6,19.36,South Indian,4.7,9,6,1,Morning
ORD_04692,CUST_0260,REST_046,2026-04-22 21:51:23,399.26,5,Clear,Medium,Delivered,23.0,DEL_04692,DRV_0172,5.82,23.0,70.8,45.3,North Indian,3.7,21,2,0,Evening
ORD_04693,CUST_0534,REST_018,2026-06-23 11:11:59,193.91,4,Rain,High,Delivered,33.0,DEL_04693,DRV_0440,3.15,33.0,76.6,22.32,Pizza,3.6,11,1,0,Morning
ORD_04694,CUST_0982,REST_013,2026-06-11 21:50:13,136.51,5,Rain,High,Delivered,18.0,DEL_04694,DRV_0304,2.74,18.0,75.7,13.56,Cafe,3.2,21,3,0,Evening
ORD_04696,CUST_0101,REST_008,2026-02-27 22:28:23,123.72,2,Cloudy,Medium,Delivered,32.0,DEL_04696,DRV_0417,10.25,32.0,87.7,30.98,Desserts,4.5,22,4,0,Night
ORD_04697,CUST_0551,REST_074,2026-01-07 09:32:46,205.59,1,Clear,Low,Delivered,6.0,DEL_04697,DRV_0498,3.0,6.0,32.6,17.73,Indian,4.2,9,2,0,Morning
ORD_04698,CUST_0802,REST_032,2026-04-25 10:09:35,381.3,2,Clear,Low,Delivered,18.0,DEL_04698,DRV_0230,2.43,18.0,39.0,76.49,Healthy,3.9,10,5,1,Morning
ORD_04699,CUST_0353,REST_017,2026-01-12 10:28:48,114.44,6,Clear,Low,Delivered,11.0,DEL_04699,DRV_0421,0.5,11.0,25.2,12.75,Pizza,4.5,10,0,0,Morning
ORD_04700,CUST_0300,REST_079,2026-01-04 12:01:16,286.02,4,Rain,Medium,Delivered,30.0,DEL_04700,DRV_0434,8.33,30.0,90.7,23.94,Healthy,4.4,12,6,1,Afternoon
ORD_04701,CUST_0682,REST_079,2026-03-25 12:27:06,241.36,6,Clear,Medium,Delivered,27.0,DEL_04701,DRV_0237,5.8,27.0,76.4,39.78,Healthy,4.4,12,2,0,Afternoon
ORD_04702,CUST_0296,REST_048,2026-02-15 23:11:13,177.37,3,Cloudy,Medium,Delivered,33.0,DEL_04702,DRV_0230,6.72,33.0,80.3,23.3,Chinese,4.0,23,6,1,Night
ORD_04703,CUST_0353,REST_063,2026-03-15 08:22:36,104.96,3,Clear,Low,Delivered,17.0,DEL_04703,DRV_0007,6.12,17.0,45.5,12.69,Biryani,4.7,8,6,1,Morning
ORD_04704,CUST_0908,REST_040,2026-06-22 11:13:25,121.7,6,Clear,Medium,Delivered,28.0,DEL_04704,DRV_0195,3.71,28.0,55.9,17.82,Desserts,4.1,11,0,0,Morning
ORD_04705,CUST_0130,REST_084,2026-06-19 10:23:57,212.55,2,Cloudy,Low,Delivered,18.0,DEL_04705,DRV_0256,5.34,18.0,56.6,44.59,North Indian,3.3,10,4,0,Morning
ORD_04707,CUST_0074,REST_099,2026-03-21 08:40:42,194.79,1,Clear,Low,Delivered,25.0,DEL_04707,DRV_0040,9.59,25.0,67.9,38.71,Healthy,3.7,8,5,1,Morning
ORD_04708,CUST_0342,REST_006,2026-06-26 01:44:06,244.1,4,Clear,Medium,Delivered,21.0,DEL_04708,DRV_0288,9.52,21.0,80.2,34.4,Cafe,3.9,1,4,0,Night
ORD_04709,CUST_0465,REST_094,2026-02-18 07:44:49,311.65,5,Clear,Medium,Delivered,25.0,DEL_04709,DRV_0228,1.58,25.0,42.0,33.45,Cafe,4.6,7,2,0,Morning
ORD_04710,CUST_0090,REST_063,2026-04-16 09:35:48,100.0,3,Clear,Low,Delivered,19.0,DEL_04710,DRV_0234,0.69,19.0,19.5,19.15,Biryani,4.7,9,3,0,Morning
ORD_04711,CUST_0579,REST_008,2026-04-10 01:09:41,373.88,5,Cloudy,Low,Delivered,34.0,DEL_04711,DRV_0361,1.07,34.0,40.6,55.86,Desserts,4.5,1,4,0,Night
ORD_04713,CUST_0748,REST_032,2026-06-17 23:51:44,227.14,6,Clear,Low,Delivered,18.0,DEL_04713,DRV_0493,10.04,18.0,67.2,32.65,Healthy,3.9,23,2,0,Night
ORD_04714,CUST_0712,REST_045,2026-05-11 22:26:58,102.42,1,Rain,Medium,Delivered,40.0,DEL_04714,DRV_0211,5.82,40.0,81.6,11.52,Pizza,4.2,22,0,0,Night
ORD_04715,CUST_0980,REST_052,2026-04-14 09:33:19,151.34,3,Cloudy,High,Delivered,28.0,DEL_04715,DRV_0479,7.02,28.0,86.8,29.56,Healthy,4.6,9,1,0,Morning
ORD_04716,CUST_0332,REST_079,2026-02-28 20:20:29,176.59,2,Clear,Medium,Delivered,29.0,DEL_04716,DRV_0350,3.86,29.0,67.5,21.79,Healthy,4.4,20,5,1,Evening
ORD_04717,CUST_0739,REST_082,2026-02-23 19:22:17,210.35,4,Clear,Medium,Delivered,31.0,DEL_04717,DRV_0367,1.22,31.0,56.6,17.73,Healthy,3.7,19,0,0,Evening
ORD_04718,CUST_0977,REST_013,2026-02-26 19:34:52,183.48,6,Clear,High,Delivered,15.0,DEL_04718,DRV_0229,9.9,15.0,93.8,13.8,Cafe,3.2,19,3,0,Evening
ORD_04719,CUST_0348,REST_024,2026-04-03 13:49:57,211.59,4,Clear,Medium,Delivered,33.0,DEL_04719,DRV_0345,10.62,33.0,95.0,40.89,Cafe,4.3,13,4,0,Afternoon
ORD_04720,CUST_0233,REST_040,2026-06-18 18:40:03,172.45,3,Cloudy,High,Delivered,23.0,DEL_04720,DRV_0255,3.24,23.0,64.8,23.68,Desserts,4.1,18,3,0,Evening
ORD_04722,CUST_0598,REST_092,2026-05-08 13:34:36,140.71,6,Clear,Medium,Delivered,25.0,DEL_04722,DRV_0460,3.66,25.0,57.4,18.75,Indian,4.1,13,4,0,Afternoon
ORD_04723,CUST_0102,REST_075,2026-03-22 02:03:19,150.51,1,Cloudy,Medium,Delivered,12.0,DEL_04723,DRV_0265,8.44,12.0,60.0,17.85,Fast Food,3.5,2,6,1,Night
ORD_04724,CUST_0953,REST_070,2026-05-16 19:51:37,132.05,4,Clear,High,Delivered,16.0,DEL_04724,DRV_0232,5.14,16.0,71.2,19.48,Desserts,4.2,19,5,1,Evening
ORD_04725,CUST_0481,REST_062,2026-02-21 15:42:46,520.35,3,Clear,Low,Delivered,21.0,DEL_04725,DRV_0137,3.94,21.0,39.3,73.18,Fast Food,3.5,15,5,1,Afternoon
ORD_04726,CUST_0214,REST_089,2026-02-20 12:11:07,405.51,4,Rain,Low,Delivered,19.0,DEL_04726,DRV_0064,7.92,19.0,71.8,35.47,North Indian,4.1,12,4,0,Afternoon
ORD_04727,CUST_0108,REST_061,2026-03-04 06:58:18,246.02,2,Clear,Low,Delivered,34.0,DEL_04727,DRV_0245,4.79,34.0,55.6,42.79,Healthy,4.4,6,2,0,Morning
ORD_04728,CUST_0165,REST_001,2026-01-19 05:04:34,375.75,1,Clear,High,Delivered,7.0,DEL_04728,DRV_0429,2.55,7.0,43.4,62.4,Pizza,4.8,5,0,0,Night
ORD_04729,CUST_0973,REST_089,2026-03-20 04:15:10,281.22,2,Rain,Medium,Delivered,17.0,DEL_04729,DRV_0091,5.21,17.0,52.7,24.06,North Indian,4.1,4,4,0,Night
ORD_04730,CUST_0603,REST_066,2026-05-30 01:36:07,200.28,6,Clear,High,Delivered,25.0,DEL_04730,DRV_0445,0.78,25.0,38.5,40.22,North Indian,3.5,1,5,1,Night
ORD_04731,CUST_0704,REST_032,2026-04-21 16:33:23,100.0,5,Clear,Low,Delivered,19.0,DEL_04731,DRV_0233,13.85,19.0,82.6,15.07,Healthy,3.9,16,1,0,Afternoon
ORD_04734,CUST_0734,REST_032,2026-02-15 23:53:56,100.0,4,Rain,Medium,Delivered,19.0,DEL_04734,DRV_0349,3.24,19.0,56.3,15.67,Healthy,3.9,23,6,1,Night
ORD_04735,CUST_0875,REST_056,2026-03-08 03:51:28,100.0,2,Clear,High,Delivered,32.0,DEL_04735,DRV_0094,5.75,32.0,78.8,23.27,Desserts,4.2,3,6,1,Night
ORD_04736,CUST_0424,REST_024,2026-04-10 19:37:00,237.7,3,Clear,Medium,Delivered,35.0,DEL_04736,DRV_0422,5.9,35.0,78.1,32.37,Cafe,4.3,19,4,0,Evening
ORD_04737,CUST_0613,REST_091,2026-05-29 10:46:47,216.69,6,Clear,High,Delivered,13.0,DEL_04737,DRV_0203,6.8,13.0,75.4,30.73,Cafe,4.6,10,4,0,Morning
ORD_04738,CUST_0738,REST_004,2026-05-12 01:08:45,100.0,4,Cloudy,Low,Delivered,16.0,DEL_04738,DRV_0490,3.78,16.0,47.3,14.05,Healthy,3.7,1,1,0,Night
ORD_04739,CUST_0364,REST_088,2026-02-12 11:07:19,120.27,4,Clear,Medium,Delivered,39.0,DEL_04739,DRV_0174,12.81,39.0,98.4,9.89,Cafe,3.8,11,3,0,Morning
ORD_04740,CUST_0060,REST_023,2026-06-28 02:05:22,343.32,5,Cloudy,Medium,Delivered,37.0,DEL_04740,DRV_0124,13.77,37.0,103.8,20.66,South Indian,4.6,2,6,1,Night
ORD_04741,CUST_0482,REST_029,2026-03-18 19:49:52,111.86,6,Clear,Low,Delivered,35.0,DEL_04741,DRV_0070,8.34,35.0,74.1,22.62,Pizza,3.9,19,2,0,Evening
ORD_04742,CUST_0250,REST_098,2026-06-26 11:02:43,199.13,3,Clear,Low,Delivered,18.0,DEL_04742,DRV_0103,5.19,18.0,51.3,24.43,Biryani,4.7,11,4,0,Morning
ORD_04743,CUST_0560,REST_021,2026-02-25 10:11:04,163.31,6,Clear,Medium,Delivered,22.0,DEL_04743,DRV_0233,1.82,22.0,44.1,29.66,Fast Food,3.7,10,2,0,Morning
ORD_04744,CUST_0117,REST_030,2026-06-03 00:56:47,239.49,2,Heavy Rain,Low,Delivered,18.0,DEL_04744,DRV_0064,4.92,18.0,63.2,30.33,South Indian,4.1,0,2,0,Night
ORD_04745,CUST_0739,REST_090,2026-03-17 17:11:36,113.2,5,Rain,High,Delivered,33.0,DEL_04745,DRV_0095,15.26,33.0,112.8,30.68,North Indian,4.2,17,1,0,Evening
ORD_04746,CUST_0874,REST_020,2026-04-20 17:22:38,190.48,3,Heavy Rain,High,Delivered,25.0,DEL_04746,DRV_0163,5.43,25.0,88.6,31.26,Desserts,3.4,17,0,0,Evening
ORD_04747,CUST_0915,REST_016,2026-06-27 17:21:20,198.9,5,Clear,Medium,Delivered,26.0,DEL_04747,DRV_0268,4.97,26.0,56.1,18.54,Indian,3.7,17,5,1,Evening
ORD_04748,CUST_0968,REST_067,2026-04-25 22:59:06,205.74,6,Clear,Medium,Delivered,19.0,DEL_04748,DRV_0304,4.35,19.0,53.5,21.4,North Indian,3.1,22,5,1,Night
ORD_04749,CUST_0999,REST_049,2026-04-19 05:29:02,189.33,1,Clear,Low,Delivered,32.0,DEL_04749,DRV_0319,2.74,32.0,49.2,31.33,Cafe,3.6,5,6,1,Night
ORD_04750,CUST_0545,REST_058,2026-03-09 16:45:51,219.1,6,Cloudy,Low,Delivered,19.0,DEL_04750,DRV_0173,2.56,19.0,38.3,25.73,Fast Food,4.7,16,0,0,Afternoon
ORD_04751,CUST_0044,REST_044,2026-05-18 01:31:43,605.15,2,Clear,High,Delivered,26.0,DEL_04751,DRV_0006,7.58,26.0,75.6,25.48,Biryani,4.1,1,0,0,Night
ORD_04752,CUST_0509,REST_025,2026-03-18 23:54:23,741.53,5,Clear,Medium,Delivered,27.0,DEL_04752,DRV_0301,6.7,27.0,68.4,33.54,South Indian,4.0,23,2,0,Night
ORD_04753,CUST_0988,REST_023,2026-04-04 22:52:06,127.54,1,Clear,Medium,Delivered,37.0,DEL_04753,DRV_0346,1.51,37.0,49.5,11.75,South Indian,4.6,22,5,1,Night
ORD_04754,CUST_0165,REST_059,2026-04-18 08:24:37,100.0,2,Clear,High,Delivered,40.0,DEL_04754,DRV_0101,10.99,40.0,109.2,21.17,Pizza,4.0,8,5,1,Morning
ORD_04755,CUST_0368,REST_001,2026-06-13 04:25:01,251.52,5,Clear,Medium,Delivered,9.0,DEL_04755,DRV_0416,6.91,9.0,49.2,44.57,Pizza,4.8,4,5,1,Night
ORD_04756,CUST_0857,REST_097,2026-04-22 17:41:10,200.83,5,Clear,Low,Delivered,17.0,DEL_04756,DRV_0452,14.85,17.0,83.1,33.54,Cafe,4.7,17,2,0,Evening
ORD_04757,CUST_0292,REST_015,2026-02-07 04:26:46,324.92,6,Clear,High,Delivered,31.0,DEL_04757,DRV_0360,2.75,31.0,60.1,49.31,Healthy,4.6,4,5,1,Night
ORD_04758,CUST_0849,REST_081,2026-03-25 04:00:55,212.02,5,Clear,Medium,Delivered,21.0,DEL_04758,DRV_0131,7.95,21.0,67.4,33.18,Desserts,4.1,4,2,0,Night
ORD_04759,CUST_0856,REST_098,2026-05-09 05:13:19,187.21,5,Cloudy,High,Delivered,20.0,DEL_04759,DRV_0383,2.13,20.0,50.4,22.32,Biryani,4.7,5,5,1,Night
ORD_04760,CUST_0917,REST_081,2026-01-11 08:48:39,337.28,4,Cloudy,Medium,Delivered,23.0,DEL_04760,DRV_0386,0.79,23.0,38.5,25.93,Desserts,4.1,8,6,1,Morning
ORD_04761,CUST_0898,REST_052,2026-02-20 05:04:41,364.25,5,Clear,Low,Delivered,28.0,DEL_04761,DRV_0020,8.0,28.0,75.9,53.99,Healthy,4.6,5,4,0,Night
ORD_04762,CUST_0799,REST_058,2026-03-14 19:20:13,100.0,6,Rain,Low,Delivered,18.0,DEL_04762,DRV_0211,2.08,18.0,54.9,7.06,Fast Food,4.7,19,5,1,Evening
ORD_04763,CUST_0876,REST_041,2026-03-08 15:07:54,115.68,4,Clear,Medium,Delivered,34.0,DEL_04763,DRV_0295,6.05,34.0,71.2,14.79,North Indian,4.9,15,6,1,Afternoon
ORD_04764,CUST_0737,REST_044,2026-03-12 00:48:33,171.04,4,Clear,Medium,Delivered,19.0,DEL_04764,DRV_0396,5.45,19.0,57.6,16.63,Biryani,4.1,0,3,0,Night
ORD_04765,CUST_0286,REST_004,2026-03-28 03:42:03,191.36,1,Cloudy,Medium,Delivered,18.0,DEL_04765,DRV_0445,3.54,18.0,51.1,19.26,Healthy,3.7,3,5,1,Night
ORD_04766,CUST_0204,REST_077,2026-05-04 21:18:51,160.09,2,Heavy Rain,Medium,Delivered,15.0,DEL_04766,DRV_0292,2.12,15.0,63.0,18.77,Fast Food,4.1,21,0,0,Evening
ORD_04767,CUST_0684,REST_068,2026-02-14 11:14:03,230.17,4,Cloudy,Medium,Delivered,25.0,DEL_04767,DRV_0490,7.58,25.0,75.1,38.47,Indian,4.5,11,5,1,Morning
ORD_04768,CUST_0524,REST_007,2026-02-08 18:16:19,313.52,3,Clear,Low,Delivered,23.0,DEL_04768,DRV_0348,4.36,23.0,41.7,35.14,Healthy,3.9,18,6,1,Evening
ORD_04769,CUST_0819,REST_046,2026-06-26 12:53:07,467.54,4,Cloudy,Medium,Delivered,13.0,DEL_04769,DRV_0265,0.5,13.0,51.4,46.54,North Indian,3.7,12,4,0,Afternoon
ORD_04770,CUST_0121,REST_009,2026-05-01 02:58:52,249.24,3,Clear,Low,Delivered,20.0,DEL_04770,DRV_0253,4.89,20.0,46.2,28.99,Biryani,4.6,2,4,0,Night
ORD_04771,CUST_0945,REST_087,2026-02-21 17:01:34,113.43,1,Clear,Medium,Delivered,9.0,DEL_04771,DRV_0044,1.23,9.0,34.1,20.55,Healthy,4.0,17,5,1,Evening
ORD_04772,CUST_0756,REST_033,2026-04-11 03:40:10,167.16,3,Clear,Medium,Delivered,26.0,DEL_04772,DRV_0075,3.41,26.0,60.3,29.99,Fast Food,4.1,3,5,1,Night
ORD_04773,CUST_0664,REST_033,2026-01-19 03:28:57,173.91,1,Cloudy,Low,Delivered,27.0,DEL_04773,DRV_0053,4.77,27.0,56.1,20.66,Fast Food,4.1,3,0,0,Night
ORD_04774,CUST_0664,REST_084,2026-04-22 10:06:03,240.58,1,Clear,Medium,Delivered,15.0,DEL_04774,DRV_0286,0.5,15.0,27.9,12.16,North Indian,3.3,10,2,0,Morning
ORD_04775,CUST_0188,REST_004,2026-01-13 04:56:44,224.41,1,Cloudy,Medium,Delivered,13.0,DEL_04775,DRV_0371,2.69,13.0,48.3,43.67,Healthy,3.7,4,1,0,Night
ORD_04776,CUST_0907,REST_065,2026-01-15 20:29:59,559.88,3,Cloudy,Low,Delivered,21.0,DEL_04776,DRV_0066,3.76,21.0,63.3,32.41,South Indian,4.7,20,3,0,Evening
ORD_04777,CUST_0013,REST_034,2026-01-28 21:46:37,140.63,3,Clear,High,Delivered,16.0,DEL_04777,DRV_0038,7.1,16.0,69.5,27.93,Desserts,4.0,21,2,0,Evening
ORD_04778,CUST_0603,REST_091,2026-01-25 05:51:56,223.99,1,Rain,Low,Delivered,16.0,DEL_04778,DRV_0254,8.74,16.0,65.3,33.16,Cafe,4.6,5,6,1,Night
ORD_04779,CUST_0200,REST_085,2026-05-05 00:58:04,661.88,1,Cloudy,Medium,Delivered,19.0,DEL_04779,DRV_0294,5.69,19.0,60.4,27.91,South Indian,3.4,0,1,0,Night
ORD_04780,CUST_0586,REST_088,2026-03-22 11:25:22,131.39,2,Clear,Low,Delivered,36.0,DEL_04780,DRV_0417,9.75,36.0,76.5,31.91,Cafe,3.8,11,6,1,Morning
ORD_04781,CUST_0768,REST_079,2026-05-12 16:45:47,196.34,1,Clear,High,Delivered,24.0,DEL_04781,DRV_0199,6.73,24.0,67.9,21.5,Healthy,4.4,16,1,0,Afternoon
ORD_04782,CUST_0456,REST_099,2026-06-25 16:34:36,107.8,5,Cloudy,High,Delivered,34.0,DEL_04782,DRV_0236,1.1,34.0,58.2,28.16,Healthy,3.7,16,3,0,Afternoon
ORD_04783,CUST_0448,REST_064,2026-04-17 12:18:38,189.64,2,Clear,Medium,Delivered,15.0,DEL_04783,DRV_0469,7.55,15.0,61.0,20.13,Biryani,5.0,12,4,0,Afternoon
ORD_04784,CUST_0788,REST_025,2026-01-11 03:34:36,118.02,2,Rain,High,Delivered,27.0,DEL_04784,DRV_0055,1.51,27.0,68.4,19.75,South Indian,4.0,3,6,1,Night
ORD_04785,CUST_0840,REST_055,2026-04-11 06:25:15,322.38,2,Clear,Low,Delivered,40.0,DEL_04785,DRV_0332,8.42,40.0,82.5,59.05,North Indian,4.2,6,5,1,Morning
ORD_04786,CUST_0841,REST_009,2026-04-27 23:23:30,196.57,5,Clear,Low,Delivered,21.0,DEL_04786,DRV_0116,7.94,21.0,65.4,36.5,Biryani,4.6,23,0,0,Night
ORD_04787,CUST_0071,REST_017,2026-06-20 15:31:08,108.37,2,Rain,Medium,Delivered,10.0,DEL_04787,DRV_0085,5.25,10.0,54.9,22.23,Pizza,4.5,15,5,1,Afternoon
ORD_04788,CUST_0590,REST_021,2026-03-04 00:08:33,287.81,2,Heavy Rain,Medium,Delivered,18.0,DEL_04788,DRV_0279,4.36,18.0,66.2,32.67,Fast Food,3.7,0,2,0,Night
ORD_04789,CUST_0796,REST_060,2026-01-25 20:01:36,200.1,3,Clear,Medium,Delivered,16.0,DEL_04789,DRV_0454,4.13,16.0,62.7,29.72,Chinese,4.2,20,6,1,Evening
ORD_04790,CUST_0130,REST_013,2026-04-06 04:38:31,306.14,6,Cloudy,Medium,Delivered,17.0,DEL_04790,DRV_0142,7.04,17.0,61.6,27.8,Cafe,3.2,4,0,0,Night
ORD_04791,CUST_0889,REST_003,2026-02-06 09:51:57,100.0,3,Clear,Medium,Delivered,11.0,DEL_04791,DRV_0096,3.0,11.0,34.1,27.3,South Indian,4.4,9,4,0,Morning
ORD_04792,CUST_0043,REST_068,2026-02-27 18:48:08,222.04,1,Cloudy,Medium,Delivered,24.0,DEL_04792,DRV_0049,3.19,24.0,50.1,30.56,Indian,4.5,18,4,0,Evening
ORD_04794,CUST_0013,REST_092,2026-04-20 07:31:06,143.62,4,Clear,Low,Delivered,20.0,DEL_04794,DRV_0370,2.35,20.0,31.8,31.74,Indian,4.1,7,0,0,Morning
ORD_04795,CUST_0725,REST_007,2026-06-29 04:52:55,100.0,6,Clear,Medium,Delivered,21.0,DEL_04795,DRV_0301,4.14,21.0,53.7,20.52,Healthy,3.9,4,0,0,Night
ORD_04796,CUST_0623,REST_026,2026-02-15 10:41:56,177.17,5,Clear,Medium,Delivered,35.0,DEL_04796,DRV_0205,9.15,35.0,75.8,27.0,Fast Food,3.0,10,6,1,Morning
ORD_04797,CUST_0988,REST_075,2026-05-12 21:20:48,356.19,3,Clear,Low,Delivered,9.0,DEL_04797,DRV_0411,1.81,9.0,33.2,30.9,Fast Food,3.5,21,1,0,Evening
ORD_04798,CUST_0803,REST_024,2026-03-20 09:52:40,336.72,1,Clear,Low,Delivered,32.0,DEL_04798,DRV_0459,0.52,32.0,39.7,19.49,Cafe,4.3,9,4,0,Morning
ORD_04799,CUST_0535,REST_010,2026-01-19 05:07:43,143.22,5,Rain,Medium,Delivered,34.0,DEL_04799,DRV_0352,2.3,34.0,63.1,13.68,Healthy,4.9,5,0,0,Night
ORD_04800,CUST_0302,REST_013,2026-02-05 22:39:33,100.0,2,Clear,Low,Delivered,15.0,DEL_04800,DRV_0195,6.9,15.0,45.9,27.26,Cafe,3.2,22,3,0,Night
ORD_04801,CUST_0766,REST_044,2026-04-03 10:20:11,143.0,5,Clear,High,Delivered,17.0,DEL_04801,DRV_0305,5.16,17.0,65.9,13.05,Biryani,4.1,10,4,0,Morning
ORD_04802,CUST_0527,REST_039,2026-05-31 07:14:22,140.1,3,Rain,Low,Delivered,22.0,DEL_04802,DRV_0250,1.45,22.0,42.7,20.17,Desserts,4.2,7,6,1,Morning
ORD_04803,CUST_0642,REST_019,2026-06-11 11:19:50,231.72,6,Clear,Low,Delivered,26.0,DEL_04803,DRV_0258,5.98,26.0,44.3,19.27,Indian,4.4,11,3,0,Morning
ORD_04804,CUST_0573,REST_051,2026-01-16 20:32:23,171.1,4,Clear,Medium,Delivered,18.0,DEL_04804,DRV_0478,5.28,18.0,65.8,15.63,Healthy,3.6,20,4,0,Evening
ORD_04805,CUST_0115,REST_019,2026-05-10 22:15:40,119.79,3,Clear,High,Delivered,26.0,DEL_04805,DRV_0444,8.9,26.0,82.3,16.87,Indian,4.4,22,6,1,Night
ORD_04806,CUST_0460,REST_076,2026-05-18 00:20:36,332.73,6,Cloudy,Medium,Delivered,20.0,DEL_04806,DRV_0450,6.78,20.0,61.5,44.75,Chinese,3.7,0,0,0,Night
ORD_04807,CUST_0832,REST_052,2026-02-23 05:03:49,195.83,1,Clear,Medium,Delivered,25.0,DEL_04807,DRV_0359,8.42,25.0,67.5,34.38,Healthy,4.6,5,0,0,Night
ORD_04808,CUST_0505,REST_086,2026-03-03 17:45:47,230.32,1,Rain,Low,Delivered,41.0,DEL_04808,DRV_0059,2.1,41.0,54.2,8.5,Chinese,3.8,17,1,0,Evening
ORD_04809,CUST_0308,REST_047,2026-02-16 19:01:19,100.0,5,Clear,Medium,Delivered,33.0,DEL_04809,DRV_0221,1.51,33.0,61.5,24.49,Desserts,4.4,19,0,0,Evening
ORD_04810,CUST_0932,REST_030,2026-01-08 03:01:32,100.0,3,Cloudy,Low,Delivered,27.0,DEL_04810,DRV_0060,2.83,27.0,48.7,18.46,South Indian,4.1,3,3,0,Night
ORD_04811,CUST_0963,REST_046,2026-01-21 15:21:58,100.0,1,Cloudy,Medium,Delivered,22.0,DEL_04811,DRV_0022,2.91,22.0,51.0,24.33,North Indian,3.7,15,2,0,Afternoon
ORD_04812,CUST_0325,REST_076,2026-05-17 00:46:41,139.17,2,Cloudy,Medium,Delivered,15.0,DEL_04812,DRV_0345,3.74,15.0,52.7,21.55,Chinese,3.7,0,6,1,Night
ORD_04813,CUST_0579,REST_093,2026-03-07 13:21:49,248.89,2,Clear,Low,Delivered,19.0,DEL_04813,DRV_0362,1.76,19.0,45.1,15.39,Indian,3.8,13,5,1,Afternoon
ORD_04814,CUST_0761,REST_021,2026-01-02 04:36:58,100.0,4,Clear,Low,Delivered,23.0,DEL_04814,DRV_0430,2.51,23.0,28.4,17.6,Fast Food,3.7,4,4,0,Night
ORD_04817,CUST_0514,REST_062,2026-04-02 03:42:08,383.05,4,Clear,High,Delivered,17.0,DEL_04817,DRV_0049,4.56,17.0,53.5,27.56,Fast Food,3.5,3,3,0,Night
ORD_04818,CUST_0172,REST_058,2026-02-18 22:58:31,111.35,2,Cloudy,Low,Delivered,22.0,DEL_04818,DRV_0464,5.93,22.0,40.6,23.3,Fast Food,4.7,22,2,0,Night
ORD_04819,CUST_0997,REST_018,2026-04-08 19:18:12,239.16,4,Rain,Medium,Delivered,35.0,DEL_04819,DRV_0017,1.67,35.0,79.8,18.82,Pizza,3.6,19,2,0,Evening
ORD_04820,CUST_0960,REST_059,2026-05-19 11:17:13,189.97,4,Clear,Low,Delivered,31.0,DEL_04820,DRV_0498,1.27,31.0,41.4,13.96,Pizza,4.0,11,1,0,Morning
ORD_04822,CUST_0977,REST_048,2026-01-07 05:24:49,159.4,1,Cloudy,Medium,Delivered,30.0,DEL_04822,DRV_0155,1.11,30.0,45.2,29.7,Chinese,4.0,5,2,0,Night
ORD_04823,CUST_0334,REST_063,2026-01-20 15:30:58,235.16,1,Clear,High,Delivered,16.0,DEL_04823,DRV_0491,2.07,16.0,52.2,25.5,Biryani,4.7,15,1,0,Afternoon
ORD_04824,CUST_0284,REST_012,2026-02-03 09:18:39,332.36,5,Cloudy,Medium,Delivered,20.0,DEL_04824,DRV_0275,0.67,20.0,42.1,21.01,South Indian,4.6,9,1,0,Morning
ORD_04825,CUST_0475,REST_087,2026-06-15 14:53:09,126.7,4,Rain,High,Delivered,16.0,DEL_04825,DRV_0235,7.81,16.0,91.7,23.31,Healthy,4.0,14,0,0,Afternoon
ORD_04826,CUST_0054,REST_034,2026-04-02 03:50:33,207.11,4,Heavy Rain,Medium,Delivered,12.0,DEL_04826,DRV_0490,5.25,12.0,62.7,20.32,Desserts,4.0,3,3,0,Night
ORD_04827,CUST_0458,REST_061,2026-03-02 19:09:41,100.0,5,Clear,Medium,Delivered,36.0,DEL_04827,DRV_0286,2.81,36.0,61.6,21.22,Healthy,4.4,19,0,0,Evening
ORD_04828,CUST_0579,REST_087,2026-04-21 23:01:27,266.77,2,Cloudy,High,Delivered,18.0,DEL_04828,DRV_0078,14.36,18.0,102.7,9.98,Healthy,4.0,23,1,0,Night
ORD_04829,CUST_0420,REST_053,2026-03-23 05:41:40,531.16,3,Clear,Medium,Delivered,24.0,DEL_04829,DRV_0174,8.32,24.0,75.8,30.36,Desserts,5.0,5,0,0,Night
ORD_04830,CUST_0614,REST_025,2026-04-27 11:38:12,100.0,2,Clear,Medium,Delivered,32.0,DEL_04830,DRV_0106,4.84,32.0,60.3,23.22,South Indian,4.0,11,0,0,Morning
ORD_04831,CUST_0632,REST_062,2026-01-18 02:44:22,172.39,5,Cloudy,Medium,Delivered,17.0,DEL_04831,DRV_0320,9.5,17.0,75.6,18.19,Fast Food,3.5,2,6,1,Night
ORD_04832,CUST_0703,REST_004,2026-03-22 23:16:41,294.2,4,Clear,Medium,Delivered,15.0,DEL_04832,DRV_0032,3.95,15.0,43.8,34.45,Healthy,3.7,23,6,1,Night
ORD_04833,CUST_0409,REST_094,2026-04-12 22:57:19,184.43,4,Clear,High,Delivered,16.0,DEL_04833,DRV_0437,5.1,16.0,65.2,25.6,Cafe,4.6,22,6,1,Night
ORD_04834,CUST_0982,REST_094,2026-06-14 13:24:46,198.5,1,Clear,Low,Delivered,24.0,DEL_04834,DRV_0407,4.67,24.0,53.0,26.19,Cafe,4.6,13,6,1,Afternoon
ORD_04835,CUST_0304,REST_013,2026-04-07 23:25:56,146.2,1,Clear,Low,Delivered,9.0,DEL_04835,DRV_0292,3.53,9.0,31.4,21.35,Cafe,3.2,23,1,0,Night
ORD_04836,CUST_0935,REST_042,2026-06-28 16:23:59,143.24,4,Clear,High,Delivered,27.0,DEL_04836,DRV_0010,3.68,27.0,66.6,26.89,Healthy,5.0,16,6,1,Afternoon
ORD_04837,CUST_0559,REST_049,2026-03-15 00:57:51,172.83,4,Clear,High,Delivered,25.0,DEL_04837,DRV_0315,14.2,25.0,101.4,15.04,Cafe,3.6,0,6,1,Night
ORD_04838,CUST_0222,REST_078,2026-06-16 09:52:46,185.47,6,Cloudy,Medium,Delivered,31.0,DEL_04838,DRV_0102,6.12,31.0,72.1,19.51,Biryani,3.9,9,1,0,Morning
ORD_04839,CUST_0533,REST_056,2026-04-15 20:06:32,100.0,1,Clear,Low,Delivered,34.0,DEL_04839,DRV_0118,9.94,34.0,86.8,26.09,Desserts,4.2,20,2,0,Evening
ORD_04840,CUST_0158,REST_047,2026-01-01 21:22:29,174.81,1,Cloudy,Medium,Delivered,34.0,DEL_04840,DRV_0157,1.89,34.0,65.5,21.85,Desserts,4.4,21,3,0,Evening
ORD_04841,CUST_0348,REST_008,2026-05-12 09:54:07,429.53,2,Rain,Low,Delivered,31.0,DEL_04841,DRV_0267,3.28,31.0,52.5,30.05,Desserts,4.5,9,1,0,Morning
ORD_04842,CUST_0159,REST_055,2026-04-19 16:38:14,143.95,4,Clear,Medium,Delivered,38.0,DEL_04842,DRV_0498,1.82,38.0,60.7,16.41,North Indian,4.2,16,6,1,Afternoon
ORD_04843,CUST_0889,REST_088,2026-02-02 09:13:15,100.0,4,Cloudy,Low,Delivered,29.0,DEL_04843,DRV_0422,8.28,29.0,64.6,13.09,Cafe,3.8,9,0,0,Morning
ORD_04844,CUST_0884,REST_018,2026-06-05 23:13:43,166.79,5,Cloudy,Medium,Delivered,32.0,DEL_04844,DRV_0245,8.84,32.0,83.4,22.9,Pizza,3.6,23,4,0,Night
ORD_04845,CUST_0922,REST_035,2026-01-25 02:50:20,122.36,2,Cloudy,Low,Delivered,25.0,DEL_04845,DRV_0079,5.91,25.0,52.4,16.72,North Indian,4.8,2,6,1,Night
ORD_04847,CUST_0662,REST_081,2026-03-29 09:01:01,195.69,3,Cloudy,Medium,Delivered,27.0,DEL_04847,DRV_0091,8.69,27.0,80.6,25.6,Desserts,4.1,9,6,1,Morning
ORD_04848,CUST_0405,REST_032,2026-04-24 21:35:11,122.65,3,Clear,Medium,Delivered,21.0,DEL_04848,DRV_0358,4.71,21.0,62.2,20.89,Healthy,3.9,21,4,0,Evening
ORD_04849,CUST_0257,REST_024,2026-06-27 09:17:30,128.56,6,Clear,Low,Delivered,37.0,DEL_04849,DRV_0436,4.52,37.0,42.3,22.29,Cafe,4.3,9,5,1,Morning
ORD_04850,CUST_0677,REST_007,2026-02-17 06:12:35,197.23,1,Cloudy,Low,Delivered,25.0,DEL_04850,DRV_0129,6.08,25.0,50.6,41.57,Healthy,3.9,6,1,0,Morning
ORD_04851,CUST_0589,REST_013,2026-02-14 02:47:26,100.0,3,Clear,Medium,Delivered,17.0,DEL_04851,DRV_0489,9.01,17.0,56.9,15.79,Cafe,3.2,2,5,1,Night
ORD_04852,CUST_0597,REST_091,2026-04-25 21:49:31,100.0,5,Cloudy,Medium,Delivered,11.0,DEL_04852,DRV_0014,6.43,11.0,65.9,29.64,Cafe,4.6,21,5,1,Evening
ORD_04853,CUST_0558,REST_069,2026-03-20 19:19:07,262.17,1,Cloudy,Medium,Delivered,28.0,DEL_04853,DRV_0387,3.17,28.0,66.1,50.68,Chinese,3.7,19,4,0,Evening
ORD_04854,CUST_0905,REST_100,2026-04-02 01:01:13,100.0,1,Rain,Low,Delivered,28.0,DEL_04854,DRV_0286,3.15,28.0,51.2,10.96,Pizza,3.9,1,3,0,Night
ORD_04855,CUST_0913,REST_090,2026-03-19 16:08:40,105.94,3,Clear,Medium,Delivered,31.0,DEL_04855,DRV_0159,5.49,31.0,61.6,16.41,North Indian,4.2,16,3,0,Afternoon
ORD_04856,CUST_0047,REST_042,2026-04-23 12:43:14,100.0,1,Heavy Rain,Medium,Delivered,30.0,DEL_04856,DRV_0129,2.86,30.0,79.5,12.61,Healthy,5.0,12,3,0,Afternoon
ORD_04857,CUST_0213,REST_031,2026-04-14 21:44:11,138.74,2,Cloudy,Medium,Delivered,35.0,DEL_04857,DRV_0174,10.59,35.0,94.1,23.07,North Indian,4.0,21,1,0,Evening
ORD_04858,CUST_0479,REST_074,2026-05-03 02:12:35,229.39,2,Clear,Medium,Delivered,5.0,DEL_04858,DRV_0398,5.54,5.0,48.9,24.34,Indian,4.2,2,6,1,Night
ORD_04859,CUST_0487,REST_026,2026-01-24 15:10:36,192.83,3,Clear,High,Delivered,39.0,DEL_04859,DRV_0420,1.54,39.0,65.7,17.13,Fast Food,3.0,15,5,1,Afternoon
ORD_04860,CUST_0571,REST_086,2026-03-29 10:31:18,675.55,5,Cloudy,High,Delivered,38.0,DEL_04860,DRV_0174,4.28,38.0,73.8,106.77,Chinese,3.8,10,6,1,Morning
ORD_04863,CUST_0524,REST_091,2026-06-15 00:35:21,100.0,3,Cloudy,High,Delivered,10.0,DEL_04863,DRV_0427,4.37,10.0,49.6,14.32,Cafe,4.6,0,0,0,Night
ORD_04864,CUST_0704,REST_097,2026-04-24 08:57:19,803.26,6,Clear,Low,Delivered,19.0,DEL_04864,DRV_0500,15.65,19.0,91.2,118.89,Cafe,4.7,8,4,0,Morning
ORD_04865,CUST_0503,REST_052,2026-03-09 12:09:30,325.19,1,Clear,Medium,Delivered,26.0,DEL_04865,DRV_0361,6.75,26.0,80.6,30.91,Healthy,4.6,12,0,0,Afternoon
ORD_04866,CUST_0006,REST_020,2026-06-19 00:26:08,250.67,3,Clear,Medium,Delivered,19.0,DEL_04866,DRV_0043,1.51,19.0,39.8,47.89,Desserts,3.4,0,4,0,Night
ORD_04867,CUST_0821,REST_040,2026-04-23 04:13:03,188.89,3,Cloudy,Medium,Delivered,33.0,DEL_04867,DRV_0399,3.6,33.0,66.5,18.95,Desserts,4.1,4,3,0,Night
ORD_04868,CUST_0144,REST_059,2026-01-17 14:27:47,210.7,5,Clear,Medium,Delivered,38.0,DEL_04868,DRV_0294,3.02,38.0,83.7,29.9,Pizza,4.0,14,5,1,Afternoon
ORD_04869,CUST_0858,REST_077,2026-01-15 03:16:21,100.0,4,Clear,Low,Delivered,13.0,DEL_04869,DRV_0345,4.73,13.0,29.9,4.8,Fast Food,4.1,3,3,0,Night
ORD_04870,CUST_0261,REST_014,2026-05-20 17:37:22,197.63,1,Clear,High,Delivered,31.0,DEL_04870,DRV_0300,12.94,31.0,104.8,42.61,Fast Food,5.0,17,2,0,Evening
ORD_04871,CUST_0585,REST_044,2026-06-22 20:29:18,188.51,3,Rain,Medium,Delivered,17.0,DEL_04871,DRV_0109,2.48,17.0,52.8,20.1,Biryani,4.1,20,0,0,Evening
ORD_04872,CUST_0686,REST_086,2026-05-02 20:18:25,110.25,3,Cloudy,High,Delivered,36.0,DEL_04872,DRV_0242,1.0,36.0,81.6,18.06,Chinese,3.8,20,5,1,Evening
ORD_04873,CUST_0232,REST_082,2026-02-02 22:32:09,134.8,1,Clear,Low,Delivered,38.0,DEL_04873,DRV_0055,3.8,38.0,56.8,20.77,Healthy,3.7,22,0,0,Night
ORD_04874,CUST_0270,REST_048,2026-02-02 11:31:39,417.11,3,Rain,Medium,Delivered,34.0,DEL_04874,DRV_0055,2.86,34.0,61.1,59.49,Chinese,4.0,11,0,0,Morning
ORD_04875,CUST_0940,REST_093,2026-04-18 02:52:43,169.21,3,Clear,Medium,Delivered,19.0,DEL_04875,DRV_0334,5.94,19.0,55.7,28.2,Indian,3.8,2,5,1,Night
ORD_04876,CUST_0447,REST_043,2026-06-03 19:45:07,566.31,3,Clear,Medium,Delivered,22.0,DEL_04876,DRV_0216,0.67,22.0,55.0,59.98,Fast Food,3.7,19,2,0,Evening
ORD_04877,CUST_0874,REST_016,2026-03-18 20:50:04,100.0,2,Clear,Medium,Delivered,29.0,DEL_04877,DRV_0442,9.43,29.0,91.2,11.52,Indian,3.7,20,2,0,Evening
ORD_04878,CUST_0222,REST_035,2026-05-13 17:54:08,136.02,2,Clear,Low,Delivered,29.0,DEL_04878,DRV_0107,5.46,29.0,57.9,22.85,North Indian,4.8,17,2,0,Evening
ORD_04879,CUST_0052,REST_053,2026-06-06 20:41:18,100.0,4,Clear,Low,Delivered,20.0,DEL_04879,DRV_0313,5.51,20.0,65.5,12.76,Desserts,5.0,20,5,1,Evening
ORD_04880,CUST_0116,REST_034,2026-05-19 11:35:05,100.0,5,Cloudy,Medium,Delivered,21.0,DEL_04880,DRV_0184,4.55,21.0,60.8,22.47,Desserts,4.0,11,1,0,Morning
ORD_04881,CUST_0538,REST_003,2026-03-14 17:52:49,114.95,1,Cloudy,Medium,Delivered,9.0,DEL_04881,DRV_0130,1.3,9.0,39.0,14.06,South Indian,4.4,17,5,1,Evening
ORD_04882,CUST_0565,REST_068,2026-03-19 03:17:35,215.6,5,Cloudy,Low,Delivered,25.0,DEL_04882,DRV_0499,4.68,25.0,51.1,25.71,Indian,4.5,3,3,0,Night
ORD_04883,CUST_0877,REST_005,2026-02-05 17:51:40,209.93,5,Cloudy,Medium,Delivered,34.0,DEL_04883,DRV_0124,3.09,34.0,49.3,20.89,Chinese,4.4,17,3,0,Evening
ORD_04884,CUST_0541,REST_010,2026-04-09 11:15:05,124.76,2,Rain,Medium,Delivered,31.0,DEL_04884,DRV_0418,0.92,31.0,55.0,32.07,Healthy,4.9,11,3,0,Morning
ORD_04885,CUST_0019,REST_052,2026-01-13 16:41:18,100.0,4,Clear,Medium,Delivered,23.0,DEL_04885,DRV_0049,2.72,23.0,44.0,14.69,Healthy,4.6,16,1,0,Afternoon
ORD_04886,CUST_0815,REST_029,2026-06-15 06:12:17,408.6,5,Cloudy,Low,Delivered,35.0,DEL_04886,DRV_0320,7.94,35.0,76.7,47.99,Pizza,3.9,6,0,0,Morning
ORD_04887,CUST_0392,REST_096,2026-04-28 16:52:03,154.91,5,Cloudy,Medium,Delivered,26.0,DEL_04887,DRV_0253,7.33,26.0,62.3,19.87,Biryani,3.3,16,1,0,Afternoon
ORD_04888,CUST_0791,REST_031,2026-05-19 07:26:27,100.0,3,Rain,Medium,Delivered,27.0,DEL_04888,DRV_0343,6.94,27.0,79.5,17.07,North Indian,4.0,7,1,0,Morning
ORD_04889,CUST_0629,REST_066,2026-06-26 15:28:00,210.86,1,Clear,Medium,Delivered,28.0,DEL_04889,DRV_0392,6.19,28.0,66.1,28.4,North Indian,3.5,15,4,0,Afternoon
ORD_04890,CUST_0618,REST_076,2026-03-12 22:11:50,202.85,4,Clear,High,Delivered,16.0,DEL_04890,DRV_0069,6.17,16.0,67.2,37.07,Chinese,3.7,22,3,0,Night
ORD_04891,CUST_0419,REST_091,2026-04-17 04:57:58,151.79,1,Cloudy,Medium,Delivered,19.0,DEL_04891,DRV_0442,8.25,19.0,72.3,28.96,Cafe,4.6,4,4,0,Night
ORD_04892,CUST_0991,REST_069,2026-03-05 03:13:29,196.7,2,Cloudy,Medium,Delivered,33.0,DEL_04892,DRV_0477,3.35,33.0,60.7,19.22,Chinese,3.7,3,3,0,Night
ORD_04893,CUST_0309,REST_037,2026-05-24 13:06:18,100.0,5,Clear,Low,Delivered,20.0,DEL_04893,DRV_0427,6.76,20.0,61.4,13.24,Chinese,3.8,13,6,1,Afternoon
ORD_04895,CUST_0864,REST_087,2026-06-02 08:46:33,104.77,6,Clear,Low,Delivered,16.0,DEL_04895,DRV_0377,12.08,16.0,74.1,14.2,Healthy,4.0,8,1,0,Morning
ORD_04896,CUST_0186,REST_033,2026-04-03 22:49:36,129.92,1,Heavy Rain,High,Delivered,24.0,DEL_04896,DRV_0052,10.66,24.0,108.3,7.89,Fast Food,4.1,22,4,0,Night
ORD_04897,CUST_0261,REST_068,2026-05-18 07:18:34,259.0,2,Clear,High,Delivered,18.0,DEL_04897,DRV_0033,8.92,18.0,77.7,31.94,Indian,4.5,7,0,0,Morning
ORD_04898,CUST_0528,REST_059,2026-02-12 15:31:35,351.49,6,Clear,Medium,Delivered,31.0,DEL_04898,DRV_0020,10.74,31.0,86.3,59.78,Pizza,4.0,15,3,0,Afternoon
ORD_04899,CUST_0273,REST_064,2026-02-09 20:12:57,433.62,6,Clear,Low,Delivered,16.0,DEL_04899,DRV_0464,5.76,16.0,55.8,13.24,Biryani,5.0,20,0,0,Evening
ORD_04900,CUST_0160,REST_085,2026-01-16 18:21:01,323.98,3,Clear,Low,Delivered,13.0,DEL_04900,DRV_0229,10.47,13.0,53.6,21.15,South Indian,3.4,18,4,0,Evening
ORD_04901,CUST_0870,REST_088,2026-06-01 08:33:17,151.68,6,Clear,High,Delivered,34.0,DEL_04901,DRV_0187,3.88,34.0,63.8,28.74,Cafe,3.8,8,0,0,Morning
ORD_04902,CUST_0762,REST_044,2026-01-07 15:37:42,100.0,6,Cloudy,High,Delivered,23.0,DEL_04902,DRV_0188,1.49,23.0,54.7,31.15,Biryani,4.1,15,2,0,Afternoon
ORD_04903,CUST_0224,REST_095,2026-02-28 04:35:34,392.6,3,Rain,Low,Delivered,33.0,DEL_04903,DRV_0191,8.09,33.0,67.4,32.2,Pizza,3.7,4,5,1,Night
ORD_04904,CUST_0256,REST_088,2026-03-26 07:52:10,385.25,5,Clear,Medium,Delivered,34.0,DEL_04904,DRV_0112,4.24,34.0,61.6,34.62,Cafe,3.8,7,3,0,Morning
ORD_04905,CUST_0180,REST_049,2026-03-29 02:46:45,125.26,5,Cloudy,Low,Delivered,23.0,DEL_04905,DRV_0184,3.0,23.0,38.9,19.58,Cafe,3.6,2,6,1,Night
ORD_04906,CUST_0020,REST_053,2026-06-21 22:39:55,300.86,4,Clear,Low,Delivered,24.0,DEL_04906,DRV_0293,7.78,24.0,59.9,34.29,Desserts,5.0,22,6,1,Night
ORD_04907,CUST_0624,REST_074,2026-02-24 23:56:10,151.0,6,Clear,Low,Delivered,12.0,DEL_04907,DRV_0444,0.5,12.0,22.5,22.49,Indian,4.2,23,1,0,Night
ORD_04908,CUST_0632,REST_049,2026-03-25 18:08:55,413.93,1,Clear,Medium,Delivered,24.0,DEL_04908,DRV_0362,5.03,24.0,48.0,51.15,Cafe,3.6,18,2,0,Evening
ORD_04909,CUST_0706,REST_066,2026-01-17 21:52:01,136.57,5,Clear,Low,Delivered,23.0,DEL_04909,DRV_0361,2.59,23.0,50.4,25.15,North Indian,3.5,21,5,1,Evening
ORD_04910,CUST_0468,REST_095,2026-02-11 14:56:38,538.22,2,Cloudy,Low,Delivered,29.0,DEL_04910,DRV_0472,2.72,29.0,54.8,77.88,Pizza,3.7,14,2,0,Afternoon
ORD_04911,CUST_0623,REST_063,2026-03-05 09:24:02,279.32,1,Clear,Low,Delivered,12.0,DEL_04911,DRV_0307,3.9,12.0,23.6,52.55,Biryani,4.7,9,3,0,Morning
ORD_04912,CUST_0210,REST_025,2026-03-19 02:16:13,487.19,4,Rain,Medium,Delivered,28.0,DEL_04912,DRV_0285,6.21,28.0,70.9,55.26,South Indian,4.0,2,3,0,Night
ORD_04913,CUST_0513,REST_004,2026-06-13 15:49:38,140.46,6,Cloudy,Medium,Delivered,19.0,DEL_04913,DRV_0227,3.29,19.0,51.3,6.11,Healthy,3.7,15,5,1,Afternoon
ORD_04914,CUST_0058,REST_051,2026-03-17 07:22:37,226.5,3,Cloudy,Low,Delivered,20.0,DEL_04914,DRV_0137,3.64,20.0,41.5,21.01,Healthy,3.6,7,1,0,Morning
ORD_04915,CUST_0093,REST_011,2026-05-04 21:23:18,106.37,4,Rain,High,Delivered,21.0,DEL_04915,DRV_0086,8.09,21.0,92.8,28.6,Pizza,4.9,21,0,0,Evening
ORD_04917,CUST_0723,REST_066,2026-03-03 20:12:50,297.22,3,Cloudy,Medium,Delivered,27.0,DEL_04917,DRV_0296,1.7,27.0,57.0,44.46,North Indian,3.5,20,1,0,Evening
ORD_04918,CUST_0940,REST_070,2026-04-19 13:29:34,677.47,2,Clear,Low,Delivered,13.0,DEL_04918,DRV_0452,2.73,13.0,40.0,103.16,Desserts,4.2,13,6,1,Afternoon
ORD_04919,CUST_0232,REST_073,2026-03-08 11:24:30,236.3,3,Clear,Low,Delivered,32.0,DEL_04919,DRV_0171,2.94,32.0,40.7,27.61,South Indian,3.9,11,6,1,Morning
ORD_04920,CUST_0774,REST_069,2026-03-27 15:16:23,269.95,3,Cloudy,Low,Delivered,29.0,DEL_04920,DRV_0356,3.84,29.0,49.0,25.0,Chinese,3.7,15,4,0,Afternoon
ORD_04921,CUST_0364,REST_084,2026-05-23 09:39:08,139.92,2,Cloudy,Low,Delivered,20.0,DEL_04921,DRV_0460,5.27,20.0,59.5,26.92,North Indian,3.3,9,5,1,Morning
ORD_04922,CUST_0615,REST_029,2026-05-19 10:58:43,244.14,5,Rain,High,Delivered,35.0,DEL_04922,DRV_0279,5.63,35.0,87.4,40.74,Pizza,3.9,10,1,0,Morning
ORD_04923,CUST_0562,REST_085,2026-01-08 16:20:22,147.09,5,Clear,Medium,Delivered,11.0,DEL_04923,DRV_0359,4.51,11.0,46.2,27.01,South Indian,3.4,16,3,0,Afternoon
ORD_04924,CUST_0374,REST_073,2026-05-25 14:51:50,193.2,3,Clear,High,Delivered,38.0,DEL_04924,DRV_0252,7.73,38.0,96.1,19.14,South Indian,3.9,14,0,0,Afternoon
ORD_04925,CUST_0622,REST_092,2026-01-27 00:43:29,199.53,3,Clear,Low,Delivered,23.0,DEL_04925,DRV_0008,3.45,23.0,40.2,19.86,Indian,4.1,0,1,0,Night
ORD_04927,CUST_0088,REST_095,2026-02-22 12:27:51,187.66,5,Clear,Low,Delivered,29.0,DEL_04927,DRV_0320,2.95,29.0,59.4,24.07,Pizza,3.7,12,6,1,Afternoon
ORD_04928,CUST_0020,REST_020,2026-04-26 05:00:41,147.46,2,Clear,Medium,Delivered,17.0,DEL_04928,DRV_0151,7.64,17.0,68.2,17.01,Desserts,3.4,5,6,1,Night
ORD_04929,CUST_0014,REST_027,2026-05-08 23:01:31,147.11,6,Clear,High,Delivered,33.0,DEL_04929,DRV_0093,2.06,33.0,60.4,20.0,South Indian,4.0,23,4,0,Night
ORD_04930,CUST_0133,REST_008,2026-01-15 10:28:25,327.72,6,Clear,High,Delivered,34.0,DEL_04930,DRV_0376,3.57,34.0,69.4,39.37,Desserts,4.5,10,3,0,Morning
ORD_04931,CUST_0937,REST_085,2026-04-26 08:04:14,199.63,3,Clear,Low,Delivered,16.0,DEL_04931,DRV_0365,9.24,16.0,58.6,24.99,South Indian,3.4,8,6,1,Morning
ORD_04932,CUST_0808,REST_061,2026-04-03 07:51:41,219.4,3,Cloudy,Medium,Delivered,36.0,DEL_04932,DRV_0096,4.17,36.0,70.3,33.34,Healthy,4.4,7,4,0,Morning
ORD_04933,CUST_0034,REST_028,2026-05-01 04:42:48,100.0,6,Clear,Low,Delivered,28.0,DEL_04933,DRV_0440,0.58,28.0,37.1,16.87,Indian,4.4,4,4,0,Night
ORD_04934,CUST_0892,REST_087,2026-06-16 17:35:33,228.81,4,Cloudy,Low,Delivered,13.0,DEL_04934,DRV_0142,1.88,13.0,30.5,22.1,Healthy,4.0,17,1,0,Evening
ORD_04935,CUST_0208,REST_070,2026-02-17 12:30:21,242.68,4,Heavy Rain,Low,Delivered,12.0,DEL_04935,DRV_0080,6.81,12.0,76.9,28.41,Desserts,4.2,12,1,0,Afternoon
ORD_04937,CUST_0199,REST_069,2026-01-31 19:17:20,570.64,1,Cloudy,Medium,Delivered,28.0,DEL_04937,DRV_0240,12.9,28.0,101.1,24.47,Chinese,3.7,19,5,1,Evening
ORD_04938,CUST_0592,REST_073,2026-04-15 08:18:08,100.0,2,Cloudy,Medium,Delivered,32.0,DEL_04938,DRV_0273,1.44,32.0,52.4,23.07,South Indian,3.9,8,2,0,Morning
ORD_04939,CUST_0583,REST_007,2026-03-20 11:51:20,279.05,1,Clear,Medium,Delivered,21.0,DEL_04939,DRV_0020,9.17,21.0,70.6,18.73,Healthy,3.9,11,4,0,Morning
ORD_04940,CUST_0155,REST_060,2026-02-06 10:06:53,268.28,3,Heavy Rain,High,Delivered,20.0,DEL_04940,DRV_0371,10.5,20.0,96.1,27.7,Chinese,4.2,10,4,0,Morning
ORD_04941,CUST_0590,REST_004,2026-03-02 02:33:55,244.17,4,Clear,Low,Delivered,13.0,DEL_04941,DRV_0012,3.18,13.0,32.0,39.85,Healthy,3.7,2,0,0,Night
ORD_04942,CUST_0078,REST_005,2026-05-25 07:10:40,199.72,4,Clear,Low,Delivered,35.0,DEL_04942,DRV_0457,3.12,35.0,56.2,39.93,Chinese,4.4,7,0,0,Morning
ORD_04943,CUST_0172,REST_011,2026-02-04 12:12:58,245.4,6,Clear,Medium,Delivered,18.0,DEL_04943,DRV_0124,5.04,18.0,68.0,50.7,Pizza,4.9,12,2,0,Afternoon
ORD_04944,CUST_0289,REST_015,2026-06-13 00:21:45,292.22,6,Clear,Medium,Delivered,32.0,DEL_04944,DRV_0122,7.82,32.0,79.4,55.19,Healthy,4.6,0,5,1,Night
ORD_04945,CUST_0545,REST_064,2026-05-28 20:48:43,121.6,4,Clear,Low,Delivered,9.0,DEL_04945,DRV_0328,1.51,9.0,37.1,18.33,Biryani,5.0,20,3,0,Evening
ORD_04946,CUST_0812,REST_098,2026-03-08 16:37:22,213.7,5,Cloudy,High,Delivered,24.0,DEL_04946,DRV_0425,6.36,24.0,76.7,29.15,Biryani,4.7,16,6,1,Afternoon
ORD_04947,CUST_0788,REST_013,2026-03-23 06:16:37,163.89,6,Cloudy,Medium,Delivered,12.0,DEL_04947,DRV_0229,1.42,12.0,33.3,26.85,Cafe,3.2,6,0,0,Morning
ORD_04948,CUST_0879,REST_007,2026-04-30 16:28:45,100.0,2,Cloudy,Medium,Delivered,22.0,DEL_04948,DRV_0085,7.23,22.0,70.3,13.21,Healthy,3.9,16,3,0,Afternoon
ORD_04949,CUST_0420,REST_006,2026-06-05 23:27:38,268.93,1,Clear,Medium,Delivered,16.0,DEL_04949,DRV_0490,3.89,16.0,38.1,34.22,Cafe,3.9,23,4,0,Night
ORD_04950,CUST_0007,REST_056,2026-03-31 23:40:44,132.9,2,Rain,Medium,Delivered,36.0,DEL_04950,DRV_0416,1.76,36.0,58.5,27.04,Desserts,4.2,23,1,0,Night
ORD_04951,CUST_0160,REST_064,2026-02-12 07:33:00,100.0,6,Clear,Medium,Delivered,7.0,DEL_04951,DRV_0421,3.74,7.0,44.1,25.53,Biryani,5.0,7,3,0,Morning
ORD_04952,CUST_0240,REST_050,2026-06-29 19:48:26,134.76,4,Clear,Medium,Delivered,21.0,DEL_04952,DRV_0366,1.1,21.0,46.7,14.15,Desserts,4.0,19,0,0,Evening
ORD_04953,CUST_0963,REST_030,2026-03-20 06:52:55,116.82,3,Cloudy,Low,Delivered,23.0,DEL_04953,DRV_0274,2.63,23.0,45.1,19.61,South Indian,4.1,6,4,0,Morning
ORD_04954,CUST_0423,REST_022,2026-05-10 13:15:08,319.15,5,Rain,High,Delivered,25.0,DEL_04954,DRV_0029,5.4,25.0,85.8,47.81,Biryani,4.5,13,6,1,Afternoon
ORD_04955,CUST_0989,REST_025,2026-04-27 22:30:57,197.21,6,Clear,Medium,Delivered,32.0,DEL_04955,DRV_0135,11.91,32.0,94.0,37.7,South Indian,4.0,22,0,0,Night
ORD_04956,CUST_0536,REST_028,2026-03-15 19:02:05,387.73,2,Cloudy,Medium,Delivered,24.0,DEL_04956,DRV_0040,3.56,24.0,56.7,59.42,Indian,4.4,19,6,1,Evening
ORD_04957,CUST_0726,REST_084,2026-02-15 16:14:52,125.64,3,Cloudy,Medium,Delivered,17.0,DEL_04957,DRV_0101,5.64,17.0,63.5,24.44,North Indian,3.3,16,6,1,Afternoon
ORD_04958,CUST_0070,REST_039,2026-05-27 06:30:07,293.18,6,Rain,Medium,Delivered,24.0,DEL_04958,DRV_0376,5.82,24.0,62.9,56.86,Desserts,4.2,6,2,0,Morning
ORD_04959,CUST_0880,REST_067,2026-05-05 02:26:41,864.19,4,Clear,Low,Delivered,19.0,DEL_04959,DRV_0134,2.4,19.0,28.0,114.69,North Indian,3.1,2,1,0,Night
ORD_04960,CUST_0216,REST_005,2026-01-05 14:55:19,220.48,4,Clear,High,Delivered,32.0,DEL_04960,DRV_0404,5.21,32.0,90.5,21.45,Chinese,4.4,14,0,0,Afternoon
ORD_04961,CUST_0104,REST_065,2026-06-28 23:36:22,291.17,4,Clear,Medium,Delivered,23.0,DEL_04961,DRV_0311,0.5,23.0,38.4,31.15,South Indian,4.7,23,6,1,Night
ORD_04962,CUST_0727,REST_015,2026-01-11 12:21:18,265.45,4,Clear,Low,Delivered,31.0,DEL_04962,DRV_0440,0.66,31.0,45.9,19.46,Healthy,4.6,12,6,1,Afternoon
ORD_04963,CUST_0054,REST_090,2026-04-06 18:10:36,100.0,6,Clear,Low,Delivered,38.0,DEL_04963,DRV_0329,2.62,38.0,58.7,13.77,North Indian,4.2,18,0,0,Evening
ORD_04964,CUST_0806,REST_067,2026-04-07 05:59:11,250.18,5,Heavy Rain,High,Delivered,18.0,DEL_04964,DRV_0181,1.63,18.0,67.6,34.45,North Indian,3.1,5,1,0,Night
ORD_04965,CUST_0330,REST_040,2026-03-30 18:29:03,214.55,5,Clear,High,Delivered,29.0,DEL_04965,DRV_0457,6.13,29.0,73.5,29.78,Desserts,4.1,18,0,0,Evening
ORD_04966,CUST_0848,REST_098,2026-05-30 09:29:29,157.14,2,Rain,Medium,Delivered,22.0,DEL_04966,DRV_0200,6.75,22.0,69.9,23.83,Biryani,4.7,9,5,1,Morning
ORD_04967,CUST_0203,REST_069,2026-02-21 00:35:45,111.47,6,Clear,Medium,Delivered,27.0,DEL_04967,DRV_0209,0.9,27.0,48.6,22.56,Chinese,3.7,0,5,1,Night
ORD_04968,CUST_0288,REST_095,2026-02-25 07:00:31,265.52,4,Rain,High,Delivered,23.0,DEL_04968,DRV_0088,3.17,23.0,62.3,42.4,Pizza,3.7,7,2,0,Morning
ORD_04970,CUST_0829,REST_043,2026-03-14 06:57:40,586.11,6,Clear,Medium,Delivered,20.0,DEL_04970,DRV_0125,10.43,20.0,73.5,85.99,Fast Food,3.7,6,5,1,Morning
ORD_04971,CUST_0198,REST_001,2026-02-15 05:31:51,193.02,3,Cloudy,Medium,Delivered,8.0,DEL_04971,DRV_0471,2.84,8.0,34.4,17.52,Pizza,4.8,5,6,1,Night
ORD_04972,CUST_0216,REST_022,2026-02-17 03:10:20,100.0,5,Clear,Medium,Delivered,23.0,DEL_04972,DRV_0417,2.59,23.0,52.2,15.72,Biryani,4.5,3,1,0,Night
ORD_04973,CUST_0481,REST_062,2026-06-12 00:07:15,136.63,5,Clear,Low,Delivered,20.0,DEL_04973,DRV_0022,2.2,20.0,38.5,23.02,Fast Food,3.5,0,4,0,Night
ORD_04974,CUST_0309,REST_079,2026-03-26 21:25:01,155.56,2,Clear,Medium,Delivered,27.0,DEL_04974,DRV_0050,2.95,27.0,52.5,19.79,Healthy,4.4,21,3,0,Evening
ORD_04975,CUST_0896,REST_026,2026-01-26 04:20:40,683.21,5,Clear,Medium,Delivered,37.0,DEL_04975,DRV_0239,12.07,37.0,95.3,75.14,Fast Food,3.0,4,0,0,Night
ORD_04976,CUST_0435,REST_018,2026-02-10 12:26:17,111.44,3,Cloudy,High,Delivered,41.0,DEL_04976,DRV_0214,1.72,41.0,75.2,21.68,Pizza,3.6,12,1,0,Afternoon
ORD_04977,CUST_0332,REST_048,2026-05-08 02:06:14,170.05,4,Rain,Medium,Delivered,33.0,DEL_04977,DRV_0283,1.67,33.0,63.1,31.0,Chinese,4.0,2,4,0,Night
ORD_04978,CUST_0696,REST_009,2026-02-21 14:43:45,134.85,1,Clear,High,Delivered,21.0,DEL_04978,DRV_0048,0.88,21.0,66.9,20.01,Biryani,4.6,14,5,1,Afternoon
ORD_04979,CUST_0027,REST_001,2026-06-30 08:22:26,238.55,2,Rain,High,Delivered,7.0,DEL_04979,DRV_0066,11.51,7.0,90.3,40.82,Pizza,4.8,8,1,0,Morning
ORD_04980,CUST_0166,REST_009,2026-05-17 05:17:17,136.04,3,Rain,Medium,Delivered,19.0,DEL_04980,DRV_0479,2.37,19.0,46.9,32.93,Biryani,4.6,5,6,1,Night
ORD_04981,CUST_0318,REST_023,2026-02-10 01:48:33,100.0,2,Clear,Low,Delivered,38.0,DEL_04981,DRV_0397,2.93,38.0,56.6,11.24,South Indian,4.6,1,1,0,Night
ORD_04982,CUST_0274,REST_045,2026-01-29 20:07:16,162.81,6,Clear,Medium,Delivered,33.0,DEL_04982,DRV_0130,5.17,33.0,74.8,39.62,Pizza,4.2,20,3,0,Evening
ORD_04983,CUST_0383,REST_002,2026-02-28 23:20:01,153.75,4,Clear,High,Delivered,41.0,DEL_04983,DRV_0302,0.61,41.0,62.9,18.79,North Indian,4.2,23,5,1,Night
ORD_04984,CUST_0365,REST_014,2026-01-19 20:01:35,130.88,5,Cloudy,Low,Delivered,32.0,DEL_04984,DRV_0327,4.09,32.0,62.5,31.93,Fast Food,5.0,20,0,0,Evening
ORD_04985,CUST_0103,REST_038,2026-06-10 23:59:48,134.78,6,Clear,Medium,Delivered,30.0,DEL_04985,DRV_0384,3.54,30.0,56.7,14.06,Indian,3.7,23,2,0,Night
ORD_04986,CUST_0960,REST_040,2026-01-20 23:05:00,347.78,5,Clear,Low,Delivered,30.0,DEL_04986,DRV_0267,5.84,30.0,57.0,52.56,Desserts,4.1,23,1,0,Night
ORD_04987,CUST_0503,REST_063,2026-05-28 20:18:16,152.04,3,Cloudy,Low,Delivered,16.0,DEL_04987,DRV_0239,3.69,16.0,38.5,35.79,Biryani,4.7,20,3,0,Evening
ORD_04988,CUST_0845,REST_082,2026-02-17 11:53:37,100.0,4,Cloudy,Medium,Delivered,33.0,DEL_04988,DRV_0026,6.0,33.0,71.5,11.0,Healthy,3.7,11,1,0,Morning
ORD_04989,CUST_0373,REST_016,2026-05-10 02:55:52,140.59,1,Clear,Medium,Delivered,32.0,DEL_04989,DRV_0191,7.63,32.0,73.4,24.44,Indian,3.7,2,6,1,Night
ORD_04990,CUST_0616,REST_093,2026-04-28 21:52:38,186.77,1,Rain,Medium,Delivered,20.0,DEL_04990,DRV_0049,2.28,20.0,62.9,32.65,Indian,3.8,21,1,0,Evening
ORD_04991,CUST_0926,REST_075,2026-05-22 14:43:18,100.0,5,Cloudy,High,Delivered,12.0,DEL_04991,DRV_0319,9.31,12.0,77.8,17.48,Fast Food,3.5,14,4,0,Afternoon
ORD_04992,CUST_0245,REST_006,2026-05-22 05:19:41,443.32,6,Clear,Low,Delivered,16.0,DEL_04992,DRV_0021,5.17,16.0,46.0,37.74,Cafe,3.9,5,4,0,Night
ORD_04993,CUST_0817,REST_003,2026-06-16 23:41:56,292.12,4,Cloudy,Low,Delivered,15.0,DEL_04993,DRV_0433,0.84,15.0,28.5,41.77,South Indian,4.4,23,1,0,Night
ORD_04994,CUST_0169,REST_014,2026-06-18 02:01:43,398.06,4,Clear,High,Delivered,23.0,DEL_04994,DRV_0079,11.35,23.0,94.3,64.21,Fast Food,5.0,2,3,0,Night
ORD_04995,CUST_0628,REST_066,2026-03-09 16:29:42,224.9,3,Clear,Medium,Delivered,26.0,DEL_04995,DRV_0080,3.79,26.0,45.8,37.82,North Indian,3.5,16,0,0,Afternoon
ORD_04996,CUST_0653,REST_096,2026-02-02 05:30:29,100.0,6,Clear,Low,Delivered,27.0,DEL_04996,DRV_0009,7.27,27.0,54.5,15.84,Biryani,3.3,5,0,0,Night
ORD_04997,CUST_0418,REST_095,2026-03-25 16:15:13,421.76,1,Clear,Medium,Delivered,26.0,DEL_04997,DRV_0149,5.94,26.0,53.2,27.89,Pizza,3.7,16,2,0,Afternoon
ORD_04999,CUST_0478,REST_086,2026-03-31 14:04:29,117.9,2,Clear,Medium,Delivered,42.0,DEL_04999,DRV_0372,2.46,42.0,69.7,26.91,Chinese,3.8,14,1,0,Afternoon
ORD_05000,CUST_0125,REST_067,2026-02-24 00:44:01,197.55,4,Cloudy,High,Delivered,13.0,DEL_05000,DRV_0499,3.68,13.0,55.4,28.14,North Indian,3.1,0,1,0,Night
