payment_id,order_id,payment_method,payment_amount
PAY_00001,ORD_00001,Cash,110.68
PAY_00002,ORD_00002,UPI,444.39
PAY_00003,ORD_00003,Debit Card,220.77
PAY_00004,ORD_00004,UPI,172.23
PAY_00005,ORD_00005,UPI,165.06
PAY_00006,ORD_00006,Debit Card,104.82
PAY_00007,ORD_00007,UPI,267.1
PAY_00008,ORD_00008,Debit Card,244.85
PAY_00009,ORD_00009,UPI,194.09
PAY_00010,ORD_00010,Debit Card,418.21
PAY_00011,ORD_00011,Debit Card,116.88
PAY_00012,ORD_00012,UPI,168.06
PAY_00013,ORD_00013,Cash,135.29
PAY_00014,ORD_00014,UPI,173.51
PAY_00015,ORD_00015,Credit Card,204.23
PAY_00016,ORD_00016,Cash,267.7
PAY_00017,ORD_00017,UPI,176.34
PAY_00018,ORD_00018,Credit Card,128.28
PAY_00019,ORD_00019,UPI,516.39
PAY_00020,ORD_00020,UPI,741.9
PAY_00021,ORD_00021,UPI,230.25
PAY_00022,ORD_00022,Cash,129.11
PAY_00023,ORD_00023,UPI,458.07
PAY_00024,ORD_00024,UPI,123.75
PAY_00025,ORD_00025,Cash,167.49
PAY_00026,ORD_00026,UPI,156.07
PAY_00027,ORD_00027,Debit Card,118.54
PAY_00028,ORD_00028,Credit Card,171.86
PAY_00029,ORD_00029,Credit Card,124.32
PAY_00030,ORD_00030,UPI,197.39
PAY_00031,ORD_00031,Credit Card,209.64
PAY_00032,ORD_00032,Cash,162.77
PAY_00033,ORD_00033,UPI,176.9
PAY_00034,ORD_00034,UPI,183.27
PAY_00035,ORD_00035,Cash,334.21
PAY_00036,ORD_00036,UPI,198.65
PAY_00037,ORD_00037,UPI,330.81
PAY_00038,ORD_00038,UPI,280.71
PAY_00039,ORD_00039,UPI,285.53
PAY_00040,ORD_00040,UPI,455.37
PAY_00041,ORD_00041,UPI,125.64
PAY_00042,ORD_00042,UPI,152.11
PAY_00043,ORD_00043,Debit Card,513.58
PAY_00044,ORD_00044,Debit Card,186.05
PAY_00045,ORD_00045,UPI,117.91
PAY_00046,ORD_00046,UPI,189.83
PAY_00047,ORD_00047,Cash,204.61
PAY_00048,ORD_00048,Cash,109.9
PAY_00049,ORD_00049,Cash,423.33
PAY_00050,ORD_00050,Cash,144.49
PAY_00051,ORD_00051,Credit Card,253.44
PAY_00052,ORD_00052,UPI,193.88
PAY_00053,ORD_00053,Cash,124.6
PAY_00054,ORD_00054,Debit Card,111.79
PAY_00055,ORD_00055,Debit Card,125.94
PAY_00056,ORD_00056,Debit Card,367.8
PAY_00057,ORD_00057,Credit Card,188.87
PAY_00058,ORD_00058,Credit Card,158.85
PAY_00059,ORD_00059,UPI,131.59
PAY_00060,ORD_00060,UPI,394.57
PAY_00061,ORD_00061,UPI,469.01
PAY_00062,ORD_00062,Credit Card,394.58
PAY_00063,ORD_00063,Debit Card,275.17
PAY_00064,ORD_00064,UPI,233.95
PAY_00065,ORD_00065,Debit Card,121.3
PAY_00066,ORD_00066,UPI,185.11
PAY_00067,ORD_00067,Cash,145.05
PAY_00068,ORD_00068,UPI,116.48
PAY_00069,ORD_00069,Credit Card,359.31
PAY_00070,ORD_00070,UPI,145.33
PAY_00071,ORD_00071,UPI,399.5
PAY_00072,ORD_00072,UPI,330.27
PAY_00073,ORD_00073,Credit Card,273.85
PAY_00074,ORD_00074,UPI,273.05
PAY_00075,ORD_00075,Cash,147.43
PAY_00076,ORD_00076,Debit Card,543.64
PAY_00077,ORD_00077,UPI,201.4
PAY_00078,ORD_00078,Credit Card,247.43
PAY_00079,ORD_00079,UPI,152.3
PAY_00080,ORD_00080,Credit Card,121.78
PAY_00081,ORD_00081,Credit Card,263.51
PAY_00082,ORD_00082,UPI,235.9
PAY_00083,ORD_00083,Credit Card,140.08
PAY_00084,ORD_00084,UPI,117.37
PAY_00085,ORD_00085,UPI,127.21
PAY_00086,ORD_00086,Debit Card,368.57
PAY_00087,ORD_00087,UPI,155.62
PAY_00088,ORD_00088,UPI,162.58
PAY_00089,ORD_00089,UPI,468.06
PAY_00090,ORD_00090,Debit Card,124.37
PAY_00091,ORD_00091,UPI,143.52
PAY_00092,ORD_00092,Debit Card,131.97
PAY_00093,ORD_00093,Credit Card,478.74
PAY_00094,ORD_00094,Debit Card,606.33
PAY_00095,ORD_00095,UPI,323.37
PAY_00096,ORD_00096,UPI,331.72
PAY_00097,ORD_00097,Debit Card,168.15
PAY_00098,ORD_00098,UPI,608.33
PAY_00099,ORD_00099,UPI,252.89
PAY_00100,ORD_00100,UPI,308.86
PAY_00101,ORD_00101,UPI,199.6
PAY_00102,ORD_00102,UPI,175.64
PAY_00103,ORD_00103,Cash,493.72
PAY_00104,ORD_00104,UPI,295.34
PAY_00105,ORD_00105,Debit Card,446.55
PAY_00106,ORD_00106,UPI,234.57
PAY_00107,ORD_00107,Debit Card,131.67
PAY_00108,ORD_00108,Debit Card,169.14
PAY_00109,ORD_00109,UPI,229.02
PAY_00110,ORD_00110,Credit Card,162.11
PAY_00111,ORD_00111,UPI,119.46
PAY_00112,ORD_00112,Debit Card,394.44
PAY_00113,ORD_00113,Debit Card,151.79
PAY_00114,ORD_00114,UPI,218.99
PAY_00115,ORD_00115,UPI,230.97
PAY_00116,ORD_00116,Credit Card,154.78
PAY_00117,ORD_00117,Credit Card,441.02
PAY_00118,ORD_00118,UPI,130.66
PAY_00119,ORD_00119,UPI,229.12
PAY_00120,ORD_00120,Debit Card,252.68
PAY_00121,ORD_00121,UPI,213.82
PAY_00122,ORD_00122,UPI,115.91
PAY_00123,ORD_00123,UPI,314.74
PAY_00124,ORD_00124,UPI,320.07
PAY_00125,ORD_00125,Credit Card,153.96
PAY_00126,ORD_00126,Credit Card,313.07
PAY_00127,ORD_00127,Credit Card,260.69
PAY_00128,ORD_00128,Debit Card,126.4
PAY_00129,ORD_00129,Debit Card,135.01
PAY_00130,ORD_00130,UPI,398.78
PAY_00131,ORD_00131,UPI,243.53
PAY_00132,ORD_00132,UPI,163.33
PAY_00133,ORD_00133,Debit Card,128.86
PAY_00134,ORD_00134,Credit Card,156.23
PAY_00135,ORD_00135,UPI,157.97
PAY_00136,ORD_00136,UPI,129.36
PAY_00137,ORD_00137,Debit Card,118.86
PAY_00138,ORD_00138,UPI,375.65
PAY_00139,ORD_00139,UPI,347.19
PAY_00140,ORD_00140,Credit Card,122.69
PAY_00141,ORD_00141,Debit Card,227.64
PAY_00142,ORD_00142,UPI,123.16
PAY_00143,ORD_00143,Debit Card,179.23
PAY_00144,ORD_00144,UPI,171.9
PAY_00145,ORD_00145,Credit Card,165.29
PAY_00146,ORD_00146,Credit Card,600.98
PAY_00147,ORD_00147,Debit Card,157.9
PAY_00148,ORD_00148,UPI,134.57
PAY_00149,ORD_00149,Debit Card,146.0
PAY_00150,ORD_00150,Credit Card,374.04
PAY_00151,ORD_00151,Debit Card,116.29
PAY_00152,ORD_00152,Credit Card,132.28
PAY_00153,ORD_00153,UPI,418.66
PAY_00154,ORD_00154,UPI,239.21
PAY_00155,ORD_00155,Debit Card,221.29
PAY_00156,ORD_00156,Cash,613.75
PAY_00157,ORD_00157,UPI,227.64
PAY_00158,ORD_00158,UPI,155.84
PAY_00159,ORD_00159,Credit Card,176.98
PAY_00160,ORD_00160,UPI,119.59
PAY_00161,ORD_00161,UPI,408.02
PAY_00162,ORD_00162,UPI,283.4
PAY_00163,ORD_00163,Credit Card,392.23
PAY_00164,ORD_00164,Debit Card,365.98
PAY_00165,ORD_00165,UPI,169.47
PAY_00166,ORD_00166,Cash,138.54
PAY_00167,ORD_00167,Credit Card,205.41
PAY_00168,ORD_00168,Cash,121.67
PAY_00169,ORD_00169,UPI,212.35
PAY_00170,ORD_00170,UPI,387.27
PAY_00171,ORD_00171,UPI,201.52
PAY_00172,ORD_00172,UPI,226.31
PAY_00173,ORD_00173,Cash,191.36
PAY_00174,ORD_00174,Debit Card,297.11
PAY_00175,ORD_00175,Debit Card,132.74
PAY_00176,ORD_00176,UPI,115.25
PAY_00177,ORD_00177,UPI,275.07
PAY_00178,ORD_00178,UPI,365.89
PAY_00179,ORD_00179,Debit Card,254.23
PAY_00180,ORD_00180,UPI,150.57
PAY_00181,ORD_00181,Cash,122.19
PAY_00182,ORD_00182,UPI,267.7
PAY_00183,ORD_00183,UPI,223.59
PAY_00184,ORD_00184,Cash,185.11
PAY_00185,ORD_00185,Debit Card,525.79
PAY_00186,ORD_00186,Credit Card,117.93
PAY_00187,ORD_00187,Debit Card,522.29
PAY_00188,ORD_00188,Cash,197.88
PAY_00189,ORD_00189,Debit Card,124.31
PAY_00190,ORD_00190,Cash,176.43
PAY_00191,ORD_00191,UPI,344.56
PAY_00192,ORD_00192,Credit Card,170.62
PAY_00193,ORD_00193,Debit Card,118.87
PAY_00194,ORD_00194,Credit Card,206.15
PAY_00195,ORD_00195,Credit Card,130.45
PAY_00196,ORD_00196,Cash,255.42
PAY_00197,ORD_00197,UPI,296.91
PAY_00198,ORD_00198,Credit Card,114.57
PAY_00199,ORD_00199,Credit Card,149.32
PAY_00200,ORD_00200,UPI,300.11
PAY_00201,ORD_00201,UPI,144.78
PAY_00202,ORD_00202,Debit Card,112.61
PAY_00203,ORD_00203,Cash,116.45
PAY_00204,ORD_00204,Credit Card,240.83
PAY_00205,ORD_00205,UPI,247.75
PAY_00206,ORD_00206,Debit Card,140.23
PAY_00207,ORD_00207,Cash,197.83
PAY_00208,ORD_00208,UPI,462.51
PAY_00209,ORD_00209,Credit Card,118.1
PAY_00210,ORD_00210,Credit Card,130.13
PAY_00211,ORD_00211,Credit Card,268.26
PAY_00212,ORD_00212,UPI,196.13
PAY_00213,ORD_00213,Cash,133.67
PAY_00214,ORD_00214,UPI,270.39
PAY_00215,ORD_00215,UPI,308.86
PAY_00216,ORD_00216,UPI,109.84
PAY_00217,ORD_00217,Debit Card,150.68
PAY_00218,ORD_00218,Credit Card,703.9
PAY_00219,ORD_00219,UPI,272.3
PAY_00220,ORD_00220,UPI,286.12
PAY_00221,ORD_00221,UPI,379.49
PAY_00222,ORD_00222,Debit Card,200.08
PAY_00223,ORD_00223,Cash,314.74
PAY_00224,ORD_00224,UPI,301.34
PAY_00225,ORD_00225,Credit Card,263.83
PAY_00226,ORD_00226,UPI,185.42
PAY_00227,ORD_00227,Credit Card,230.21
PAY_00228,ORD_00228,Credit Card,145.5
PAY_00229,ORD_00229,Credit Card,184.67
PAY_00230,ORD_00230,UPI,104.27
PAY_00231,ORD_00231,Debit Card,135.27
PAY_00232,ORD_00232,Debit Card,173.38
PAY_00233,ORD_00233,Cash,125.21
PAY_00234,ORD_00234,UPI,166.25
PAY_00235,ORD_00235,UPI,197.83
PAY_00236,ORD_00236,Credit Card,257.13
PAY_00237,ORD_00237,Debit Card,352.86
PAY_00238,ORD_00238,Cash,173.84
PAY_00239,ORD_00239,UPI,411.47
PAY_00240,ORD_00240,Debit Card,351.97
PAY_00241,ORD_00241,Credit Card,246.97
PAY_00242,ORD_00242,UPI,236.3
PAY_00243,ORD_00243,UPI,245.04
PAY_00244,ORD_00244,Debit Card,382.16
PAY_00245,ORD_00245,UPI,415.71
PAY_00246,ORD_00246,Credit Card,394.24
PAY_00247,ORD_00247,Credit Card,211.48
PAY_00248,ORD_00248,UPI,285.16
PAY_00249,ORD_00249,Debit Card,410.03
PAY_00250,ORD_00250,UPI,149.8
PAY_00251,ORD_00251,Debit Card,181.32
PAY_00252,ORD_00252,UPI,200.47
PAY_00253,ORD_00253,UPI,342.53
PAY_00254,ORD_00254,Debit Card,358.2
PAY_00255,ORD_00255,Debit Card,166.59
PAY_00256,ORD_00256,UPI,117.76
PAY_00257,ORD_00257,Credit Card,235.43
PAY_00258,ORD_00258,UPI,126.9
PAY_00259,ORD_00259,Debit Card,124.16
PAY_00260,ORD_00260,Cash,131.05
PAY_00261,ORD_00261,UPI,256.21
PAY_00262,ORD_00262,UPI,419.58
PAY_00263,ORD_00263,Debit Card,192.64
PAY_00264,ORD_00264,Credit Card,223.74
PAY_00265,ORD_00265,UPI,385.61
PAY_00266,ORD_00266,UPI,123.59
PAY_00267,ORD_00267,Credit Card,271.46
PAY_00268,ORD_00268,Credit Card,203.22
PAY_00269,ORD_00269,UPI,285.87
PAY_00270,ORD_00270,UPI,148.32
PAY_00271,ORD_00271,UPI,135.3
PAY_00272,ORD_00272,UPI,214.73
PAY_00273,ORD_00273,UPI,526.62
PAY_00274,ORD_00274,UPI,338.39
PAY_00275,ORD_00275,UPI,165.23
PAY_00276,ORD_00276,Cash,120.06
PAY_00277,ORD_00277,UPI,121.75
PAY_00278,ORD_00278,Debit Card,400.24
PAY_00279,ORD_00279,Credit Card,127.78
PAY_00280,ORD_00280,Credit Card,180.85
PAY_00281,ORD_00281,Cash,396.55
PAY_00282,ORD_00282,UPI,120.04
PAY_00283,ORD_00283,Debit Card,462.67
PAY_00284,ORD_00284,Credit Card,183.51
PAY_00285,ORD_00285,Cash,114.18
PAY_00286,ORD_00286,UPI,183.85
PAY_00287,ORD_00287,UPI,151.81
PAY_00288,ORD_00288,Cash,263.08
PAY_00289,ORD_00289,UPI,153.51
PAY_00290,ORD_00290,Cash,120.41
PAY_00291,ORD_00291,Debit Card,195.09
PAY_00292,ORD_00292,UPI,112.65
PAY_00293,ORD_00293,UPI,222.63
PAY_00294,ORD_00294,UPI,116.63
PAY_00295,ORD_00295,UPI,156.88
PAY_00296,ORD_00296,UPI,236.12
PAY_00297,ORD_00297,Cash,180.35
PAY_00298,ORD_00298,Credit Card,229.78
PAY_00299,ORD_00299,UPI,316.52
PAY_00300,ORD_00300,UPI,123.97
PAY_00301,ORD_00301,Credit Card,201.46
PAY_00302,ORD_00302,UPI,124.36
PAY_00303,ORD_00303,Debit Card,241.03
PAY_00304,ORD_00304,Credit Card,178.87
PAY_00305,ORD_00305,Debit Card,122.39
PAY_00306,ORD_00306,Debit Card,244.1
PAY_00307,ORD_00307,UPI,405.11
PAY_00308,ORD_00308,UPI,162.45
PAY_00309,ORD_00309,UPI,127.01
PAY_00310,ORD_00310,UPI,232.81
PAY_00311,ORD_00311,UPI,119.83
PAY_00312,ORD_00312,UPI,141.1
PAY_00313,ORD_00313,UPI,411.19
PAY_00314,ORD_00314,UPI,199.8
PAY_00315,ORD_00315,UPI,120.43
PAY_00316,ORD_00316,Credit Card,108.38
PAY_00317,ORD_00317,Cash,221.73
PAY_00318,ORD_00318,Credit Card,313.98
PAY_00319,ORD_00319,Credit Card,114.2
PAY_00320,ORD_00320,Debit Card,245.94
PAY_00321,ORD_00321,UPI,414.37
PAY_00322,ORD_00322,UPI,575.55
PAY_00323,ORD_00323,Cash,240.23
PAY_00324,ORD_00324,Debit Card,260.12
PAY_00325,ORD_00325,UPI,133.25
PAY_00326,ORD_00326,UPI,659.88
PAY_00327,ORD_00327,UPI,157.08
PAY_00328,ORD_00328,Cash,126.99
PAY_00329,ORD_00329,Credit Card,170.82
PAY_00330,ORD_00330,UPI,433.03
PAY_00331,ORD_00331,Credit Card,645.05
PAY_00332,ORD_00332,UPI,226.04
PAY_00333,ORD_00333,UPI,356.28
PAY_00334,ORD_00334,UPI,222.58
PAY_00335,ORD_00335,UPI,118.89
PAY_00336,ORD_00336,Credit Card,473.0
PAY_00337,ORD_00337,Debit Card,145.58
PAY_00338,ORD_00338,Credit Card,482.13
PAY_00339,ORD_00339,Credit Card,415.77
PAY_00340,ORD_00340,Debit Card,275.1
PAY_00341,ORD_00341,UPI,559.75
PAY_00342,ORD_00342,UPI,676.96
PAY_00343,ORD_00343,UPI,196.76
PAY_00344,ORD_00344,UPI,128.03
PAY_00345,ORD_00345,UPI,122.8
PAY_00346,ORD_00346,Cash,667.83
PAY_00347,ORD_00347,UPI,152.68
PAY_00348,ORD_00348,UPI,394.72
PAY_00349,ORD_00349,UPI,138.08
PAY_00350,ORD_00350,UPI,461.21
PAY_00351,ORD_00351,UPI,147.09
PAY_00352,ORD_00352,UPI,120.45
PAY_00353,ORD_00353,Cash,183.64
PAY_00354,ORD_00354,UPI,151.81
PAY_00355,ORD_00355,UPI,292.6
PAY_00356,ORD_00356,Debit Card,194.87
PAY_00357,ORD_00357,UPI,291.25
PAY_00358,ORD_00358,UPI,167.11
PAY_00359,ORD_00359,UPI,150.33
PAY_00360,ORD_00360,Debit Card,167.53
PAY_00361,ORD_00361,Debit Card,652.13
PAY_00362,ORD_00362,UPI,238.39
PAY_00363,ORD_00363,Cash,115.13
PAY_00364,ORD_00364,Credit Card,158.6
PAY_00365,ORD_00365,Debit Card,221.6
PAY_00366,ORD_00366,Debit Card,571.51
PAY_00367,ORD_00367,Credit Card,358.94
PAY_00368,ORD_00368,Debit Card,137.55
PAY_00369,ORD_00369,UPI,714.1
PAY_00370,ORD_00370,UPI,192.96
PAY_00371,ORD_00371,UPI,385.34
PAY_00372,ORD_00372,UPI,120.06
PAY_00373,ORD_00373,Cash,119.5
PAY_00374,ORD_00374,Cash,103.38
PAY_00375,ORD_00375,UPI,124.61
PAY_00376,ORD_00376,UPI,617.96
PAY_00377,ORD_00377,Credit Card,227.01
PAY_00378,ORD_00378,UPI,129.63
PAY_00379,ORD_00379,Debit Card,280.23
PAY_00380,ORD_00380,Credit Card,235.35
PAY_00381,ORD_00381,Credit Card,275.82
PAY_00382,ORD_00382,Credit Card,383.81
PAY_00383,ORD_00383,UPI,189.15
PAY_00384,ORD_00384,UPI,135.53
PAY_00385,ORD_00385,UPI,322.16
PAY_00386,ORD_00386,Debit Card,316.1
PAY_00387,ORD_00387,UPI,218.67
PAY_00388,ORD_00388,Cash,700.96
PAY_00389,ORD_00389,UPI,173.15
PAY_00390,ORD_00390,Credit Card,121.13
PAY_00391,ORD_00391,UPI,257.93
PAY_00392,ORD_00392,Cash,139.28
PAY_00393,ORD_00393,UPI,268.59
PAY_00394,ORD_00394,Credit Card,135.97
PAY_00395,ORD_00395,Cash,177.5
PAY_00396,ORD_00396,UPI,539.01
PAY_00397,ORD_00397,Credit Card,174.46
PAY_00398,ORD_00398,Credit Card,134.26
PAY_00399,ORD_00399,UPI,359.78
PAY_00400,ORD_00400,Credit Card,112.86
PAY_00401,ORD_00401,Credit Card,136.34
PAY_00402,ORD_00402,UPI,286.1
PAY_00403,ORD_00403,Debit Card,325.33
PAY_00404,ORD_00404,UPI,374.27
PAY_00405,ORD_00405,UPI,131.52
PAY_00406,ORD_00406,Cash,286.53
PAY_00407,ORD_00407,Credit Card,171.26
PAY_00408,ORD_00408,Debit Card,145.84
PAY_00409,ORD_00409,Debit Card,408.03
PAY_00410,ORD_00410,Credit Card,163.09
PAY_00411,ORD_00411,Debit Card,230.12
PAY_00412,ORD_00412,UPI,222.87
PAY_00413,ORD_00413,UPI,115.97
PAY_00414,ORD_00414,Credit Card,349.52
PAY_00415,ORD_00415,Cash,270.97
PAY_00416,ORD_00416,UPI,115.8
PAY_00417,ORD_00417,Debit Card,231.49
PAY_00418,ORD_00418,UPI,149.0
PAY_00419,ORD_00419,UPI,374.16
PAY_00420,ORD_00420,Credit Card,127.47
PAY_00421,ORD_00421,UPI,156.23
PAY_00422,ORD_00422,UPI,260.17
PAY_00423,ORD_00423,UPI,222.5
PAY_00424,ORD_00424,Cash,328.91
PAY_00425,ORD_00425,Credit Card,110.06
PAY_00426,ORD_00426,UPI,477.65
PAY_00427,ORD_00427,UPI,288.6
PAY_00428,ORD_00428,UPI,444.53
PAY_00429,ORD_00429,Credit Card,326.22
PAY_00430,ORD_00430,Debit Card,206.57
PAY_00431,ORD_00431,Cash,112.6
PAY_00432,ORD_00432,Debit Card,148.74
PAY_00433,ORD_00433,Credit Card,463.02
PAY_00434,ORD_00434,Credit Card,401.11
PAY_00435,ORD_00435,Credit Card,151.42
PAY_00436,ORD_00436,UPI,112.7
PAY_00437,ORD_00437,Debit Card,198.45
PAY_00438,ORD_00438,UPI,173.72
PAY_00439,ORD_00439,UPI,181.95
PAY_00440,ORD_00440,Cash,288.77
PAY_00441,ORD_00441,Credit Card,333.86
PAY_00442,ORD_00442,UPI,340.2
PAY_00443,ORD_00443,Debit Card,251.83
PAY_00444,ORD_00444,Debit Card,119.95
PAY_00445,ORD_00445,UPI,177.99
PAY_00446,ORD_00446,Credit Card,724.27
PAY_00447,ORD_00447,UPI,242.98
PAY_00448,ORD_00448,UPI,242.8
PAY_00449,ORD_00449,Cash,254.68
PAY_00450,ORD_00450,Debit Card,258.81
PAY_00451,ORD_00451,Cash,122.39
PAY_00452,ORD_00452,Debit Card,200.6
PAY_00453,ORD_00453,UPI,198.86
PAY_00454,ORD_00454,Debit Card,405.76
PAY_00455,ORD_00455,Debit Card,214.84
PAY_00456,ORD_00456,UPI,119.58
PAY_00457,ORD_00457,Credit Card,267.22
PAY_00458,ORD_00458,UPI,134.98
PAY_00459,ORD_00459,UPI,116.23
PAY_00460,ORD_00460,UPI,140.87
PAY_00461,ORD_00461,Credit Card,265.51
PAY_00462,ORD_00462,UPI,409.97
PAY_00463,ORD_00463,UPI,276.49
PAY_00464,ORD_00464,Debit Card,307.05
PAY_00465,ORD_00465,Debit Card,248.98
PAY_00466,ORD_00466,UPI,221.19
PAY_00467,ORD_00467,Cash,310.97
PAY_00468,ORD_00468,Debit Card,126.65
PAY_00469,ORD_00469,Debit Card,228.29
PAY_00470,ORD_00470,UPI,116.2
PAY_00471,ORD_00471,Cash,361.85
PAY_00472,ORD_00472,Cash,194.04
PAY_00473,ORD_00473,Credit Card,214.68
PAY_00474,ORD_00474,Cash,110.14
PAY_00475,ORD_00475,Credit Card,374.73
PAY_00476,ORD_00476,UPI,279.07
PAY_00477,ORD_00477,Debit Card,260.12
PAY_00478,ORD_00478,Credit Card,132.71
PAY_00479,ORD_00479,UPI,135.29
PAY_00480,ORD_00480,UPI,241.23
PAY_00481,ORD_00481,Credit Card,142.56
PAY_00482,ORD_00482,Credit Card,256.86
PAY_00483,ORD_00483,Debit Card,107.89
PAY_00484,ORD_00484,Credit Card,157.45
PAY_00485,ORD_00485,UPI,569.47
PAY_00486,ORD_00486,Credit Card,254.01
PAY_00487,ORD_00487,UPI,229.4
PAY_00488,ORD_00488,Credit Card,585.34
PAY_00489,ORD_00489,Credit Card,119.85
PAY_00490,ORD_00490,Cash,143.63
PAY_00491,ORD_00491,Credit Card,154.57
PAY_00492,ORD_00492,Credit Card,323.49
PAY_00493,ORD_00493,Debit Card,337.28
PAY_00494,ORD_00494,Cash,129.32
PAY_00495,ORD_00495,UPI,355.05
PAY_00496,ORD_00496,UPI,159.48
PAY_00497,ORD_00497,Cash,407.3
PAY_00498,ORD_00498,Cash,106.97
PAY_00499,ORD_00499,UPI,196.93
PAY_00500,ORD_00500,UPI,159.06
PAY_00501,ORD_00501,UPI,376.82
PAY_00502,ORD_00502,Debit Card,148.12
PAY_00503,ORD_00503,Debit Card,198.08
PAY_00504,ORD_00504,UPI,283.37
PAY_00505,ORD_00505,Credit Card,288.73
PAY_00506,ORD_00506,Debit Card,327.52
PAY_00507,ORD_00507,Debit Card,237.91
PAY_00508,ORD_00508,UPI,168.35
PAY_00509,ORD_00509,Debit Card,181.14
PAY_00510,ORD_00510,UPI,222.25
PAY_00511,ORD_00511,Credit Card,249.75
PAY_00512,ORD_00512,UPI,189.77
PAY_00513,ORD_00513,UPI,205.54
PAY_00514,ORD_00514,UPI,114.56
PAY_00515,ORD_00515,UPI,299.09
PAY_00516,ORD_00516,Cash,219.16
PAY_00517,ORD_00517,UPI,352.32
PAY_00518,ORD_00518,Cash,188.05
PAY_00519,ORD_00519,UPI,116.45
PAY_00520,ORD_00520,Cash,184.31
PAY_00521,ORD_00521,Cash,179.38
PAY_00522,ORD_00522,UPI,292.98
PAY_00523,ORD_00523,Debit Card,123.45
PAY_00524,ORD_00524,Credit Card,230.8
PAY_00525,ORD_00525,Credit Card,268.05
PAY_00526,ORD_00526,Debit Card,149.79
PAY_00527,ORD_00527,UPI,222.44
PAY_00528,ORD_00528,Debit Card,147.26
PAY_00529,ORD_00529,UPI,152.37
PAY_00530,ORD_00530,Debit Card,165.85
PAY_00531,ORD_00531,Credit Card,146.86
PAY_00532,ORD_00532,Credit Card,295.67
PAY_00533,ORD_00533,Credit Card,144.76
PAY_00534,ORD_00534,Debit Card,127.59
PAY_00535,ORD_00535,Debit Card,537.86
PAY_00536,ORD_00536,UPI,336.56
PAY_00537,ORD_00537,UPI,117.99
PAY_00538,ORD_00538,UPI,141.77
PAY_00539,ORD_00539,Debit Card,216.92
PAY_00540,ORD_00540,Cash,237.08
PAY_00541,ORD_00541,UPI,119.23
PAY_00542,ORD_00542,UPI,366.81
PAY_00543,ORD_00543,Debit Card,329.72
PAY_00544,ORD_00544,Credit Card,251.73
PAY_00545,ORD_00545,Debit Card,425.4
PAY_00546,ORD_00546,UPI,260.98
PAY_00547,ORD_00547,Cash,250.19
PAY_00548,ORD_00548,UPI,481.12
PAY_00549,ORD_00549,UPI,380.28
PAY_00550,ORD_00550,UPI,131.29
PAY_00551,ORD_00551,Cash,282.51
PAY_00552,ORD_00552,UPI,146.92
PAY_00553,ORD_00553,UPI,286.32
PAY_00554,ORD_00554,Debit Card,270.07
PAY_00555,ORD_00555,Credit Card,115.94
PAY_00556,ORD_00556,Debit Card,196.65
PAY_00557,ORD_00557,Credit Card,248.07
PAY_00558,ORD_00558,UPI,173.06
PAY_00559,ORD_00559,UPI,242.37
PAY_00560,ORD_00560,UPI,300.19
PAY_00561,ORD_00561,UPI,207.12
PAY_00562,ORD_00562,UPI,219.68
PAY_00563,ORD_00563,Cash,423.4
PAY_00564,ORD_00564,UPI,257.34
PAY_00565,ORD_00565,UPI,217.97
PAY_00566,ORD_00566,Cash,113.64
PAY_00567,ORD_00567,Credit Card,289.58
PAY_00568,ORD_00568,Credit Card,250.12
PAY_00569,ORD_00569,Cash,382.54
PAY_00570,ORD_00570,Debit Card,213.68
PAY_00571,ORD_00571,Debit Card,126.81
PAY_00572,ORD_00572,Debit Card,118.98
PAY_00573,ORD_00573,Credit Card,326.74
PAY_00574,ORD_00574,Credit Card,154.23
PAY_00575,ORD_00575,Credit Card,261.95
PAY_00576,ORD_00576,UPI,206.8
PAY_00577,ORD_00577,UPI,166.47
PAY_00578,ORD_00578,UPI,206.07
PAY_00579,ORD_00579,UPI,133.15
PAY_00580,ORD_00580,Credit Card,206.99
PAY_00581,ORD_00581,Credit Card,155.63
PAY_00582,ORD_00582,Credit Card,157.76
PAY_00583,ORD_00583,Debit Card,179.44
PAY_00584,ORD_00584,Credit Card,181.63
PAY_00585,ORD_00585,UPI,332.86
PAY_00586,ORD_00586,UPI,186.27
PAY_00587,ORD_00587,UPI,347.11
PAY_00588,ORD_00588,Cash,489.9
PAY_00589,ORD_00589,Credit Card,318.43
PAY_00590,ORD_00590,Debit Card,287.09
PAY_00591,ORD_00591,UPI,232.33
PAY_00592,ORD_00592,Debit Card,331.94
PAY_00593,ORD_00593,Debit Card,208.8
PAY_00594,ORD_00594,Debit Card,333.82
PAY_00595,ORD_00595,Credit Card,275.82
PAY_00596,ORD_00596,Debit Card,153.09
PAY_00597,ORD_00597,Cash,319.33
PAY_00598,ORD_00598,Cash,218.27
PAY_00599,ORD_00599,UPI,189.21
PAY_00600,ORD_00600,Credit Card,157.92
PAY_00601,ORD_00601,UPI,239.74
PAY_00602,ORD_00602,Cash,334.35
PAY_00603,ORD_00603,Cash,340.04
PAY_00604,ORD_00604,UPI,249.45
PAY_00605,ORD_00605,Cash,274.62
PAY_00606,ORD_00606,Debit Card,389.43
PAY_00607,ORD_00607,Credit Card,182.46
PAY_00608,ORD_00608,Credit Card,115.25
PAY_00609,ORD_00609,UPI,412.48
PAY_00610,ORD_00610,Cash,157.81
PAY_00611,ORD_00611,UPI,150.19
PAY_00612,ORD_00612,Debit Card,116.33
PAY_00613,ORD_00613,UPI,293.46
PAY_00614,ORD_00614,Debit Card,121.84
PAY_00615,ORD_00615,UPI,139.05
PAY_00616,ORD_00616,UPI,294.12
PAY_00617,ORD_00617,Cash,296.55
PAY_00618,ORD_00618,Credit Card,151.43
PAY_00619,ORD_00619,UPI,201.23
PAY_00620,ORD_00620,Debit Card,130.01
PAY_00621,ORD_00621,UPI,160.5
PAY_00622,ORD_00622,UPI,253.94
PAY_00623,ORD_00623,Credit Card,148.35
PAY_00624,ORD_00624,Cash,187.26
PAY_00625,ORD_00625,Debit Card,117.43
PAY_00626,ORD_00626,UPI,374.1
PAY_00627,ORD_00627,Debit Card,258.08
PAY_00628,ORD_00628,Credit Card,303.18
PAY_00629,ORD_00629,UPI,406.73
PAY_00630,ORD_00630,Debit Card,129.13
PAY_00631,ORD_00631,UPI,175.81
PAY_00632,ORD_00632,UPI,116.47
PAY_00633,ORD_00633,UPI,1096.37
PAY_00634,ORD_00634,Cash,191.73
PAY_00635,ORD_00635,Debit Card,359.68
PAY_00636,ORD_00636,UPI,110.74
PAY_00637,ORD_00637,UPI,357.74
PAY_00638,ORD_00638,UPI,557.02
PAY_00639,ORD_00639,UPI,201.11
PAY_00640,ORD_00640,Cash,121.15
PAY_00641,ORD_00641,Debit Card,189.9
PAY_00642,ORD_00642,Cash,124.68
PAY_00643,ORD_00643,UPI,187.27
PAY_00644,ORD_00644,Credit Card,309.12
PAY_00645,ORD_00645,UPI,201.61
PAY_00646,ORD_00646,UPI,178.05
PAY_00647,ORD_00647,Debit Card,272.61
PAY_00648,ORD_00648,UPI,304.18
PAY_00649,ORD_00649,UPI,116.39
PAY_00650,ORD_00650,UPI,226.61
PAY_00651,ORD_00651,Credit Card,756.93
PAY_00652,ORD_00652,UPI,125.35
PAY_00653,ORD_00653,UPI,206.56
PAY_00654,ORD_00654,Credit Card,574.66
PAY_00655,ORD_00655,Credit Card,350.61
PAY_00656,ORD_00656,Debit Card,165.28
PAY_00657,ORD_00657,UPI,232.28
PAY_00658,ORD_00658,UPI,199.31
PAY_00659,ORD_00659,Debit Card,151.07
PAY_00660,ORD_00660,UPI,213.37
PAY_00661,ORD_00661,UPI,169.21
PAY_00662,ORD_00662,UPI,199.06
PAY_00663,ORD_00663,UPI,133.7
PAY_00664,ORD_00664,Credit Card,125.35
PAY_00665,ORD_00665,Cash,199.2
PAY_00666,ORD_00666,UPI,515.75
PAY_00667,ORD_00667,Credit Card,222.95
PAY_00668,ORD_00668,UPI,166.5
PAY_00669,ORD_00669,Cash,321.38
PAY_00670,ORD_00670,UPI,192.61
PAY_00671,ORD_00671,UPI,585.3
PAY_00672,ORD_00672,UPI,207.42
PAY_00673,ORD_00673,UPI,298.78
PAY_00674,ORD_00674,Credit Card,132.07
PAY_00675,ORD_00675,Credit Card,259.11
PAY_00676,ORD_00676,Credit Card,229.21
PAY_00677,ORD_00677,Cash,194.95
PAY_00678,ORD_00678,UPI,155.63
PAY_00679,ORD_00679,Debit Card,158.46
PAY_00680,ORD_00680,UPI,245.39
PAY_00681,ORD_00681,Credit Card,295.47
PAY_00682,ORD_00682,Cash,182.71
PAY_00683,ORD_00683,Cash,242.78
PAY_00684,ORD_00684,Debit Card,194.52
PAY_00685,ORD_00685,Cash,227.89
PAY_00686,ORD_00686,Credit Card,187.81
PAY_00687,ORD_00687,Cash,199.49
PAY_00688,ORD_00688,Debit Card,856.3
PAY_00689,ORD_00689,UPI,235.7
PAY_00690,ORD_00690,UPI,301.15
PAY_00691,ORD_00691,UPI,246.97
PAY_00692,ORD_00692,UPI,185.98
PAY_00693,ORD_00693,UPI,388.83
PAY_00694,ORD_00694,UPI,191.03
PAY_00695,ORD_00695,UPI,359.49
PAY_00696,ORD_00696,UPI,181.59
PAY_00697,ORD_00697,UPI,127.87
PAY_00698,ORD_00698,Cash,252.17
PAY_00699,ORD_00699,Debit Card,120.77
PAY_00700,ORD_00700,Cash,267.16
PAY_00701,ORD_00701,Debit Card,121.81
PAY_00702,ORD_00702,Debit Card,173.48
PAY_00703,ORD_00703,Credit Card,122.66
PAY_00704,ORD_00704,UPI,970.18
PAY_00705,ORD_00705,UPI,113.48
PAY_00706,ORD_00706,Debit Card,209.6
PAY_00707,ORD_00707,UPI,347.81
PAY_00708,ORD_00708,UPI,334.19
PAY_00709,ORD_00709,UPI,313.6
PAY_00710,ORD_00710,UPI,173.15
PAY_00711,ORD_00711,UPI,441.5
PAY_00712,ORD_00712,Debit Card,321.23
PAY_00713,ORD_00713,Credit Card,230.34
PAY_00714,ORD_00714,UPI,230.36
PAY_00715,ORD_00715,UPI,181.74
PAY_00716,ORD_00716,UPI,137.2
PAY_00717,ORD_00717,UPI,414.04
PAY_00718,ORD_00718,UPI,418.98
PAY_00719,ORD_00719,Debit Card,129.58
PAY_00720,ORD_00720,Debit Card,175.37
PAY_00721,ORD_00721,UPI,205.52
PAY_00722,ORD_00722,Debit Card,203.13
PAY_00723,ORD_00723,Credit Card,221.93
PAY_00724,ORD_00724,Cash,332.66
PAY_00725,ORD_00725,Debit Card,140.67
PAY_00726,ORD_00726,Credit Card,136.73
PAY_00727,ORD_00727,Credit Card,394.35
PAY_00728,ORD_00728,UPI,165.77
PAY_00729,ORD_00729,Debit Card,119.57
PAY_00730,ORD_00730,Credit Card,156.87
PAY_00731,ORD_00731,Credit Card,164.36
PAY_00732,ORD_00732,Credit Card,462.54
PAY_00733,ORD_00733,UPI,315.22
PAY_00734,ORD_00734,Debit Card,387.09
PAY_00735,ORD_00735,Debit Card,343.22
PAY_00736,ORD_00736,UPI,361.2
PAY_00737,ORD_00737,UPI,149.36
PAY_00738,ORD_00738,UPI,190.22
PAY_00739,ORD_00739,UPI,129.19
PAY_00740,ORD_00740,UPI,181.49
PAY_00741,ORD_00741,Cash,311.08
PAY_00742,ORD_00742,Credit Card,232.23
PAY_00743,ORD_00743,Credit Card,424.46
PAY_00744,ORD_00744,Cash,125.71
PAY_00745,ORD_00745,Debit Card,268.17
PAY_00746,ORD_00746,UPI,125.02
PAY_00747,ORD_00747,UPI,231.92
PAY_00748,ORD_00748,UPI,291.25
PAY_00749,ORD_00749,UPI,195.74
PAY_00750,ORD_00750,Debit Card,270.37
PAY_00751,ORD_00751,Debit Card,106.93
PAY_00752,ORD_00752,UPI,126.01
PAY_00753,ORD_00753,Credit Card,289.68
PAY_00754,ORD_00754,UPI,515.68
PAY_00755,ORD_00755,UPI,134.66
PAY_00756,ORD_00756,UPI,408.86
PAY_00757,ORD_00757,Cash,215.38
PAY_00758,ORD_00758,UPI,112.82
PAY_00759,ORD_00759,Cash,119.92
PAY_00760,ORD_00760,Debit Card,219.19
PAY_00761,ORD_00761,Debit Card,178.28
PAY_00762,ORD_00762,Debit Card,120.08
PAY_00763,ORD_00763,UPI,116.62
PAY_00764,ORD_00764,Debit Card,136.81
PAY_00765,ORD_00765,UPI,239.16
PAY_00766,ORD_00766,Cash,218.16
PAY_00767,ORD_00767,Debit Card,171.52
PAY_00768,ORD_00768,Cash,228.67
PAY_00769,ORD_00769,Cash,360.56
PAY_00770,ORD_00770,UPI,242.67
PAY_00771,ORD_00771,Cash,189.84
PAY_00772,ORD_00772,UPI,346.3
PAY_00773,ORD_00773,Credit Card,120.03
PAY_00774,ORD_00774,Debit Card,176.47
PAY_00775,ORD_00775,UPI,183.16
PAY_00776,ORD_00776,UPI,126.56
PAY_00777,ORD_00777,Debit Card,161.97
PAY_00778,ORD_00778,UPI,118.75
PAY_00779,ORD_00779,UPI,571.0
PAY_00780,ORD_00780,Credit Card,120.19
PAY_00781,ORD_00781,Debit Card,470.3
PAY_00782,ORD_00782,Debit Card,195.39
PAY_00783,ORD_00783,Credit Card,281.77
PAY_00784,ORD_00784,Credit Card,148.38
PAY_00785,ORD_00785,Debit Card,244.89
PAY_00786,ORD_00786,UPI,274.35
PAY_00787,ORD_00787,Credit Card,307.01
PAY_00788,ORD_00788,UPI,319.76
PAY_00789,ORD_00789,Cash,178.16
PAY_00790,ORD_00790,Credit Card,159.88
PAY_00791,ORD_00791,Debit Card,125.87
PAY_00792,ORD_00792,UPI,283.25
PAY_00793,ORD_00793,Credit Card,363.63
PAY_00794,ORD_00794,UPI,504.19
PAY_00795,ORD_00795,UPI,232.71
PAY_00796,ORD_00796,Debit Card,139.07
PAY_00797,ORD_00797,Debit Card,115.17
PAY_00798,ORD_00798,UPI,380.33
PAY_00799,ORD_00799,UPI,116.67
PAY_00800,ORD_00800,UPI,166.46
PAY_00801,ORD_00801,Credit Card,192.47
PAY_00802,ORD_00802,UPI,192.39
PAY_00803,ORD_00803,Credit Card,201.04
PAY_00804,ORD_00804,UPI,220.79
PAY_00805,ORD_00805,UPI,119.25
PAY_00806,ORD_00806,Debit Card,211.79
PAY_00807,ORD_00807,Cash,119.49
PAY_00808,ORD_00808,Cash,299.76
PAY_00809,ORD_00809,Debit Card,148.46
PAY_00810,ORD_00810,UPI,111.18
PAY_00811,ORD_00811,UPI,131.46
PAY_00812,ORD_00812,Credit Card,155.35
PAY_00813,ORD_00813,UPI,404.64
PAY_00814,ORD_00814,UPI,203.63
PAY_00815,ORD_00815,Cash,226.14
PAY_00816,ORD_00816,UPI,393.9
PAY_00817,ORD_00817,Debit Card,198.11
PAY_00818,ORD_00818,UPI,322.41
PAY_00819,ORD_00819,UPI,280.83
PAY_00820,ORD_00820,Credit Card,121.44
PAY_00821,ORD_00821,UPI,427.85
PAY_00822,ORD_00822,Cash,133.64
PAY_00823,ORD_00823,Credit Card,346.41
PAY_00824,ORD_00824,Debit Card,117.24
PAY_00825,ORD_00825,Debit Card,283.24
PAY_00826,ORD_00826,Debit Card,538.02
PAY_00827,ORD_00827,Debit Card,181.91
PAY_00828,ORD_00828,UPI,178.57
PAY_00829,ORD_00829,Debit Card,288.41
PAY_00830,ORD_00830,Credit Card,184.8
PAY_00831,ORD_00831,Credit Card,557.1
PAY_00832,ORD_00832,UPI,235.74
PAY_00833,ORD_00833,UPI,170.62
PAY_00834,ORD_00834,Credit Card,158.14
PAY_00835,ORD_00835,UPI,126.46
PAY_00836,ORD_00836,UPI,146.08
PAY_00837,ORD_00837,UPI,185.23
PAY_00838,ORD_00838,UPI,156.72
PAY_00839,ORD_00839,Credit Card,144.77
PAY_00840,ORD_00840,Credit Card,603.06
PAY_00841,ORD_00841,UPI,127.83
PAY_00842,ORD_00842,UPI,223.02
PAY_00843,ORD_00843,UPI,293.63
PAY_00844,ORD_00844,Credit Card,292.39
PAY_00845,ORD_00845,Debit Card,199.16
PAY_00846,ORD_00846,UPI,194.31
PAY_00847,ORD_00847,UPI,257.79
PAY_00848,ORD_00848,UPI,251.04
PAY_00849,ORD_00849,Debit Card,181.08
PAY_00850,ORD_00850,UPI,111.37
PAY_00851,ORD_00851,Credit Card,161.73
PAY_00852,ORD_00852,UPI,121.37
PAY_00853,ORD_00853,UPI,150.27
PAY_00854,ORD_00854,Cash,221.36
PAY_00855,ORD_00855,Debit Card,239.75
PAY_00856,ORD_00856,Debit Card,554.66
PAY_00857,ORD_00857,UPI,158.81
PAY_00858,ORD_00858,Credit Card,307.47
PAY_00859,ORD_00859,Credit Card,256.25
PAY_00860,ORD_00860,UPI,412.71
PAY_00861,ORD_00861,Credit Card,269.84
PAY_00862,ORD_00862,UPI,123.21
PAY_00863,ORD_00863,UPI,118.62
PAY_00864,ORD_00864,UPI,237.23
PAY_00865,ORD_00865,Debit Card,155.96
PAY_00866,ORD_00866,UPI,127.85
PAY_00867,ORD_00867,Cash,123.21
PAY_00868,ORD_00868,UPI,237.0
PAY_00869,ORD_00869,UPI,450.58
PAY_00870,ORD_00870,Debit Card,176.86
PAY_00871,ORD_00871,UPI,273.77
PAY_00872,ORD_00872,UPI,186.5
PAY_00873,ORD_00873,UPI,110.93
PAY_00874,ORD_00874,UPI,301.71
PAY_00875,ORD_00875,Credit Card,122.45
PAY_00876,ORD_00876,Credit Card,204.38
PAY_00877,ORD_00877,UPI,176.36
PAY_00878,ORD_00878,UPI,310.48
PAY_00879,ORD_00879,UPI,122.9
PAY_00880,ORD_00880,Debit Card,249.66
PAY_00881,ORD_00881,Cash,126.03
PAY_00882,ORD_00882,Debit Card,157.82
PAY_00883,ORD_00883,UPI,125.41
PAY_00884,ORD_00884,Cash,613.13
PAY_00885,ORD_00885,Credit Card,293.79
PAY_00886,ORD_00886,Debit Card,137.85
PAY_00887,ORD_00887,Debit Card,117.17
PAY_00888,ORD_00888,Debit Card,165.87
PAY_00889,ORD_00889,Credit Card,317.93
PAY_00890,ORD_00890,UPI,131.31
PAY_00891,ORD_00891,UPI,200.46
PAY_00892,ORD_00892,Debit Card,558.82
PAY_00893,ORD_00893,UPI,116.37
PAY_00894,ORD_00894,UPI,217.64
PAY_00895,ORD_00895,UPI,688.81
PAY_00896,ORD_00896,UPI,277.81
PAY_00897,ORD_00897,Credit Card,217.46
PAY_00898,ORD_00898,Credit Card,280.13
PAY_00899,ORD_00899,Debit Card,175.97
PAY_00900,ORD_00900,UPI,423.55
PAY_00901,ORD_00901,UPI,174.92
PAY_00902,ORD_00902,Credit Card,121.18
PAY_00903,ORD_00903,UPI,168.09
PAY_00904,ORD_00904,Debit Card,123.29
PAY_00905,ORD_00905,Credit Card,172.7
PAY_00906,ORD_00906,UPI,177.71
PAY_00907,ORD_00907,UPI,366.28
PAY_00908,ORD_00908,Debit Card,287.13
PAY_00909,ORD_00909,UPI,245.87
PAY_00910,ORD_00910,Credit Card,213.08
PAY_00911,ORD_00911,Credit Card,127.59
PAY_00912,ORD_00912,Cash,127.28
PAY_00913,ORD_00913,UPI,218.94
PAY_00914,ORD_00914,UPI,326.18
PAY_00915,ORD_00915,UPI,181.97
PAY_00916,ORD_00916,Debit Card,166.99
PAY_00917,ORD_00917,UPI,266.1
PAY_00918,ORD_00918,Credit Card,191.9
PAY_00919,ORD_00919,Debit Card,496.01
PAY_00920,ORD_00920,Debit Card,414.05
PAY_00921,ORD_00921,UPI,331.12
PAY_00922,ORD_00922,Credit Card,316.49
PAY_00923,ORD_00923,Cash,116.87
PAY_00924,ORD_00924,UPI,288.31
PAY_00925,ORD_00925,Credit Card,252.18
PAY_00926,ORD_00926,Credit Card,277.25
PAY_00927,ORD_00927,UPI,268.96
PAY_00928,ORD_00928,UPI,259.6
PAY_00929,ORD_00929,Debit Card,871.38
PAY_00930,ORD_00930,Credit Card,198.97
PAY_00931,ORD_00931,UPI,335.88
PAY_00932,ORD_00932,Cash,164.2
PAY_00933,ORD_00933,Credit Card,313.74
PAY_00934,ORD_00934,UPI,340.31
PAY_00935,ORD_00935,Debit Card,239.0
PAY_00936,ORD_00936,UPI,530.84
PAY_00937,ORD_00937,UPI,126.56
PAY_00938,ORD_00938,UPI,150.78
PAY_00939,ORD_00939,UPI,230.85
PAY_00940,ORD_00940,Cash,349.89
PAY_00941,ORD_00941,UPI,218.92
PAY_00942,ORD_00942,UPI,425.23
PAY_00943,ORD_00943,Debit Card,139.27
PAY_00944,ORD_00944,Debit Card,118.95
PAY_00945,ORD_00945,UPI,239.33
PAY_00946,ORD_00946,Debit Card,199.49
PAY_00947,ORD_00947,UPI,267.6
PAY_00948,ORD_00948,UPI,212.61
PAY_00949,ORD_00949,UPI,171.91
PAY_00950,ORD_00950,UPI,195.99
PAY_00951,ORD_00951,Debit Card,200.47
PAY_00952,ORD_00952,Debit Card,176.04
PAY_00953,ORD_00953,Credit Card,208.55
PAY_00954,ORD_00954,UPI,157.82
PAY_00955,ORD_00955,UPI,336.74
PAY_00956,ORD_00956,Credit Card,218.03
PAY_00957,ORD_00957,UPI,694.18
PAY_00958,ORD_00958,UPI,214.98
PAY_00959,ORD_00959,UPI,155.28
PAY_00960,ORD_00960,UPI,826.44
PAY_00961,ORD_00961,UPI,260.26
PAY_00962,ORD_00962,UPI,362.69
PAY_00963,ORD_00963,UPI,285.96
PAY_00964,ORD_00964,Credit Card,281.81
PAY_00965,ORD_00965,UPI,263.11
PAY_00966,ORD_00966,UPI,114.99
PAY_00967,ORD_00967,UPI,228.91
PAY_00968,ORD_00968,UPI,104.2
PAY_00969,ORD_00969,Debit Card,191.45
PAY_00970,ORD_00970,UPI,133.58
PAY_00971,ORD_00971,Debit Card,245.02
PAY_00972,ORD_00972,Debit Card,243.54
PAY_00973,ORD_00973,Debit Card,261.48
PAY_00974,ORD_00974,Debit Card,236.1
PAY_00975,ORD_00975,Credit Card,147.19
PAY_00976,ORD_00976,Debit Card,180.22
PAY_00977,ORD_00977,Debit Card,316.58
PAY_00978,ORD_00978,UPI,368.1
PAY_00979,ORD_00979,Debit Card,123.72
PAY_00980,ORD_00980,Credit Card,117.92
PAY_00981,ORD_00981,UPI,145.47
PAY_00982,ORD_00982,Debit Card,373.04
PAY_00983,ORD_00983,Debit Card,412.73
PAY_00984,ORD_00984,Credit Card,132.17
PAY_00985,ORD_00985,UPI,243.1
PAY_00986,ORD_00986,UPI,555.78
PAY_00987,ORD_00987,Debit Card,240.81
PAY_00988,ORD_00988,UPI,432.17
PAY_00989,ORD_00989,Debit Card,376.02
PAY_00990,ORD_00990,UPI,131.76
PAY_00991,ORD_00991,UPI,185.9
PAY_00992,ORD_00992,Debit Card,202.89
PAY_00993,ORD_00993,UPI,199.94
PAY_00994,ORD_00994,Debit Card,359.86
PAY_00995,ORD_00995,Cash,258.48
PAY_00996,ORD_00996,UPI,123.33
PAY_00997,ORD_00997,Cash,125.06
PAY_00998,ORD_00998,Credit Card,120.09
PAY_00999,ORD_00999,UPI,224.62
PAY_01000,ORD_01000,UPI,242.45
PAY_01001,ORD_01001,Debit Card,239.95
PAY_01002,ORD_01002,Credit Card,130.06
PAY_01003,ORD_01003,UPI,284.36
PAY_01004,ORD_01004,UPI,297.46
PAY_01005,ORD_01005,Debit Card,121.89
PAY_01006,ORD_01006,UPI,122.74
PAY_01007,ORD_01007,UPI,215.75
PAY_01008,ORD_01008,Debit Card,577.19
PAY_01009,ORD_01009,Credit Card,521.44
PAY_01010,ORD_01010,UPI,273.79
PAY_01011,ORD_01011,Credit Card,136.71
PAY_01012,ORD_01012,UPI,333.01
PAY_01013,ORD_01013,Debit Card,167.37
PAY_01014,ORD_01014,UPI,137.02
PAY_01015,ORD_01015,Credit Card,107.41
PAY_01016,ORD_01016,Credit Card,216.68
PAY_01017,ORD_01017,UPI,154.84
PAY_01018,ORD_01018,Credit Card,211.65
PAY_01019,ORD_01019,Debit Card,127.3
PAY_01020,ORD_01020,Debit Card,210.43
PAY_01021,ORD_01021,Credit Card,122.09
PAY_01022,ORD_01022,Cash,360.09
PAY_01023,ORD_01023,Credit Card,262.57
PAY_01024,ORD_01024,UPI,181.84
PAY_01025,ORD_01025,Credit Card,280.32
PAY_01026,ORD_01026,Cash,122.07
PAY_01027,ORD_01027,UPI,199.75
PAY_01028,ORD_01028,UPI,299.92
PAY_01029,ORD_01029,Cash,115.99
PAY_01030,ORD_01030,Debit Card,155.49
PAY_01031,ORD_01031,UPI,221.66
PAY_01032,ORD_01032,Credit Card,192.66
PAY_01033,ORD_01033,UPI,432.24
PAY_01034,ORD_01034,UPI,110.03
PAY_01035,ORD_01035,UPI,147.56
PAY_01036,ORD_01036,UPI,119.55
PAY_01037,ORD_01037,Credit Card,452.12
PAY_01038,ORD_01038,UPI,192.66
PAY_01039,ORD_01039,Debit Card,169.86
PAY_01040,ORD_01040,Debit Card,188.49
PAY_01041,ORD_01041,UPI,291.68
PAY_01042,ORD_01042,UPI,256.34
PAY_01043,ORD_01043,Cash,861.63
PAY_01044,ORD_01044,Credit Card,273.77
PAY_01045,ORD_01045,UPI,164.39
PAY_01046,ORD_01046,UPI,163.99
PAY_01047,ORD_01047,UPI,164.58
PAY_01048,ORD_01048,Debit Card,119.24
PAY_01049,ORD_01049,Credit Card,224.8
PAY_01050,ORD_01050,Cash,310.05
PAY_01051,ORD_01051,Cash,156.09
PAY_01052,ORD_01052,UPI,138.39
PAY_01053,ORD_01053,Cash,465.99
PAY_01054,ORD_01054,Cash,112.56
PAY_01055,ORD_01055,Debit Card,122.12
PAY_01056,ORD_01056,UPI,112.57
PAY_01057,ORD_01057,UPI,123.26
PAY_01058,ORD_01058,UPI,245.25
PAY_01059,ORD_01059,UPI,175.73
PAY_01060,ORD_01060,Debit Card,175.42
PAY_01061,ORD_01061,Cash,405.5
PAY_01062,ORD_01062,Debit Card,151.93
PAY_01063,ORD_01063,Debit Card,304.81
PAY_01064,ORD_01064,UPI,490.97
PAY_01065,ORD_01065,Credit Card,169.86
PAY_01066,ORD_01066,Credit Card,304.35
PAY_01067,ORD_01067,UPI,177.77
PAY_01068,ORD_01068,Debit Card,337.62
PAY_01069,ORD_01069,UPI,129.23
PAY_01070,ORD_01070,UPI,120.81
PAY_01071,ORD_01071,Credit Card,173.98
PAY_01072,ORD_01072,Credit Card,136.96
PAY_01073,ORD_01073,Debit Card,155.89
PAY_01074,ORD_01074,Credit Card,191.0
PAY_01075,ORD_01075,UPI,310.15
PAY_01076,ORD_01076,Cash,167.66
PAY_01077,ORD_01077,Debit Card,137.7
PAY_01078,ORD_01078,Debit Card,180.5
PAY_01079,ORD_01079,Debit Card,133.89
PAY_01080,ORD_01080,UPI,134.14
PAY_01081,ORD_01081,Cash,118.57
PAY_01082,ORD_01082,Cash,218.27
PAY_01083,ORD_01083,UPI,150.39
PAY_01084,ORD_01084,UPI,322.5
PAY_01085,ORD_01085,Cash,127.35
PAY_01086,ORD_01086,UPI,157.62
PAY_01087,ORD_01087,Debit Card,558.7
PAY_01088,ORD_01088,UPI,132.85
PAY_01089,ORD_01089,Debit Card,179.69
PAY_01090,ORD_01090,Debit Card,117.59
PAY_01091,ORD_01091,Cash,124.8
PAY_01092,ORD_01092,Debit Card,441.7
PAY_01093,ORD_01093,UPI,222.92
PAY_01094,ORD_01094,UPI,228.48
PAY_01095,ORD_01095,UPI,121.51
PAY_01096,ORD_01096,Credit Card,251.63
PAY_01097,ORD_01097,UPI,374.65
PAY_01098,ORD_01098,UPI,388.23
PAY_01099,ORD_01099,Credit Card,301.25
PAY_01100,ORD_01100,UPI,114.99
PAY_01101,ORD_01101,Debit Card,228.39
PAY_01102,ORD_01102,UPI,269.79
PAY_01103,ORD_01103,Credit Card,123.24
PAY_01104,ORD_01104,Debit Card,119.11
PAY_01105,ORD_01105,Debit Card,311.52
PAY_01106,ORD_01106,Credit Card,327.65
PAY_01107,ORD_01107,UPI,115.79
PAY_01108,ORD_01108,Credit Card,301.64
PAY_01109,ORD_01109,Debit Card,205.09
PAY_01110,ORD_01110,UPI,319.39
PAY_01111,ORD_01111,UPI,152.92
PAY_01112,ORD_01112,Credit Card,297.53
PAY_01113,ORD_01113,Credit Card,328.71
PAY_01114,ORD_01114,UPI,174.94
PAY_01115,ORD_01115,UPI,209.32
PAY_01116,ORD_01116,UPI,164.44
PAY_01117,ORD_01117,UPI,517.23
PAY_01118,ORD_01118,Debit Card,204.29
PAY_01119,ORD_01119,UPI,134.13
PAY_01120,ORD_01120,UPI,130.1
PAY_01121,ORD_01121,Cash,210.73
PAY_01122,ORD_01122,UPI,318.44
PAY_01123,ORD_01123,UPI,122.16
PAY_01124,ORD_01124,Cash,583.43
PAY_01125,ORD_01125,UPI,249.2
PAY_01126,ORD_01126,Cash,258.82
PAY_01127,ORD_01127,Debit Card,209.66
PAY_01128,ORD_01128,UPI,193.91
PAY_01129,ORD_01129,Credit Card,200.57
PAY_01130,ORD_01130,Credit Card,357.3
PAY_01131,ORD_01131,Debit Card,200.1
PAY_01132,ORD_01132,UPI,320.13
PAY_01133,ORD_01133,Debit Card,171.08
PAY_01134,ORD_01134,Cash,217.27
PAY_01135,ORD_01135,UPI,128.2
PAY_01136,ORD_01136,UPI,375.41
PAY_01137,ORD_01137,UPI,139.42
PAY_01138,ORD_01138,UPI,175.98
PAY_01139,ORD_01139,UPI,177.86
PAY_01140,ORD_01140,UPI,181.62
PAY_01141,ORD_01141,Credit Card,316.94
PAY_01142,ORD_01142,UPI,176.6
PAY_01143,ORD_01143,Cash,412.2
PAY_01144,ORD_01144,UPI,123.95
PAY_01145,ORD_01145,UPI,226.59
PAY_01146,ORD_01146,UPI,137.48
PAY_01147,ORD_01147,Credit Card,272.99
PAY_01148,ORD_01148,Credit Card,195.75
PAY_01149,ORD_01149,Debit Card,179.23
PAY_01150,ORD_01150,UPI,402.52
PAY_01151,ORD_01151,Cash,145.77
PAY_01152,ORD_01152,UPI,263.54
PAY_01153,ORD_01153,UPI,135.9
PAY_01154,ORD_01154,Debit Card,229.06
PAY_01155,ORD_01155,Credit Card,116.97
PAY_01156,ORD_01156,UPI,152.51
PAY_01157,ORD_01157,UPI,209.32
PAY_01158,ORD_01158,UPI,552.43
PAY_01159,ORD_01159,UPI,221.64
PAY_01160,ORD_01160,Credit Card,522.83
PAY_01161,ORD_01161,Credit Card,220.2
PAY_01162,ORD_01162,Credit Card,164.72
PAY_01163,ORD_01163,Debit Card,470.68
PAY_01164,ORD_01164,UPI,251.8
PAY_01165,ORD_01165,Credit Card,138.53
PAY_01166,ORD_01166,UPI,259.52
PAY_01167,ORD_01167,Credit Card,172.32
PAY_01168,ORD_01168,Debit Card,120.54
PAY_01169,ORD_01169,Debit Card,325.43
PAY_01170,ORD_01170,UPI,365.56
PAY_01171,ORD_01171,UPI,538.32
PAY_01172,ORD_01172,Cash,274.03
PAY_01173,ORD_01173,Debit Card,167.16
PAY_01174,ORD_01174,UPI,333.81
PAY_01175,ORD_01175,Credit Card,319.16
PAY_01176,ORD_01176,UPI,495.02
PAY_01177,ORD_01177,Credit Card,192.21
PAY_01178,ORD_01178,Credit Card,201.12
PAY_01179,ORD_01179,UPI,153.06
PAY_01180,ORD_01180,UPI,284.64
PAY_01181,ORD_01181,Debit Card,117.6
PAY_01182,ORD_01182,UPI,304.92
PAY_01183,ORD_01183,Debit Card,288.22
PAY_01184,ORD_01184,UPI,295.72
PAY_01185,ORD_01185,Debit Card,228.14
PAY_01186,ORD_01186,UPI,490.24
PAY_01187,ORD_01187,UPI,304.52
PAY_01188,ORD_01188,UPI,155.72
PAY_01189,ORD_01189,Debit Card,159.39
PAY_01190,ORD_01190,UPI,136.03
PAY_01191,ORD_01191,Credit Card,284.79
PAY_01192,ORD_01192,UPI,121.85
PAY_01193,ORD_01193,UPI,373.91
PAY_01194,ORD_01194,Credit Card,439.1
PAY_01195,ORD_01195,UPI,139.8
PAY_01196,ORD_01196,Cash,201.43
PAY_01197,ORD_01197,UPI,201.32
PAY_01198,ORD_01198,UPI,312.23
PAY_01199,ORD_01199,UPI,479.61
PAY_01200,ORD_01200,UPI,129.16
PAY_01201,ORD_01201,UPI,174.65
PAY_01202,ORD_01202,UPI,185.68
PAY_01203,ORD_01203,UPI,118.89
PAY_01204,ORD_01204,Debit Card,159.57
PAY_01205,ORD_01205,UPI,251.31
PAY_01206,ORD_01206,Debit Card,173.74
PAY_01207,ORD_01207,UPI,114.78
PAY_01208,ORD_01208,Cash,950.33
PAY_01209,ORD_01209,Credit Card,225.94
PAY_01210,ORD_01210,UPI,231.64
PAY_01211,ORD_01211,Cash,121.13
PAY_01212,ORD_01212,UPI,236.94
PAY_01213,ORD_01213,UPI,183.68
PAY_01214,ORD_01214,Cash,116.03
PAY_01215,ORD_01215,UPI,115.94
PAY_01216,ORD_01216,Credit Card,333.57
PAY_01217,ORD_01217,Cash,603.21
PAY_01218,ORD_01218,Credit Card,234.53
PAY_01219,ORD_01219,Credit Card,346.6
PAY_01220,ORD_01220,Credit Card,203.38
PAY_01221,ORD_01221,Credit Card,188.49
PAY_01222,ORD_01222,Cash,372.67
PAY_01223,ORD_01223,Credit Card,481.52
PAY_01224,ORD_01224,Credit Card,437.74
PAY_01225,ORD_01225,Debit Card,115.56
PAY_01226,ORD_01226,Credit Card,197.33
PAY_01227,ORD_01227,Debit Card,233.19
PAY_01228,ORD_01228,UPI,181.05
PAY_01229,ORD_01229,UPI,253.51
PAY_01230,ORD_01230,Credit Card,308.65
PAY_01231,ORD_01231,UPI,340.64
PAY_01232,ORD_01232,Cash,477.14
PAY_01233,ORD_01233,Debit Card,161.9
PAY_01234,ORD_01234,UPI,122.1
PAY_01235,ORD_01235,UPI,246.27
PAY_01236,ORD_01236,Credit Card,583.45
PAY_01237,ORD_01237,UPI,153.9
PAY_01238,ORD_01238,Debit Card,287.96
PAY_01239,ORD_01239,UPI,296.45
PAY_01240,ORD_01240,Debit Card,212.82
PAY_01241,ORD_01241,UPI,211.78
PAY_01242,ORD_01242,UPI,120.45
PAY_01243,ORD_01243,UPI,122.72
PAY_01244,ORD_01244,Cash,121.6
PAY_01245,ORD_01245,UPI,179.53
PAY_01246,ORD_01246,UPI,365.66
PAY_01247,ORD_01247,UPI,187.27
PAY_01248,ORD_01248,UPI,147.66
PAY_01249,ORD_01249,UPI,125.44
PAY_01250,ORD_01250,UPI,307.36
PAY_01251,ORD_01251,Cash,416.41
PAY_01252,ORD_01252,UPI,369.8
PAY_01253,ORD_01253,UPI,301.65
PAY_01254,ORD_01254,UPI,123.58
PAY_01255,ORD_01255,UPI,169.43
PAY_01256,ORD_01256,Debit Card,564.15
PAY_01257,ORD_01257,UPI,384.82
PAY_01258,ORD_01258,UPI,103.53
PAY_01259,ORD_01259,Cash,207.35
PAY_01260,ORD_01260,UPI,240.63
PAY_01261,ORD_01261,UPI,143.71
PAY_01262,ORD_01262,Cash,121.3
PAY_01263,ORD_01263,Credit Card,219.44
PAY_01264,ORD_01264,UPI,133.25
PAY_01265,ORD_01265,Debit Card,141.53
PAY_01266,ORD_01266,UPI,178.05
PAY_01267,ORD_01267,UPI,192.8
PAY_01268,ORD_01268,Debit Card,227.07
PAY_01269,ORD_01269,Cash,123.76
PAY_01270,ORD_01270,Credit Card,192.1
PAY_01271,ORD_01271,Credit Card,120.15
PAY_01272,ORD_01272,UPI,220.67
PAY_01273,ORD_01273,Credit Card,118.71
PAY_01274,ORD_01274,UPI,177.98
PAY_01275,ORD_01275,Credit Card,327.86
PAY_01276,ORD_01276,Debit Card,117.36
PAY_01277,ORD_01277,Credit Card,289.92
PAY_01278,ORD_01278,UPI,390.43
PAY_01279,ORD_01279,UPI,123.78
PAY_01280,ORD_01280,UPI,183.31
PAY_01281,ORD_01281,UPI,117.45
PAY_01282,ORD_01282,UPI,192.02
PAY_01283,ORD_01283,Cash,201.73
PAY_01284,ORD_01284,Debit Card,118.4
PAY_01285,ORD_01285,Cash,565.27
PAY_01286,ORD_01286,Credit Card,229.03
PAY_01287,ORD_01287,UPI,138.78
PAY_01288,ORD_01288,UPI,431.69
PAY_01289,ORD_01289,UPI,115.16
PAY_01290,ORD_01290,Debit Card,110.58
PAY_01291,ORD_01291,UPI,105.42
PAY_01292,ORD_01292,UPI,503.21
PAY_01293,ORD_01293,Debit Card,224.93
PAY_01294,ORD_01294,UPI,286.14
PAY_01295,ORD_01295,Credit Card,237.68
PAY_01296,ORD_01296,UPI,267.44
PAY_01297,ORD_01297,Debit Card,201.85
PAY_01298,ORD_01298,Debit Card,238.61
PAY_01299,ORD_01299,UPI,223.99
PAY_01300,ORD_01300,Debit Card,150.32
PAY_01301,ORD_01301,Debit Card,200.58
PAY_01302,ORD_01302,Debit Card,243.54
PAY_01303,ORD_01303,Cash,216.12
PAY_01304,ORD_01304,UPI,128.69
PAY_01305,ORD_01305,UPI,112.08
PAY_01306,ORD_01306,Credit Card,356.06
PAY_01307,ORD_01307,Credit Card,165.58
PAY_01308,ORD_01308,Debit Card,284.4
PAY_01309,ORD_01309,UPI,114.58
PAY_01310,ORD_01310,UPI,118.56
PAY_01311,ORD_01311,Credit Card,135.55
PAY_01312,ORD_01312,UPI,177.4
PAY_01313,ORD_01313,UPI,136.29
PAY_01314,ORD_01314,UPI,425.79
PAY_01315,ORD_01315,UPI,228.81
PAY_01316,ORD_01316,Credit Card,522.3
PAY_01317,ORD_01317,UPI,263.22
PAY_01318,ORD_01318,UPI,120.92
PAY_01319,ORD_01319,Debit Card,379.17
PAY_01320,ORD_01320,Debit Card,118.53
PAY_01321,ORD_01321,UPI,235.29
PAY_01322,ORD_01322,Debit Card,143.16
PAY_01323,ORD_01323,UPI,671.87
PAY_01324,ORD_01324,Debit Card,447.82
PAY_01325,ORD_01325,Cash,147.18
PAY_01326,ORD_01326,UPI,202.88
PAY_01327,ORD_01327,Debit Card,241.92
PAY_01328,ORD_01328,UPI,334.1
PAY_01329,ORD_01329,Cash,198.94
PAY_01330,ORD_01330,UPI,117.33
PAY_01331,ORD_01331,Credit Card,137.73
PAY_01332,ORD_01332,Debit Card,209.09
PAY_01333,ORD_01333,UPI,394.67
PAY_01334,ORD_01334,UPI,251.23
PAY_01335,ORD_01335,UPI,144.7
PAY_01336,ORD_01336,Credit Card,295.17
PAY_01337,ORD_01337,Debit Card,166.92
PAY_01338,ORD_01338,Debit Card,336.62
PAY_01339,ORD_01339,Credit Card,822.42
PAY_01340,ORD_01340,Debit Card,162.89
PAY_01341,ORD_01341,UPI,330.68
PAY_01342,ORD_01342,Debit Card,141.17
PAY_01343,ORD_01343,UPI,208.31
PAY_01344,ORD_01344,UPI,213.46
PAY_01345,ORD_01345,Credit Card,188.59
PAY_01346,ORD_01346,UPI,772.51
PAY_01347,ORD_01347,UPI,187.94
PAY_01348,ORD_01348,Debit Card,276.28
PAY_01349,ORD_01349,Credit Card,111.13
PAY_01350,ORD_01350,UPI,271.01
PAY_01351,ORD_01351,UPI,356.41
PAY_01352,ORD_01352,Debit Card,162.49
PAY_01353,ORD_01353,UPI,116.47
PAY_01354,ORD_01354,Debit Card,205.76
PAY_01355,ORD_01355,UPI,223.62
PAY_01356,ORD_01356,Credit Card,301.76
PAY_01357,ORD_01357,UPI,625.13
PAY_01358,ORD_01358,Credit Card,169.37
PAY_01359,ORD_01359,Credit Card,124.4
PAY_01360,ORD_01360,Credit Card,111.36
PAY_01361,ORD_01361,Credit Card,225.44
PAY_01362,ORD_01362,UPI,268.93
PAY_01363,ORD_01363,Cash,146.38
PAY_01364,ORD_01364,UPI,295.6
PAY_01365,ORD_01365,UPI,270.39
PAY_01366,ORD_01366,UPI,201.91
PAY_01367,ORD_01367,UPI,135.15
PAY_01368,ORD_01368,UPI,167.49
PAY_01369,ORD_01369,Credit Card,126.19
PAY_01370,ORD_01370,Debit Card,216.34
PAY_01371,ORD_01371,UPI,224.5
PAY_01372,ORD_01372,Cash,219.99
PAY_01373,ORD_01373,UPI,267.28
PAY_01374,ORD_01374,Debit Card,264.89
PAY_01375,ORD_01375,UPI,198.07
PAY_01376,ORD_01376,UPI,209.13
PAY_01377,ORD_01377,Credit Card,109.87
PAY_01378,ORD_01378,Credit Card,145.59
PAY_01379,ORD_01379,Credit Card,220.46
PAY_01380,ORD_01380,Debit Card,147.08
PAY_01381,ORD_01381,Debit Card,312.69
PAY_01382,ORD_01382,Cash,141.79
PAY_01383,ORD_01383,UPI,219.81
PAY_01384,ORD_01384,UPI,206.83
PAY_01385,ORD_01385,Cash,298.86
PAY_01386,ORD_01386,UPI,315.21
PAY_01387,ORD_01387,UPI,297.77
PAY_01388,ORD_01388,UPI,107.32
PAY_01389,ORD_01389,Credit Card,394.26
PAY_01390,ORD_01390,Credit Card,446.27
PAY_01391,ORD_01391,UPI,154.07
PAY_01392,ORD_01392,UPI,230.62
PAY_01393,ORD_01393,UPI,126.53
PAY_01394,ORD_01394,UPI,127.53
PAY_01395,ORD_01395,UPI,141.54
PAY_01396,ORD_01396,Credit Card,162.42
PAY_01397,ORD_01397,UPI,165.74
PAY_01398,ORD_01398,UPI,123.65
PAY_01399,ORD_01399,UPI,143.91
PAY_01400,ORD_01400,Cash,206.07
PAY_01401,ORD_01401,UPI,130.05
PAY_01402,ORD_01402,UPI,273.38
PAY_01403,ORD_01403,UPI,302.02
PAY_01404,ORD_01404,UPI,720.96
PAY_01405,ORD_01405,Credit Card,387.1
PAY_01406,ORD_01406,Debit Card,240.59
PAY_01407,ORD_01407,UPI,147.19
PAY_01408,ORD_01408,Credit Card,238.88
PAY_01409,ORD_01409,Debit Card,230.87
PAY_01410,ORD_01410,Cash,167.53
PAY_01411,ORD_01411,Credit Card,332.09
PAY_01412,ORD_01412,UPI,125.87
PAY_01413,ORD_01413,Credit Card,184.33
PAY_01414,ORD_01414,Debit Card,275.66
PAY_01415,ORD_01415,Debit Card,176.2
PAY_01416,ORD_01416,Cash,192.52
PAY_01417,ORD_01417,Credit Card,182.43
PAY_01418,ORD_01418,UPI,126.96
PAY_01419,ORD_01419,Credit Card,411.12
PAY_01420,ORD_01420,UPI,120.28
PAY_01421,ORD_01421,UPI,237.33
PAY_01422,ORD_01422,Debit Card,258.46
PAY_01423,ORD_01423,UPI,125.23
PAY_01424,ORD_01424,UPI,213.48
PAY_01425,ORD_01425,UPI,114.82
PAY_01426,ORD_01426,Cash,444.39
PAY_01427,ORD_01427,UPI,110.57
PAY_01428,ORD_01428,UPI,150.16
PAY_01429,ORD_01429,Debit Card,116.95
PAY_01430,ORD_01430,Credit Card,118.56
PAY_01431,ORD_01431,UPI,468.75
PAY_01432,ORD_01432,Debit Card,286.39
PAY_01433,ORD_01433,UPI,225.1
PAY_01434,ORD_01434,Debit Card,141.87
PAY_01435,ORD_01435,UPI,316.02
PAY_01436,ORD_01436,UPI,135.55
PAY_01437,ORD_01437,UPI,312.63
PAY_01438,ORD_01438,UPI,130.36
PAY_01439,ORD_01439,Credit Card,146.06
PAY_01440,ORD_01440,Debit Card,298.2
PAY_01441,ORD_01441,Cash,324.07
PAY_01442,ORD_01442,Debit Card,307.5
PAY_01443,ORD_01443,UPI,119.04
PAY_01444,ORD_01444,Debit Card,175.51
PAY_01445,ORD_01445,Credit Card,219.31
PAY_01446,ORD_01446,Cash,133.98
PAY_01447,ORD_01447,Debit Card,431.65
PAY_01448,ORD_01448,UPI,111.69
PAY_01449,ORD_01449,UPI,143.98
PAY_01450,ORD_01450,Credit Card,166.72
PAY_01451,ORD_01451,UPI,105.69
PAY_01452,ORD_01452,UPI,112.51
PAY_01453,ORD_01453,Debit Card,295.21
PAY_01454,ORD_01454,UPI,208.34
PAY_01455,ORD_01455,UPI,502.78
PAY_01456,ORD_01456,UPI,467.78
PAY_01457,ORD_01457,Credit Card,245.28
PAY_01458,ORD_01458,Credit Card,252.56
PAY_01459,ORD_01459,UPI,206.91
PAY_01460,ORD_01460,UPI,119.85
PAY_01461,ORD_01461,UPI,115.35
PAY_01462,ORD_01462,Cash,234.64
PAY_01463,ORD_01463,UPI,280.52
PAY_01464,ORD_01464,Cash,222.62
PAY_01465,ORD_01465,Debit Card,133.45
PAY_01466,ORD_01466,UPI,334.13
PAY_01467,ORD_01467,Credit Card,427.71
PAY_01468,ORD_01468,UPI,330.01
PAY_01469,ORD_01469,Cash,348.94
PAY_01470,ORD_01470,Credit Card,158.92
PAY_01471,ORD_01471,Credit Card,376.58
PAY_01472,ORD_01472,Credit Card,222.03
PAY_01473,ORD_01473,UPI,256.4
PAY_01474,ORD_01474,UPI,242.94
PAY_01475,ORD_01475,Debit Card,193.3
PAY_01476,ORD_01476,UPI,127.14
PAY_01477,ORD_01477,UPI,202.01
PAY_01478,ORD_01478,Credit Card,366.59
PAY_01479,ORD_01479,Cash,171.39
PAY_01480,ORD_01480,Cash,348.24
PAY_01481,ORD_01481,Debit Card,307.86
PAY_01482,ORD_01482,Credit Card,185.25
PAY_01483,ORD_01483,Debit Card,433.37
PAY_01484,ORD_01484,Credit Card,186.79
PAY_01485,ORD_01485,UPI,423.14
PAY_01486,ORD_01486,UPI,258.56
PAY_01487,ORD_01487,Cash,202.04
PAY_01488,ORD_01488,Credit Card,126.22
PAY_01489,ORD_01489,Credit Card,179.24
PAY_01490,ORD_01490,UPI,186.88
PAY_01491,ORD_01491,UPI,115.32
PAY_01492,ORD_01492,Cash,199.04
PAY_01493,ORD_01493,Debit Card,132.67
PAY_01494,ORD_01494,Debit Card,296.11
PAY_01495,ORD_01495,UPI,422.11
PAY_01496,ORD_01496,UPI,121.04
PAY_01497,ORD_01497,UPI,518.86
PAY_01498,ORD_01498,UPI,207.42
PAY_01499,ORD_01499,UPI,119.52
PAY_01500,ORD_01500,Credit Card,299.03
PAY_01501,ORD_01501,UPI,161.54
PAY_01502,ORD_01502,Cash,197.33
PAY_01503,ORD_01503,Cash,170.2
PAY_01504,ORD_01504,UPI,127.14
PAY_01505,ORD_01505,Credit Card,292.95
PAY_01506,ORD_01506,Credit Card,183.84
PAY_01507,ORD_01507,UPI,114.84
PAY_01508,ORD_01508,Debit Card,277.03
PAY_01509,ORD_01509,UPI,126.84
PAY_01510,ORD_01510,Credit Card,118.05
PAY_01511,ORD_01511,UPI,374.29
PAY_01512,ORD_01512,Debit Card,122.64
PAY_01513,ORD_01513,Credit Card,123.61
PAY_01514,ORD_01514,Debit Card,296.03
PAY_01515,ORD_01515,UPI,160.11
PAY_01516,ORD_01516,UPI,178.81
PAY_01517,ORD_01517,UPI,181.04
PAY_01518,ORD_01518,Debit Card,240.29
PAY_01519,ORD_01519,UPI,132.55
PAY_01520,ORD_01520,UPI,437.54
PAY_01521,ORD_01521,UPI,110.24
PAY_01522,ORD_01522,UPI,262.99
PAY_01523,ORD_01523,Debit Card,307.86
PAY_01524,ORD_01524,UPI,125.07
PAY_01525,ORD_01525,Credit Card,123.13
PAY_01526,ORD_01526,UPI,376.15
PAY_01527,ORD_01527,UPI,127.25
PAY_01528,ORD_01528,UPI,154.69
PAY_01529,ORD_01529,Credit Card,334.34
PAY_01530,ORD_01530,UPI,196.33
PAY_01531,ORD_01531,UPI,119.23
PAY_01532,ORD_01532,UPI,507.09
PAY_01533,ORD_01533,Debit Card,147.0
PAY_01534,ORD_01534,UPI,161.66
PAY_01535,ORD_01535,Debit Card,245.39
PAY_01536,ORD_01536,UPI,286.8
PAY_01537,ORD_01537,Debit Card,556.73
PAY_01538,ORD_01538,Credit Card,104.87
PAY_01539,ORD_01539,Credit Card,310.94
PAY_01540,ORD_01540,UPI,293.99
PAY_01541,ORD_01541,UPI,193.76
PAY_01542,ORD_01542,Credit Card,299.76
PAY_01543,ORD_01543,Credit Card,337.07
PAY_01544,ORD_01544,Credit Card,121.42
PAY_01545,ORD_01545,UPI,538.36
PAY_01546,ORD_01546,UPI,119.06
PAY_01547,ORD_01547,Credit Card,122.83
PAY_01548,ORD_01548,UPI,181.28
PAY_01549,ORD_01549,Cash,614.81
PAY_01550,ORD_01550,Debit Card,176.54
PAY_01551,ORD_01551,UPI,200.46
PAY_01552,ORD_01552,Credit Card,448.61
PAY_01553,ORD_01553,Credit Card,182.66
PAY_01554,ORD_01554,UPI,120.33
PAY_01555,ORD_01555,UPI,167.97
PAY_01556,ORD_01556,UPI,453.36
PAY_01557,ORD_01557,UPI,217.42
PAY_01558,ORD_01558,Cash,577.48
PAY_01559,ORD_01559,Credit Card,317.53
PAY_01560,ORD_01560,UPI,143.88
PAY_01561,ORD_01561,Credit Card,211.14
PAY_01562,ORD_01562,Cash,130.2
PAY_01563,ORD_01563,UPI,152.55
PAY_01564,ORD_01564,Credit Card,2254.81
PAY_01565,ORD_01565,Debit Card,349.48
PAY_01566,ORD_01566,Debit Card,317.48
PAY_01567,ORD_01567,Debit Card,148.56
PAY_01568,ORD_01568,Cash,460.42
PAY_01569,ORD_01569,UPI,374.28
PAY_01570,ORD_01570,UPI,536.33
PAY_01571,ORD_01571,UPI,533.12
PAY_01572,ORD_01572,UPI,120.55
PAY_01573,ORD_01573,UPI,132.14
PAY_01574,ORD_01574,Debit Card,127.07
PAY_01575,ORD_01575,Debit Card,124.35
PAY_01576,ORD_01576,UPI,243.44
PAY_01577,ORD_01577,Cash,170.2
PAY_01578,ORD_01578,UPI,601.31
PAY_01579,ORD_01579,UPI,570.5
PAY_01580,ORD_01580,Credit Card,223.94
PAY_01581,ORD_01581,UPI,592.55
PAY_01582,ORD_01582,UPI,476.73
PAY_01583,ORD_01583,Cash,161.92
PAY_01584,ORD_01584,Credit Card,117.97
PAY_01585,ORD_01585,Credit Card,184.16
PAY_01586,ORD_01586,Cash,145.02
PAY_01587,ORD_01587,Debit Card,230.44
PAY_01588,ORD_01588,UPI,218.88
PAY_01589,ORD_01589,UPI,210.33
PAY_01590,ORD_01590,UPI,273.23
PAY_01591,ORD_01591,UPI,113.02
PAY_01592,ORD_01592,Cash,267.98
PAY_01593,ORD_01593,Debit Card,157.2
PAY_01594,ORD_01594,UPI,235.48
PAY_01595,ORD_01595,Cash,349.72
PAY_01596,ORD_01596,UPI,115.07
PAY_01597,ORD_01597,Debit Card,184.9
PAY_01598,ORD_01598,UPI,181.54
PAY_01599,ORD_01599,UPI,160.35
PAY_01600,ORD_01600,Credit Card,321.45
PAY_01601,ORD_01601,Debit Card,147.41
PAY_01602,ORD_01602,UPI,147.82
PAY_01603,ORD_01603,Debit Card,145.02
PAY_01604,ORD_01604,Cash,371.99
PAY_01605,ORD_01605,UPI,167.73
PAY_01606,ORD_01606,Debit Card,270.7
PAY_01607,ORD_01607,UPI,586.19
PAY_01608,ORD_01608,UPI,220.52
PAY_01609,ORD_01609,Debit Card,378.41
PAY_01610,ORD_01610,UPI,493.31
PAY_01611,ORD_01611,Cash,340.3
PAY_01612,ORD_01612,UPI,196.47
PAY_01613,ORD_01613,UPI,279.05
PAY_01614,ORD_01614,Cash,104.2
PAY_01615,ORD_01615,UPI,130.8
PAY_01616,ORD_01616,Debit Card,155.61
PAY_01617,ORD_01617,Credit Card,677.8
PAY_01618,ORD_01618,UPI,142.78
PAY_01619,ORD_01619,Credit Card,123.73
PAY_01620,ORD_01620,UPI,109.66
PAY_01621,ORD_01621,Debit Card,259.52
PAY_01622,ORD_01622,Credit Card,221.23
PAY_01623,ORD_01623,UPI,369.5
PAY_01624,ORD_01624,Debit Card,284.57
PAY_01625,ORD_01625,Debit Card,117.01
PAY_01626,ORD_01626,Debit Card,134.09
PAY_01627,ORD_01627,UPI,434.5
PAY_01628,ORD_01628,Debit Card,184.17
PAY_01629,ORD_01629,Credit Card,373.1
PAY_01630,ORD_01630,Credit Card,200.05
PAY_01631,ORD_01631,Credit Card,118.29
PAY_01632,ORD_01632,Credit Card,179.84
PAY_01633,ORD_01633,Debit Card,131.7
PAY_01634,ORD_01634,Cash,169.67
PAY_01635,ORD_01635,Debit Card,213.96
PAY_01636,ORD_01636,UPI,279.28
PAY_01637,ORD_01637,UPI,123.75
PAY_01638,ORD_01638,UPI,200.82
PAY_01639,ORD_01639,UPI,154.1
PAY_01640,ORD_01640,UPI,138.15
PAY_01641,ORD_01641,Cash,221.64
PAY_01642,ORD_01642,Debit Card,158.97
PAY_01643,ORD_01643,UPI,425.4
PAY_01644,ORD_01644,UPI,398.14
PAY_01645,ORD_01645,UPI,366.03
PAY_01646,ORD_01646,UPI,161.26
PAY_01647,ORD_01647,Credit Card,114.97
PAY_01648,ORD_01648,Credit Card,219.88
PAY_01649,ORD_01649,Debit Card,178.51
PAY_01650,ORD_01650,UPI,145.73
PAY_01651,ORD_01651,UPI,117.1
PAY_01652,ORD_01652,Credit Card,193.31
PAY_01653,ORD_01653,Cash,170.7
PAY_01654,ORD_01654,Credit Card,312.78
PAY_01655,ORD_01655,UPI,286.2
PAY_01656,ORD_01656,UPI,361.46
PAY_01657,ORD_01657,UPI,127.15
PAY_01658,ORD_01658,Cash,259.8
PAY_01659,ORD_01659,Credit Card,132.07
PAY_01660,ORD_01660,UPI,113.44
PAY_01661,ORD_01661,Debit Card,165.41
PAY_01662,ORD_01662,UPI,344.63
PAY_01663,ORD_01663,Credit Card,160.03
PAY_01664,ORD_01664,UPI,480.46
PAY_01665,ORD_01665,Debit Card,251.37
PAY_01666,ORD_01666,Cash,155.22
PAY_01667,ORD_01667,Debit Card,370.98
PAY_01668,ORD_01668,UPI,283.89
PAY_01669,ORD_01669,Debit Card,127.2
PAY_01670,ORD_01670,UPI,558.52
PAY_01671,ORD_01671,Cash,230.54
PAY_01672,ORD_01672,UPI,211.21
PAY_01673,ORD_01673,UPI,132.53
PAY_01674,ORD_01674,Debit Card,363.17
PAY_01675,ORD_01675,UPI,276.79
PAY_01676,ORD_01676,Credit Card,266.46
PAY_01677,ORD_01677,UPI,161.9
PAY_01678,ORD_01678,Debit Card,330.16
PAY_01679,ORD_01679,Debit Card,316.55
PAY_01680,ORD_01680,Debit Card,145.61
PAY_01681,ORD_01681,UPI,108.96
PAY_01682,ORD_01682,Debit Card,297.5
PAY_01683,ORD_01683,UPI,121.18
PAY_01684,ORD_01684,UPI,248.44
PAY_01685,ORD_01685,UPI,165.66
PAY_01686,ORD_01686,Cash,382.09
PAY_01687,ORD_01687,UPI,183.24
PAY_01688,ORD_01688,Debit Card,378.23
PAY_01689,ORD_01689,Cash,159.09
PAY_01690,ORD_01690,UPI,347.33
PAY_01691,ORD_01691,Debit Card,606.01
PAY_01692,ORD_01692,UPI,124.57
PAY_01693,ORD_01693,UPI,243.97
PAY_01694,ORD_01694,Credit Card,944.94
PAY_01695,ORD_01695,Credit Card,204.83
PAY_01696,ORD_01696,UPI,215.27
PAY_01697,ORD_01697,Credit Card,335.89
PAY_01698,ORD_01698,UPI,197.41
PAY_01699,ORD_01699,UPI,119.16
PAY_01700,ORD_01700,Credit Card,362.79
PAY_01701,ORD_01701,Credit Card,124.96
PAY_01702,ORD_01702,UPI,159.15
PAY_01703,ORD_01703,Debit Card,427.22
PAY_01704,ORD_01704,UPI,182.26
PAY_01705,ORD_01705,Credit Card,150.6
PAY_01706,ORD_01706,UPI,339.9
PAY_01707,ORD_01707,UPI,133.98
PAY_01708,ORD_01708,Debit Card,107.75
PAY_01709,ORD_01709,Credit Card,238.75
PAY_01710,ORD_01710,UPI,179.48
PAY_01711,ORD_01711,Debit Card,121.87
PAY_01712,ORD_01712,UPI,303.81
PAY_01713,ORD_01713,UPI,276.25
PAY_01714,ORD_01714,Credit Card,175.9
PAY_01715,ORD_01715,UPI,180.91
PAY_01716,ORD_01716,Cash,276.02
PAY_01717,ORD_01717,UPI,383.28
PAY_01718,ORD_01718,UPI,194.66
PAY_01719,ORD_01719,UPI,283.89
PAY_01720,ORD_01720,Debit Card,267.68
PAY_01721,ORD_01721,Cash,319.05
PAY_01722,ORD_01722,Debit Card,200.33
PAY_01723,ORD_01723,UPI,130.3
PAY_01724,ORD_01724,Debit Card,154.28
PAY_01725,ORD_01725,UPI,240.99
PAY_01726,ORD_01726,UPI,521.86
PAY_01727,ORD_01727,UPI,161.2
PAY_01728,ORD_01728,Credit Card,309.96
PAY_01729,ORD_01729,UPI,171.78
PAY_01730,ORD_01730,Credit Card,205.85
PAY_01731,ORD_01731,Debit Card,467.41
PAY_01732,ORD_01732,UPI,303.43
PAY_01733,ORD_01733,UPI,110.7
PAY_01734,ORD_01734,UPI,151.86
PAY_01735,ORD_01735,Debit Card,413.05
PAY_01736,ORD_01736,Debit Card,239.01
PAY_01737,ORD_01737,Debit Card,130.2
PAY_01738,ORD_01738,Credit Card,131.84
PAY_01739,ORD_01739,Credit Card,291.32
PAY_01740,ORD_01740,Credit Card,375.08
PAY_01741,ORD_01741,UPI,206.69
PAY_01742,ORD_01742,Credit Card,735.43
PAY_01743,ORD_01743,Debit Card,326.41
PAY_01744,ORD_01744,Credit Card,178.09
PAY_01745,ORD_01745,Cash,138.11
PAY_01746,ORD_01746,UPI,119.86
PAY_01747,ORD_01747,UPI,233.52
PAY_01748,ORD_01748,UPI,158.97
PAY_01749,ORD_01749,UPI,478.76
PAY_01750,ORD_01750,Debit Card,468.15
PAY_01751,ORD_01751,Debit Card,308.28
PAY_01752,ORD_01752,UPI,110.99
PAY_01753,ORD_01753,Cash,149.98
PAY_01754,ORD_01754,Debit Card,414.01
PAY_01755,ORD_01755,Cash,162.53
PAY_01756,ORD_01756,UPI,357.52
PAY_01757,ORD_01757,UPI,269.11
PAY_01758,ORD_01758,UPI,220.32
PAY_01759,ORD_01759,UPI,143.35
PAY_01760,ORD_01760,UPI,204.63
PAY_01761,ORD_01761,Debit Card,232.34
PAY_01762,ORD_01762,Credit Card,373.27
PAY_01763,ORD_01763,UPI,125.54
PAY_01764,ORD_01764,Debit Card,185.85
PAY_01765,ORD_01765,UPI,206.16
PAY_01766,ORD_01766,Cash,304.21
PAY_01767,ORD_01767,UPI,138.09
PAY_01768,ORD_01768,Debit Card,117.1
PAY_01769,ORD_01769,Credit Card,302.06
PAY_01770,ORD_01770,Debit Card,114.25
PAY_01771,ORD_01771,Credit Card,415.16
PAY_01772,ORD_01772,UPI,198.23
PAY_01773,ORD_01773,UPI,122.92
PAY_01774,ORD_01774,Cash,160.97
PAY_01775,ORD_01775,UPI,268.98
PAY_01776,ORD_01776,Debit Card,160.64
PAY_01777,ORD_01777,Debit Card,213.08
PAY_01778,ORD_01778,Credit Card,287.73
PAY_01779,ORD_01779,Cash,195.32
PAY_01780,ORD_01780,Credit Card,130.28
PAY_01781,ORD_01781,Debit Card,165.5
PAY_01782,ORD_01782,Debit Card,441.24
PAY_01783,ORD_01783,UPI,501.14
PAY_01784,ORD_01784,Cash,124.82
PAY_01785,ORD_01785,UPI,370.8
PAY_01786,ORD_01786,Debit Card,237.16
PAY_01787,ORD_01787,Cash,350.54
PAY_01788,ORD_01788,Debit Card,151.46
PAY_01789,ORD_01789,UPI,122.4
PAY_01790,ORD_01790,UPI,282.66
PAY_01791,ORD_01791,UPI,129.56
PAY_01792,ORD_01792,Credit Card,109.83
PAY_01793,ORD_01793,Credit Card,119.58
PAY_01794,ORD_01794,Debit Card,272.94
PAY_01795,ORD_01795,Debit Card,225.21
PAY_01796,ORD_01796,UPI,298.97
PAY_01797,ORD_01797,UPI,280.99
PAY_01798,ORD_01798,UPI,166.4
PAY_01799,ORD_01799,UPI,188.67
PAY_01800,ORD_01800,UPI,151.47
PAY_01801,ORD_01801,UPI,185.37
PAY_01802,ORD_01802,Credit Card,128.21
PAY_01803,ORD_01803,UPI,258.52
PAY_01804,ORD_01804,UPI,346.16
PAY_01805,ORD_01805,Credit Card,133.42
PAY_01806,ORD_01806,Debit Card,402.33
PAY_01807,ORD_01807,Debit Card,222.43
PAY_01808,ORD_01808,UPI,238.43
PAY_01809,ORD_01809,UPI,111.49
PAY_01810,ORD_01810,UPI,126.73
PAY_01811,ORD_01811,UPI,209.48
PAY_01812,ORD_01812,Debit Card,300.81
PAY_01813,ORD_01813,Debit Card,145.68
PAY_01814,ORD_01814,UPI,474.2
PAY_01815,ORD_01815,Debit Card,297.64
PAY_01816,ORD_01816,Credit Card,126.15
PAY_01817,ORD_01817,Debit Card,222.59
PAY_01818,ORD_01818,Credit Card,733.54
PAY_01819,ORD_01819,UPI,129.41
PAY_01820,ORD_01820,UPI,263.3
PAY_01821,ORD_01821,UPI,177.17
PAY_01822,ORD_01822,Debit Card,287.31
PAY_01823,ORD_01823,Debit Card,384.54
PAY_01824,ORD_01824,Debit Card,174.98
PAY_01825,ORD_01825,UPI,389.14
PAY_01826,ORD_01826,Credit Card,690.12
PAY_01827,ORD_01827,UPI,210.01
PAY_01828,ORD_01828,Cash,329.72
PAY_01829,ORD_01829,UPI,148.01
PAY_01830,ORD_01830,Debit Card,199.33
PAY_01831,ORD_01831,UPI,192.43
PAY_01832,ORD_01832,UPI,330.79
PAY_01833,ORD_01833,Debit Card,394.33
PAY_01834,ORD_01834,Debit Card,186.35
PAY_01835,ORD_01835,UPI,456.1
PAY_01836,ORD_01836,Credit Card,460.57
PAY_01837,ORD_01837,UPI,335.13
PAY_01838,ORD_01838,Cash,141.62
PAY_01839,ORD_01839,Credit Card,153.31
PAY_01840,ORD_01840,UPI,118.55
PAY_01841,ORD_01841,UPI,350.72
PAY_01842,ORD_01842,UPI,118.81
PAY_01843,ORD_01843,UPI,305.01
PAY_01844,ORD_01844,Credit Card,114.72
PAY_01845,ORD_01845,UPI,324.17
PAY_01846,ORD_01846,UPI,192.04
PAY_01847,ORD_01847,UPI,421.04
PAY_01848,ORD_01848,Credit Card,368.84
PAY_01849,ORD_01849,Credit Card,464.79
PAY_01850,ORD_01850,Credit Card,435.17
PAY_01851,ORD_01851,Cash,228.59
PAY_01852,ORD_01852,UPI,112.4
PAY_01853,ORD_01853,UPI,115.73
PAY_01854,ORD_01854,Cash,105.97
PAY_01855,ORD_01855,UPI,126.26
PAY_01856,ORD_01856,Debit Card,215.93
PAY_01857,ORD_01857,UPI,139.04
PAY_01858,ORD_01858,Credit Card,185.51
PAY_01859,ORD_01859,UPI,267.55
PAY_01860,ORD_01860,Debit Card,175.37
PAY_01861,ORD_01861,Debit Card,134.25
PAY_01862,ORD_01862,UPI,203.14
PAY_01863,ORD_01863,Credit Card,133.14
PAY_01864,ORD_01864,UPI,170.02
PAY_01865,ORD_01865,UPI,404.28
PAY_01866,ORD_01866,UPI,180.79
PAY_01867,ORD_01867,UPI,543.17
PAY_01868,ORD_01868,Debit Card,447.74
PAY_01869,ORD_01869,Cash,157.56
PAY_01870,ORD_01870,Credit Card,114.21
PAY_01871,ORD_01871,Debit Card,206.38
PAY_01872,ORD_01872,Debit Card,361.13
PAY_01873,ORD_01873,Debit Card,168.23
PAY_01874,ORD_01874,UPI,324.89
PAY_01875,ORD_01875,Credit Card,378.2
PAY_01876,ORD_01876,UPI,140.39
PAY_01877,ORD_01877,Credit Card,147.04
PAY_01878,ORD_01878,UPI,301.12
PAY_01879,ORD_01879,UPI,216.12
PAY_01880,ORD_01880,UPI,147.75
PAY_01881,ORD_01881,Cash,177.2
PAY_01882,ORD_01882,UPI,193.11
PAY_01883,ORD_01883,Credit Card,112.69
PAY_01884,ORD_01884,Debit Card,321.99
PAY_01885,ORD_01885,UPI,166.76
PAY_01886,ORD_01886,Debit Card,113.69
PAY_01887,ORD_01887,UPI,208.69
PAY_01888,ORD_01888,Credit Card,142.88
PAY_01889,ORD_01889,Cash,489.03
PAY_01890,ORD_01890,UPI,159.94
PAY_01891,ORD_01891,UPI,128.04
PAY_01892,ORD_01892,UPI,260.89
PAY_01893,ORD_01893,UPI,145.73
PAY_01894,ORD_01894,Debit Card,137.69
PAY_01895,ORD_01895,Cash,262.28
PAY_01896,ORD_01896,UPI,112.42
PAY_01897,ORD_01897,UPI,107.87
PAY_01898,ORD_01898,UPI,514.78
PAY_01899,ORD_01899,Cash,272.33
PAY_01900,ORD_01900,UPI,188.8
PAY_01901,ORD_01901,UPI,201.61
PAY_01902,ORD_01902,Debit Card,257.81
PAY_01903,ORD_01903,UPI,342.31
PAY_01904,ORD_01904,UPI,147.24
PAY_01905,ORD_01905,UPI,257.79
PAY_01906,ORD_01906,Cash,160.79
PAY_01907,ORD_01907,UPI,178.45
PAY_01908,ORD_01908,UPI,231.64
PAY_01909,ORD_01909,Credit Card,210.98
PAY_01910,ORD_01910,UPI,311.42
PAY_01911,ORD_01911,Credit Card,264.35
PAY_01912,ORD_01912,UPI,116.05
PAY_01913,ORD_01913,UPI,127.78
PAY_01914,ORD_01914,UPI,176.32
PAY_01915,ORD_01915,Cash,571.3
PAY_01916,ORD_01916,Debit Card,133.13
PAY_01917,ORD_01917,Cash,181.53
PAY_01918,ORD_01918,Cash,160.37
PAY_01919,ORD_01919,Debit Card,144.67
PAY_01920,ORD_01920,UPI,229.96
PAY_01921,ORD_01921,Debit Card,445.44
PAY_01922,ORD_01922,UPI,252.28
PAY_01923,ORD_01923,UPI,127.44
PAY_01924,ORD_01924,Debit Card,874.98
PAY_01925,ORD_01925,UPI,213.81
PAY_01926,ORD_01926,UPI,146.72
PAY_01927,ORD_01927,Cash,420.61
PAY_01928,ORD_01928,Credit Card,158.23
PAY_01929,ORD_01929,UPI,503.11
PAY_01930,ORD_01930,UPI,135.04
PAY_01931,ORD_01931,Credit Card,425.24
PAY_01932,ORD_01932,Debit Card,225.61
PAY_01933,ORD_01933,Debit Card,411.07
PAY_01934,ORD_01934,UPI,563.92
PAY_01935,ORD_01935,UPI,122.66
PAY_01936,ORD_01936,Debit Card,408.91
PAY_01937,ORD_01937,Cash,120.69
PAY_01938,ORD_01938,UPI,131.2
PAY_01939,ORD_01939,UPI,130.18
PAY_01940,ORD_01940,Credit Card,278.88
PAY_01941,ORD_01941,UPI,207.28
PAY_01942,ORD_01942,Credit Card,182.36
PAY_01943,ORD_01943,UPI,228.13
PAY_01944,ORD_01944,Credit Card,284.39
PAY_01945,ORD_01945,Credit Card,307.3
PAY_01946,ORD_01946,UPI,370.39
PAY_01947,ORD_01947,Debit Card,569.6
PAY_01948,ORD_01948,UPI,211.74
PAY_01949,ORD_01949,UPI,155.29
PAY_01950,ORD_01950,UPI,277.79
PAY_01951,ORD_01951,Cash,121.03
PAY_01952,ORD_01952,Debit Card,146.45
PAY_01953,ORD_01953,UPI,344.78
PAY_01954,ORD_01954,UPI,178.74
PAY_01955,ORD_01955,UPI,114.9
PAY_01956,ORD_01956,Credit Card,114.39
PAY_01957,ORD_01957,Cash,205.55
PAY_01958,ORD_01958,Credit Card,359.69
PAY_01959,ORD_01959,Debit Card,392.65
PAY_01960,ORD_01960,Credit Card,227.34
PAY_01961,ORD_01961,UPI,602.53
PAY_01962,ORD_01962,Debit Card,194.02
PAY_01963,ORD_01963,UPI,206.81
PAY_01964,ORD_01964,UPI,117.4
PAY_01965,ORD_01965,Debit Card,158.74
PAY_01966,ORD_01966,Cash,309.45
PAY_01967,ORD_01967,UPI,479.11
PAY_01968,ORD_01968,UPI,130.73
PAY_01969,ORD_01969,UPI,280.98
PAY_01970,ORD_01970,UPI,356.78
PAY_01971,ORD_01971,Debit Card,213.44
PAY_01972,ORD_01972,Debit Card,116.3
PAY_01973,ORD_01973,Cash,234.06
PAY_01974,ORD_01974,Debit Card,330.99
PAY_01975,ORD_01975,UPI,127.24
PAY_01976,ORD_01976,UPI,189.06
PAY_01977,ORD_01977,Credit Card,114.93
PAY_01978,ORD_01978,Credit Card,127.12
PAY_01979,ORD_01979,UPI,328.61
PAY_01980,ORD_01980,UPI,196.84
PAY_01981,ORD_01981,UPI,468.66
PAY_01982,ORD_01982,Credit Card,333.83
PAY_01983,ORD_01983,UPI,175.65
PAY_01984,ORD_01984,Credit Card,200.52
PAY_01985,ORD_01985,UPI,269.3
PAY_01986,ORD_01986,UPI,358.44
PAY_01987,ORD_01987,Credit Card,246.43
PAY_01988,ORD_01988,UPI,340.24
PAY_01989,ORD_01989,UPI,170.35
PAY_01990,ORD_01990,Credit Card,131.56
PAY_01991,ORD_01991,UPI,193.32
PAY_01992,ORD_01992,UPI,213.87
PAY_01993,ORD_01993,UPI,103.62
PAY_01994,ORD_01994,UPI,119.09
PAY_01995,ORD_01995,UPI,265.79
PAY_01996,ORD_01996,UPI,169.55
PAY_01997,ORD_01997,UPI,191.38
PAY_01998,ORD_01998,Credit Card,157.27
PAY_01999,ORD_01999,Debit Card,466.29
PAY_02000,ORD_02000,Credit Card,439.28
PAY_02001,ORD_02001,Credit Card,122.36
PAY_02002,ORD_02002,UPI,155.68
PAY_02003,ORD_02003,UPI,329.14
PAY_02004,ORD_02004,Credit Card,283.89
PAY_02005,ORD_02005,UPI,213.26
PAY_02006,ORD_02006,Credit Card,127.83
PAY_02007,ORD_02007,Credit Card,136.4
PAY_02008,ORD_02008,UPI,161.51
PAY_02009,ORD_02009,Credit Card,238.29
PAY_02010,ORD_02010,UPI,539.06
PAY_02011,ORD_02011,Debit Card,141.59
PAY_02012,ORD_02012,UPI,123.36
PAY_02013,ORD_02013,UPI,197.06
PAY_02014,ORD_02014,Debit Card,357.13
PAY_02015,ORD_02015,Credit Card,120.97
PAY_02016,ORD_02016,UPI,432.68
PAY_02017,ORD_02017,Credit Card,186.1
PAY_02018,ORD_02018,UPI,140.65
PAY_02019,ORD_02019,UPI,115.61
PAY_02020,ORD_02020,Debit Card,287.06
PAY_02021,ORD_02021,UPI,200.29
PAY_02022,ORD_02022,UPI,220.97
PAY_02023,ORD_02023,Cash,137.51
PAY_02024,ORD_02024,UPI,176.12
PAY_02025,ORD_02025,UPI,160.99
PAY_02026,ORD_02026,UPI,190.46
PAY_02027,ORD_02027,UPI,140.08
PAY_02028,ORD_02028,UPI,120.94
PAY_02029,ORD_02029,Credit Card,922.97
PAY_02030,ORD_02030,Credit Card,116.65
PAY_02031,ORD_02031,Debit Card,231.22
PAY_02032,ORD_02032,Credit Card,120.88
PAY_02033,ORD_02033,UPI,116.35
PAY_02034,ORD_02034,UPI,211.34
PAY_02035,ORD_02035,Debit Card,224.39
PAY_02036,ORD_02036,UPI,388.73
PAY_02037,ORD_02037,Debit Card,247.6
PAY_02038,ORD_02038,UPI,207.51
PAY_02039,ORD_02039,UPI,128.38
PAY_02040,ORD_02040,UPI,462.33
PAY_02041,ORD_02041,UPI,345.84
PAY_02042,ORD_02042,Cash,110.75
PAY_02043,ORD_02043,UPI,221.18
PAY_02044,ORD_02044,Credit Card,234.58
PAY_02045,ORD_02045,UPI,177.4
PAY_02046,ORD_02046,Credit Card,298.34
PAY_02047,ORD_02047,UPI,333.38
PAY_02048,ORD_02048,Debit Card,178.08
PAY_02049,ORD_02049,Debit Card,188.46
PAY_02050,ORD_02050,UPI,445.22
PAY_02051,ORD_02051,Cash,323.89
PAY_02052,ORD_02052,UPI,224.13
PAY_02053,ORD_02053,Cash,124.19
PAY_02054,ORD_02054,UPI,257.22
PAY_02055,ORD_02055,Debit Card,290.61
PAY_02056,ORD_02056,UPI,121.08
PAY_02057,ORD_02057,Debit Card,238.76
PAY_02058,ORD_02058,Cash,169.49
PAY_02059,ORD_02059,Cash,186.65
PAY_02060,ORD_02060,UPI,129.75
PAY_02061,ORD_02061,UPI,176.75
PAY_02062,ORD_02062,Credit Card,449.66
PAY_02063,ORD_02063,Debit Card,163.91
PAY_02064,ORD_02064,Credit Card,348.56
PAY_02065,ORD_02065,Debit Card,135.56
PAY_02066,ORD_02066,UPI,303.3
PAY_02067,ORD_02067,Credit Card,209.91
PAY_02068,ORD_02068,Credit Card,251.5
PAY_02069,ORD_02069,UPI,224.67
PAY_02070,ORD_02070,UPI,300.34
PAY_02071,ORD_02071,Credit Card,122.62
PAY_02072,ORD_02072,UPI,123.59
PAY_02073,ORD_02073,Debit Card,272.07
PAY_02074,ORD_02074,Cash,121.84
PAY_02075,ORD_02075,UPI,155.71
PAY_02076,ORD_02076,Debit Card,215.72
PAY_02077,ORD_02077,Credit Card,132.7
PAY_02078,ORD_02078,UPI,132.67
PAY_02079,ORD_02079,Credit Card,244.56
PAY_02080,ORD_02080,Debit Card,335.02
PAY_02081,ORD_02081,Cash,125.82
PAY_02082,ORD_02082,Credit Card,157.91
PAY_02083,ORD_02083,Debit Card,139.83
PAY_02084,ORD_02084,Credit Card,110.96
PAY_02085,ORD_02085,Credit Card,239.52
PAY_02086,ORD_02086,UPI,339.15
PAY_02087,ORD_02087,UPI,360.29
PAY_02088,ORD_02088,UPI,134.7
PAY_02089,ORD_02089,Credit Card,112.48
PAY_02090,ORD_02090,UPI,216.29
PAY_02091,ORD_02091,Credit Card,305.31
PAY_02092,ORD_02092,UPI,230.38
PAY_02093,ORD_02093,Debit Card,224.18
PAY_02094,ORD_02094,Credit Card,383.82
PAY_02095,ORD_02095,Credit Card,137.91
PAY_02096,ORD_02096,Credit Card,182.17
PAY_02097,ORD_02097,Cash,469.63
PAY_02098,ORD_02098,Cash,190.27
PAY_02099,ORD_02099,Debit Card,125.03
PAY_02100,ORD_02100,UPI,146.01
PAY_02101,ORD_02101,UPI,131.99
PAY_02102,ORD_02102,UPI,253.17
PAY_02103,ORD_02103,Debit Card,137.02
PAY_02104,ORD_02104,Credit Card,236.1
PAY_02105,ORD_02105,Debit Card,137.76
PAY_02106,ORD_02106,UPI,119.72
PAY_02107,ORD_02107,UPI,243.85
PAY_02108,ORD_02108,Credit Card,226.0
PAY_02109,ORD_02109,UPI,270.41
PAY_02110,ORD_02110,UPI,139.23
PAY_02111,ORD_02111,UPI,140.1
PAY_02112,ORD_02112,Debit Card,266.17
PAY_02113,ORD_02113,Credit Card,468.36
PAY_02114,ORD_02114,UPI,220.23
PAY_02115,ORD_02115,UPI,272.8
PAY_02116,ORD_02116,Credit Card,184.46
PAY_02117,ORD_02117,Cash,118.81
PAY_02118,ORD_02118,Cash,336.51
PAY_02119,ORD_02119,UPI,342.16
PAY_02120,ORD_02120,UPI,315.28
PAY_02121,ORD_02121,Credit Card,184.98
PAY_02122,ORD_02122,UPI,275.97
PAY_02123,ORD_02123,UPI,339.98
PAY_02124,ORD_02124,Credit Card,464.73
PAY_02125,ORD_02125,UPI,358.65
PAY_02126,ORD_02126,UPI,208.95
PAY_02127,ORD_02127,Debit Card,132.8
PAY_02128,ORD_02128,Credit Card,207.89
PAY_02129,ORD_02129,Credit Card,239.76
PAY_02130,ORD_02130,Cash,298.62
PAY_02131,ORD_02131,UPI,435.29
PAY_02132,ORD_02132,Credit Card,198.34
PAY_02133,ORD_02133,UPI,662.44
PAY_02134,ORD_02134,UPI,118.48
PAY_02135,ORD_02135,Credit Card,268.27
PAY_02136,ORD_02136,UPI,133.05
PAY_02137,ORD_02137,Credit Card,115.44
PAY_02138,ORD_02138,UPI,187.33
PAY_02139,ORD_02139,Credit Card,121.32
PAY_02140,ORD_02140,UPI,178.37
PAY_02141,ORD_02141,UPI,197.42
PAY_02142,ORD_02142,Debit Card,387.27
PAY_02143,ORD_02143,UPI,114.05
PAY_02144,ORD_02144,UPI,317.24
PAY_02145,ORD_02145,UPI,203.3
PAY_02146,ORD_02146,UPI,358.32
PAY_02147,ORD_02147,UPI,163.3
PAY_02148,ORD_02148,Credit Card,120.58
PAY_02149,ORD_02149,Cash,125.88
PAY_02150,ORD_02150,Debit Card,112.2
PAY_02151,ORD_02151,UPI,268.03
PAY_02152,ORD_02152,UPI,426.65
PAY_02153,ORD_02153,UPI,156.34
PAY_02154,ORD_02154,UPI,280.76
PAY_02155,ORD_02155,UPI,102.35
PAY_02156,ORD_02156,UPI,233.46
PAY_02157,ORD_02157,Credit Card,290.51
PAY_02158,ORD_02158,UPI,115.2
PAY_02159,ORD_02159,Debit Card,194.13
PAY_02160,ORD_02160,Credit Card,311.99
PAY_02161,ORD_02161,Cash,117.35
PAY_02162,ORD_02162,Cash,431.35
PAY_02163,ORD_02163,Credit Card,246.21
PAY_02164,ORD_02164,UPI,293.1
PAY_02165,ORD_02165,UPI,165.7
PAY_02166,ORD_02166,UPI,112.9
PAY_02167,ORD_02167,UPI,277.94
PAY_02168,ORD_02168,Credit Card,193.64
PAY_02169,ORD_02169,Credit Card,217.72
PAY_02170,ORD_02170,UPI,365.43
PAY_02171,ORD_02171,Credit Card,294.94
PAY_02172,ORD_02172,UPI,563.46
PAY_02173,ORD_02173,Debit Card,231.5
PAY_02174,ORD_02174,UPI,140.76
PAY_02175,ORD_02175,UPI,176.44
PAY_02176,ORD_02176,UPI,253.34
PAY_02177,ORD_02177,Credit Card,336.29
PAY_02178,ORD_02178,UPI,126.72
PAY_02179,ORD_02179,Cash,215.47
PAY_02180,ORD_02180,UPI,461.07
PAY_02181,ORD_02181,UPI,174.4
PAY_02182,ORD_02182,UPI,343.94
PAY_02183,ORD_02183,Debit Card,262.61
PAY_02184,ORD_02184,UPI,358.98
PAY_02185,ORD_02185,UPI,138.1
PAY_02186,ORD_02186,UPI,138.17
PAY_02187,ORD_02187,Cash,222.07
PAY_02188,ORD_02188,UPI,118.59
PAY_02189,ORD_02189,UPI,173.05
PAY_02190,ORD_02190,Debit Card,259.58
PAY_02191,ORD_02191,Debit Card,508.88
PAY_02192,ORD_02192,Debit Card,252.6
PAY_02193,ORD_02193,Credit Card,281.78
PAY_02194,ORD_02194,UPI,398.93
PAY_02195,ORD_02195,UPI,123.5
PAY_02196,ORD_02196,UPI,191.78
PAY_02197,ORD_02197,Cash,749.07
PAY_02198,ORD_02198,UPI,197.76
PAY_02199,ORD_02199,UPI,375.16
PAY_02200,ORD_02200,UPI,360.88
PAY_02201,ORD_02201,Cash,109.56
PAY_02202,ORD_02202,UPI,238.73
PAY_02203,ORD_02203,UPI,215.02
PAY_02204,ORD_02204,UPI,249.13
PAY_02205,ORD_02205,UPI,138.21
PAY_02206,ORD_02206,Credit Card,115.42
PAY_02207,ORD_02207,Debit Card,166.05
PAY_02208,ORD_02208,UPI,208.46
PAY_02209,ORD_02209,Debit Card,376.74
PAY_02210,ORD_02210,Debit Card,546.1
PAY_02211,ORD_02211,Credit Card,425.93
PAY_02212,ORD_02212,Debit Card,307.58
PAY_02213,ORD_02213,Debit Card,128.57
PAY_02214,ORD_02214,Credit Card,165.15
PAY_02215,ORD_02215,UPI,230.36
PAY_02216,ORD_02216,UPI,151.1
PAY_02217,ORD_02217,UPI,291.25
PAY_02218,ORD_02218,Credit Card,290.91
PAY_02219,ORD_02219,Cash,263.35
PAY_02220,ORD_02220,UPI,344.02
PAY_02221,ORD_02221,Debit Card,113.97
PAY_02222,ORD_02222,UPI,351.05
PAY_02223,ORD_02223,Cash,145.88
PAY_02224,ORD_02224,Credit Card,116.44
PAY_02225,ORD_02225,UPI,281.06
PAY_02226,ORD_02226,UPI,363.9
PAY_02227,ORD_02227,UPI,278.96
PAY_02228,ORD_02228,Debit Card,209.27
PAY_02229,ORD_02229,Credit Card,228.25
PAY_02230,ORD_02230,Debit Card,218.08
PAY_02231,ORD_02231,Credit Card,133.76
PAY_02232,ORD_02232,UPI,124.02
PAY_02233,ORD_02233,Credit Card,199.53
PAY_02234,ORD_02234,Debit Card,219.04
PAY_02235,ORD_02235,Cash,216.42
PAY_02236,ORD_02236,Credit Card,290.19
PAY_02237,ORD_02237,UPI,175.84
PAY_02238,ORD_02238,Credit Card,286.58
PAY_02239,ORD_02239,Credit Card,195.01
PAY_02240,ORD_02240,Credit Card,533.44
PAY_02241,ORD_02241,UPI,219.51
PAY_02242,ORD_02242,UPI,769.77
PAY_02243,ORD_02243,Credit Card,238.55
PAY_02244,ORD_02244,Debit Card,187.58
PAY_02245,ORD_02245,UPI,128.71
PAY_02246,ORD_02246,UPI,110.98
PAY_02247,ORD_02247,Debit Card,133.69
PAY_02248,ORD_02248,Credit Card,125.2
PAY_02249,ORD_02249,UPI,237.97
PAY_02250,ORD_02250,UPI,157.61
PAY_02251,ORD_02251,UPI,238.55
PAY_02252,ORD_02252,Debit Card,421.7
PAY_02253,ORD_02253,UPI,211.31
PAY_02254,ORD_02254,UPI,650.17
PAY_02255,ORD_02255,Debit Card,113.22
PAY_02256,ORD_02256,Credit Card,196.1
PAY_02257,ORD_02257,Credit Card,145.17
PAY_02258,ORD_02258,Debit Card,323.32
PAY_02259,ORD_02259,UPI,120.45
PAY_02260,ORD_02260,UPI,113.49
PAY_02261,ORD_02261,UPI,196.16
PAY_02262,ORD_02262,UPI,456.48
PAY_02263,ORD_02263,UPI,239.38
PAY_02264,ORD_02264,Cash,100.43
PAY_02265,ORD_02265,UPI,115.93
PAY_02266,ORD_02266,UPI,495.16
PAY_02267,ORD_02267,UPI,168.25
PAY_02268,ORD_02268,UPI,126.83
PAY_02269,ORD_02269,UPI,439.88
PAY_02270,ORD_02270,UPI,366.82
PAY_02271,ORD_02271,Credit Card,407.71
PAY_02272,ORD_02272,Credit Card,122.51
PAY_02273,ORD_02273,UPI,117.79
PAY_02274,ORD_02274,Credit Card,229.3
PAY_02275,ORD_02275,UPI,246.58
PAY_02276,ORD_02276,Credit Card,240.81
PAY_02277,ORD_02277,UPI,446.93
PAY_02278,ORD_02278,Credit Card,116.57
PAY_02279,ORD_02279,UPI,336.55
PAY_02280,ORD_02280,UPI,123.69
PAY_02281,ORD_02281,UPI,305.32
PAY_02282,ORD_02282,UPI,173.01
PAY_02283,ORD_02283,Credit Card,146.2
PAY_02284,ORD_02284,Debit Card,137.1
PAY_02285,ORD_02285,Debit Card,118.9
PAY_02286,ORD_02286,Credit Card,205.75
PAY_02287,ORD_02287,Debit Card,133.41
PAY_02288,ORD_02288,Debit Card,307.71
PAY_02289,ORD_02289,Credit Card,283.19
PAY_02290,ORD_02290,UPI,518.2
PAY_02291,ORD_02291,Debit Card,245.66
PAY_02292,ORD_02292,UPI,260.22
PAY_02293,ORD_02293,UPI,438.29
PAY_02294,ORD_02294,Credit Card,151.58
PAY_02295,ORD_02295,Cash,131.76
PAY_02296,ORD_02296,Credit Card,216.96
PAY_02297,ORD_02297,UPI,114.86
PAY_02298,ORD_02298,UPI,764.61
PAY_02299,ORD_02299,UPI,467.16
PAY_02300,ORD_02300,UPI,646.62
PAY_02301,ORD_02301,UPI,220.3
PAY_02302,ORD_02302,Debit Card,291.9
PAY_02303,ORD_02303,Credit Card,156.44
PAY_02304,ORD_02304,UPI,340.64
PAY_02305,ORD_02305,UPI,119.13
PAY_02306,ORD_02306,Credit Card,121.05
PAY_02307,ORD_02307,Credit Card,143.73
PAY_02308,ORD_02308,Debit Card,113.9
PAY_02309,ORD_02309,Cash,454.05
PAY_02310,ORD_02310,UPI,524.36
PAY_02311,ORD_02311,UPI,120.53
PAY_02312,ORD_02312,Credit Card,408.7
PAY_02313,ORD_02313,Cash,358.46
PAY_02314,ORD_02314,UPI,103.87
PAY_02315,ORD_02315,Debit Card,166.1
PAY_02316,ORD_02316,UPI,151.62
PAY_02317,ORD_02317,UPI,313.57
PAY_02318,ORD_02318,Cash,122.88
PAY_02319,ORD_02319,UPI,191.68
PAY_02320,ORD_02320,Debit Card,135.81
PAY_02321,ORD_02321,Credit Card,255.81
PAY_02322,ORD_02322,Debit Card,204.75
PAY_02323,ORD_02323,UPI,159.79
PAY_02324,ORD_02324,Debit Card,174.5
PAY_02325,ORD_02325,Credit Card,621.72
PAY_02326,ORD_02326,UPI,175.76
PAY_02327,ORD_02327,UPI,112.36
PAY_02328,ORD_02328,UPI,279.54
PAY_02329,ORD_02329,UPI,189.11
PAY_02330,ORD_02330,UPI,114.86
PAY_02331,ORD_02331,UPI,709.36
PAY_02332,ORD_02332,Credit Card,174.45
PAY_02333,ORD_02333,Cash,169.44
PAY_02334,ORD_02334,UPI,230.21
PAY_02335,ORD_02335,Credit Card,499.67
PAY_02336,ORD_02336,UPI,113.32
PAY_02337,ORD_02337,UPI,246.49
PAY_02338,ORD_02338,UPI,591.64
PAY_02339,ORD_02339,Debit Card,208.33
PAY_02340,ORD_02340,Cash,121.99
PAY_02341,ORD_02341,Debit Card,151.82
PAY_02342,ORD_02342,UPI,217.78
PAY_02343,ORD_02343,UPI,434.41
PAY_02344,ORD_02344,UPI,160.92
PAY_02345,ORD_02345,Cash,331.34
PAY_02346,ORD_02346,Debit Card,119.06
PAY_02347,ORD_02347,Debit Card,123.85
PAY_02348,ORD_02348,Credit Card,155.66
PAY_02349,ORD_02349,Credit Card,446.42
PAY_02350,ORD_02350,Credit Card,214.9
PAY_02351,ORD_02351,Credit Card,247.34
PAY_02352,ORD_02352,Debit Card,246.48
PAY_02353,ORD_02353,UPI,355.63
PAY_02354,ORD_02354,Cash,150.89
PAY_02355,ORD_02355,Debit Card,306.09
PAY_02356,ORD_02356,Credit Card,122.72
PAY_02357,ORD_02357,Debit Card,586.95
PAY_02358,ORD_02358,Debit Card,142.91
PAY_02359,ORD_02359,UPI,126.67
PAY_02360,ORD_02360,Debit Card,264.63
PAY_02361,ORD_02361,UPI,214.58
PAY_02362,ORD_02362,UPI,254.56
PAY_02363,ORD_02363,UPI,228.1
PAY_02364,ORD_02364,UPI,113.58
PAY_02365,ORD_02365,Debit Card,509.27
PAY_02366,ORD_02366,UPI,348.85
PAY_02367,ORD_02367,Credit Card,450.5
PAY_02368,ORD_02368,UPI,148.39
PAY_02369,ORD_02369,Credit Card,257.84
PAY_02370,ORD_02370,UPI,224.81
PAY_02371,ORD_02371,Debit Card,364.16
PAY_02372,ORD_02372,Debit Card,400.07
PAY_02373,ORD_02373,UPI,233.04
PAY_02374,ORD_02374,Debit Card,117.78
PAY_02375,ORD_02375,UPI,557.3
PAY_02376,ORD_02376,Debit Card,286.02
PAY_02377,ORD_02377,Credit Card,157.34
PAY_02378,ORD_02378,UPI,259.24
PAY_02379,ORD_02379,Debit Card,123.31
PAY_02380,ORD_02380,Credit Card,364.31
PAY_02381,ORD_02381,Debit Card,111.99
PAY_02382,ORD_02382,Debit Card,184.2
PAY_02383,ORD_02383,Credit Card,236.44
PAY_02384,ORD_02384,UPI,369.74
PAY_02385,ORD_02385,Cash,207.91
PAY_02386,ORD_02386,UPI,302.19
PAY_02387,ORD_02387,Debit Card,211.73
PAY_02388,ORD_02388,Credit Card,212.67
PAY_02389,ORD_02389,Debit Card,218.51
PAY_02390,ORD_02390,UPI,182.57
PAY_02391,ORD_02391,UPI,121.05
PAY_02392,ORD_02392,UPI,136.41
PAY_02393,ORD_02393,Cash,233.22
PAY_02394,ORD_02394,UPI,181.1
PAY_02395,ORD_02395,UPI,181.96
PAY_02396,ORD_02396,UPI,166.77
PAY_02397,ORD_02397,Debit Card,129.88
PAY_02398,ORD_02398,Credit Card,167.44
PAY_02399,ORD_02399,UPI,179.33
PAY_02400,ORD_02400,Credit Card,208.98
PAY_02401,ORD_02401,UPI,276.92
PAY_02402,ORD_02402,UPI,182.33
PAY_02403,ORD_02403,Credit Card,121.0
PAY_02404,ORD_02404,UPI,114.8
PAY_02405,ORD_02405,UPI,795.04
PAY_02406,ORD_02406,UPI,121.35
PAY_02407,ORD_02407,UPI,155.97
PAY_02408,ORD_02408,Debit Card,263.66
PAY_02409,ORD_02409,Debit Card,256.16
PAY_02410,ORD_02410,UPI,268.44
PAY_02411,ORD_02411,Debit Card,168.97
PAY_02412,ORD_02412,UPI,243.7
PAY_02413,ORD_02413,Credit Card,203.69
PAY_02414,ORD_02414,Debit Card,162.71
PAY_02415,ORD_02415,UPI,241.6
PAY_02416,ORD_02416,UPI,343.57
PAY_02417,ORD_02417,Cash,207.16
PAY_02418,ORD_02418,UPI,213.63
PAY_02419,ORD_02419,UPI,389.37
PAY_02420,ORD_02420,Debit Card,360.04
PAY_02421,ORD_02421,Debit Card,492.51
PAY_02422,ORD_02422,UPI,100.1
PAY_02423,ORD_02423,Credit Card,315.5
PAY_02424,ORD_02424,UPI,291.19
PAY_02425,ORD_02425,Debit Card,129.83
PAY_02426,ORD_02426,UPI,228.06
PAY_02427,ORD_02427,Credit Card,370.73
PAY_02428,ORD_02428,UPI,142.65
PAY_02429,ORD_02429,Credit Card,260.36
PAY_02430,ORD_02430,Credit Card,329.0
PAY_02431,ORD_02431,UPI,107.79
PAY_02432,ORD_02432,Debit Card,199.41
PAY_02433,ORD_02433,UPI,246.34
PAY_02434,ORD_02434,Debit Card,122.92
PAY_02435,ORD_02435,Debit Card,129.52
PAY_02436,ORD_02436,Debit Card,183.28
PAY_02437,ORD_02437,Credit Card,320.63
PAY_02438,ORD_02438,UPI,294.85
PAY_02439,ORD_02439,UPI,131.97
PAY_02440,ORD_02440,Debit Card,291.23
PAY_02441,ORD_02441,UPI,131.81
PAY_02442,ORD_02442,UPI,116.62
PAY_02443,ORD_02443,UPI,176.09
PAY_02444,ORD_02444,Debit Card,387.37
PAY_02445,ORD_02445,Debit Card,305.25
PAY_02446,ORD_02446,UPI,204.0
PAY_02447,ORD_02447,UPI,164.56
PAY_02448,ORD_02448,Credit Card,160.04
PAY_02449,ORD_02449,UPI,218.06
PAY_02450,ORD_02450,Credit Card,120.32
PAY_02451,ORD_02451,UPI,179.83
PAY_02452,ORD_02452,UPI,190.35
PAY_02453,ORD_02453,UPI,108.04
PAY_02454,ORD_02454,UPI,151.3
PAY_02455,ORD_02455,UPI,256.64
PAY_02456,ORD_02456,Cash,201.47
PAY_02457,ORD_02457,Credit Card,171.41
PAY_02458,ORD_02458,UPI,118.84
PAY_02459,ORD_02459,UPI,458.84
PAY_02460,ORD_02460,UPI,141.8
PAY_02461,ORD_02461,Credit Card,235.67
PAY_02462,ORD_02462,Debit Card,154.57
PAY_02463,ORD_02463,UPI,192.63
PAY_02464,ORD_02464,UPI,267.16
PAY_02465,ORD_02465,UPI,130.21
PAY_02466,ORD_02466,UPI,201.65
PAY_02467,ORD_02467,UPI,382.44
PAY_02468,ORD_02468,Credit Card,549.7
PAY_02469,ORD_02469,Cash,202.12
PAY_02470,ORD_02470,Debit Card,221.52
PAY_02471,ORD_02471,Debit Card,658.3
PAY_02472,ORD_02472,UPI,384.69
PAY_02473,ORD_02473,Credit Card,139.76
PAY_02474,ORD_02474,Debit Card,152.51
PAY_02475,ORD_02475,UPI,335.37
PAY_02476,ORD_02476,Debit Card,130.64
PAY_02477,ORD_02477,UPI,350.05
PAY_02478,ORD_02478,Cash,251.31
PAY_02479,ORD_02479,UPI,277.28
PAY_02480,ORD_02480,UPI,199.46
PAY_02481,ORD_02481,UPI,148.45
PAY_02482,ORD_02482,UPI,448.79
PAY_02483,ORD_02483,Debit Card,182.78
PAY_02484,ORD_02484,UPI,169.36
PAY_02485,ORD_02485,Debit Card,209.1
PAY_02486,ORD_02486,Cash,233.51
PAY_02487,ORD_02487,Cash,126.06
PAY_02488,ORD_02488,Debit Card,164.24
PAY_02489,ORD_02489,Cash,151.09
PAY_02490,ORD_02490,UPI,302.53
PAY_02491,ORD_02491,Cash,128.78
PAY_02492,ORD_02492,UPI,122.65
PAY_02493,ORD_02493,UPI,123.8
PAY_02494,ORD_02494,UPI,117.69
PAY_02495,ORD_02495,Debit Card,427.63
PAY_02496,ORD_02496,UPI,227.22
PAY_02497,ORD_02497,UPI,259.61
PAY_02498,ORD_02498,Credit Card,272.88
PAY_02499,ORD_02499,UPI,207.83
PAY_02500,ORD_02500,UPI,207.08
PAY_02501,ORD_02501,Credit Card,379.43
PAY_02502,ORD_02502,UPI,223.52
PAY_02503,ORD_02503,Credit Card,444.72
PAY_02504,ORD_02504,Credit Card,291.35
PAY_02505,ORD_02505,Cash,152.18
PAY_02506,ORD_02506,Debit Card,158.76
PAY_02507,ORD_02507,UPI,148.31
PAY_02508,ORD_02508,UPI,390.0
PAY_02509,ORD_02509,Cash,167.03
PAY_02510,ORD_02510,Credit Card,143.76
PAY_02511,ORD_02511,Debit Card,239.14
PAY_02512,ORD_02512,Credit Card,187.02
PAY_02513,ORD_02513,Debit Card,241.96
PAY_02514,ORD_02514,UPI,590.17
PAY_02515,ORD_02515,Debit Card,337.84
PAY_02516,ORD_02516,Debit Card,216.0
PAY_02517,ORD_02517,UPI,125.55
PAY_02518,ORD_02518,UPI,166.49
PAY_02519,ORD_02519,Credit Card,316.7
PAY_02520,ORD_02520,Debit Card,119.21
PAY_02521,ORD_02521,Cash,608.37
PAY_02522,ORD_02522,Credit Card,204.39
PAY_02523,ORD_02523,Credit Card,207.07
PAY_02524,ORD_02524,Debit Card,143.76
PAY_02525,ORD_02525,UPI,252.45
PAY_02526,ORD_02526,Debit Card,122.17
PAY_02527,ORD_02527,UPI,641.03
PAY_02528,ORD_02528,Credit Card,396.84
PAY_02529,ORD_02529,Cash,342.78
PAY_02530,ORD_02530,Credit Card,121.74
PAY_02531,ORD_02531,UPI,237.24
PAY_02532,ORD_02532,Debit Card,375.23
PAY_02533,ORD_02533,Credit Card,270.26
PAY_02534,ORD_02534,UPI,133.13
PAY_02535,ORD_02535,UPI,149.78
PAY_02536,ORD_02536,UPI,157.53
PAY_02537,ORD_02537,UPI,152.92
PAY_02538,ORD_02538,Credit Card,452.82
PAY_02539,ORD_02539,Credit Card,120.35
PAY_02540,ORD_02540,Debit Card,289.1
PAY_02541,ORD_02541,Credit Card,119.79
PAY_02542,ORD_02542,UPI,123.01
PAY_02543,ORD_02543,UPI,120.26
PAY_02544,ORD_02544,UPI,162.2
PAY_02545,ORD_02545,Cash,451.58
PAY_02546,ORD_02546,UPI,234.3
PAY_02547,ORD_02547,UPI,124.62
PAY_02548,ORD_02548,Debit Card,334.58
PAY_02549,ORD_02549,Cash,421.79
PAY_02550,ORD_02550,UPI,215.95
PAY_02551,ORD_02551,UPI,575.41
PAY_02552,ORD_02552,UPI,312.27
PAY_02553,ORD_02553,UPI,299.98
PAY_02554,ORD_02554,UPI,153.38
PAY_02555,ORD_02555,Credit Card,310.26
PAY_02556,ORD_02556,Debit Card,228.09
PAY_02557,ORD_02557,UPI,290.69
PAY_02558,ORD_02558,Credit Card,145.89
PAY_02559,ORD_02559,UPI,198.84
PAY_02560,ORD_02560,Debit Card,132.55
PAY_02561,ORD_02561,Debit Card,118.65
PAY_02562,ORD_02562,Credit Card,348.94
PAY_02563,ORD_02563,UPI,114.99
PAY_02564,ORD_02564,Cash,220.47
PAY_02565,ORD_02565,Debit Card,250.29
PAY_02566,ORD_02566,UPI,228.91
PAY_02567,ORD_02567,UPI,170.33
PAY_02568,ORD_02568,UPI,232.0
PAY_02569,ORD_02569,UPI,256.43
PAY_02570,ORD_02570,UPI,310.55
PAY_02571,ORD_02571,Credit Card,505.82
PAY_02572,ORD_02572,UPI,237.12
PAY_02573,ORD_02573,UPI,219.15
PAY_02574,ORD_02574,UPI,134.76
PAY_02575,ORD_02575,UPI,239.22
PAY_02576,ORD_02576,Debit Card,286.34
PAY_02577,ORD_02577,Credit Card,195.7
PAY_02578,ORD_02578,UPI,255.2
PAY_02579,ORD_02579,UPI,175.01
PAY_02580,ORD_02580,Debit Card,289.0
PAY_02581,ORD_02581,Cash,323.09
PAY_02582,ORD_02582,Credit Card,345.17
PAY_02583,ORD_02583,UPI,216.87
PAY_02584,ORD_02584,Credit Card,118.41
PAY_02585,ORD_02585,UPI,150.17
PAY_02586,ORD_02586,UPI,282.04
PAY_02587,ORD_02587,UPI,760.38
PAY_02588,ORD_02588,UPI,189.36
PAY_02589,ORD_02589,Cash,266.25
PAY_02590,ORD_02590,Debit Card,152.5
PAY_02591,ORD_02591,UPI,131.24
PAY_02592,ORD_02592,Cash,137.65
PAY_02593,ORD_02593,UPI,123.78
PAY_02594,ORD_02594,Credit Card,439.91
PAY_02595,ORD_02595,Credit Card,127.44
PAY_02596,ORD_02596,Credit Card,181.3
PAY_02597,ORD_02597,UPI,115.87
PAY_02598,ORD_02598,Cash,118.11
PAY_02599,ORD_02599,UPI,419.45
PAY_02600,ORD_02600,Credit Card,226.63
PAY_02601,ORD_02601,Debit Card,128.77
PAY_02602,ORD_02602,Debit Card,147.8
PAY_02603,ORD_02603,UPI,132.86
PAY_02604,ORD_02604,Debit Card,194.01
PAY_02605,ORD_02605,UPI,230.11
PAY_02606,ORD_02606,Debit Card,542.71
PAY_02607,ORD_02607,Debit Card,119.35
PAY_02608,ORD_02608,UPI,209.67
PAY_02609,ORD_02609,UPI,171.2
PAY_02610,ORD_02610,UPI,320.03
PAY_02611,ORD_02611,UPI,229.01
PAY_02612,ORD_02612,Credit Card,260.15
PAY_02613,ORD_02613,Cash,246.53
PAY_02614,ORD_02614,Credit Card,128.32
PAY_02615,ORD_02615,Credit Card,409.9
PAY_02616,ORD_02616,Cash,310.81
PAY_02617,ORD_02617,Credit Card,350.52
PAY_02618,ORD_02618,UPI,411.0
PAY_02619,ORD_02619,Debit Card,262.28
PAY_02620,ORD_02620,Credit Card,444.52
PAY_02621,ORD_02621,Cash,229.11
PAY_02622,ORD_02622,Debit Card,180.69
PAY_02623,ORD_02623,Cash,197.81
PAY_02624,ORD_02624,UPI,218.89
PAY_02625,ORD_02625,UPI,160.25
PAY_02626,ORD_02626,Credit Card,474.85
PAY_02627,ORD_02627,UPI,231.29
PAY_02628,ORD_02628,Credit Card,214.63
PAY_02629,ORD_02629,Debit Card,266.78
PAY_02630,ORD_02630,Credit Card,1058.78
PAY_02631,ORD_02631,UPI,124.68
PAY_02632,ORD_02632,Credit Card,134.28
PAY_02633,ORD_02633,Debit Card,117.83
PAY_02634,ORD_02634,Credit Card,184.45
PAY_02635,ORD_02635,Debit Card,234.76
PAY_02636,ORD_02636,Cash,156.54
PAY_02637,ORD_02637,UPI,157.11
PAY_02638,ORD_02638,Cash,220.97
PAY_02639,ORD_02639,UPI,157.44
PAY_02640,ORD_02640,Credit Card,257.89
PAY_02641,ORD_02641,Cash,379.73
PAY_02642,ORD_02642,Credit Card,286.21
PAY_02643,ORD_02643,UPI,321.84
PAY_02644,ORD_02644,UPI,372.48
PAY_02645,ORD_02645,Debit Card,226.9
PAY_02646,ORD_02646,UPI,192.48
PAY_02647,ORD_02647,Debit Card,137.43
PAY_02648,ORD_02648,Debit Card,175.03
PAY_02649,ORD_02649,Cash,160.99
PAY_02650,ORD_02650,UPI,284.81
PAY_02651,ORD_02651,UPI,260.41
PAY_02652,ORD_02652,UPI,304.88
PAY_02653,ORD_02653,Credit Card,113.98
PAY_02654,ORD_02654,UPI,458.82
PAY_02655,ORD_02655,UPI,167.85
PAY_02656,ORD_02656,Cash,108.85
PAY_02657,ORD_02657,Credit Card,170.15
PAY_02658,ORD_02658,UPI,747.88
PAY_02659,ORD_02659,Credit Card,167.6
PAY_02660,ORD_02660,Credit Card,175.07
PAY_02661,ORD_02661,Credit Card,185.04
PAY_02662,ORD_02662,Credit Card,195.61
PAY_02663,ORD_02663,Credit Card,139.86
PAY_02664,ORD_02664,UPI,236.93
PAY_02665,ORD_02665,UPI,354.79
PAY_02666,ORD_02666,Debit Card,247.22
PAY_02667,ORD_02667,Credit Card,105.46
PAY_02668,ORD_02668,Cash,171.1
PAY_02669,ORD_02669,UPI,146.93
PAY_02670,ORD_02670,UPI,212.92
PAY_02671,ORD_02671,UPI,422.89
PAY_02672,ORD_02672,UPI,176.24
PAY_02673,ORD_02673,UPI,197.81
PAY_02674,ORD_02674,UPI,538.07
PAY_02675,ORD_02675,Credit Card,337.58
PAY_02676,ORD_02676,UPI,277.68
PAY_02677,ORD_02677,UPI,592.25
PAY_02678,ORD_02678,Credit Card,269.27
PAY_02679,ORD_02679,Cash,113.7
PAY_02680,ORD_02680,UPI,331.13
PAY_02681,ORD_02681,UPI,116.96
PAY_02682,ORD_02682,Credit Card,270.1
PAY_02683,ORD_02683,UPI,109.01
PAY_02684,ORD_02684,UPI,166.86
PAY_02685,ORD_02685,Cash,163.7
PAY_02686,ORD_02686,Debit Card,137.47
PAY_02687,ORD_02687,Debit Card,164.82
PAY_02688,ORD_02688,UPI,347.64
PAY_02689,ORD_02689,UPI,144.98
PAY_02690,ORD_02690,Credit Card,261.48
PAY_02691,ORD_02691,Debit Card,126.92
PAY_02692,ORD_02692,Credit Card,184.05
PAY_02693,ORD_02693,UPI,257.91
PAY_02694,ORD_02694,UPI,122.92
PAY_02695,ORD_02695,UPI,116.74
PAY_02696,ORD_02696,Cash,259.86
PAY_02697,ORD_02697,Credit Card,386.25
PAY_02698,ORD_02698,UPI,197.14
PAY_02699,ORD_02699,Cash,145.28
PAY_02700,ORD_02700,Cash,228.73
PAY_02701,ORD_02701,Credit Card,211.17
PAY_02702,ORD_02702,Credit Card,246.68
PAY_02703,ORD_02703,UPI,117.57
PAY_02704,ORD_02704,UPI,122.25
PAY_02705,ORD_02705,Credit Card,129.06
PAY_02706,ORD_02706,Debit Card,236.7
PAY_02707,ORD_02707,Credit Card,232.47
PAY_02708,ORD_02708,UPI,300.18
PAY_02709,ORD_02709,Credit Card,248.38
PAY_02710,ORD_02710,Debit Card,119.43
PAY_02711,ORD_02711,Debit Card,466.12
PAY_02712,ORD_02712,UPI,420.33
PAY_02713,ORD_02713,Cash,122.26
PAY_02714,ORD_02714,UPI,233.84
PAY_02715,ORD_02715,UPI,144.82
PAY_02716,ORD_02716,Cash,232.48
PAY_02717,ORD_02717,Credit Card,378.64
PAY_02718,ORD_02718,Debit Card,657.99
PAY_02719,ORD_02719,UPI,295.57
PAY_02720,ORD_02720,Credit Card,236.34
PAY_02721,ORD_02721,Cash,178.95
PAY_02722,ORD_02722,UPI,212.02
PAY_02723,ORD_02723,UPI,436.8
PAY_02724,ORD_02724,UPI,201.43
PAY_02725,ORD_02725,UPI,125.23
PAY_02726,ORD_02726,Credit Card,133.83
PAY_02727,ORD_02727,UPI,249.66
PAY_02728,ORD_02728,Credit Card,246.47
PAY_02729,ORD_02729,UPI,137.35
PAY_02730,ORD_02730,Credit Card,340.6
PAY_02731,ORD_02731,UPI,168.7
PAY_02732,ORD_02732,Credit Card,184.34
PAY_02733,ORD_02733,Debit Card,218.06
PAY_02734,ORD_02734,Credit Card,168.39
PAY_02735,ORD_02735,Debit Card,244.34
PAY_02736,ORD_02736,Cash,393.73
PAY_02737,ORD_02737,Debit Card,111.34
PAY_02738,ORD_02738,Cash,243.04
PAY_02739,ORD_02739,UPI,218.63
PAY_02740,ORD_02740,Credit Card,230.66
PAY_02741,ORD_02741,UPI,328.26
PAY_02742,ORD_02742,Debit Card,203.76
PAY_02743,ORD_02743,Debit Card,246.9
PAY_02744,ORD_02744,UPI,303.12
PAY_02745,ORD_02745,Credit Card,161.86
PAY_02746,ORD_02746,Debit Card,261.82
PAY_02747,ORD_02747,Credit Card,186.16
PAY_02748,ORD_02748,UPI,196.79
PAY_02749,ORD_02749,UPI,159.32
PAY_02750,ORD_02750,Debit Card,263.5
PAY_02751,ORD_02751,UPI,220.57
PAY_02752,ORD_02752,Credit Card,266.28
PAY_02753,ORD_02753,Cash,201.6
PAY_02754,ORD_02754,UPI,118.89
PAY_02755,ORD_02755,Debit Card,207.35
PAY_02756,ORD_02756,Debit Card,225.01
PAY_02757,ORD_02757,UPI,233.81
PAY_02758,ORD_02758,Cash,153.72
PAY_02759,ORD_02759,UPI,111.43
PAY_02760,ORD_02760,UPI,284.88
PAY_02761,ORD_02761,Debit Card,196.04
PAY_02762,ORD_02762,Credit Card,215.99
PAY_02763,ORD_02763,UPI,176.87
PAY_02764,ORD_02764,UPI,201.31
PAY_02765,ORD_02765,UPI,162.04
PAY_02766,ORD_02766,Cash,130.25
PAY_02767,ORD_02767,UPI,259.19
PAY_02768,ORD_02768,Debit Card,157.31
PAY_02769,ORD_02769,UPI,244.5
PAY_02770,ORD_02770,Credit Card,256.77
PAY_02771,ORD_02771,Credit Card,155.65
PAY_02772,ORD_02772,UPI,119.09
PAY_02773,ORD_02773,UPI,734.45
PAY_02774,ORD_02774,UPI,166.87
PAY_02775,ORD_02775,Credit Card,277.12
PAY_02776,ORD_02776,Cash,601.34
PAY_02777,ORD_02777,Cash,291.64
PAY_02778,ORD_02778,UPI,173.36
PAY_02779,ORD_02779,Debit Card,204.23
PAY_02780,ORD_02780,UPI,144.59
PAY_02781,ORD_02781,Cash,321.96
PAY_02782,ORD_02782,Debit Card,281.04
PAY_02783,ORD_02783,Cash,166.35
PAY_02784,ORD_02784,UPI,113.59
PAY_02785,ORD_02785,Debit Card,122.18
PAY_02786,ORD_02786,Debit Card,365.32
PAY_02787,ORD_02787,UPI,215.62
PAY_02788,ORD_02788,Cash,212.3
PAY_02789,ORD_02789,UPI,134.78
PAY_02790,ORD_02790,Cash,119.32
PAY_02791,ORD_02791,Debit Card,349.42
PAY_02792,ORD_02792,Credit Card,216.6
PAY_02793,ORD_02793,UPI,351.45
PAY_02794,ORD_02794,UPI,159.41
PAY_02795,ORD_02795,Debit Card,188.8
PAY_02796,ORD_02796,Debit Card,318.07
PAY_02797,ORD_02797,Cash,314.54
PAY_02798,ORD_02798,UPI,315.59
PAY_02799,ORD_02799,Debit Card,163.93
PAY_02800,ORD_02800,Debit Card,277.15
PAY_02801,ORD_02801,Cash,376.89
PAY_02802,ORD_02802,UPI,191.59
PAY_02803,ORD_02803,UPI,166.73
PAY_02804,ORD_02804,UPI,409.27
PAY_02805,ORD_02805,Credit Card,155.61
PAY_02806,ORD_02806,Debit Card,291.37
PAY_02807,ORD_02807,UPI,187.65
PAY_02808,ORD_02808,UPI,124.73
PAY_02809,ORD_02809,Credit Card,368.11
PAY_02810,ORD_02810,UPI,110.29
PAY_02811,ORD_02811,UPI,120.74
PAY_02812,ORD_02812,UPI,270.56
PAY_02813,ORD_02813,Credit Card,252.84
PAY_02814,ORD_02814,UPI,139.67
PAY_02815,ORD_02815,Credit Card,233.55
PAY_02816,ORD_02816,UPI,105.18
PAY_02817,ORD_02817,UPI,298.3
PAY_02818,ORD_02818,Debit Card,221.82
PAY_02819,ORD_02819,Debit Card,205.35
PAY_02820,ORD_02820,UPI,211.74
PAY_02821,ORD_02821,UPI,253.81
PAY_02822,ORD_02822,UPI,215.1
PAY_02823,ORD_02823,UPI,124.45
PAY_02824,ORD_02824,Credit Card,698.89
PAY_02825,ORD_02825,Debit Card,405.58
PAY_02826,ORD_02826,UPI,114.81
PAY_02827,ORD_02827,UPI,173.56
PAY_02828,ORD_02828,UPI,182.89
PAY_02829,ORD_02829,Debit Card,379.33
PAY_02830,ORD_02830,UPI,114.21
PAY_02831,ORD_02831,UPI,175.29
PAY_02832,ORD_02832,UPI,114.68
PAY_02833,ORD_02833,Credit Card,177.3
PAY_02834,ORD_02834,Debit Card,151.65
PAY_02835,ORD_02835,UPI,227.97
PAY_02836,ORD_02836,UPI,143.75
PAY_02837,ORD_02837,UPI,139.3
PAY_02838,ORD_02838,UPI,268.0
PAY_02839,ORD_02839,Cash,245.36
PAY_02840,ORD_02840,Credit Card,269.4
PAY_02841,ORD_02841,UPI,193.81
PAY_02842,ORD_02842,UPI,155.57
PAY_02843,ORD_02843,Debit Card,198.57
PAY_02844,ORD_02844,Credit Card,281.0
PAY_02845,ORD_02845,Credit Card,117.74
PAY_02846,ORD_02846,Debit Card,260.03
PAY_02847,ORD_02847,Debit Card,248.42
PAY_02848,ORD_02848,UPI,218.73
PAY_02849,ORD_02849,UPI,192.49
PAY_02850,ORD_02850,Cash,111.58
PAY_02851,ORD_02851,UPI,171.62
PAY_02852,ORD_02852,UPI,569.53
PAY_02853,ORD_02853,Cash,215.8
PAY_02854,ORD_02854,UPI,177.52
PAY_02855,ORD_02855,Credit Card,207.03
PAY_02856,ORD_02856,Debit Card,236.76
PAY_02857,ORD_02857,UPI,286.88
PAY_02858,ORD_02858,UPI,190.27
PAY_02859,ORD_02859,UPI,264.36
PAY_02860,ORD_02860,UPI,498.99
PAY_02861,ORD_02861,UPI,380.78
PAY_02862,ORD_02862,Debit Card,765.83
PAY_02863,ORD_02863,Debit Card,148.42
PAY_02864,ORD_02864,UPI,492.81
PAY_02865,ORD_02865,UPI,135.73
PAY_02866,ORD_02866,Cash,255.51
PAY_02867,ORD_02867,UPI,321.9
PAY_02868,ORD_02868,Debit Card,165.01
PAY_02869,ORD_02869,Debit Card,197.39
PAY_02870,ORD_02870,UPI,331.44
PAY_02871,ORD_02871,UPI,144.71
PAY_02872,ORD_02872,Credit Card,481.08
PAY_02873,ORD_02873,Debit Card,122.02
PAY_02874,ORD_02874,Credit Card,562.1
PAY_02875,ORD_02875,Debit Card,354.14
PAY_02876,ORD_02876,Debit Card,193.57
PAY_02877,ORD_02877,UPI,167.2
PAY_02878,ORD_02878,Credit Card,168.94
PAY_02879,ORD_02879,UPI,184.95
PAY_02880,ORD_02880,Cash,200.88
PAY_02881,ORD_02881,Credit Card,394.31
PAY_02882,ORD_02882,UPI,619.57
PAY_02883,ORD_02883,UPI,225.39
PAY_02884,ORD_02884,UPI,121.95
PAY_02885,ORD_02885,UPI,152.55
PAY_02886,ORD_02886,UPI,170.49
PAY_02887,ORD_02887,Credit Card,116.09
PAY_02888,ORD_02888,UPI,125.65
PAY_02889,ORD_02889,Debit Card,649.13
PAY_02890,ORD_02890,UPI,230.45
PAY_02891,ORD_02891,Debit Card,134.68
PAY_02892,ORD_02892,Debit Card,319.43
PAY_02893,ORD_02893,UPI,126.1
PAY_02894,ORD_02894,UPI,126.21
PAY_02895,ORD_02895,UPI,149.11
PAY_02896,ORD_02896,Debit Card,522.73
PAY_02897,ORD_02897,Cash,184.21
PAY_02898,ORD_02898,UPI,127.05
PAY_02899,ORD_02899,Credit Card,405.69
PAY_02900,ORD_02900,Credit Card,170.96
PAY_02901,ORD_02901,UPI,113.43
PAY_02902,ORD_02902,UPI,168.19
PAY_02903,ORD_02903,UPI,254.04
PAY_02904,ORD_02904,UPI,268.99
PAY_02905,ORD_02905,UPI,562.14
PAY_02906,ORD_02906,UPI,131.17
PAY_02907,ORD_02907,Credit Card,209.5
PAY_02908,ORD_02908,Debit Card,136.84
PAY_02909,ORD_02909,UPI,118.2
PAY_02910,ORD_02910,UPI,325.0
PAY_02911,ORD_02911,UPI,269.27
PAY_02912,ORD_02912,Debit Card,245.88
PAY_02913,ORD_02913,Debit Card,269.73
PAY_02914,ORD_02914,UPI,141.4
PAY_02915,ORD_02915,UPI,122.93
PAY_02916,ORD_02916,Debit Card,200.31
PAY_02917,ORD_02917,Credit Card,399.41
PAY_02918,ORD_02918,Credit Card,494.5
PAY_02919,ORD_02919,Credit Card,327.73
PAY_02920,ORD_02920,Debit Card,205.49
PAY_02921,ORD_02921,UPI,229.88
PAY_02922,ORD_02922,UPI,195.69
PAY_02923,ORD_02923,UPI,121.63
PAY_02924,ORD_02924,Credit Card,203.51
PAY_02925,ORD_02925,Cash,117.79
PAY_02926,ORD_02926,UPI,197.76
PAY_02927,ORD_02927,Cash,498.14
PAY_02928,ORD_02928,Debit Card,338.25
PAY_02929,ORD_02929,UPI,124.57
PAY_02930,ORD_02930,Credit Card,201.77
PAY_02931,ORD_02931,UPI,129.52
PAY_02932,ORD_02932,UPI,215.98
PAY_02933,ORD_02933,UPI,353.38
PAY_02934,ORD_02934,UPI,292.58
PAY_02935,ORD_02935,Debit Card,827.15
PAY_02936,ORD_02936,Debit Card,389.39
PAY_02937,ORD_02937,UPI,237.91
PAY_02938,ORD_02938,Credit Card,306.21
PAY_02939,ORD_02939,Credit Card,199.61
PAY_02940,ORD_02940,Debit Card,128.1
PAY_02941,ORD_02941,UPI,413.6
PAY_02942,ORD_02942,UPI,329.68
PAY_02943,ORD_02943,UPI,171.65
PAY_02944,ORD_02944,Credit Card,232.43
PAY_02945,ORD_02945,Debit Card,377.58
PAY_02946,ORD_02946,UPI,306.63
PAY_02947,ORD_02947,Credit Card,111.68
PAY_02948,ORD_02948,UPI,231.99
PAY_02949,ORD_02949,Debit Card,179.16
PAY_02950,ORD_02950,Credit Card,349.23
PAY_02951,ORD_02951,Credit Card,359.03
PAY_02952,ORD_02952,Debit Card,430.42
PAY_02953,ORD_02953,UPI,125.12
PAY_02954,ORD_02954,UPI,139.6
PAY_02955,ORD_02955,Debit Card,386.19
PAY_02956,ORD_02956,Debit Card,151.37
PAY_02957,ORD_02957,UPI,115.55
PAY_02958,ORD_02958,Cash,278.97
PAY_02959,ORD_02959,UPI,151.79
PAY_02960,ORD_02960,UPI,553.07
PAY_02961,ORD_02961,UPI,237.59
PAY_02962,ORD_02962,Cash,228.53
PAY_02963,ORD_02963,UPI,179.89
PAY_02964,ORD_02964,Cash,506.46
PAY_02965,ORD_02965,Credit Card,244.53
PAY_02966,ORD_02966,UPI,168.97
PAY_02967,ORD_02967,Credit Card,143.78
PAY_02968,ORD_02968,Debit Card,217.53
PAY_02969,ORD_02969,Credit Card,121.87
PAY_02970,ORD_02970,UPI,369.89
PAY_02971,ORD_02971,UPI,117.96
PAY_02972,ORD_02972,UPI,181.34
PAY_02973,ORD_02973,UPI,285.86
PAY_02974,ORD_02974,UPI,256.05
PAY_02975,ORD_02975,Credit Card,144.76
PAY_02976,ORD_02976,UPI,293.07
PAY_02977,ORD_02977,UPI,127.94
PAY_02978,ORD_02978,UPI,206.06
PAY_02979,ORD_02979,Cash,283.31
PAY_02980,ORD_02980,Credit Card,266.41
PAY_02981,ORD_02981,Debit Card,134.21
PAY_02982,ORD_02982,UPI,369.39
PAY_02983,ORD_02983,UPI,218.16
PAY_02984,ORD_02984,Debit Card,315.32
PAY_02985,ORD_02985,Debit Card,448.32
PAY_02986,ORD_02986,UPI,377.48
PAY_02987,ORD_02987,Credit Card,365.47
PAY_02988,ORD_02988,UPI,204.76
PAY_02989,ORD_02989,UPI,331.85
PAY_02990,ORD_02990,Debit Card,231.02
PAY_02991,ORD_02991,Cash,114.81
PAY_02992,ORD_02992,UPI,260.92
PAY_02993,ORD_02993,Credit Card,239.27
PAY_02994,ORD_02994,Debit Card,299.4
PAY_02995,ORD_02995,Debit Card,182.23
PAY_02996,ORD_02996,UPI,132.91
PAY_02997,ORD_02997,Credit Card,282.03
PAY_02998,ORD_02998,Credit Card,117.31
PAY_02999,ORD_02999,UPI,438.45
PAY_03000,ORD_03000,Credit Card,180.7
PAY_03001,ORD_03001,Credit Card,235.03
PAY_03002,ORD_03002,UPI,272.31
PAY_03003,ORD_03003,UPI,272.67
PAY_03004,ORD_03004,Credit Card,124.63
PAY_03005,ORD_03005,UPI,327.87
PAY_03006,ORD_03006,Debit Card,250.72
PAY_03007,ORD_03007,UPI,160.81
PAY_03008,ORD_03008,Debit Card,142.3
PAY_03009,ORD_03009,Debit Card,176.77
PAY_03010,ORD_03010,Cash,122.89
PAY_03011,ORD_03011,UPI,493.55
PAY_03012,ORD_03012,UPI,456.06
PAY_03013,ORD_03013,Credit Card,264.68
PAY_03014,ORD_03014,UPI,181.92
PAY_03015,ORD_03015,UPI,173.81
PAY_03016,ORD_03016,Debit Card,308.55
PAY_03017,ORD_03017,UPI,542.47
PAY_03018,ORD_03018,Credit Card,145.39
PAY_03019,ORD_03019,Debit Card,110.08
PAY_03020,ORD_03020,UPI,481.8
PAY_03021,ORD_03021,Debit Card,110.76
PAY_03022,ORD_03022,UPI,133.67
PAY_03023,ORD_03023,UPI,175.89
PAY_03024,ORD_03024,UPI,115.36
PAY_03025,ORD_03025,Credit Card,382.66
PAY_03026,ORD_03026,UPI,319.21
PAY_03027,ORD_03027,Cash,168.85
PAY_03028,ORD_03028,Credit Card,377.28
PAY_03029,ORD_03029,Debit Card,438.83
PAY_03030,ORD_03030,UPI,199.51
PAY_03031,ORD_03031,Debit Card,164.73
PAY_03032,ORD_03032,Credit Card,714.39
PAY_03033,ORD_03033,UPI,309.71
PAY_03034,ORD_03034,Debit Card,233.6
PAY_03035,ORD_03035,Cash,437.0
PAY_03036,ORD_03036,UPI,250.4
PAY_03037,ORD_03037,Debit Card,156.27
PAY_03038,ORD_03038,Cash,202.5
PAY_03039,ORD_03039,UPI,372.83
PAY_03040,ORD_03040,UPI,125.48
PAY_03041,ORD_03041,Debit Card,190.87
PAY_03042,ORD_03042,Cash,445.04
PAY_03043,ORD_03043,Cash,138.67
PAY_03044,ORD_03044,UPI,453.36
PAY_03045,ORD_03045,Debit Card,447.62
PAY_03046,ORD_03046,Credit Card,198.35
PAY_03047,ORD_03047,UPI,142.55
PAY_03048,ORD_03048,Debit Card,176.59
PAY_03049,ORD_03049,Debit Card,843.08
PAY_03050,ORD_03050,Credit Card,540.63
PAY_03051,ORD_03051,UPI,239.61
PAY_03052,ORD_03052,UPI,145.79
PAY_03053,ORD_03053,UPI,205.43
PAY_03054,ORD_03054,Credit Card,238.6
PAY_03055,ORD_03055,Debit Card,117.68
PAY_03056,ORD_03056,UPI,217.78
PAY_03057,ORD_03057,Debit Card,417.29
PAY_03058,ORD_03058,UPI,118.17
PAY_03059,ORD_03059,UPI,318.76
PAY_03060,ORD_03060,UPI,438.59
PAY_03061,ORD_03061,UPI,150.46
PAY_03062,ORD_03062,Credit Card,532.34
PAY_03063,ORD_03063,UPI,143.68
PAY_03064,ORD_03064,Credit Card,275.83
PAY_03065,ORD_03065,Credit Card,157.09
PAY_03066,ORD_03066,Cash,174.17
PAY_03067,ORD_03067,UPI,144.82
PAY_03068,ORD_03068,Debit Card,289.02
PAY_03069,ORD_03069,UPI,339.05
PAY_03070,ORD_03070,UPI,197.52
PAY_03071,ORD_03071,UPI,114.99
PAY_03072,ORD_03072,UPI,273.94
PAY_03073,ORD_03073,UPI,248.59
PAY_03074,ORD_03074,UPI,178.69
PAY_03075,ORD_03075,UPI,593.27
PAY_03076,ORD_03076,Debit Card,117.3
PAY_03077,ORD_03077,Credit Card,120.6
PAY_03078,ORD_03078,UPI,131.22
PAY_03079,ORD_03079,UPI,308.52
PAY_03080,ORD_03080,UPI,113.09
PAY_03081,ORD_03081,UPI,123.12
PAY_03082,ORD_03082,Cash,341.81
PAY_03083,ORD_03083,Credit Card,256.49
PAY_03084,ORD_03084,UPI,243.52
PAY_03085,ORD_03085,UPI,294.42
PAY_03086,ORD_03086,UPI,173.56
PAY_03087,ORD_03087,UPI,173.13
PAY_03088,ORD_03088,Credit Card,318.18
PAY_03089,ORD_03089,Credit Card,118.08
PAY_03090,ORD_03090,Credit Card,126.18
PAY_03091,ORD_03091,Debit Card,168.06
PAY_03092,ORD_03092,UPI,313.08
PAY_03093,ORD_03093,UPI,244.41
PAY_03094,ORD_03094,Debit Card,327.68
PAY_03095,ORD_03095,UPI,113.8
PAY_03096,ORD_03096,Credit Card,238.47
PAY_03097,ORD_03097,Debit Card,301.24
PAY_03098,ORD_03098,Cash,116.09
PAY_03099,ORD_03099,Credit Card,334.57
PAY_03100,ORD_03100,Debit Card,183.16
PAY_03101,ORD_03101,Credit Card,1075.76
PAY_03102,ORD_03102,UPI,108.99
PAY_03103,ORD_03103,Cash,409.42
PAY_03104,ORD_03104,Debit Card,170.43
PAY_03105,ORD_03105,Debit Card,112.88
PAY_03106,ORD_03106,UPI,157.0
PAY_03107,ORD_03107,Cash,219.19
PAY_03108,ORD_03108,UPI,352.77
PAY_03109,ORD_03109,Debit Card,501.21
PAY_03110,ORD_03110,UPI,456.86
PAY_03111,ORD_03111,UPI,140.0
PAY_03112,ORD_03112,UPI,378.11
PAY_03113,ORD_03113,Credit Card,259.29
PAY_03114,ORD_03114,Debit Card,150.74
PAY_03115,ORD_03115,UPI,191.34
PAY_03116,ORD_03116,Debit Card,133.7
PAY_03117,ORD_03117,Debit Card,206.79
PAY_03118,ORD_03118,Debit Card,138.44
PAY_03119,ORD_03119,Credit Card,118.98
PAY_03120,ORD_03120,Debit Card,266.8
PAY_03121,ORD_03121,Debit Card,280.0
PAY_03122,ORD_03122,Credit Card,178.19
PAY_03123,ORD_03123,Debit Card,409.31
PAY_03124,ORD_03124,UPI,182.65
PAY_03125,ORD_03125,Credit Card,191.48
PAY_03126,ORD_03126,UPI,294.27
PAY_03127,ORD_03127,Debit Card,197.25
PAY_03128,ORD_03128,UPI,214.98
PAY_03129,ORD_03129,UPI,121.24
PAY_03130,ORD_03130,UPI,220.74
PAY_03131,ORD_03131,UPI,118.77
PAY_03132,ORD_03132,Cash,129.75
PAY_03133,ORD_03133,Cash,113.63
PAY_03134,ORD_03134,Debit Card,110.08
PAY_03135,ORD_03135,UPI,167.39
PAY_03136,ORD_03136,UPI,166.76
PAY_03137,ORD_03137,UPI,296.72
PAY_03138,ORD_03138,Debit Card,223.92
PAY_03139,ORD_03139,UPI,116.32
PAY_03140,ORD_03140,Debit Card,222.26
PAY_03141,ORD_03141,Debit Card,240.56
PAY_03142,ORD_03142,UPI,163.27
PAY_03143,ORD_03143,Credit Card,199.2
PAY_03144,ORD_03144,UPI,214.88
PAY_03145,ORD_03145,UPI,324.83
PAY_03146,ORD_03146,Credit Card,131.54
PAY_03147,ORD_03147,Debit Card,189.77
PAY_03148,ORD_03148,Cash,436.42
PAY_03149,ORD_03149,UPI,461.67
PAY_03150,ORD_03150,UPI,312.23
PAY_03151,ORD_03151,Credit Card,276.79
PAY_03152,ORD_03152,UPI,471.13
PAY_03153,ORD_03153,UPI,556.41
PAY_03154,ORD_03154,Debit Card,207.6
PAY_03155,ORD_03155,Debit Card,122.58
PAY_03156,ORD_03156,Debit Card,173.9
PAY_03157,ORD_03157,Debit Card,1141.84
PAY_03158,ORD_03158,UPI,126.0
PAY_03159,ORD_03159,Debit Card,157.46
PAY_03160,ORD_03160,UPI,125.91
PAY_03161,ORD_03161,Cash,224.65
PAY_03162,ORD_03162,Cash,122.42
PAY_03163,ORD_03163,Debit Card,184.95
PAY_03164,ORD_03164,Credit Card,114.31
PAY_03165,ORD_03165,Credit Card,283.47
PAY_03166,ORD_03166,UPI,390.77
PAY_03167,ORD_03167,UPI,172.43
PAY_03168,ORD_03168,UPI,200.34
PAY_03169,ORD_03169,UPI,194.29
PAY_03170,ORD_03170,Credit Card,239.19
PAY_03171,ORD_03171,UPI,203.89
PAY_03172,ORD_03172,UPI,319.95
PAY_03173,ORD_03173,UPI,411.64
PAY_03174,ORD_03174,Credit Card,142.21
PAY_03175,ORD_03175,Credit Card,180.24
PAY_03176,ORD_03176,UPI,345.79
PAY_03177,ORD_03177,UPI,113.35
PAY_03178,ORD_03178,Debit Card,128.75
PAY_03179,ORD_03179,UPI,236.09
PAY_03180,ORD_03180,Debit Card,264.34
PAY_03181,ORD_03181,Credit Card,144.65
PAY_03182,ORD_03182,UPI,149.23
PAY_03183,ORD_03183,Debit Card,143.22
PAY_03184,ORD_03184,UPI,128.05
PAY_03185,ORD_03185,Credit Card,298.55
PAY_03186,ORD_03186,Credit Card,113.8
PAY_03187,ORD_03187,UPI,184.96
PAY_03188,ORD_03188,Credit Card,130.32
PAY_03189,ORD_03189,Credit Card,125.67
PAY_03190,ORD_03190,Cash,331.19
PAY_03191,ORD_03191,Debit Card,160.63
PAY_03192,ORD_03192,UPI,221.73
PAY_03193,ORD_03193,Debit Card,120.42
PAY_03194,ORD_03194,UPI,144.38
PAY_03195,ORD_03195,Debit Card,300.59
PAY_03196,ORD_03196,Debit Card,821.62
PAY_03197,ORD_03197,Credit Card,116.0
PAY_03198,ORD_03198,UPI,200.8
PAY_03199,ORD_03199,Credit Card,258.25
PAY_03200,ORD_03200,Cash,151.03
PAY_03201,ORD_03201,Credit Card,344.55
PAY_03202,ORD_03202,Debit Card,131.52
PAY_03203,ORD_03203,UPI,221.47
PAY_03204,ORD_03204,UPI,165.5
PAY_03205,ORD_03205,UPI,410.97
PAY_03206,ORD_03206,UPI,148.54
PAY_03207,ORD_03207,UPI,165.24
PAY_03208,ORD_03208,Debit Card,330.45
PAY_03209,ORD_03209,UPI,116.92
PAY_03210,ORD_03210,Credit Card,216.27
PAY_03211,ORD_03211,UPI,113.82
PAY_03212,ORD_03212,Cash,113.39
PAY_03213,ORD_03213,Debit Card,266.61
PAY_03214,ORD_03214,UPI,133.75
PAY_03215,ORD_03215,Credit Card,152.4
PAY_03216,ORD_03216,Debit Card,284.22
PAY_03217,ORD_03217,UPI,155.73
PAY_03218,ORD_03218,Credit Card,322.24
PAY_03219,ORD_03219,UPI,226.94
PAY_03220,ORD_03220,UPI,255.02
PAY_03221,ORD_03221,UPI,383.07
PAY_03222,ORD_03222,Cash,254.49
PAY_03223,ORD_03223,Cash,463.73
PAY_03224,ORD_03224,Cash,336.1
PAY_03225,ORD_03225,UPI,160.13
PAY_03226,ORD_03226,Debit Card,421.83
PAY_03227,ORD_03227,Debit Card,235.19
PAY_03228,ORD_03228,UPI,161.24
PAY_03229,ORD_03229,UPI,239.56
PAY_03230,ORD_03230,Debit Card,386.41
PAY_03231,ORD_03231,UPI,253.75
PAY_03232,ORD_03232,Credit Card,522.58
PAY_03233,ORD_03233,Credit Card,387.93
PAY_03234,ORD_03234,Credit Card,263.19
PAY_03235,ORD_03235,Debit Card,124.91
PAY_03236,ORD_03236,UPI,188.96
PAY_03237,ORD_03237,UPI,221.97
PAY_03238,ORD_03238,Debit Card,287.08
PAY_03239,ORD_03239,Debit Card,309.61
PAY_03240,ORD_03240,Credit Card,212.89
PAY_03241,ORD_03241,UPI,214.04
PAY_03242,ORD_03242,UPI,294.44
PAY_03243,ORD_03243,Debit Card,146.7
PAY_03244,ORD_03244,UPI,491.65
PAY_03245,ORD_03245,Credit Card,123.46
PAY_03246,ORD_03246,UPI,426.67
PAY_03247,ORD_03247,Credit Card,193.88
PAY_03248,ORD_03248,UPI,367.75
PAY_03249,ORD_03249,UPI,252.71
PAY_03250,ORD_03250,Debit Card,253.76
PAY_03251,ORD_03251,Debit Card,271.91
PAY_03252,ORD_03252,UPI,317.94
PAY_03253,ORD_03253,UPI,160.55
PAY_03254,ORD_03254,Credit Card,347.84
PAY_03255,ORD_03255,Credit Card,117.6
PAY_03256,ORD_03256,Debit Card,194.34
PAY_03257,ORD_03257,UPI,322.96
PAY_03258,ORD_03258,UPI,345.73
PAY_03259,ORD_03259,UPI,287.21
PAY_03260,ORD_03260,UPI,167.68
PAY_03261,ORD_03261,UPI,318.6
PAY_03262,ORD_03262,Cash,156.51
PAY_03263,ORD_03263,UPI,511.29
PAY_03264,ORD_03264,UPI,192.41
PAY_03265,ORD_03265,UPI,116.11
PAY_03266,ORD_03266,Cash,113.6
PAY_03267,ORD_03267,Cash,212.98
PAY_03268,ORD_03268,Credit Card,224.38
PAY_03269,ORD_03269,UPI,560.85
PAY_03270,ORD_03270,UPI,120.09
PAY_03271,ORD_03271,UPI,214.56
PAY_03272,ORD_03272,UPI,134.3
PAY_03273,ORD_03273,Debit Card,160.63
PAY_03274,ORD_03274,Cash,480.26
PAY_03275,ORD_03275,UPI,124.46
PAY_03276,ORD_03276,UPI,292.65
PAY_03277,ORD_03277,Cash,250.89
PAY_03278,ORD_03278,Debit Card,190.63
PAY_03279,ORD_03279,Debit Card,270.94
PAY_03280,ORD_03280,Cash,121.49
PAY_03281,ORD_03281,UPI,481.83
PAY_03282,ORD_03282,Credit Card,543.74
PAY_03283,ORD_03283,Debit Card,225.04
PAY_03284,ORD_03284,Credit Card,734.6
PAY_03285,ORD_03285,UPI,164.33
PAY_03286,ORD_03286,Debit Card,237.9
PAY_03287,ORD_03287,Debit Card,432.13
PAY_03288,ORD_03288,UPI,164.97
PAY_03289,ORD_03289,UPI,119.17
PAY_03290,ORD_03290,UPI,125.1
PAY_03291,ORD_03291,Debit Card,619.59
PAY_03292,ORD_03292,UPI,157.69
PAY_03293,ORD_03293,UPI,192.03
PAY_03294,ORD_03294,UPI,119.34
PAY_03295,ORD_03295,Credit Card,357.96
PAY_03296,ORD_03296,UPI,123.28
PAY_03297,ORD_03297,UPI,148.02
PAY_03298,ORD_03298,Debit Card,236.05
PAY_03299,ORD_03299,UPI,125.43
PAY_03300,ORD_03300,UPI,182.58
PAY_03301,ORD_03301,UPI,445.3
PAY_03302,ORD_03302,UPI,258.88
PAY_03303,ORD_03303,UPI,214.3
PAY_03304,ORD_03304,Debit Card,239.86
PAY_03305,ORD_03305,UPI,164.53
PAY_03306,ORD_03306,Debit Card,599.29
PAY_03307,ORD_03307,UPI,131.55
PAY_03308,ORD_03308,UPI,223.52
PAY_03309,ORD_03309,Debit Card,224.87
PAY_03310,ORD_03310,UPI,377.03
PAY_03311,ORD_03311,Cash,377.99
PAY_03312,ORD_03312,Credit Card,201.47
PAY_03313,ORD_03313,Debit Card,245.59
PAY_03314,ORD_03314,Credit Card,233.39
PAY_03315,ORD_03315,UPI,115.69
PAY_03316,ORD_03316,UPI,114.08
PAY_03317,ORD_03317,UPI,146.32
PAY_03318,ORD_03318,Credit Card,157.38
PAY_03319,ORD_03319,Credit Card,118.57
PAY_03320,ORD_03320,Cash,306.31
PAY_03321,ORD_03321,Debit Card,213.6
PAY_03322,ORD_03322,Debit Card,177.06
PAY_03323,ORD_03323,UPI,115.2
PAY_03324,ORD_03324,UPI,214.11
PAY_03325,ORD_03325,UPI,120.15
PAY_03326,ORD_03326,Credit Card,187.95
PAY_03327,ORD_03327,UPI,211.96
PAY_03328,ORD_03328,UPI,241.44
PAY_03329,ORD_03329,Credit Card,110.92
PAY_03330,ORD_03330,UPI,239.62
PAY_03331,ORD_03331,Debit Card,106.76
PAY_03332,ORD_03332,Credit Card,129.37
PAY_03333,ORD_03333,UPI,305.8
PAY_03334,ORD_03334,Cash,601.49
PAY_03335,ORD_03335,Credit Card,201.09
PAY_03336,ORD_03336,UPI,141.03
PAY_03337,ORD_03337,UPI,225.8
PAY_03338,ORD_03338,Cash,324.75
PAY_03339,ORD_03339,Cash,268.79
PAY_03340,ORD_03340,UPI,849.12
PAY_03341,ORD_03341,Debit Card,144.18
PAY_03342,ORD_03342,Credit Card,232.18
PAY_03343,ORD_03343,UPI,488.95
PAY_03344,ORD_03344,Debit Card,440.69
PAY_03345,ORD_03345,UPI,115.86
PAY_03346,ORD_03346,UPI,193.89
PAY_03347,ORD_03347,UPI,434.88
PAY_03348,ORD_03348,Credit Card,957.22
PAY_03349,ORD_03349,Debit Card,301.8
PAY_03350,ORD_03350,Credit Card,156.77
PAY_03351,ORD_03351,UPI,122.55
PAY_03352,ORD_03352,Debit Card,646.46
PAY_03353,ORD_03353,UPI,301.66
PAY_03354,ORD_03354,Cash,140.49
PAY_03355,ORD_03355,UPI,185.24
PAY_03356,ORD_03356,UPI,246.64
PAY_03357,ORD_03357,Credit Card,290.11
PAY_03358,ORD_03358,Credit Card,116.87
PAY_03359,ORD_03359,UPI,159.45
PAY_03360,ORD_03360,UPI,126.44
PAY_03361,ORD_03361,Cash,352.5
PAY_03362,ORD_03362,UPI,174.54
PAY_03363,ORD_03363,UPI,249.93
PAY_03364,ORD_03364,Credit Card,456.97
PAY_03365,ORD_03365,UPI,233.45
PAY_03366,ORD_03366,UPI,187.46
PAY_03367,ORD_03367,UPI,248.92
PAY_03368,ORD_03368,Debit Card,223.08
PAY_03369,ORD_03369,UPI,403.97
PAY_03370,ORD_03370,Credit Card,230.4
PAY_03371,ORD_03371,UPI,161.26
PAY_03372,ORD_03372,Credit Card,348.67
PAY_03373,ORD_03373,Credit Card,413.26
PAY_03374,ORD_03374,UPI,117.79
PAY_03375,ORD_03375,UPI,481.24
PAY_03376,ORD_03376,Credit Card,242.27
PAY_03377,ORD_03377,Debit Card,245.24
PAY_03378,ORD_03378,UPI,342.57
PAY_03379,ORD_03379,Credit Card,158.64
PAY_03380,ORD_03380,Debit Card,328.49
PAY_03381,ORD_03381,UPI,176.82
PAY_03382,ORD_03382,Cash,123.61
PAY_03383,ORD_03383,Debit Card,114.05
PAY_03384,ORD_03384,UPI,271.27
PAY_03385,ORD_03385,UPI,119.63
PAY_03386,ORD_03386,UPI,483.75
PAY_03387,ORD_03387,UPI,376.42
PAY_03388,ORD_03388,Credit Card,397.97
PAY_03389,ORD_03389,UPI,228.9
PAY_03390,ORD_03390,UPI,247.78
PAY_03391,ORD_03391,Cash,129.37
PAY_03392,ORD_03392,UPI,340.12
PAY_03393,ORD_03393,Debit Card,271.53
PAY_03394,ORD_03394,Credit Card,266.23
PAY_03395,ORD_03395,UPI,526.93
PAY_03396,ORD_03396,Debit Card,160.59
PAY_03397,ORD_03397,UPI,202.66
PAY_03398,ORD_03398,Debit Card,246.83
PAY_03399,ORD_03399,Debit Card,129.96
PAY_03400,ORD_03400,UPI,192.9
PAY_03401,ORD_03401,UPI,287.55
PAY_03402,ORD_03402,UPI,178.2
PAY_03403,ORD_03403,Debit Card,425.57
PAY_03404,ORD_03404,Debit Card,121.94
PAY_03405,ORD_03405,UPI,361.63
PAY_03406,ORD_03406,UPI,296.79
PAY_03407,ORD_03407,UPI,163.56
PAY_03408,ORD_03408,UPI,127.65
PAY_03409,ORD_03409,UPI,118.25
PAY_03410,ORD_03410,UPI,146.69
PAY_03411,ORD_03411,UPI,337.92
PAY_03412,ORD_03412,Debit Card,211.63
PAY_03413,ORD_03413,UPI,383.89
PAY_03414,ORD_03414,UPI,148.27
PAY_03415,ORD_03415,UPI,297.89
PAY_03416,ORD_03416,UPI,143.05
PAY_03417,ORD_03417,UPI,129.2
PAY_03418,ORD_03418,UPI,205.32
PAY_03419,ORD_03419,UPI,147.22
PAY_03420,ORD_03420,Debit Card,114.58
PAY_03421,ORD_03421,UPI,183.04
PAY_03422,ORD_03422,UPI,229.65
PAY_03423,ORD_03423,Debit Card,402.54
PAY_03424,ORD_03424,UPI,318.37
PAY_03425,ORD_03425,Cash,411.09
PAY_03426,ORD_03426,Cash,287.82
PAY_03427,ORD_03427,Debit Card,261.11
PAY_03428,ORD_03428,UPI,121.57
PAY_03429,ORD_03429,UPI,224.16
PAY_03430,ORD_03430,Debit Card,277.99
PAY_03431,ORD_03431,UPI,428.38
PAY_03432,ORD_03432,UPI,320.02
PAY_03433,ORD_03433,UPI,407.06
PAY_03434,ORD_03434,Credit Card,118.03
PAY_03435,ORD_03435,Debit Card,168.44
PAY_03436,ORD_03436,Credit Card,262.72
PAY_03437,ORD_03437,Credit Card,370.54
PAY_03438,ORD_03438,Debit Card,195.61
PAY_03439,ORD_03439,Debit Card,186.47
PAY_03440,ORD_03440,Cash,310.7
PAY_03441,ORD_03441,UPI,124.77
PAY_03442,ORD_03442,Cash,467.98
PAY_03443,ORD_03443,UPI,118.54
PAY_03444,ORD_03444,UPI,108.97
PAY_03445,ORD_03445,Credit Card,204.56
PAY_03446,ORD_03446,UPI,496.16
PAY_03447,ORD_03447,UPI,262.8
PAY_03448,ORD_03448,Cash,302.24
PAY_03449,ORD_03449,UPI,206.38
PAY_03450,ORD_03450,Cash,185.87
PAY_03451,ORD_03451,Credit Card,114.72
PAY_03452,ORD_03452,Cash,115.04
PAY_03453,ORD_03453,Debit Card,238.75
PAY_03454,ORD_03454,Credit Card,404.43
PAY_03455,ORD_03455,Credit Card,235.46
PAY_03456,ORD_03456,Cash,287.12
PAY_03457,ORD_03457,Credit Card,496.56
PAY_03458,ORD_03458,UPI,230.25
PAY_03459,ORD_03459,Cash,184.46
PAY_03460,ORD_03460,UPI,121.78
PAY_03461,ORD_03461,UPI,642.1
PAY_03462,ORD_03462,Debit Card,280.81
PAY_03463,ORD_03463,UPI,120.46
PAY_03464,ORD_03464,UPI,104.52
PAY_03465,ORD_03465,Credit Card,424.24
PAY_03466,ORD_03466,UPI,115.45
PAY_03467,ORD_03467,Credit Card,569.95
PAY_03468,ORD_03468,Credit Card,123.48
PAY_03469,ORD_03469,UPI,431.33
PAY_03470,ORD_03470,Cash,282.93
PAY_03471,ORD_03471,Debit Card,229.71
PAY_03472,ORD_03472,Credit Card,187.33
PAY_03473,ORD_03473,Credit Card,579.8
PAY_03474,ORD_03474,Debit Card,298.13
PAY_03475,ORD_03475,UPI,132.15
PAY_03476,ORD_03476,Credit Card,122.34
PAY_03477,ORD_03477,Credit Card,219.09
PAY_03478,ORD_03478,UPI,201.39
PAY_03479,ORD_03479,Cash,113.84
PAY_03480,ORD_03480,UPI,209.99
PAY_03481,ORD_03481,UPI,145.12
PAY_03482,ORD_03482,Cash,210.42
PAY_03483,ORD_03483,Cash,306.63
PAY_03484,ORD_03484,Debit Card,434.41
PAY_03485,ORD_03485,Credit Card,350.81
PAY_03486,ORD_03486,Credit Card,148.44
PAY_03487,ORD_03487,UPI,256.4
PAY_03488,ORD_03488,UPI,221.89
PAY_03489,ORD_03489,Credit Card,122.5
PAY_03490,ORD_03490,UPI,245.76
PAY_03491,ORD_03491,Debit Card,545.68
PAY_03492,ORD_03492,UPI,196.53
PAY_03493,ORD_03493,Debit Card,125.7
PAY_03494,ORD_03494,UPI,207.33
PAY_03495,ORD_03495,UPI,110.78
PAY_03496,ORD_03496,UPI,319.74
PAY_03497,ORD_03497,Credit Card,262.04
PAY_03498,ORD_03498,Credit Card,186.48
PAY_03499,ORD_03499,Cash,170.85
PAY_03500,ORD_03500,UPI,179.57
PAY_03501,ORD_03501,Credit Card,203.69
PAY_03502,ORD_03502,Debit Card,129.77
PAY_03503,ORD_03503,UPI,119.79
PAY_03504,ORD_03504,Debit Card,361.07
PAY_03505,ORD_03505,UPI,175.51
PAY_03506,ORD_03506,Credit Card,226.86
PAY_03507,ORD_03507,Credit Card,241.33
PAY_03508,ORD_03508,UPI,251.57
PAY_03509,ORD_03509,UPI,112.38
PAY_03510,ORD_03510,Credit Card,114.26
PAY_03511,ORD_03511,UPI,149.69
PAY_03512,ORD_03512,UPI,238.65
PAY_03513,ORD_03513,UPI,135.78
PAY_03514,ORD_03514,Credit Card,177.79
PAY_03515,ORD_03515,Debit Card,619.8
PAY_03516,ORD_03516,UPI,120.06
PAY_03517,ORD_03517,UPI,136.25
PAY_03518,ORD_03518,Debit Card,577.11
PAY_03519,ORD_03519,Credit Card,210.81
PAY_03520,ORD_03520,Debit Card,131.03
PAY_03521,ORD_03521,UPI,375.07
PAY_03522,ORD_03522,Cash,202.04
PAY_03523,ORD_03523,UPI,170.21
PAY_03524,ORD_03524,UPI,214.0
PAY_03525,ORD_03525,Credit Card,138.52
PAY_03526,ORD_03526,Cash,126.93
PAY_03527,ORD_03527,UPI,201.94
PAY_03528,ORD_03528,Debit Card,136.79
PAY_03529,ORD_03529,UPI,206.98
PAY_03530,ORD_03530,UPI,256.27
PAY_03531,ORD_03531,UPI,329.16
PAY_03532,ORD_03532,Credit Card,397.97
PAY_03533,ORD_03533,UPI,159.54
PAY_03534,ORD_03534,UPI,272.42
PAY_03535,ORD_03535,UPI,270.22
PAY_03536,ORD_03536,Credit Card,250.65
PAY_03537,ORD_03537,UPI,159.12
PAY_03538,ORD_03538,UPI,122.37
PAY_03539,ORD_03539,UPI,277.2
PAY_03540,ORD_03540,UPI,117.38
PAY_03541,ORD_03541,Debit Card,185.55
PAY_03542,ORD_03542,UPI,123.66
PAY_03543,ORD_03543,Credit Card,118.44
PAY_03544,ORD_03544,UPI,131.49
PAY_03545,ORD_03545,Debit Card,369.13
PAY_03546,ORD_03546,Debit Card,312.66
PAY_03547,ORD_03547,UPI,171.93
PAY_03548,ORD_03548,UPI,310.51
PAY_03549,ORD_03549,UPI,342.65
PAY_03550,ORD_03550,UPI,185.12
PAY_03551,ORD_03551,UPI,127.6
PAY_03552,ORD_03552,UPI,198.27
PAY_03553,ORD_03553,Credit Card,186.8
PAY_03554,ORD_03554,UPI,123.07
PAY_03555,ORD_03555,UPI,248.93
PAY_03556,ORD_03556,UPI,237.25
PAY_03557,ORD_03557,Cash,253.42
PAY_03558,ORD_03558,UPI,230.22
PAY_03559,ORD_03559,UPI,320.11
PAY_03560,ORD_03560,Credit Card,194.32
PAY_03561,ORD_03561,UPI,226.54
PAY_03562,ORD_03562,Debit Card,176.81
PAY_03563,ORD_03563,Debit Card,145.34
PAY_03564,ORD_03564,UPI,433.52
PAY_03565,ORD_03565,Debit Card,119.82
PAY_03566,ORD_03566,Debit Card,341.77
PAY_03567,ORD_03567,UPI,158.57
PAY_03568,ORD_03568,Debit Card,136.11
PAY_03569,ORD_03569,Debit Card,244.33
PAY_03570,ORD_03570,UPI,128.96
PAY_03571,ORD_03571,Debit Card,126.93
PAY_03572,ORD_03572,Debit Card,131.63
PAY_03573,ORD_03573,Debit Card,185.82
PAY_03574,ORD_03574,UPI,136.08
PAY_03575,ORD_03575,UPI,505.19
PAY_03576,ORD_03576,Cash,573.32
PAY_03577,ORD_03577,Credit Card,114.82
PAY_03578,ORD_03578,Credit Card,275.35
PAY_03579,ORD_03579,Cash,303.07
PAY_03580,ORD_03580,UPI,285.41
PAY_03581,ORD_03581,UPI,143.83
PAY_03582,ORD_03582,Credit Card,182.22
PAY_03583,ORD_03583,UPI,133.09
PAY_03584,ORD_03584,Credit Card,159.29
PAY_03585,ORD_03585,Debit Card,117.96
PAY_03586,ORD_03586,UPI,196.98
PAY_03587,ORD_03587,Debit Card,120.15
PAY_03588,ORD_03588,Cash,178.61
PAY_03589,ORD_03589,Cash,124.98
PAY_03590,ORD_03590,Credit Card,216.21
PAY_03591,ORD_03591,Debit Card,152.99
PAY_03592,ORD_03592,Debit Card,234.05
PAY_03593,ORD_03593,Debit Card,385.53
PAY_03594,ORD_03594,UPI,478.77
PAY_03595,ORD_03595,UPI,115.36
PAY_03596,ORD_03596,UPI,134.96
PAY_03597,ORD_03597,UPI,173.71
PAY_03598,ORD_03598,Credit Card,264.74
PAY_03599,ORD_03599,UPI,121.1
PAY_03600,ORD_03600,Credit Card,125.25
PAY_03601,ORD_03601,Cash,217.94
PAY_03602,ORD_03602,UPI,213.02
PAY_03603,ORD_03603,Debit Card,248.3
PAY_03604,ORD_03604,UPI,277.64
PAY_03605,ORD_03605,Credit Card,245.01
PAY_03606,ORD_03606,UPI,232.59
PAY_03607,ORD_03607,UPI,206.17
PAY_03608,ORD_03608,Debit Card,275.84
PAY_03609,ORD_03609,Credit Card,109.03
PAY_03610,ORD_03610,Credit Card,481.03
PAY_03611,ORD_03611,Cash,113.35
PAY_03612,ORD_03612,UPI,125.52
PAY_03613,ORD_03613,UPI,175.88
PAY_03614,ORD_03614,Credit Card,311.23
PAY_03615,ORD_03615,UPI,117.12
PAY_03616,ORD_03616,Credit Card,189.15
PAY_03617,ORD_03617,Debit Card,314.79
PAY_03618,ORD_03618,Credit Card,335.7
PAY_03619,ORD_03619,Credit Card,139.19
PAY_03620,ORD_03620,Debit Card,187.92
PAY_03621,ORD_03621,UPI,150.91
PAY_03622,ORD_03622,Credit Card,160.66
PAY_03623,ORD_03623,UPI,120.26
PAY_03624,ORD_03624,UPI,128.74
PAY_03625,ORD_03625,Credit Card,260.33
PAY_03626,ORD_03626,Debit Card,214.73
PAY_03627,ORD_03627,UPI,250.26
PAY_03628,ORD_03628,Debit Card,234.54
PAY_03629,ORD_03629,Credit Card,308.88
PAY_03630,ORD_03630,Cash,337.91
PAY_03631,ORD_03631,UPI,109.61
PAY_03632,ORD_03632,Debit Card,140.13
PAY_03633,ORD_03633,Debit Card,181.36
PAY_03634,ORD_03634,UPI,189.73
PAY_03635,ORD_03635,UPI,145.3
PAY_03636,ORD_03636,UPI,323.56
PAY_03637,ORD_03637,UPI,607.96
PAY_03638,ORD_03638,UPI,219.27
PAY_03639,ORD_03639,Debit Card,218.24
PAY_03640,ORD_03640,UPI,321.19
PAY_03641,ORD_03641,UPI,117.6
PAY_03642,ORD_03642,Debit Card,206.2
PAY_03643,ORD_03643,Credit Card,325.32
PAY_03644,ORD_03644,UPI,157.0
PAY_03645,ORD_03645,UPI,115.37
PAY_03646,ORD_03646,Debit Card,192.05
PAY_03647,ORD_03647,UPI,189.11
PAY_03648,ORD_03648,UPI,133.94
PAY_03649,ORD_03649,UPI,659.64
PAY_03650,ORD_03650,UPI,158.7
PAY_03651,ORD_03651,UPI,120.65
PAY_03652,ORD_03652,UPI,194.69
PAY_03653,ORD_03653,UPI,332.6
PAY_03654,ORD_03654,Credit Card,211.76
PAY_03655,ORD_03655,Credit Card,256.28
PAY_03656,ORD_03656,Credit Card,123.31
PAY_03657,ORD_03657,Credit Card,427.6
PAY_03658,ORD_03658,Credit Card,284.61
PAY_03659,ORD_03659,Credit Card,347.22
PAY_03660,ORD_03660,Credit Card,233.04
PAY_03661,ORD_03661,UPI,331.37
PAY_03662,ORD_03662,Debit Card,136.77
PAY_03663,ORD_03663,Credit Card,151.92
PAY_03664,ORD_03664,Cash,443.31
PAY_03665,ORD_03665,UPI,495.37
PAY_03666,ORD_03666,UPI,109.3
PAY_03667,ORD_03667,Cash,248.07
PAY_03668,ORD_03668,Debit Card,168.02
PAY_03669,ORD_03669,Credit Card,140.39
PAY_03670,ORD_03670,Debit Card,249.78
PAY_03671,ORD_03671,UPI,365.57
PAY_03672,ORD_03672,Debit Card,264.73
PAY_03673,ORD_03673,UPI,173.04
PAY_03674,ORD_03674,Cash,273.17
PAY_03675,ORD_03675,UPI,169.03
PAY_03676,ORD_03676,UPI,260.14
PAY_03677,ORD_03677,Debit Card,451.97
PAY_03678,ORD_03678,Debit Card,108.55
PAY_03679,ORD_03679,Debit Card,312.01
PAY_03680,ORD_03680,Credit Card,105.48
PAY_03681,ORD_03681,Cash,404.17
PAY_03682,ORD_03682,Credit Card,145.97
PAY_03683,ORD_03683,Debit Card,119.18
PAY_03684,ORD_03684,UPI,304.09
PAY_03685,ORD_03685,Debit Card,245.2
PAY_03686,ORD_03686,Cash,128.73
PAY_03687,ORD_03687,UPI,123.03
PAY_03688,ORD_03688,Debit Card,176.64
PAY_03689,ORD_03689,UPI,123.2
PAY_03690,ORD_03690,Credit Card,126.67
PAY_03691,ORD_03691,UPI,225.24
PAY_03692,ORD_03692,Debit Card,114.66
PAY_03693,ORD_03693,UPI,267.46
PAY_03694,ORD_03694,UPI,440.6
PAY_03695,ORD_03695,Cash,183.65
PAY_03696,ORD_03696,UPI,223.57
PAY_03697,ORD_03697,Credit Card,631.32
PAY_03698,ORD_03698,Debit Card,129.81
PAY_03699,ORD_03699,UPI,395.77
PAY_03700,ORD_03700,UPI,375.47
PAY_03701,ORD_03701,Debit Card,324.41
PAY_03702,ORD_03702,Credit Card,413.13
PAY_03703,ORD_03703,UPI,246.1
PAY_03704,ORD_03704,UPI,145.68
PAY_03705,ORD_03705,Debit Card,360.85
PAY_03706,ORD_03706,Credit Card,377.22
PAY_03707,ORD_03707,Debit Card,379.08
PAY_03708,ORD_03708,Credit Card,217.15
PAY_03709,ORD_03709,Debit Card,138.66
PAY_03710,ORD_03710,Debit Card,229.56
PAY_03711,ORD_03711,UPI,354.69
PAY_03712,ORD_03712,Cash,352.54
PAY_03713,ORD_03713,Credit Card,155.14
PAY_03714,ORD_03714,UPI,240.34
PAY_03715,ORD_03715,UPI,118.33
PAY_03716,ORD_03716,Debit Card,337.7
PAY_03717,ORD_03717,UPI,142.89
PAY_03718,ORD_03718,UPI,324.06
PAY_03719,ORD_03719,Credit Card,123.41
PAY_03720,ORD_03720,Debit Card,358.8
PAY_03721,ORD_03721,UPI,234.14
PAY_03722,ORD_03722,UPI,136.89
PAY_03723,ORD_03723,Debit Card,306.09
PAY_03724,ORD_03724,Cash,148.1
PAY_03725,ORD_03725,UPI,299.75
PAY_03726,ORD_03726,Credit Card,188.36
PAY_03727,ORD_03727,Credit Card,112.17
PAY_03728,ORD_03728,Credit Card,127.48
PAY_03729,ORD_03729,UPI,162.38
PAY_03730,ORD_03730,Debit Card,446.78
PAY_03731,ORD_03731,UPI,333.72
PAY_03732,ORD_03732,UPI,487.98
PAY_03733,ORD_03733,Debit Card,496.06
PAY_03734,ORD_03734,UPI,153.65
PAY_03735,ORD_03735,UPI,192.73
PAY_03736,ORD_03736,UPI,167.44
PAY_03737,ORD_03737,UPI,161.43
PAY_03738,ORD_03738,Debit Card,109.32
PAY_03739,ORD_03739,UPI,202.24
PAY_03740,ORD_03740,Debit Card,115.45
PAY_03741,ORD_03741,UPI,191.67
PAY_03742,ORD_03742,UPI,657.58
PAY_03743,ORD_03743,UPI,160.98
PAY_03744,ORD_03744,Cash,237.17
PAY_03745,ORD_03745,Cash,333.67
PAY_03746,ORD_03746,UPI,223.19
PAY_03747,ORD_03747,UPI,246.79
PAY_03748,ORD_03748,UPI,174.73
PAY_03749,ORD_03749,UPI,171.75
PAY_03750,ORD_03750,UPI,121.3
PAY_03751,ORD_03751,Debit Card,333.08
PAY_03752,ORD_03752,UPI,120.85
PAY_03753,ORD_03753,Credit Card,364.42
PAY_03754,ORD_03754,UPI,108.75
PAY_03755,ORD_03755,Credit Card,352.1
PAY_03756,ORD_03756,Credit Card,170.78
PAY_03757,ORD_03757,Debit Card,130.29
PAY_03758,ORD_03758,Debit Card,285.93
PAY_03759,ORD_03759,Debit Card,333.84
PAY_03760,ORD_03760,Debit Card,166.83
PAY_03761,ORD_03761,UPI,313.38
PAY_03762,ORD_03762,UPI,113.22
PAY_03763,ORD_03763,Cash,113.58
PAY_03764,ORD_03764,Credit Card,395.36
PAY_03765,ORD_03765,Credit Card,192.44
PAY_03766,ORD_03766,UPI,118.7
PAY_03767,ORD_03767,Credit Card,125.87
PAY_03768,ORD_03768,Cash,127.37
PAY_03769,ORD_03769,UPI,192.88
PAY_03770,ORD_03770,Debit Card,179.54
PAY_03771,ORD_03771,UPI,239.38
PAY_03772,ORD_03772,UPI,183.92
PAY_03773,ORD_03773,UPI,414.62
PAY_03774,ORD_03774,Credit Card,259.44
PAY_03775,ORD_03775,UPI,262.95
PAY_03776,ORD_03776,UPI,384.57
PAY_03777,ORD_03777,UPI,179.67
PAY_03778,ORD_03778,UPI,113.1
PAY_03779,ORD_03779,UPI,392.47
PAY_03780,ORD_03780,Cash,230.27
PAY_03781,ORD_03781,UPI,215.05
PAY_03782,ORD_03782,Credit Card,147.71
PAY_03783,ORD_03783,UPI,140.51
PAY_03784,ORD_03784,UPI,322.05
PAY_03785,ORD_03785,UPI,324.76
PAY_03786,ORD_03786,UPI,290.9
PAY_03787,ORD_03787,Debit Card,310.67
PAY_03788,ORD_03788,UPI,276.72
PAY_03789,ORD_03789,UPI,236.27
PAY_03790,ORD_03790,UPI,187.34
PAY_03791,ORD_03791,UPI,416.17
PAY_03792,ORD_03792,Cash,167.91
PAY_03793,ORD_03793,UPI,240.0
PAY_03794,ORD_03794,UPI,129.83
PAY_03795,ORD_03795,UPI,138.53
PAY_03796,ORD_03796,Credit Card,187.45
PAY_03797,ORD_03797,UPI,128.01
PAY_03798,ORD_03798,UPI,300.72
PAY_03799,ORD_03799,Debit Card,124.58
PAY_03800,ORD_03800,Debit Card,223.54
PAY_03801,ORD_03801,UPI,223.73
PAY_03802,ORD_03802,Credit Card,114.65
PAY_03803,ORD_03803,UPI,175.79
PAY_03804,ORD_03804,Credit Card,237.62
PAY_03805,ORD_03805,Debit Card,267.5
PAY_03806,ORD_03806,UPI,195.01
PAY_03807,ORD_03807,Debit Card,294.75
PAY_03808,ORD_03808,Debit Card,187.0
PAY_03809,ORD_03809,Cash,198.17
PAY_03810,ORD_03810,Credit Card,227.02
PAY_03811,ORD_03811,UPI,325.04
PAY_03812,ORD_03812,UPI,141.8
PAY_03813,ORD_03813,Credit Card,154.03
PAY_03814,ORD_03814,UPI,143.76
PAY_03815,ORD_03815,UPI,167.19
PAY_03816,ORD_03816,Debit Card,413.85
PAY_03817,ORD_03817,Credit Card,277.33
PAY_03818,ORD_03818,UPI,117.48
PAY_03819,ORD_03819,UPI,156.28
PAY_03820,ORD_03820,Credit Card,252.35
PAY_03821,ORD_03821,Debit Card,118.74
PAY_03822,ORD_03822,UPI,137.7
PAY_03823,ORD_03823,UPI,414.49
PAY_03824,ORD_03824,Debit Card,147.93
PAY_03825,ORD_03825,UPI,357.95
PAY_03826,ORD_03826,Credit Card,381.02
PAY_03827,ORD_03827,UPI,134.7
PAY_03828,ORD_03828,UPI,134.2
PAY_03829,ORD_03829,Debit Card,171.57
PAY_03830,ORD_03830,UPI,118.81
PAY_03831,ORD_03831,Credit Card,226.85
PAY_03832,ORD_03832,UPI,198.97
PAY_03833,ORD_03833,UPI,241.59
PAY_03834,ORD_03834,UPI,407.58
PAY_03835,ORD_03835,Credit Card,309.56
PAY_03836,ORD_03836,UPI,266.39
PAY_03837,ORD_03837,UPI,115.4
PAY_03838,ORD_03838,Cash,253.12
PAY_03839,ORD_03839,UPI,540.14
PAY_03840,ORD_03840,Debit Card,119.13
PAY_03841,ORD_03841,UPI,307.99
PAY_03842,ORD_03842,Debit Card,205.52
PAY_03843,ORD_03843,UPI,141.62
PAY_03844,ORD_03844,Debit Card,324.5
PAY_03845,ORD_03845,Debit Card,491.11
PAY_03846,ORD_03846,Credit Card,320.51
PAY_03847,ORD_03847,UPI,167.05
PAY_03848,ORD_03848,Credit Card,122.41
PAY_03849,ORD_03849,Debit Card,222.46
PAY_03850,ORD_03850,Credit Card,318.34
PAY_03851,ORD_03851,UPI,167.33
PAY_03852,ORD_03852,UPI,179.61
PAY_03853,ORD_03853,Debit Card,989.78
PAY_03854,ORD_03854,UPI,385.71
PAY_03855,ORD_03855,UPI,375.71
PAY_03856,ORD_03856,UPI,122.71
PAY_03857,ORD_03857,Debit Card,147.97
PAY_03858,ORD_03858,Credit Card,217.83
PAY_03859,ORD_03859,UPI,120.01
PAY_03860,ORD_03860,Credit Card,498.47
PAY_03861,ORD_03861,UPI,439.03
PAY_03862,ORD_03862,UPI,155.63
PAY_03863,ORD_03863,Debit Card,553.18
PAY_03864,ORD_03864,UPI,201.71
PAY_03865,ORD_03865,UPI,836.01
PAY_03866,ORD_03866,UPI,223.27
PAY_03867,ORD_03867,UPI,262.21
PAY_03868,ORD_03868,UPI,418.43
PAY_03869,ORD_03869,Debit Card,425.66
PAY_03870,ORD_03870,Debit Card,276.05
PAY_03871,ORD_03871,UPI,196.45
PAY_03872,ORD_03872,UPI,265.02
PAY_03873,ORD_03873,Credit Card,139.0
PAY_03874,ORD_03874,Debit Card,222.73
PAY_03875,ORD_03875,Cash,118.11
PAY_03876,ORD_03876,UPI,123.06
PAY_03877,ORD_03877,Cash,217.92
PAY_03878,ORD_03878,UPI,390.09
PAY_03879,ORD_03879,UPI,347.1
PAY_03880,ORD_03880,Debit Card,184.37
PAY_03881,ORD_03881,UPI,531.14
PAY_03882,ORD_03882,UPI,153.76
PAY_03883,ORD_03883,UPI,117.17
PAY_03884,ORD_03884,UPI,122.7
PAY_03885,ORD_03885,UPI,106.92
PAY_03886,ORD_03886,Debit Card,327.8
PAY_03887,ORD_03887,Credit Card,143.39
PAY_03888,ORD_03888,Cash,284.78
PAY_03889,ORD_03889,Credit Card,479.3
PAY_03890,ORD_03890,UPI,118.05
PAY_03891,ORD_03891,Cash,272.57
PAY_03892,ORD_03892,Credit Card,282.59
PAY_03893,ORD_03893,UPI,132.75
PAY_03894,ORD_03894,UPI,413.36
PAY_03895,ORD_03895,UPI,185.49
PAY_03896,ORD_03896,Cash,164.88
PAY_03897,ORD_03897,UPI,650.43
PAY_03898,ORD_03898,UPI,266.92
PAY_03899,ORD_03899,Debit Card,319.65
PAY_03900,ORD_03900,Cash,448.66
PAY_03901,ORD_03901,UPI,152.14
PAY_03902,ORD_03902,Cash,386.61
PAY_03903,ORD_03903,UPI,160.98
PAY_03904,ORD_03904,Debit Card,160.95
PAY_03905,ORD_03905,Cash,183.39
PAY_03906,ORD_03906,Credit Card,143.13
PAY_03907,ORD_03907,Credit Card,332.72
PAY_03908,ORD_03908,Credit Card,249.74
PAY_03909,ORD_03909,UPI,159.11
PAY_03910,ORD_03910,UPI,322.85
PAY_03911,ORD_03911,UPI,188.69
PAY_03912,ORD_03912,Debit Card,170.74
PAY_03913,ORD_03913,Credit Card,211.76
PAY_03914,ORD_03914,Credit Card,254.16
PAY_03915,ORD_03915,UPI,255.08
PAY_03916,ORD_03916,Debit Card,173.03
PAY_03917,ORD_03917,UPI,326.2
PAY_03918,ORD_03918,UPI,188.47
PAY_03919,ORD_03919,UPI,142.79
PAY_03920,ORD_03920,Debit Card,121.84
PAY_03921,ORD_03921,Debit Card,367.12
PAY_03922,ORD_03922,Cash,208.08
PAY_03923,ORD_03923,UPI,216.36
PAY_03924,ORD_03924,Cash,342.71
PAY_03925,ORD_03925,UPI,152.35
PAY_03926,ORD_03926,UPI,114.69
PAY_03927,ORD_03927,Credit Card,212.96
PAY_03928,ORD_03928,Debit Card,236.57
PAY_03929,ORD_03929,Debit Card,189.91
PAY_03930,ORD_03930,UPI,476.57
PAY_03931,ORD_03931,UPI,117.68
PAY_03932,ORD_03932,Credit Card,350.64
PAY_03933,ORD_03933,Cash,312.4
PAY_03934,ORD_03934,UPI,261.67
PAY_03935,ORD_03935,Debit Card,126.47
PAY_03936,ORD_03936,UPI,412.02
PAY_03937,ORD_03937,Cash,126.77
PAY_03938,ORD_03938,Credit Card,158.91
PAY_03939,ORD_03939,UPI,186.0
PAY_03940,ORD_03940,UPI,274.68
PAY_03941,ORD_03941,Cash,296.5
PAY_03942,ORD_03942,Credit Card,348.16
PAY_03943,ORD_03943,UPI,306.59
PAY_03944,ORD_03944,UPI,223.01
PAY_03945,ORD_03945,UPI,262.21
PAY_03946,ORD_03946,Credit Card,123.72
PAY_03947,ORD_03947,Debit Card,142.39
PAY_03948,ORD_03948,Debit Card,342.62
PAY_03949,ORD_03949,Credit Card,314.69
PAY_03950,ORD_03950,UPI,285.57
PAY_03951,ORD_03951,Credit Card,153.39
PAY_03952,ORD_03952,Credit Card,340.26
PAY_03953,ORD_03953,UPI,118.05
PAY_03954,ORD_03954,Cash,360.94
PAY_03955,ORD_03955,Credit Card,163.63
PAY_03956,ORD_03956,UPI,508.63
PAY_03957,ORD_03957,Cash,114.49
PAY_03958,ORD_03958,Cash,537.94
PAY_03959,ORD_03959,Cash,161.75
PAY_03960,ORD_03960,Debit Card,175.43
PAY_03961,ORD_03961,UPI,242.74
PAY_03962,ORD_03962,Cash,148.88
PAY_03963,ORD_03963,Debit Card,192.64
PAY_03964,ORD_03964,Credit Card,138.23
PAY_03965,ORD_03965,Cash,135.5
PAY_03966,ORD_03966,UPI,269.78
PAY_03967,ORD_03967,Cash,130.48
PAY_03968,ORD_03968,Credit Card,153.66
PAY_03969,ORD_03969,Credit Card,135.08
PAY_03970,ORD_03970,Credit Card,160.57
PAY_03971,ORD_03971,Debit Card,424.3
PAY_03972,ORD_03972,UPI,130.4
PAY_03973,ORD_03973,Cash,142.91
PAY_03974,ORD_03974,UPI,225.2
PAY_03975,ORD_03975,Cash,150.56
PAY_03976,ORD_03976,Credit Card,691.68
PAY_03977,ORD_03977,Cash,181.55
PAY_03978,ORD_03978,UPI,245.58
PAY_03979,ORD_03979,Debit Card,346.96
PAY_03980,ORD_03980,Credit Card,342.59
PAY_03981,ORD_03981,Debit Card,252.51
PAY_03982,ORD_03982,UPI,192.2
PAY_03983,ORD_03983,Cash,587.12
PAY_03984,ORD_03984,Cash,205.07
PAY_03985,ORD_03985,UPI,155.22
PAY_03986,ORD_03986,UPI,150.63
PAY_03987,ORD_03987,Credit Card,123.01
PAY_03988,ORD_03988,UPI,341.82
PAY_03989,ORD_03989,UPI,112.94
PAY_03990,ORD_03990,Debit Card,198.24
PAY_03991,ORD_03991,UPI,173.96
PAY_03992,ORD_03992,Debit Card,654.42
PAY_03993,ORD_03993,Credit Card,119.62
PAY_03994,ORD_03994,UPI,119.81
PAY_03995,ORD_03995,Credit Card,191.01
PAY_03996,ORD_03996,Debit Card,192.05
PAY_03997,ORD_03997,Credit Card,151.26
PAY_03998,ORD_03998,Credit Card,204.19
PAY_03999,ORD_03999,Debit Card,119.28
PAY_04000,ORD_04000,UPI,234.02
PAY_04001,ORD_04001,UPI,104.68
PAY_04002,ORD_04002,UPI,193.32
PAY_04003,ORD_04003,UPI,152.72
PAY_04004,ORD_04004,Debit Card,366.74
PAY_04005,ORD_04005,UPI,523.31
PAY_04006,ORD_04006,UPI,176.84
PAY_04007,ORD_04007,Credit Card,450.29
PAY_04008,ORD_04008,Debit Card,186.47
PAY_04009,ORD_04009,UPI,132.77
PAY_04010,ORD_04010,UPI,545.57
PAY_04011,ORD_04011,UPI,272.34
PAY_04012,ORD_04012,Credit Card,205.19
PAY_04013,ORD_04013,UPI,306.86
PAY_04014,ORD_04014,Debit Card,226.28
PAY_04015,ORD_04015,UPI,185.74
PAY_04016,ORD_04016,UPI,122.0
PAY_04017,ORD_04017,Cash,176.14
PAY_04018,ORD_04018,UPI,293.04
PAY_04019,ORD_04019,Credit Card,188.75
PAY_04020,ORD_04020,UPI,333.9
PAY_04021,ORD_04021,UPI,258.2
PAY_04022,ORD_04022,UPI,134.49
PAY_04023,ORD_04023,Debit Card,129.98
PAY_04024,ORD_04024,Debit Card,189.97
PAY_04025,ORD_04025,Credit Card,151.99
PAY_04026,ORD_04026,Debit Card,255.3
PAY_04027,ORD_04027,UPI,139.5
PAY_04028,ORD_04028,UPI,149.17
PAY_04029,ORD_04029,UPI,368.25
PAY_04030,ORD_04030,UPI,235.47
PAY_04031,ORD_04031,UPI,147.42
PAY_04032,ORD_04032,Debit Card,215.15
PAY_04033,ORD_04033,Credit Card,411.93
PAY_04034,ORD_04034,UPI,255.83
PAY_04035,ORD_04035,Cash,281.31
PAY_04036,ORD_04036,UPI,142.92
PAY_04037,ORD_04037,UPI,357.74
PAY_04038,ORD_04038,Cash,676.1
PAY_04039,ORD_04039,UPI,143.62
PAY_04040,ORD_04040,UPI,118.44
PAY_04041,ORD_04041,UPI,239.41
PAY_04042,ORD_04042,Credit Card,328.5
PAY_04043,ORD_04043,UPI,184.78
PAY_04044,ORD_04044,UPI,111.2
PAY_04045,ORD_04045,UPI,197.42
PAY_04046,ORD_04046,Debit Card,281.88
PAY_04047,ORD_04047,Debit Card,154.67
PAY_04048,ORD_04048,UPI,287.66
PAY_04049,ORD_04049,UPI,376.95
PAY_04050,ORD_04050,Credit Card,239.43
PAY_04051,ORD_04051,UPI,207.0
PAY_04052,ORD_04052,Debit Card,326.42
PAY_04053,ORD_04053,Credit Card,137.14
PAY_04054,ORD_04054,UPI,131.97
PAY_04055,ORD_04055,UPI,192.48
PAY_04056,ORD_04056,Cash,173.04
PAY_04057,ORD_04057,UPI,141.38
PAY_04058,ORD_04058,UPI,558.4
PAY_04059,ORD_04059,UPI,650.01
PAY_04060,ORD_04060,UPI,162.69
PAY_04061,ORD_04061,UPI,213.12
PAY_04062,ORD_04062,Debit Card,187.13
PAY_04063,ORD_04063,Credit Card,368.34
PAY_04064,ORD_04064,Credit Card,423.21
PAY_04065,ORD_04065,UPI,130.61
PAY_04066,ORD_04066,UPI,257.37
PAY_04067,ORD_04067,Cash,113.86
PAY_04068,ORD_04068,UPI,491.94
PAY_04069,ORD_04069,Cash,235.64
PAY_04070,ORD_04070,Credit Card,147.6
PAY_04071,ORD_04071,Credit Card,198.89
PAY_04072,ORD_04072,UPI,166.33
PAY_04073,ORD_04073,Credit Card,268.33
PAY_04074,ORD_04074,Debit Card,364.48
PAY_04075,ORD_04075,UPI,112.89
PAY_04076,ORD_04076,UPI,554.4
PAY_04077,ORD_04077,Debit Card,505.84
PAY_04078,ORD_04078,Credit Card,134.84
PAY_04079,ORD_04079,Credit Card,221.86
PAY_04080,ORD_04080,UPI,497.06
PAY_04081,ORD_04081,UPI,392.4
PAY_04082,ORD_04082,UPI,183.2
PAY_04083,ORD_04083,UPI,303.62
PAY_04084,ORD_04084,Debit Card,1026.82
PAY_04085,ORD_04085,UPI,205.9
PAY_04086,ORD_04086,Debit Card,151.68
PAY_04087,ORD_04087,Cash,216.88
PAY_04088,ORD_04088,UPI,217.27
PAY_04089,ORD_04089,Debit Card,163.53
PAY_04090,ORD_04090,Cash,252.74
PAY_04091,ORD_04091,Debit Card,126.73
PAY_04092,ORD_04092,UPI,154.85
PAY_04093,ORD_04093,Debit Card,329.26
PAY_04094,ORD_04094,Debit Card,124.45
PAY_04095,ORD_04095,UPI,328.51
PAY_04096,ORD_04096,Credit Card,109.55
PAY_04097,ORD_04097,Debit Card,124.27
PAY_04098,ORD_04098,UPI,161.16
PAY_04099,ORD_04099,Cash,238.61
PAY_04100,ORD_04100,Cash,435.31
PAY_04101,ORD_04101,UPI,200.72
PAY_04102,ORD_04102,Debit Card,179.46
PAY_04103,ORD_04103,UPI,277.63
PAY_04104,ORD_04104,UPI,121.09
PAY_04105,ORD_04105,Cash,230.56
PAY_04106,ORD_04106,UPI,112.52
PAY_04107,ORD_04107,UPI,207.99
PAY_04108,ORD_04108,Debit Card,194.83
PAY_04109,ORD_04109,UPI,128.25
PAY_04110,ORD_04110,Credit Card,226.45
PAY_04111,ORD_04111,Cash,225.48
PAY_04112,ORD_04112,UPI,406.27
PAY_04113,ORD_04113,UPI,117.69
PAY_04114,ORD_04114,UPI,216.1
PAY_04115,ORD_04115,Cash,126.5
PAY_04116,ORD_04116,UPI,318.51
PAY_04117,ORD_04117,Credit Card,303.46
PAY_04118,ORD_04118,UPI,270.69
PAY_04119,ORD_04119,Cash,144.18
PAY_04120,ORD_04120,Credit Card,317.33
PAY_04121,ORD_04121,Credit Card,115.61
PAY_04122,ORD_04122,Credit Card,121.88
PAY_04123,ORD_04123,Debit Card,119.82
PAY_04124,ORD_04124,UPI,205.18
PAY_04125,ORD_04125,Cash,266.02
PAY_04126,ORD_04126,UPI,118.42
PAY_04127,ORD_04127,UPI,424.81
PAY_04128,ORD_04128,UPI,216.13
PAY_04129,ORD_04129,UPI,113.56
PAY_04130,ORD_04130,UPI,214.47
PAY_04131,ORD_04131,UPI,367.87
PAY_04132,ORD_04132,UPI,276.62
PAY_04133,ORD_04133,Cash,377.37
PAY_04134,ORD_04134,Cash,113.12
PAY_04135,ORD_04135,UPI,151.77
PAY_04136,ORD_04136,UPI,135.94
PAY_04137,ORD_04137,UPI,520.69
PAY_04138,ORD_04138,Debit Card,272.96
PAY_04139,ORD_04139,UPI,898.6
PAY_04140,ORD_04140,Credit Card,150.17
PAY_04141,ORD_04141,UPI,140.68
PAY_04142,ORD_04142,Debit Card,188.89
PAY_04143,ORD_04143,Credit Card,432.2
PAY_04144,ORD_04144,UPI,166.06
PAY_04145,ORD_04145,UPI,217.88
PAY_04146,ORD_04146,Debit Card,215.58
PAY_04147,ORD_04147,UPI,207.85
PAY_04148,ORD_04148,UPI,146.41
PAY_04149,ORD_04149,UPI,183.08
PAY_04150,ORD_04150,Credit Card,192.95
PAY_04151,ORD_04151,Credit Card,191.01
PAY_04152,ORD_04152,UPI,345.15
PAY_04153,ORD_04153,UPI,492.59
PAY_04154,ORD_04154,UPI,135.73
PAY_04155,ORD_04155,Credit Card,150.56
PAY_04156,ORD_04156,Debit Card,144.09
PAY_04157,ORD_04157,UPI,236.07
PAY_04158,ORD_04158,Credit Card,156.95
PAY_04159,ORD_04159,UPI,214.86
PAY_04160,ORD_04160,Credit Card,378.24
PAY_04161,ORD_04161,Credit Card,113.41
PAY_04162,ORD_04162,Credit Card,274.14
PAY_04163,ORD_04163,UPI,160.05
PAY_04164,ORD_04164,UPI,261.12
PAY_04165,ORD_04165,UPI,131.04
PAY_04166,ORD_04166,UPI,411.63
PAY_04167,ORD_04167,UPI,350.83
PAY_04168,ORD_04168,Debit Card,274.39
PAY_04169,ORD_04169,UPI,319.24
PAY_04170,ORD_04170,Credit Card,151.91
PAY_04171,ORD_04171,UPI,153.93
PAY_04172,ORD_04172,UPI,313.99
PAY_04173,ORD_04173,Credit Card,145.52
PAY_04174,ORD_04174,UPI,430.34
PAY_04175,ORD_04175,Cash,175.07
PAY_04176,ORD_04176,Debit Card,259.02
PAY_04177,ORD_04177,Cash,646.84
PAY_04178,ORD_04178,Cash,147.25
PAY_04179,ORD_04179,Debit Card,206.3
PAY_04180,ORD_04180,Debit Card,356.4
PAY_04181,ORD_04181,Credit Card,346.68
PAY_04182,ORD_04182,UPI,175.28
PAY_04183,ORD_04183,Debit Card,151.33
PAY_04184,ORD_04184,UPI,191.5
PAY_04185,ORD_04185,Credit Card,414.52
PAY_04186,ORD_04186,Debit Card,185.61
PAY_04187,ORD_04187,Credit Card,209.5
PAY_04188,ORD_04188,Credit Card,171.41
PAY_04189,ORD_04189,UPI,297.25
PAY_04190,ORD_04190,Debit Card,230.61
PAY_04191,ORD_04191,Cash,129.4
PAY_04192,ORD_04192,UPI,114.15
PAY_04193,ORD_04193,UPI,116.83
PAY_04194,ORD_04194,Credit Card,136.23
PAY_04195,ORD_04195,UPI,302.22
PAY_04196,ORD_04196,UPI,419.74
PAY_04197,ORD_04197,UPI,284.02
PAY_04198,ORD_04198,Credit Card,272.27
PAY_04199,ORD_04199,Debit Card,195.38
PAY_04200,ORD_04200,Debit Card,303.97
PAY_04201,ORD_04201,Cash,249.86
PAY_04202,ORD_04202,UPI,519.75
PAY_04203,ORD_04203,Cash,203.98
PAY_04204,ORD_04204,Debit Card,434.32
PAY_04205,ORD_04205,Debit Card,337.75
PAY_04206,ORD_04206,Credit Card,295.62
PAY_04207,ORD_04207,Credit Card,115.17
PAY_04208,ORD_04208,UPI,339.23
PAY_04209,ORD_04209,Cash,189.4
PAY_04210,ORD_04210,UPI,166.83
PAY_04211,ORD_04211,UPI,127.32
PAY_04212,ORD_04212,UPI,201.48
PAY_04213,ORD_04213,Debit Card,218.16
PAY_04214,ORD_04214,Debit Card,114.31
PAY_04215,ORD_04215,UPI,120.8
PAY_04216,ORD_04216,UPI,264.13
PAY_04217,ORD_04217,UPI,330.01
PAY_04218,ORD_04218,Debit Card,231.57
PAY_04219,ORD_04219,UPI,372.41
PAY_04220,ORD_04220,UPI,194.99
PAY_04221,ORD_04221,UPI,198.37
PAY_04222,ORD_04222,Cash,133.22
PAY_04223,ORD_04223,UPI,121.93
PAY_04224,ORD_04224,Cash,560.35
PAY_04225,ORD_04225,UPI,398.83
PAY_04226,ORD_04226,UPI,111.72
PAY_04227,ORD_04227,UPI,227.05
PAY_04228,ORD_04228,UPI,194.44
PAY_04229,ORD_04229,UPI,178.05
PAY_04230,ORD_04230,Debit Card,183.17
PAY_04231,ORD_04231,Credit Card,246.96
PAY_04232,ORD_04232,Cash,336.01
PAY_04233,ORD_04233,Credit Card,261.97
PAY_04234,ORD_04234,Debit Card,202.28
PAY_04235,ORD_04235,Debit Card,195.74
PAY_04236,ORD_04236,UPI,351.02
PAY_04237,ORD_04237,Debit Card,267.58
PAY_04238,ORD_04238,UPI,209.65
PAY_04239,ORD_04239,UPI,204.21
PAY_04240,ORD_04240,Credit Card,244.23
PAY_04241,ORD_04241,Debit Card,172.58
PAY_04242,ORD_04242,Credit Card,308.01
PAY_04243,ORD_04243,Credit Card,120.96
PAY_04244,ORD_04244,UPI,176.57
PAY_04245,ORD_04245,UPI,281.94
PAY_04246,ORD_04246,Credit Card,121.65
PAY_04247,ORD_04247,UPI,124.06
PAY_04248,ORD_04248,Credit Card,203.76
PAY_04249,ORD_04249,UPI,110.68
PAY_04250,ORD_04250,UPI,116.3
PAY_04251,ORD_04251,UPI,313.98
PAY_04252,ORD_04252,UPI,182.03
PAY_04253,ORD_04253,Debit Card,425.49
PAY_04254,ORD_04254,UPI,127.85
PAY_04255,ORD_04255,UPI,187.76
PAY_04256,ORD_04256,Debit Card,256.19
PAY_04257,ORD_04257,UPI,123.81
PAY_04258,ORD_04258,Credit Card,349.09
PAY_04259,ORD_04259,Credit Card,285.51
PAY_04260,ORD_04260,Cash,116.92
PAY_04261,ORD_04261,UPI,200.68
PAY_04262,ORD_04262,UPI,252.23
PAY_04263,ORD_04263,UPI,145.11
PAY_04264,ORD_04264,Credit Card,108.15
PAY_04265,ORD_04265,UPI,231.05
PAY_04266,ORD_04266,UPI,697.93
PAY_04267,ORD_04267,Credit Card,171.61
PAY_04268,ORD_04268,UPI,487.04
PAY_04269,ORD_04269,Cash,146.91
PAY_04270,ORD_04270,Credit Card,213.67
PAY_04271,ORD_04271,UPI,327.31
PAY_04272,ORD_04272,UPI,213.93
PAY_04273,ORD_04273,UPI,177.31
PAY_04274,ORD_04274,UPI,306.28
PAY_04275,ORD_04275,UPI,595.21
PAY_04276,ORD_04276,UPI,241.83
PAY_04277,ORD_04277,Debit Card,163.28
PAY_04278,ORD_04278,Debit Card,183.56
PAY_04279,ORD_04279,UPI,802.3
PAY_04280,ORD_04280,UPI,223.12
PAY_04281,ORD_04281,UPI,155.08
PAY_04282,ORD_04282,UPI,127.68
PAY_04283,ORD_04283,UPI,121.47
PAY_04284,ORD_04284,UPI,243.41
PAY_04285,ORD_04285,UPI,287.12
PAY_04286,ORD_04286,UPI,169.94
PAY_04287,ORD_04287,UPI,215.71
PAY_04288,ORD_04288,Debit Card,117.25
PAY_04289,ORD_04289,UPI,224.26
PAY_04290,ORD_04290,UPI,270.69
PAY_04291,ORD_04291,UPI,153.58
PAY_04292,ORD_04292,Credit Card,506.38
PAY_04293,ORD_04293,UPI,130.41
PAY_04294,ORD_04294,Cash,235.56
PAY_04295,ORD_04295,UPI,322.85
PAY_04296,ORD_04296,Cash,201.02
PAY_04297,ORD_04297,UPI,195.8
PAY_04298,ORD_04298,UPI,121.07
PAY_04299,ORD_04299,Cash,419.68
PAY_04300,ORD_04300,UPI,180.3
PAY_04301,ORD_04301,Debit Card,279.56
PAY_04302,ORD_04302,Debit Card,293.25
PAY_04303,ORD_04303,UPI,141.77
PAY_04304,ORD_04304,Debit Card,185.66
PAY_04305,ORD_04305,UPI,415.58
PAY_04306,ORD_04306,Credit Card,107.48
PAY_04307,ORD_04307,UPI,627.09
PAY_04308,ORD_04308,UPI,143.95
PAY_04309,ORD_04309,Debit Card,118.0
PAY_04310,ORD_04310,Credit Card,212.09
PAY_04311,ORD_04311,UPI,661.14
PAY_04312,ORD_04312,UPI,115.17
PAY_04313,ORD_04313,UPI,197.82
PAY_04314,ORD_04314,Debit Card,274.06
PAY_04315,ORD_04315,Cash,211.68
PAY_04316,ORD_04316,Debit Card,251.26
PAY_04317,ORD_04317,UPI,142.91
PAY_04318,ORD_04318,UPI,135.91
PAY_04319,ORD_04319,Credit Card,196.77
PAY_04320,ORD_04320,Credit Card,121.1
PAY_04321,ORD_04321,Credit Card,215.45
PAY_04322,ORD_04322,Debit Card,164.48
PAY_04323,ORD_04323,UPI,162.81
PAY_04324,ORD_04324,UPI,248.67
PAY_04325,ORD_04325,Cash,115.6
PAY_04326,ORD_04326,Debit Card,189.44
PAY_04327,ORD_04327,Debit Card,729.38
PAY_04328,ORD_04328,UPI,124.27
PAY_04329,ORD_04329,Credit Card,405.77
PAY_04330,ORD_04330,Debit Card,211.45
PAY_04331,ORD_04331,Credit Card,147.91
PAY_04332,ORD_04332,Debit Card,118.49
PAY_04333,ORD_04333,Credit Card,213.42
PAY_04334,ORD_04334,Cash,425.25
PAY_04335,ORD_04335,UPI,160.82
PAY_04336,ORD_04336,UPI,195.13
PAY_04337,ORD_04337,UPI,352.64
PAY_04338,ORD_04338,Cash,231.23
PAY_04339,ORD_04339,UPI,115.28
PAY_04340,ORD_04340,UPI,224.8
PAY_04341,ORD_04341,UPI,469.91
PAY_04342,ORD_04342,UPI,195.69
PAY_04343,ORD_04343,UPI,118.66
PAY_04344,ORD_04344,Cash,247.6
PAY_04345,ORD_04345,UPI,174.98
PAY_04346,ORD_04346,UPI,111.72
PAY_04347,ORD_04347,Credit Card,121.96
PAY_04348,ORD_04348,Credit Card,351.77
PAY_04349,ORD_04349,Cash,146.04
PAY_04350,ORD_04350,Debit Card,131.07
PAY_04351,ORD_04351,UPI,216.81
PAY_04352,ORD_04352,Cash,148.77
PAY_04353,ORD_04353,Debit Card,218.11
PAY_04354,ORD_04354,UPI,172.73
PAY_04355,ORD_04355,UPI,118.94
PAY_04356,ORD_04356,Cash,161.29
PAY_04357,ORD_04357,UPI,273.23
PAY_04358,ORD_04358,UPI,208.48
PAY_04359,ORD_04359,UPI,193.94
PAY_04360,ORD_04360,Credit Card,573.99
PAY_04361,ORD_04361,UPI,319.47
PAY_04362,ORD_04362,UPI,329.37
PAY_04363,ORD_04363,UPI,186.93
PAY_04364,ORD_04364,UPI,252.16
PAY_04365,ORD_04365,Credit Card,175.16
PAY_04366,ORD_04366,UPI,297.54
PAY_04367,ORD_04367,UPI,195.89
PAY_04368,ORD_04368,UPI,243.0
PAY_04369,ORD_04369,Credit Card,224.25
PAY_04370,ORD_04370,Credit Card,202.27
PAY_04371,ORD_04371,Cash,962.33
PAY_04372,ORD_04372,UPI,145.77
PAY_04373,ORD_04373,Cash,158.35
PAY_04374,ORD_04374,UPI,280.35
PAY_04375,ORD_04375,Debit Card,145.14
PAY_04376,ORD_04376,Debit Card,168.8
PAY_04377,ORD_04377,Cash,112.28
PAY_04378,ORD_04378,UPI,255.93
PAY_04379,ORD_04379,UPI,285.42
PAY_04380,ORD_04380,UPI,166.59
PAY_04381,ORD_04381,Credit Card,302.6
PAY_04382,ORD_04382,Credit Card,122.45
PAY_04383,ORD_04383,Credit Card,138.79
PAY_04384,ORD_04384,UPI,192.16
PAY_04385,ORD_04385,Credit Card,116.31
PAY_04386,ORD_04386,UPI,117.06
PAY_04387,ORD_04387,Debit Card,167.54
PAY_04388,ORD_04388,Cash,300.26
PAY_04389,ORD_04389,Debit Card,415.32
PAY_04390,ORD_04390,Credit Card,161.42
PAY_04391,ORD_04391,UPI,323.05
PAY_04392,ORD_04392,UPI,270.73
PAY_04393,ORD_04393,UPI,414.52
PAY_04394,ORD_04394,Cash,175.44
PAY_04395,ORD_04395,UPI,118.5
PAY_04396,ORD_04396,Debit Card,208.19
PAY_04397,ORD_04397,UPI,124.76
PAY_04398,ORD_04398,Credit Card,142.09
PAY_04399,ORD_04399,Debit Card,182.93
PAY_04400,ORD_04400,Credit Card,154.67
PAY_04401,ORD_04401,Debit Card,221.99
PAY_04402,ORD_04402,Debit Card,301.92
PAY_04403,ORD_04403,UPI,169.89
PAY_04404,ORD_04404,Debit Card,240.36
PAY_04405,ORD_04405,UPI,220.18
PAY_04406,ORD_04406,UPI,321.02
PAY_04407,ORD_04407,Credit Card,185.91
PAY_04408,ORD_04408,UPI,205.19
PAY_04409,ORD_04409,Credit Card,169.31
PAY_04410,ORD_04410,UPI,188.49
PAY_04411,ORD_04411,UPI,138.98
PAY_04412,ORD_04412,Credit Card,127.26
PAY_04413,ORD_04413,UPI,297.28
PAY_04414,ORD_04414,Debit Card,123.79
PAY_04415,ORD_04415,UPI,186.97
PAY_04416,ORD_04416,UPI,358.61
PAY_04417,ORD_04417,Cash,178.93
PAY_04418,ORD_04418,UPI,308.95
PAY_04419,ORD_04419,UPI,155.58
PAY_04420,ORD_04420,Debit Card,124.82
PAY_04421,ORD_04421,Cash,119.27
PAY_04422,ORD_04422,UPI,440.4
PAY_04423,ORD_04423,Debit Card,113.97
PAY_04424,ORD_04424,UPI,321.65
PAY_04425,ORD_04425,UPI,118.51
PAY_04426,ORD_04426,Credit Card,419.02
PAY_04427,ORD_04427,Debit Card,704.53
PAY_04428,ORD_04428,UPI,110.25
PAY_04429,ORD_04429,Credit Card,127.66
PAY_04430,ORD_04430,UPI,304.45
PAY_04431,ORD_04431,Debit Card,283.52
PAY_04432,ORD_04432,UPI,308.12
PAY_04433,ORD_04433,UPI,160.71
PAY_04434,ORD_04434,Cash,566.43
PAY_04435,ORD_04435,Debit Card,228.76
PAY_04436,ORD_04436,Credit Card,108.61
PAY_04437,ORD_04437,UPI,188.83
PAY_04438,ORD_04438,Credit Card,119.24
PAY_04439,ORD_04439,Cash,499.86
PAY_04440,ORD_04440,Credit Card,143.92
PAY_04441,ORD_04441,UPI,278.65
PAY_04442,ORD_04442,Cash,153.51
PAY_04443,ORD_04443,Debit Card,136.1
PAY_04444,ORD_04444,Credit Card,125.95
PAY_04445,ORD_04445,Debit Card,279.0
PAY_04446,ORD_04446,UPI,423.69
PAY_04447,ORD_04447,UPI,123.74
PAY_04448,ORD_04448,UPI,123.6
PAY_04449,ORD_04449,Debit Card,327.11
PAY_04450,ORD_04450,Cash,131.45
PAY_04451,ORD_04451,Cash,372.48
PAY_04452,ORD_04452,Credit Card,128.5
PAY_04453,ORD_04453,Credit Card,116.85
PAY_04454,ORD_04454,Cash,215.58
PAY_04455,ORD_04455,Debit Card,112.61
PAY_04456,ORD_04456,UPI,150.06
PAY_04457,ORD_04457,UPI,249.34
PAY_04458,ORD_04458,Cash,130.86
PAY_04459,ORD_04459,UPI,495.21
PAY_04460,ORD_04460,UPI,218.38
PAY_04461,ORD_04461,Debit Card,119.52
PAY_04462,ORD_04462,Debit Card,128.14
PAY_04463,ORD_04463,UPI,346.12
PAY_04464,ORD_04464,UPI,289.99
PAY_04465,ORD_04465,Debit Card,418.65
PAY_04466,ORD_04466,UPI,154.5
PAY_04467,ORD_04467,Cash,224.64
PAY_04468,ORD_04468,UPI,243.36
PAY_04469,ORD_04469,UPI,299.72
PAY_04470,ORD_04470,Debit Card,364.51
PAY_04471,ORD_04471,UPI,135.82
PAY_04472,ORD_04472,UPI,181.19
PAY_04473,ORD_04473,Debit Card,150.87
PAY_04474,ORD_04474,Credit Card,207.37
PAY_04475,ORD_04475,UPI,300.01
PAY_04476,ORD_04476,Debit Card,107.09
PAY_04477,ORD_04477,Debit Card,346.58
PAY_04478,ORD_04478,Debit Card,115.52
PAY_04479,ORD_04479,UPI,186.3
PAY_04480,ORD_04480,Credit Card,404.12
PAY_04481,ORD_04481,Credit Card,258.63
PAY_04482,ORD_04482,UPI,244.45
PAY_04483,ORD_04483,Credit Card,120.72
PAY_04484,ORD_04484,UPI,120.46
PAY_04485,ORD_04485,UPI,356.92
PAY_04486,ORD_04486,UPI,145.22
PAY_04487,ORD_04487,Credit Card,163.78
PAY_04488,ORD_04488,UPI,329.72
PAY_04489,ORD_04489,Debit Card,126.52
PAY_04490,ORD_04490,UPI,226.85
PAY_04491,ORD_04491,Debit Card,224.15
PAY_04492,ORD_04492,UPI,214.94
PAY_04493,ORD_04493,UPI,159.4
PAY_04494,ORD_04494,Credit Card,159.76
PAY_04495,ORD_04495,UPI,116.53
PAY_04496,ORD_04496,Debit Card,274.0
PAY_04497,ORD_04497,Cash,149.39
PAY_04498,ORD_04498,UPI,378.9
PAY_04499,ORD_04499,UPI,192.38
PAY_04500,ORD_04500,UPI,113.32
PAY_04501,ORD_04501,Cash,183.4
PAY_04502,ORD_04502,Credit Card,158.97
PAY_04503,ORD_04503,Debit Card,338.67
PAY_04504,ORD_04504,Debit Card,174.46
PAY_04505,ORD_04505,Cash,187.23
PAY_04506,ORD_04506,UPI,462.96
PAY_04507,ORD_04507,Credit Card,258.68
PAY_04508,ORD_04508,Debit Card,512.73
PAY_04509,ORD_04509,Debit Card,421.4
PAY_04510,ORD_04510,UPI,140.28
PAY_04511,ORD_04511,Debit Card,332.24
PAY_04512,ORD_04512,UPI,459.67
PAY_04513,ORD_04513,UPI,439.14
PAY_04514,ORD_04514,UPI,352.43
PAY_04515,ORD_04515,Debit Card,372.43
PAY_04516,ORD_04516,UPI,188.83
PAY_04517,ORD_04517,Cash,140.54
PAY_04518,ORD_04518,UPI,172.81
PAY_04519,ORD_04519,Debit Card,112.98
PAY_04520,ORD_04520,UPI,405.83
PAY_04521,ORD_04521,UPI,186.5
PAY_04522,ORD_04522,UPI,389.59
PAY_04523,ORD_04523,Debit Card,112.98
PAY_04524,ORD_04524,UPI,353.64
PAY_04525,ORD_04525,Debit Card,156.42
PAY_04526,ORD_04526,Debit Card,121.64
PAY_04527,ORD_04527,UPI,521.41
PAY_04528,ORD_04528,Credit Card,349.65
PAY_04529,ORD_04529,UPI,239.51
PAY_04530,ORD_04530,UPI,222.97
PAY_04531,ORD_04531,Credit Card,264.03
PAY_04532,ORD_04532,UPI,245.7
PAY_04533,ORD_04533,UPI,126.39
PAY_04534,ORD_04534,UPI,171.46
PAY_04535,ORD_04535,UPI,615.45
PAY_04536,ORD_04536,Credit Card,897.87
PAY_04537,ORD_04537,Credit Card,458.56
PAY_04538,ORD_04538,UPI,275.82
PAY_04539,ORD_04539,Credit Card,185.52
PAY_04540,ORD_04540,Credit Card,141.81
PAY_04541,ORD_04541,Credit Card,134.55
PAY_04542,ORD_04542,Debit Card,142.42
PAY_04543,ORD_04543,Debit Card,638.39
PAY_04544,ORD_04544,Credit Card,553.6
PAY_04545,ORD_04545,UPI,288.44
PAY_04546,ORD_04546,UPI,135.85
PAY_04547,ORD_04547,UPI,329.19
PAY_04548,ORD_04548,Credit Card,179.42
PAY_04549,ORD_04549,Cash,126.82
PAY_04550,ORD_04550,UPI,250.39
PAY_04551,ORD_04551,UPI,130.95
PAY_04552,ORD_04552,UPI,125.66
PAY_04553,ORD_04553,UPI,173.85
PAY_04554,ORD_04554,Credit Card,165.77
PAY_04555,ORD_04555,UPI,211.48
PAY_04556,ORD_04556,Cash,184.29
PAY_04557,ORD_04557,Debit Card,119.69
PAY_04558,ORD_04558,UPI,460.32
PAY_04559,ORD_04559,UPI,123.07
PAY_04560,ORD_04560,Cash,133.02
PAY_04561,ORD_04561,Debit Card,180.14
PAY_04562,ORD_04562,Cash,191.98
PAY_04563,ORD_04563,UPI,441.55
PAY_04564,ORD_04564,UPI,231.03
PAY_04565,ORD_04565,Credit Card,279.31
PAY_04566,ORD_04566,Cash,243.21
PAY_04567,ORD_04567,UPI,230.22
PAY_04568,ORD_04568,Debit Card,226.19
PAY_04569,ORD_04569,UPI,109.72
PAY_04570,ORD_04570,UPI,193.42
PAY_04571,ORD_04571,UPI,377.37
PAY_04572,ORD_04572,UPI,1766.07
PAY_04573,ORD_04573,UPI,118.96
PAY_04574,ORD_04574,UPI,245.66
PAY_04575,ORD_04575,Credit Card,157.66
PAY_04576,ORD_04576,Debit Card,614.54
PAY_04577,ORD_04577,UPI,120.0
PAY_04578,ORD_04578,Debit Card,305.65
PAY_04579,ORD_04579,UPI,112.26
PAY_04580,ORD_04580,Credit Card,178.24
PAY_04581,ORD_04581,Credit Card,218.53
PAY_04582,ORD_04582,Debit Card,382.86
PAY_04583,ORD_04583,UPI,123.27
PAY_04584,ORD_04584,UPI,276.51
PAY_04585,ORD_04585,UPI,216.52
PAY_04586,ORD_04586,UPI,253.12
PAY_04587,ORD_04587,UPI,329.98
PAY_04588,ORD_04588,UPI,118.62
PAY_04589,ORD_04589,Credit Card,303.4
PAY_04590,ORD_04590,UPI,160.79
PAY_04591,ORD_04591,UPI,391.37
PAY_04592,ORD_04592,UPI,247.38
PAY_04593,ORD_04593,Cash,188.52
PAY_04594,ORD_04594,UPI,144.35
PAY_04595,ORD_04595,UPI,334.47
PAY_04596,ORD_04596,UPI,412.31
PAY_04597,ORD_04597,UPI,152.45
PAY_04598,ORD_04598,UPI,123.89
PAY_04599,ORD_04599,UPI,282.96
PAY_04600,ORD_04600,UPI,119.93
PAY_04601,ORD_04601,Cash,111.49
PAY_04602,ORD_04602,UPI,123.91
PAY_04603,ORD_04603,UPI,169.52
PAY_04604,ORD_04604,Credit Card,110.77
PAY_04605,ORD_04605,Cash,121.85
PAY_04606,ORD_04606,Cash,112.56
PAY_04607,ORD_04607,UPI,287.21
PAY_04608,ORD_04608,Cash,116.03
PAY_04609,ORD_04609,UPI,173.66
PAY_04610,ORD_04610,Debit Card,566.4
PAY_04611,ORD_04611,UPI,201.78
PAY_04612,ORD_04612,UPI,264.06
PAY_04613,ORD_04613,UPI,129.06
PAY_04614,ORD_04614,UPI,683.2
PAY_04615,ORD_04615,Debit Card,162.33
PAY_04616,ORD_04616,UPI,186.91
PAY_04617,ORD_04617,UPI,446.56
PAY_04618,ORD_04618,UPI,181.96
PAY_04619,ORD_04619,UPI,208.23
PAY_04620,ORD_04620,UPI,170.04
PAY_04621,ORD_04621,UPI,172.1
PAY_04622,ORD_04622,Cash,252.66
PAY_04623,ORD_04623,UPI,279.59
PAY_04624,ORD_04624,Debit Card,148.64
PAY_04625,ORD_04625,Credit Card,127.83
PAY_04626,ORD_04626,UPI,140.37
PAY_04627,ORD_04627,Credit Card,107.54
PAY_04628,ORD_04628,Cash,116.74
PAY_04629,ORD_04629,Credit Card,237.18
PAY_04630,ORD_04630,Credit Card,338.67
PAY_04631,ORD_04631,Credit Card,313.12
PAY_04632,ORD_04632,Debit Card,130.82
PAY_04633,ORD_04633,Credit Card,185.91
PAY_04634,ORD_04634,UPI,121.04
PAY_04635,ORD_04635,UPI,229.86
PAY_04636,ORD_04636,UPI,180.08
PAY_04637,ORD_04637,Credit Card,270.17
PAY_04638,ORD_04638,Credit Card,201.2
PAY_04639,ORD_04639,UPI,122.58
PAY_04640,ORD_04640,Debit Card,129.88
PAY_04641,ORD_04641,UPI,191.37
PAY_04642,ORD_04642,UPI,227.54
PAY_04643,ORD_04643,UPI,111.22
PAY_04644,ORD_04644,Credit Card,116.7
PAY_04645,ORD_04645,UPI,204.65
PAY_04646,ORD_04646,Debit Card,118.72
PAY_04647,ORD_04647,Debit Card,121.83
PAY_04648,ORD_04648,UPI,163.65
PAY_04649,ORD_04649,UPI,168.22
PAY_04650,ORD_04650,UPI,126.8
PAY_04651,ORD_04651,Credit Card,143.36
PAY_04652,ORD_04652,UPI,202.28
PAY_04653,ORD_04653,UPI,136.91
PAY_04654,ORD_04654,UPI,211.63
PAY_04655,ORD_04655,UPI,163.49
PAY_04656,ORD_04656,UPI,207.72
PAY_04657,ORD_04657,Cash,335.75
PAY_04658,ORD_04658,Debit Card,339.54
PAY_04659,ORD_04659,Debit Card,382.11
PAY_04660,ORD_04660,Credit Card,329.13
PAY_04661,ORD_04661,UPI,236.07
PAY_04662,ORD_04662,Debit Card,163.55
PAY_04663,ORD_04663,UPI,187.48
PAY_04664,ORD_04664,Credit Card,140.12
PAY_04665,ORD_04665,UPI,195.41
PAY_04666,ORD_04666,Debit Card,302.7
PAY_04667,ORD_04667,Credit Card,153.58
PAY_04668,ORD_04668,Debit Card,192.99
PAY_04669,ORD_04669,Credit Card,148.92
PAY_04670,ORD_04670,UPI,237.62
PAY_04671,ORD_04671,Cash,157.94
PAY_04672,ORD_04672,Credit Card,146.62
PAY_04673,ORD_04673,UPI,143.68
PAY_04674,ORD_04674,UPI,273.79
PAY_04675,ORD_04675,UPI,207.68
PAY_04676,ORD_04676,UPI,167.91
PAY_04677,ORD_04677,UPI,243.19
PAY_04678,ORD_04678,Cash,168.64
PAY_04679,ORD_04679,UPI,390.89
PAY_04680,ORD_04680,Cash,133.64
PAY_04681,ORD_04681,Debit Card,200.21
PAY_04682,ORD_04682,Debit Card,116.11
PAY_04683,ORD_04683,Debit Card,164.32
PAY_04684,ORD_04684,Credit Card,102.98
PAY_04685,ORD_04685,UPI,300.19
PAY_04686,ORD_04686,Credit Card,325.23
PAY_04687,ORD_04687,UPI,287.77
PAY_04688,ORD_04688,UPI,222.26
PAY_04689,ORD_04689,Debit Card,128.38
PAY_04690,ORD_04690,Credit Card,144.08
PAY_04691,ORD_04691,Debit Card,439.92
PAY_04692,ORD_04692,UPI,444.56
PAY_04693,ORD_04693,Credit Card,216.23
PAY_04694,ORD_04694,Debit Card,150.07
PAY_04695,ORD_04695,UPI,428.38
PAY_04696,ORD_04696,Debit Card,154.7
PAY_04697,ORD_04697,UPI,223.32
PAY_04698,ORD_04698,Debit Card,457.79
PAY_04699,ORD_04699,UPI,127.19
PAY_04700,ORD_04700,Debit Card,309.96
PAY_04701,ORD_04701,UPI,281.14
PAY_04702,ORD_04702,Cash,200.67
PAY_04703,ORD_04703,Debit Card,117.65
PAY_04704,ORD_04704,Credit Card,139.52
PAY_04705,ORD_04705,UPI,257.14
PAY_04706,ORD_04706,Debit Card,119.08
PAY_04707,ORD_04707,Debit Card,233.5
PAY_04708,ORD_04708,UPI,278.5
PAY_04709,ORD_04709,UPI,345.1
PAY_04710,ORD_04710,UPI,119.15
PAY_04711,ORD_04711,UPI,429.74
PAY_04712,ORD_04712,Debit Card,522.12
PAY_04713,ORD_04713,Debit Card,259.79
PAY_04714,ORD_04714,UPI,113.94
PAY_04715,ORD_04715,UPI,180.9
PAY_04716,ORD_04716,UPI,198.38
PAY_04717,ORD_04717,UPI,228.08
PAY_04718,ORD_04718,UPI,197.28
PAY_04719,ORD_04719,UPI,252.48
PAY_04720,ORD_04720,Credit Card,196.13
PAY_04721,ORD_04721,Credit Card,223.86
PAY_04722,ORD_04722,Cash,159.46
PAY_04723,ORD_04723,Debit Card,168.36
PAY_04724,ORD_04724,UPI,151.53
PAY_04725,ORD_04725,Debit Card,593.53
PAY_04726,ORD_04726,UPI,440.98
PAY_04727,ORD_04727,Cash,288.81
PAY_04728,ORD_04728,Credit Card,438.15
PAY_04729,ORD_04729,UPI,305.28
PAY_04730,ORD_04730,UPI,240.5
PAY_04731,ORD_04731,Cash,115.07
PAY_04732,ORD_04732,Debit Card,178.57
PAY_04733,ORD_04733,UPI,171.78
PAY_04734,ORD_04734,UPI,115.67
PAY_04735,ORD_04735,Debit Card,123.27
PAY_04736,ORD_04736,Cash,270.07
PAY_04737,ORD_04737,Cash,247.42
PAY_04738,ORD_04738,Cash,114.05
PAY_04739,ORD_04739,Credit Card,130.16
PAY_04740,ORD_04740,Debit Card,363.98
PAY_04741,ORD_04741,UPI,134.48
PAY_04742,ORD_04742,Debit Card,223.56
PAY_04743,ORD_04743,UPI,192.97
PAY_04744,ORD_04744,Credit Card,269.82
PAY_04745,ORD_04745,UPI,143.88
PAY_04746,ORD_04746,Debit Card,221.74
PAY_04747,ORD_04747,UPI,217.44
PAY_04748,ORD_04748,Cash,227.14
PAY_04749,ORD_04749,UPI,220.66
PAY_04750,ORD_04750,UPI,244.83
PAY_04751,ORD_04751,Debit Card,630.63
PAY_04752,ORD_04752,Credit Card,775.07
PAY_04753,ORD_04753,Cash,139.29
PAY_04754,ORD_04754,Credit Card,121.17
PAY_04755,ORD_04755,Credit Card,296.09
PAY_04756,ORD_04756,Cash,234.37
PAY_04757,ORD_04757,Cash,374.23
PAY_04758,ORD_04758,UPI,245.2
PAY_04759,ORD_04759,UPI,209.53
PAY_04760,ORD_04760,Credit Card,363.21
PAY_04761,ORD_04761,Cash,418.24
PAY_04762,ORD_04762,Credit Card,107.06
PAY_04763,ORD_04763,Debit Card,130.47
PAY_04764,ORD_04764,UPI,187.67
PAY_04765,ORD_04765,Credit Card,210.62
PAY_04766,ORD_04766,UPI,178.86
PAY_04767,ORD_04767,UPI,268.64
PAY_04768,ORD_04768,UPI,348.66
PAY_04769,ORD_04769,UPI,514.08
PAY_04770,ORD_04770,Cash,278.23
PAY_04771,ORD_04771,UPI,133.98
PAY_04772,ORD_04772,Credit Card,197.15
PAY_04773,ORD_04773,UPI,194.57
PAY_04774,ORD_04774,Debit Card,252.74
PAY_04775,ORD_04775,Credit Card,268.08
PAY_04776,ORD_04776,UPI,592.29
PAY_04777,ORD_04777,UPI,168.56
PAY_04778,ORD_04778,UPI,257.15
PAY_04779,ORD_04779,Credit Card,689.79
PAY_04780,ORD_04780,UPI,163.3
PAY_04781,ORD_04781,UPI,217.84
PAY_04782,ORD_04782,UPI,135.96
PAY_04783,ORD_04783,UPI,209.77
PAY_04784,ORD_04784,Credit Card,137.77
PAY_04785,ORD_04785,UPI,381.43
PAY_04786,ORD_04786,Cash,233.07
PAY_04787,ORD_04787,UPI,130.6
PAY_04788,ORD_04788,UPI,320.48
PAY_04789,ORD_04789,UPI,229.82
PAY_04790,ORD_04790,UPI,333.94
PAY_04791,ORD_04791,Debit Card,127.3
PAY_04792,ORD_04792,UPI,252.6
PAY_04793,ORD_04793,UPI,306.74
PAY_04794,ORD_04794,UPI,175.36
PAY_04795,ORD_04795,UPI,120.52
PAY_04796,ORD_04796,Credit Card,204.17
PAY_04797,ORD_04797,UPI,387.09
PAY_04798,ORD_04798,Credit Card,356.21
PAY_04799,ORD_04799,Debit Card,156.9
PAY_04800,ORD_04800,Debit Card,127.26
PAY_04801,ORD_04801,Debit Card,156.05
PAY_04802,ORD_04802,UPI,160.27
PAY_04803,ORD_04803,UPI,250.99
PAY_04804,ORD_04804,Credit Card,186.73
PAY_04805,ORD_04805,UPI,136.66
PAY_04806,ORD_04806,Debit Card,377.48
PAY_04807,ORD_04807,Credit Card,230.21
PAY_04808,ORD_04808,Credit Card,238.82
PAY_04809,ORD_04809,UPI,124.49
PAY_04810,ORD_04810,Credit Card,118.46
PAY_04811,ORD_04811,UPI,124.33
PAY_04812,ORD_04812,UPI,160.72
PAY_04813,ORD_04813,Debit Card,264.28
PAY_04814,ORD_04814,UPI,117.6
PAY_04815,ORD_04815,Credit Card,487.01
PAY_04816,ORD_04816,UPI,234.15
PAY_04817,ORD_04817,UPI,410.61
PAY_04818,ORD_04818,Debit Card,134.65
PAY_04819,ORD_04819,Debit Card,257.98
PAY_04820,ORD_04820,Debit Card,203.93
PAY_04821,ORD_04821,Debit Card,328.74
PAY_04822,ORD_04822,UPI,189.1
PAY_04823,ORD_04823,Debit Card,260.66
PAY_04824,ORD_04824,UPI,353.37
PAY_04825,ORD_04825,UPI,150.01
PAY_04826,ORD_04826,Credit Card,227.43
PAY_04827,ORD_04827,UPI,121.22
PAY_04828,ORD_04828,UPI,276.75
PAY_04829,ORD_04829,UPI,561.52
PAY_04830,ORD_04830,UPI,123.22
PAY_04831,ORD_04831,Debit Card,190.58
PAY_04832,ORD_04832,Credit Card,328.65
PAY_04833,ORD_04833,UPI,210.03
PAY_04834,ORD_04834,Debit Card,224.69
PAY_04835,ORD_04835,Debit Card,167.55
PAY_04836,ORD_04836,UPI,170.13
PAY_04837,ORD_04837,Debit Card,187.87
PAY_04838,ORD_04838,Credit Card,204.98
PAY_04839,ORD_04839,Credit Card,126.09
PAY_04840,ORD_04840,Cash,196.66
PAY_04841,ORD_04841,UPI,459.58
PAY_04842,ORD_04842,Credit Card,160.36
PAY_04843,ORD_04843,UPI,113.09
PAY_04844,ORD_04844,Debit Card,189.69
PAY_04845,ORD_04845,Debit Card,139.08
PAY_04846,ORD_04846,UPI,133.16
PAY_04847,ORD_04847,UPI,221.29
PAY_04848,ORD_04848,Cash,143.54
PAY_04849,ORD_04849,Cash,150.85
PAY_04850,ORD_04850,Cash,238.8
PAY_04851,ORD_04851,Cash,115.79
PAY_04852,ORD_04852,Credit Card,129.64
PAY_04853,ORD_04853,Cash,312.85
PAY_04854,ORD_04854,Debit Card,110.96
PAY_04855,ORD_04855,UPI,122.35
PAY_04856,ORD_04856,Debit Card,112.61
PAY_04857,ORD_04857,Debit Card,161.81
PAY_04858,ORD_04858,UPI,253.73
PAY_04859,ORD_04859,Debit Card,209.96
PAY_04860,ORD_04860,UPI,782.32
PAY_04861,ORD_04861,Debit Card,393.62
PAY_04862,ORD_04862,Debit Card,113.24
PAY_04863,ORD_04863,Cash,114.32
PAY_04864,ORD_04864,UPI,922.15
PAY_04865,ORD_04865,Debit Card,356.1
PAY_04866,ORD_04866,UPI,298.56
PAY_04867,ORD_04867,Debit Card,207.84
PAY_04868,ORD_04868,Credit Card,240.6
PAY_04869,ORD_04869,UPI,104.8
PAY_04870,ORD_04870,UPI,240.24
PAY_04871,ORD_04871,Credit Card,208.61
PAY_04872,ORD_04872,UPI,128.31
PAY_04873,ORD_04873,UPI,155.57
PAY_04874,ORD_04874,Cash,476.6
PAY_04875,ORD_04875,Debit Card,197.41
PAY_04876,ORD_04876,Credit Card,626.29
PAY_04877,ORD_04877,Debit Card,111.52
PAY_04878,ORD_04878,UPI,158.87
PAY_04879,ORD_04879,Credit Card,112.76
PAY_04880,ORD_04880,Debit Card,122.47
PAY_04881,ORD_04881,UPI,129.01
PAY_04882,ORD_04882,UPI,241.31
PAY_04883,ORD_04883,UPI,230.82
PAY_04884,ORD_04884,Cash,156.83
PAY_04885,ORD_04885,Credit Card,114.69
PAY_04886,ORD_04886,UPI,456.59
PAY_04887,ORD_04887,UPI,174.78
PAY_04888,ORD_04888,UPI,117.07
PAY_04889,ORD_04889,Debit Card,239.26
PAY_04890,ORD_04890,Cash,239.92
PAY_04891,ORD_04891,UPI,180.75
PAY_04892,ORD_04892,UPI,215.92
PAY_04893,ORD_04893,UPI,113.24
PAY_04894,ORD_04894,UPI,298.31
PAY_04895,ORD_04895,Credit Card,118.97
PAY_04896,ORD_04896,Debit Card,137.81
PAY_04897,ORD_04897,Debit Card,290.94
PAY_04898,ORD_04898,Credit Card,411.27
PAY_04899,ORD_04899,UPI,446.86
PAY_04900,ORD_04900,Credit Card,345.13
PAY_04901,ORD_04901,Debit Card,180.42
PAY_04902,ORD_04902,Credit Card,131.15
PAY_04903,ORD_04903,Debit Card,424.8
PAY_04904,ORD_04904,Debit Card,419.87
PAY_04905,ORD_04905,Cash,144.84
PAY_04906,ORD_04906,Debit Card,335.15
PAY_04907,ORD_04907,UPI,173.49
PAY_04908,ORD_04908,Debit Card,465.08
PAY_04909,ORD_04909,UPI,161.72
PAY_04910,ORD_04910,Debit Card,616.1
PAY_04911,ORD_04911,Cash,331.87
PAY_04912,ORD_04912,Credit Card,542.45
PAY_04913,ORD_04913,Debit Card,146.57
PAY_04914,ORD_04914,UPI,247.51
PAY_04915,ORD_04915,UPI,134.97
PAY_04916,ORD_04916,Credit Card,339.93
PAY_04917,ORD_04917,UPI,341.68
PAY_04918,ORD_04918,Debit Card,780.63
PAY_04919,ORD_04919,UPI,263.91
PAY_04920,ORD_04920,Debit Card,294.95
PAY_04921,ORD_04921,Debit Card,166.84
PAY_04922,ORD_04922,Credit Card,284.88
PAY_04923,ORD_04923,Debit Card,174.1
PAY_04924,ORD_04924,Credit Card,212.34
PAY_04925,ORD_04925,UPI,219.39
PAY_04926,ORD_04926,Debit Card,165.61
PAY_04927,ORD_04927,Credit Card,211.73
PAY_04928,ORD_04928,UPI,164.47
PAY_04929,ORD_04929,Debit Card,167.11
PAY_04930,ORD_04930,Credit Card,367.09
PAY_04931,ORD_04931,UPI,224.62
PAY_04932,ORD_04932,Debit Card,252.74
PAY_04933,ORD_04933,UPI,116.87
PAY_04934,ORD_04934,Credit Card,250.91
PAY_04935,ORD_04935,UPI,271.09
PAY_04936,ORD_04936,Debit Card,167.44
PAY_04937,ORD_04937,Credit Card,595.11
PAY_04938,ORD_04938,UPI,123.07
PAY_04939,ORD_04939,UPI,297.78
PAY_04940,ORD_04940,Credit Card,295.98
PAY_04941,ORD_04941,Credit Card,284.02
PAY_04942,ORD_04942,UPI,239.65
PAY_04943,ORD_04943,UPI,296.1
PAY_04944,ORD_04944,Debit Card,347.41
PAY_04945,ORD_04945,Credit Card,139.93
PAY_04946,ORD_04946,UPI,242.85
PAY_04947,ORD_04947,Cash,190.74
PAY_04948,ORD_04948,Debit Card,113.21
PAY_04949,ORD_04949,UPI,303.15
PAY_04950,ORD_04950,Debit Card,159.94
PAY_04951,ORD_04951,UPI,125.53
PAY_04952,ORD_04952,UPI,148.91
PAY_04953,ORD_04953,UPI,136.43
PAY_04954,ORD_04954,UPI,366.96
PAY_04955,ORD_04955,Credit Card,234.91
PAY_04956,ORD_04956,Debit Card,447.15
PAY_04957,ORD_04957,UPI,150.08
PAY_04958,ORD_04958,UPI,350.04
PAY_04959,ORD_04959,Credit Card,978.88
PAY_04960,ORD_04960,Credit Card,241.93
PAY_04961,ORD_04961,UPI,322.32
PAY_04962,ORD_04962,Cash,284.91
PAY_04963,ORD_04963,Debit Card,113.77
PAY_04964,ORD_04964,UPI,284.63
PAY_04965,ORD_04965,Credit Card,244.33
PAY_04966,ORD_04966,UPI,180.97
PAY_04967,ORD_04967,UPI,134.03
PAY_04968,ORD_04968,Credit Card,307.92
PAY_04969,ORD_04969,UPI,124.67
PAY_04970,ORD_04970,Credit Card,672.1
PAY_04971,ORD_04971,UPI,210.54
PAY_04972,ORD_04972,Credit Card,115.72
PAY_04973,ORD_04973,UPI,159.65
PAY_04974,ORD_04974,UPI,175.35
PAY_04975,ORD_04975,UPI,758.35
PAY_04976,ORD_04976,Credit Card,133.12
PAY_04977,ORD_04977,Cash,201.05
PAY_04978,ORD_04978,UPI,154.86
PAY_04979,ORD_04979,UPI,279.37
PAY_04980,ORD_04980,UPI,168.97
PAY_04981,ORD_04981,Credit Card,111.24
PAY_04982,ORD_04982,Cash,202.43
PAY_04983,ORD_04983,Cash,172.54
PAY_04984,ORD_04984,UPI,162.81
PAY_04985,ORD_04985,Debit Card,148.84
PAY_04986,ORD_04986,UPI,400.34
PAY_04987,ORD_04987,Debit Card,187.83
PAY_04988,ORD_04988,Debit Card,111.0
PAY_04989,ORD_04989,UPI,165.03
PAY_04990,ORD_04990,UPI,219.42
PAY_04991,ORD_04991,UPI,117.48
PAY_04992,ORD_04992,UPI,481.06
PAY_04993,ORD_04993,UPI,333.89
PAY_04994,ORD_04994,Credit Card,462.27
PAY_04995,ORD_04995,Credit Card,262.72
PAY_04996,ORD_04996,UPI,115.84
PAY_04997,ORD_04997,UPI,449.65
PAY_04998,ORD_04998,Cash,138.56
PAY_04999,ORD_04999,UPI,144.81
PAY_05000,ORD_05000,Debit Card,225.69
