review_id,order_id,customer_id,rating,review_text
REV_00001,ORD_00001,CUST_0785,3,Food was okay but delivery took some time.
REV_00002,ORD_00002,CUST_0894,3,Food was okay but delivery took some time.
REV_00003,ORD_00003,CUST_0776,2,Very slow delivery and poor experience.
REV_00004,ORD_00004,CUST_0569,2,Food arrived late.
REV_00005,ORD_00005,CUST_0298,3,Average experience.
REV_00006,ORD_00006,CUST_0610,1,Food arrived late.
REV_00007,ORD_00007,CUST_0137,3,Food was okay but delivery took some time.
REV_00008,ORD_00008,CUST_0376,2,The delivery took too long.
REV_00009,ORD_00009,CUST_0087,4,Food was delicious and delivery was fast.
REV_00010,ORD_00010,CUST_0419,2,The delivery took too long.
REV_00011,ORD_00011,CUST_0754,3,Delivery was acceptable.
REV_00012,ORD_00012,CUST_0199,3,Food was okay but delivery took some time.
REV_00013,ORD_00013,CUST_0463,2,Delivery was very late and food was cold.
REV_00014,ORD_00014,CUST_0437,4,Food was delicious and delivery was fast.
REV_00015,ORD_00015,CUST_0310,4,Great food and excellent service.
REV_00016,ORD_00016,CUST_0596,3,Average experience.
REV_00017,ORD_00017,CUST_0754,2,The delivery took too long.
REV_00018,ORD_00018,CUST_0281,4,Loved the food and quick delivery.
REV_00019,ORD_00019,CUST_0323,4,Food was delicious and delivery was fast.
REV_00020,ORD_00020,CUST_0764,2,The delivery took too long.
REV_00021,ORD_00021,CUST_0702,3,Average experience.
REV_00022,ORD_00022,CUST_0951,4,Loved the food and quick delivery.
REV_00023,ORD_00023,CUST_0942,2,Order was delayed and food was not hot.
REV_00024,ORD_00024,CUST_0152,4,Great food and excellent service.
REV_00025,ORD_00025,CUST_0994,4,Very good service and tasty food.
REV_00026,ORD_00026,CUST_0302,3,The experience was okay.
REV_00027,ORD_00027,CUST_0278,3,Food was decent but could be better.
REV_00028,ORD_00028,CUST_0651,3,Food was okay but delivery took some time.
REV_00029,ORD_00029,CUST_0688,4,Great food and excellent service.
REV_00030,ORD_00030,CUST_0008,5,Very good service and tasty food.
REV_00031,ORD_00031,CUST_0807,3,Food was decent but could be better.
REV_00032,ORD_00032,CUST_0235,3,Food was decent but could be better.
REV_00033,ORD_00033,CUST_0675,2,Food arrived late.
REV_00034,ORD_00034,CUST_0561,5,Great food and excellent service.
REV_00035,ORD_00035,CUST_0302,3,Food was decent but could be better.
REV_00036,ORD_00036,CUST_0038,3,Food was okay but delivery took some time.
REV_00037,ORD_00037,CUST_0136,3,Food was okay but delivery took some time.
REV_00038,ORD_00038,CUST_0822,2,Order was delayed and food was not hot.
REV_00039,ORD_00039,CUST_0421,3,Food was okay but delivery took some time.
REV_00040,ORD_00040,CUST_0219,2,Very slow delivery and poor experience.
REV_00041,ORD_00041,CUST_0348,3,Food was decent but could be better.
REV_00042,ORD_00042,CUST_0808,4,Loved the food and quick delivery.
REV_00043,ORD_00043,CUST_0546,3,Food was decent but could be better.
REV_00044,ORD_00044,CUST_0864,4,Food was delicious and delivery was fast.
REV_00045,ORD_00045,CUST_0079,2,Order was delayed and food was not hot.
REV_00046,ORD_00046,CUST_0748,3,The experience was okay.
REV_00047,ORD_00047,CUST_0895,2,Delivery was very late and food was cold.
REV_00048,ORD_00048,CUST_0273,3,Delivery was acceptable.
REV_00049,ORD_00049,CUST_0161,4,Food was delicious and delivery was fast.
REV_00050,ORD_00050,CUST_0687,2,The delivery took too long.
REV_00051,ORD_00051,CUST_0878,3,Food was decent but could be better.
REV_00052,ORD_00052,CUST_0308,3,The experience was okay.
REV_00053,ORD_00053,CUST_0374,4,"Amazing experience, food arrived hot."
REV_00054,ORD_00054,CUST_0976,2,The delivery took too long.
REV_00055,ORD_00055,CUST_0733,2,Food arrived late.
REV_00056,ORD_00056,CUST_0009,2,Delivery was very late and food was cold.
REV_00057,ORD_00057,CUST_0801,3,Food was okay but delivery took some time.
REV_00058,ORD_00058,CUST_0444,4,Great food and excellent service.
REV_00059,ORD_00059,CUST_0113,2,Very slow delivery and poor experience.
REV_00060,ORD_00060,CUST_0989,3,Food was okay but delivery took some time.
REV_00061,ORD_00061,CUST_0205,3,Average experience.
REV_00062,ORD_00062,CUST_0405,3,Food was okay but delivery took some time.
REV_00063,ORD_00063,CUST_0698,4,Very good service and tasty food.
REV_00064,ORD_00064,CUST_0853,3,Food was decent but could be better.
REV_00065,ORD_00065,CUST_0197,4,Very good service and tasty food.
REV_00066,ORD_00066,CUST_0778,2,Very slow delivery and poor experience.
REV_00067,ORD_00067,CUST_0774,5,Great food and excellent service.
REV_00068,ORD_00068,CUST_0760,2,Very slow delivery and poor experience.
REV_00069,ORD_00069,CUST_0115,4,"Amazing experience, food arrived hot."
REV_00070,ORD_00070,CUST_0121,3,Average experience.
REV_00071,ORD_00071,CUST_0653,2,Very slow delivery and poor experience.
REV_00072,ORD_00072,CUST_0065,3,Food was okay but delivery took some time.
REV_00073,ORD_00073,CUST_0276,4,Loved the food and quick delivery.
REV_00074,ORD_00074,CUST_0825,3,Average experience.
REV_00075,ORD_00075,CUST_0239,3,The experience was okay.
REV_00076,ORD_00076,CUST_0302,3,Average experience.
REV_00077,ORD_00077,CUST_0392,4,Great food and excellent service.
REV_00078,ORD_00078,CUST_0522,4,Very good service and tasty food.
REV_00079,ORD_00079,CUST_0969,3,Delivery was acceptable.
REV_00080,ORD_00080,CUST_0369,4,"Amazing experience, food arrived hot."
REV_00081,ORD_00081,CUST_0233,4,Loved the food and quick delivery.
REV_00082,ORD_00082,CUST_0195,2,Food arrived late.
REV_00083,ORD_00083,CUST_0907,3,Food was decent but could be better.
REV_00084,ORD_00084,CUST_0012,3,Food was okay but delivery took some time.
REV_00085,ORD_00085,CUST_0906,3,Average experience.
REV_00086,ORD_00086,CUST_0921,2,Delivery was very late and food was cold.
REV_00087,ORD_00087,CUST_0689,3,Food was decent but could be better.
REV_00088,ORD_00088,CUST_0177,3,Delivery was acceptable.
REV_00089,ORD_00089,CUST_0217,3,Food was decent but could be better.
REV_00090,ORD_00090,CUST_0011,4,Food was delicious and delivery was fast.
REV_00091,ORD_00091,CUST_0446,4,Great food and excellent service.
REV_00092,ORD_00092,CUST_0630,4,Loved the food and quick delivery.
REV_00093,ORD_00093,CUST_0164,3,Food was decent but could be better.
REV_00094,ORD_00094,CUST_0551,3,Average experience.
REV_00095,ORD_00095,CUST_0053,2,Order was delayed and food was not hot.
REV_00096,ORD_00096,CUST_0218,3,Delivery was acceptable.
REV_00097,ORD_00097,CUST_0718,3,Delivery was acceptable.
REV_00098,ORD_00098,CUST_0999,4,Great food and excellent service.
REV_00099,ORD_00099,CUST_0824,2,Very slow delivery and poor experience.
REV_00100,ORD_00100,CUST_0360,2,Food arrived late.
REV_00101,ORD_00101,CUST_0385,3,Average experience.
REV_00102,ORD_00102,CUST_0056,4,Loved the food and quick delivery.
REV_00103,ORD_00103,CUST_0118,3,The experience was okay.
REV_00104,ORD_00104,CUST_0900,4,"Amazing experience, food arrived hot."
REV_00105,ORD_00105,CUST_0253,4,Loved the food and quick delivery.
REV_00106,ORD_00106,CUST_0798,4,Very good service and tasty food.
REV_00107,ORD_00107,CUST_0780,2,The delivery took too long.
REV_00108,ORD_00108,CUST_0803,3,Delivery was acceptable.
REV_00109,ORD_00109,CUST_0845,2,Very slow delivery and poor experience.
REV_00110,ORD_00110,CUST_0180,4,Great food and excellent service.
REV_00111,ORD_00111,CUST_0415,3,Average experience.
REV_00112,ORD_00112,CUST_0870,3,The experience was okay.
REV_00113,ORD_00113,CUST_0235,3,Delivery was acceptable.
REV_00114,ORD_00114,CUST_0855,4,Food was delicious and delivery was fast.
REV_00115,ORD_00115,CUST_0708,3,Food was okay but delivery took some time.
REV_00116,ORD_00116,CUST_0820,3,Food was okay but delivery took some time.
REV_00117,ORD_00117,CUST_0080,4,Great food and excellent service.
REV_00118,ORD_00118,CUST_0647,1,Food arrived late.
REV_00119,ORD_00119,CUST_0022,2,Order was delayed and food was not hot.
REV_00120,ORD_00120,CUST_0477,4,Loved the food and quick delivery.
REV_00121,ORD_00121,CUST_0843,4,Food was delicious and delivery was fast.
REV_00122,ORD_00122,CUST_0440,2,Order was delayed and food was not hot.
REV_00123,ORD_00123,CUST_0737,4,Very good service and tasty food.
REV_00124,ORD_00124,CUST_0570,3,The experience was okay.
REV_00125,ORD_00125,CUST_0093,3,Delivery was acceptable.
REV_00126,ORD_00126,CUST_0192,3,The experience was okay.
REV_00127,ORD_00127,CUST_0103,3,Food was decent but could be better.
REV_00128,ORD_00128,CUST_0396,3,The experience was okay.
REV_00129,ORD_00129,CUST_0007,2,Delivery was very late and food was cold.
REV_00130,ORD_00130,CUST_0640,4,Food was delicious and delivery was fast.
REV_00131,ORD_00131,CUST_0567,4,Loved the food and quick delivery.
REV_00132,ORD_00132,CUST_0231,3,Food was decent but could be better.
REV_00133,ORD_00133,CUST_0874,5,"Amazing experience, food arrived hot."
REV_00134,ORD_00134,CUST_0574,5,Food was delicious and delivery was fast.
REV_00135,ORD_00135,CUST_0240,2,Very slow delivery and poor experience.
REV_00136,ORD_00136,CUST_0090,4,Very good service and tasty food.
REV_00137,ORD_00137,CUST_0232,1,Food arrived late.
REV_00138,ORD_00138,CUST_0457,4,Very good service and tasty food.
REV_00139,ORD_00139,CUST_0233,2,Delivery was very late and food was cold.
REV_00140,ORD_00140,CUST_0354,4,"Amazing experience, food arrived hot."
REV_00141,ORD_00141,CUST_0333,3,The experience was okay.
REV_00142,ORD_00142,CUST_0439,2,Food arrived late.
REV_00143,ORD_00143,CUST_0375,5,Loved the food and quick delivery.
REV_00144,ORD_00144,CUST_0292,5,Food was delicious and delivery was fast.
REV_00145,ORD_00145,CUST_0345,5,"Amazing experience, food arrived hot."
REV_00146,ORD_00146,CUST_0664,3,The experience was okay.
REV_00147,ORD_00147,CUST_0428,3,The experience was okay.
REV_00148,ORD_00148,CUST_0657,3,Average experience.
REV_00149,ORD_00149,CUST_0130,3,Average experience.
REV_00150,ORD_00150,CUST_0141,4,"Amazing experience, food arrived hot."
REV_00151,ORD_00151,CUST_0415,3,Average experience.
REV_00152,ORD_00152,CUST_0093,2,The delivery took too long.
REV_00153,ORD_00153,CUST_0626,4,Loved the food and quick delivery.
REV_00154,ORD_00154,CUST_0284,2,Delivery was very late and food was cold.
REV_00155,ORD_00155,CUST_0956,4,Loved the food and quick delivery.
REV_00156,ORD_00156,CUST_0923,2,Very slow delivery and poor experience.
REV_00157,ORD_00157,CUST_0655,5,Very good service and tasty food.
REV_00158,ORD_00158,CUST_0223,1,Delivery was very late and food was cold.
REV_00159,ORD_00159,CUST_0744,3,Food was okay but delivery took some time.
REV_00160,ORD_00160,CUST_0463,3,Food was decent but could be better.
REV_00161,ORD_00161,CUST_0545,4,"Amazing experience, food arrived hot."
REV_00162,ORD_00162,CUST_0276,3,Average experience.
REV_00163,ORD_00163,CUST_0682,3,Food was okay but delivery took some time.
REV_00164,ORD_00164,CUST_0140,4,Great food and excellent service.
REV_00165,ORD_00165,CUST_0357,2,The delivery took too long.
REV_00166,ORD_00166,CUST_0713,3,Food was okay but delivery took some time.
REV_00167,ORD_00167,CUST_0023,4,Food was delicious and delivery was fast.
REV_00168,ORD_00168,CUST_0968,4,Very good service and tasty food.
REV_00169,ORD_00169,CUST_0736,2,Delivery was very late and food was cold.
REV_00170,ORD_00170,CUST_0880,3,The experience was okay.
REV_00171,ORD_00171,CUST_0270,4,Great food and excellent service.
REV_00172,ORD_00172,CUST_0859,5,Great food and excellent service.
REV_00173,ORD_00173,CUST_0665,5,Very good service and tasty food.
REV_00174,ORD_00174,CUST_0333,3,The experience was okay.
REV_00175,ORD_00175,CUST_0085,4,Great food and excellent service.
REV_00176,ORD_00176,CUST_0621,3,Food was decent but could be better.
REV_00177,ORD_00177,CUST_0031,2,The delivery took too long.
REV_00178,ORD_00178,CUST_0741,3,The experience was okay.
REV_00179,ORD_00179,CUST_0240,4,Very good service and tasty food.
REV_00180,ORD_00180,CUST_0890,2,Food arrived late.
REV_00181,ORD_00181,CUST_0363,4,Loved the food and quick delivery.
REV_00182,ORD_00182,CUST_0822,3,Average experience.
REV_00183,ORD_00183,CUST_0389,4,"Amazing experience, food arrived hot."
REV_00184,ORD_00184,CUST_0653,3,Delivery was acceptable.
REV_00185,ORD_00185,CUST_0668,3,Food was decent but could be better.
REV_00186,ORD_00186,CUST_0299,3,Delivery was acceptable.
REV_00187,ORD_00187,CUST_0857,4,Loved the food and quick delivery.
REV_00188,ORD_00188,CUST_0371,4,Very good service and tasty food.
REV_00189,ORD_00189,CUST_0099,4,Food was delicious and delivery was fast.
REV_00190,ORD_00190,CUST_0047,3,Average experience.
REV_00191,ORD_00191,CUST_0999,5,Great food and excellent service.
REV_00192,ORD_00192,CUST_0839,3,Food was okay but delivery took some time.
REV_00193,ORD_00193,CUST_0422,3,Food was decent but could be better.
REV_00194,ORD_00194,CUST_0480,4,Food was delicious and delivery was fast.
REV_00195,ORD_00195,CUST_0579,2,The delivery took too long.
REV_00196,ORD_00196,CUST_0062,2,The delivery took too long.
REV_00197,ORD_00197,CUST_0109,3,Average experience.
REV_00198,ORD_00198,CUST_0679,4,Loved the food and quick delivery.
REV_00199,ORD_00199,CUST_0549,3,Average experience.
REV_00200,ORD_00200,CUST_0119,4,Food was delicious and delivery was fast.
REV_00201,ORD_00201,CUST_0598,3,Food was okay but delivery took some time.
REV_00202,ORD_00202,CUST_0382,3,Food was okay but delivery took some time.
REV_00203,ORD_00203,CUST_0392,1,Food arrived late.
REV_00204,ORD_00204,CUST_0977,2,Delivery was very late and food was cold.
REV_00205,ORD_00205,CUST_0052,3,Food was okay but delivery took some time.
REV_00206,ORD_00206,CUST_0603,3,Food was decent but could be better.
REV_00207,ORD_00207,CUST_0289,2,Delivery was very late and food was cold.
REV_00208,ORD_00208,CUST_0337,5,Loved the food and quick delivery.
REV_00209,ORD_00209,CUST_0810,3,Average experience.
REV_00210,ORD_00210,CUST_0204,2,Very slow delivery and poor experience.
REV_00211,ORD_00211,CUST_0880,3,Delivery was acceptable.
REV_00212,ORD_00212,CUST_0238,1,Food arrived late.
REV_00213,ORD_00213,CUST_0382,5,Loved the food and quick delivery.
REV_00214,ORD_00214,CUST_0667,4,Great food and excellent service.
REV_00215,ORD_00215,CUST_0752,3,The experience was okay.
REV_00216,ORD_00216,CUST_0136,4,Loved the food and quick delivery.
REV_00217,ORD_00217,CUST_0407,4,Very good service and tasty food.
REV_00218,ORD_00218,CUST_0508,3,Average experience.
REV_00219,ORD_00219,CUST_0362,3,Delivery was acceptable.
REV_00220,ORD_00220,CUST_0381,3,Delivery was acceptable.
REV_00221,ORD_00221,CUST_0881,4,Great food and excellent service.
REV_00222,ORD_00222,CUST_0576,2,Delivery was very late and food was cold.
REV_00223,ORD_00223,CUST_0635,3,Food was okay but delivery took some time.
REV_00224,ORD_00224,CUST_0254,4,Very good service and tasty food.
REV_00225,ORD_00225,CUST_0477,3,Food was decent but could be better.
REV_00226,ORD_00226,CUST_0114,3,Delivery was acceptable.
REV_00227,ORD_00227,CUST_0020,3,Delivery was acceptable.
REV_00228,ORD_00228,CUST_0528,1,Order was delayed and food was not hot.
REV_00229,ORD_00229,CUST_0145,3,Food was okay but delivery took some time.
REV_00230,ORD_00230,CUST_0208,4,Food was delicious and delivery was fast.
REV_00231,ORD_00231,CUST_0531,4,Food was delicious and delivery was fast.
REV_00232,ORD_00232,CUST_0376,3,Delivery was acceptable.
REV_00233,ORD_00233,CUST_0504,3,Food was decent but could be better.
REV_00234,ORD_00234,CUST_0904,2,Delivery was very late and food was cold.
REV_00235,ORD_00235,CUST_0166,3,Average experience.
REV_00236,ORD_00236,CUST_0550,3,Average experience.
REV_00237,ORD_00237,CUST_0181,3,Average experience.
REV_00238,ORD_00238,CUST_0861,4,Loved the food and quick delivery.
REV_00239,ORD_00239,CUST_0617,3,Delivery was acceptable.
REV_00240,ORD_00240,CUST_0612,2,Food arrived late.
REV_00241,ORD_00241,CUST_0602,3,Delivery was acceptable.
REV_00242,ORD_00242,CUST_0927,2,Food arrived late.
REV_00243,ORD_00243,CUST_0812,2,Very slow delivery and poor experience.
REV_00244,ORD_00244,CUST_0444,3,Delivery was acceptable.
REV_00245,ORD_00245,CUST_0332,3,Average experience.
REV_00246,ORD_00246,CUST_0503,2,Delivery was very late and food was cold.
REV_00247,ORD_00247,CUST_0913,3,Delivery was acceptable.
REV_00248,ORD_00248,CUST_0079,2,The delivery took too long.
REV_00249,ORD_00249,CUST_0585,4,Food was delicious and delivery was fast.
REV_00250,ORD_00250,CUST_0935,3,Food was okay but delivery took some time.
REV_00251,ORD_00251,CUST_0938,3,The experience was okay.
REV_00252,ORD_00252,CUST_0688,3,Food was okay but delivery took some time.
REV_00253,ORD_00253,CUST_0396,4,Food was delicious and delivery was fast.
REV_00254,ORD_00254,CUST_0608,4,Great food and excellent service.
REV_00255,ORD_00255,CUST_0857,3,Average experience.
REV_00256,ORD_00256,CUST_0103,4,Very good service and tasty food.
REV_00257,ORD_00257,CUST_0402,1,Order was delayed and food was not hot.
REV_00258,ORD_00258,CUST_0975,3,Delivery was acceptable.
REV_00259,ORD_00259,CUST_0224,3,Average experience.
REV_00260,ORD_00260,CUST_0518,4,Very good service and tasty food.
REV_00261,ORD_00261,CUST_0634,5,Food was delicious and delivery was fast.
REV_00262,ORD_00262,CUST_0236,3,Average experience.
REV_00263,ORD_00263,CUST_0427,4,Very good service and tasty food.
REV_00264,ORD_00264,CUST_0116,3,Food was okay but delivery took some time.
REV_00265,ORD_00265,CUST_0163,2,Order was delayed and food was not hot.
REV_00266,ORD_00266,CUST_0226,3,Food was decent but could be better.
REV_00267,ORD_00267,CUST_0230,2,Order was delayed and food was not hot.
REV_00268,ORD_00268,CUST_0182,5,"Amazing experience, food arrived hot."
REV_00269,ORD_00269,CUST_0249,3,Delivery was acceptable.
REV_00270,ORD_00270,CUST_0318,2,The delivery took too long.
REV_00271,ORD_00271,CUST_0965,2,Order was delayed and food was not hot.
REV_00272,ORD_00272,CUST_0210,4,Great food and excellent service.
REV_00273,ORD_00273,CUST_0656,3,Average experience.
REV_00274,ORD_00274,CUST_0392,2,Very slow delivery and poor experience.
REV_00275,ORD_00275,CUST_0857,4,Great food and excellent service.
REV_00276,ORD_00276,CUST_0096,4,Food was delicious and delivery was fast.
REV_00277,ORD_00277,CUST_0894,4,Loved the food and quick delivery.
REV_00278,ORD_00278,CUST_0858,3,The experience was okay.
REV_00279,ORD_00279,CUST_0756,4,Food was delicious and delivery was fast.
REV_00280,ORD_00280,CUST_0086,4,"Amazing experience, food arrived hot."
REV_00281,ORD_00281,CUST_0415,3,Food was okay but delivery took some time.
REV_00282,ORD_00282,CUST_0394,4,Food was delicious and delivery was fast.
REV_00283,ORD_00283,CUST_0696,3,The experience was okay.
REV_00284,ORD_00284,CUST_0633,4,Very good service and tasty food.
REV_00285,ORD_00285,CUST_0844,4,Loved the food and quick delivery.
REV_00286,ORD_00286,CUST_0501,4,Loved the food and quick delivery.
REV_00287,ORD_00287,CUST_0604,2,Food arrived late.
REV_00288,ORD_00288,CUST_0582,5,Food was delicious and delivery was fast.
REV_00289,ORD_00289,CUST_0916,4,Loved the food and quick delivery.
REV_00290,ORD_00290,CUST_0133,4,Food was delicious and delivery was fast.
REV_00291,ORD_00291,CUST_0791,4,Great food and excellent service.
REV_00292,ORD_00292,CUST_0649,2,Delivery was very late and food was cold.
REV_00293,ORD_00293,CUST_0314,2,The delivery took too long.
REV_00294,ORD_00294,CUST_0699,4,Food was delicious and delivery was fast.
REV_00295,ORD_00295,CUST_0221,5,Great food and excellent service.
REV_00296,ORD_00296,CUST_0976,3,Delivery was acceptable.
REV_00297,ORD_00297,CUST_0438,2,Delivery was very late and food was cold.
REV_00298,ORD_00298,CUST_0046,3,The experience was okay.
REV_00299,ORD_00299,CUST_0790,3,Average experience.
REV_00300,ORD_00300,CUST_0192,4,Loved the food and quick delivery.
REV_00301,ORD_00301,CUST_0520,3,The experience was okay.
REV_00302,ORD_00302,CUST_0379,3,Food was okay but delivery took some time.
REV_00303,ORD_00303,CUST_0788,3,The experience was okay.
REV_00304,ORD_00304,CUST_0691,5,Food was delicious and delivery was fast.
REV_00305,ORD_00305,CUST_0334,3,Delivery was acceptable.
REV_00306,ORD_00306,CUST_0039,4,Loved the food and quick delivery.
REV_00307,ORD_00307,CUST_0293,4,Loved the food and quick delivery.
REV_00308,ORD_00308,CUST_0690,3,The experience was okay.
REV_00309,ORD_00309,CUST_0162,3,Food was decent but could be better.
REV_00310,ORD_00310,CUST_0331,4,"Amazing experience, food arrived hot."
REV_00311,ORD_00311,CUST_0886,2,Food arrived late.
REV_00312,ORD_00312,CUST_0104,2,Very slow delivery and poor experience.
REV_00313,ORD_00313,CUST_0161,3,Average experience.
REV_00314,ORD_00314,CUST_0799,4,"Amazing experience, food arrived hot."
REV_00315,ORD_00315,CUST_0635,4,Very good service and tasty food.
REV_00316,ORD_00316,CUST_0054,3,Average experience.
REV_00317,ORD_00317,CUST_0940,4,"Amazing experience, food arrived hot."
REV_00318,ORD_00318,CUST_0034,2,Order was delayed and food was not hot.
REV_00319,ORD_00319,CUST_0242,3,Food was decent but could be better.
REV_00320,ORD_00320,CUST_0967,2,Delivery was very late and food was cold.
REV_00321,ORD_00321,CUST_0890,3,Food was okay but delivery took some time.
REV_00322,ORD_00322,CUST_0113,4,Very good service and tasty food.
REV_00323,ORD_00323,CUST_0318,3,The experience was okay.
REV_00324,ORD_00324,CUST_0023,2,The delivery took too long.
REV_00325,ORD_00325,CUST_0558,4,Food was delicious and delivery was fast.
REV_00326,ORD_00326,CUST_0824,4,Food was delicious and delivery was fast.
REV_00327,ORD_00327,CUST_0647,3,The experience was okay.
REV_00328,ORD_00328,CUST_0118,3,Average experience.
REV_00329,ORD_00329,CUST_0985,3,The experience was okay.
REV_00330,ORD_00330,CUST_0701,3,Food was decent but could be better.
REV_00331,ORD_00331,CUST_0643,3,Average experience.
REV_00332,ORD_00332,CUST_0934,3,Food was decent but could be better.
REV_00333,ORD_00333,CUST_0212,2,Delivery was very late and food was cold.
REV_00334,ORD_00334,CUST_0418,2,Food arrived late.
REV_00335,ORD_00335,CUST_0113,3,Food was decent but could be better.
REV_00336,ORD_00336,CUST_0044,2,Very slow delivery and poor experience.
REV_00337,ORD_00337,CUST_0128,4,Great food and excellent service.
REV_00338,ORD_00338,CUST_0876,2,Order was delayed and food was not hot.
REV_00339,ORD_00339,CUST_0158,4,Loved the food and quick delivery.
REV_00340,ORD_00340,CUST_0785,3,Food was decent but could be better.
REV_00341,ORD_00341,CUST_0827,3,The experience was okay.
REV_00342,ORD_00342,CUST_0394,3,The experience was okay.
REV_00343,ORD_00343,CUST_0867,4,Food was delicious and delivery was fast.
REV_00344,ORD_00344,CUST_0852,3,The experience was okay.
REV_00345,ORD_00345,CUST_0512,4,"Amazing experience, food arrived hot."
REV_00346,ORD_00346,CUST_0914,3,Food was okay but delivery took some time.
REV_00347,ORD_00347,CUST_0045,4,Great food and excellent service.
REV_00348,ORD_00348,CUST_0108,3,Food was decent but could be better.
REV_00349,ORD_00349,CUST_0219,4,Food was delicious and delivery was fast.
REV_00350,ORD_00350,CUST_0443,4,Food was delicious and delivery was fast.
REV_00351,ORD_00351,CUST_0830,3,The experience was okay.
REV_00352,ORD_00352,CUST_0315,5,Great food and excellent service.
REV_00353,ORD_00353,CUST_0177,3,Food was decent but could be better.
REV_00354,ORD_00354,CUST_0228,3,Food was decent but could be better.
REV_00355,ORD_00355,CUST_0703,3,The experience was okay.
REV_00356,ORD_00356,CUST_0983,4,Great food and excellent service.
REV_00357,ORD_00357,CUST_0672,5,"Amazing experience, food arrived hot."
REV_00358,ORD_00358,CUST_0906,4,Great food and excellent service.
REV_00359,ORD_00359,CUST_0267,5,"Amazing experience, food arrived hot."
REV_00360,ORD_00360,CUST_0870,4,Loved the food and quick delivery.
REV_00361,ORD_00361,CUST_0838,4,Very good service and tasty food.
REV_00362,ORD_00362,CUST_0379,2,Very slow delivery and poor experience.
REV_00363,ORD_00363,CUST_0489,3,Food was okay but delivery took some time.
REV_00364,ORD_00364,CUST_0702,3,Food was okay but delivery took some time.
REV_00365,ORD_00365,CUST_0687,3,Delivery was acceptable.
REV_00366,ORD_00366,CUST_0290,3,Food was decent but could be better.
REV_00367,ORD_00367,CUST_0996,3,Food was okay but delivery took some time.
REV_00368,ORD_00368,CUST_0357,3,Food was okay but delivery took some time.
REV_00369,ORD_00369,CUST_0657,3,Food was decent but could be better.
REV_00370,ORD_00370,CUST_0744,4,Great food and excellent service.
REV_00371,ORD_00371,CUST_0872,3,Food was decent but could be better.
REV_00372,ORD_00372,CUST_0950,2,Food arrived late.
REV_00373,ORD_00373,CUST_0204,3,Delivery was acceptable.
REV_00374,ORD_00374,CUST_0213,4,Loved the food and quick delivery.
REV_00375,ORD_00375,CUST_0552,3,Delivery was acceptable.
REV_00376,ORD_00376,CUST_0787,4,Loved the food and quick delivery.
REV_00377,ORD_00377,CUST_0323,4,Food was delicious and delivery was fast.
REV_00378,ORD_00378,CUST_0594,4,Food was delicious and delivery was fast.
REV_00379,ORD_00379,CUST_0181,3,Food was okay but delivery took some time.
REV_00380,ORD_00380,CUST_0499,4,Great food and excellent service.
REV_00381,ORD_00381,CUST_0320,4,Loved the food and quick delivery.
REV_00382,ORD_00382,CUST_0083,4,Food was delicious and delivery was fast.
REV_00383,ORD_00383,CUST_0303,3,Food was decent but could be better.
REV_00384,ORD_00384,CUST_0262,4,Loved the food and quick delivery.
REV_00385,ORD_00385,CUST_0784,4,Loved the food and quick delivery.
REV_00386,ORD_00386,CUST_0200,3,Average experience.
REV_00387,ORD_00387,CUST_0240,4,Very good service and tasty food.
REV_00388,ORD_00388,CUST_0914,3,Average experience.
REV_00389,ORD_00389,CUST_0692,3,Food was okay but delivery took some time.
REV_00390,ORD_00390,CUST_0944,3,Food was decent but could be better.
REV_00391,ORD_00391,CUST_0683,3,Food was decent but could be better.
REV_00392,ORD_00392,CUST_0295,3,Food was okay but delivery took some time.
REV_00393,ORD_00393,CUST_0512,3,Food was decent but could be better.
REV_00394,ORD_00394,CUST_0689,5,Great food and excellent service.
REV_00395,ORD_00395,CUST_0881,4,Great food and excellent service.
REV_00396,ORD_00396,CUST_0396,4,Food was delicious and delivery was fast.
REV_00397,ORD_00397,CUST_0749,3,Food was decent but could be better.
REV_00398,ORD_00398,CUST_0138,4,Loved the food and quick delivery.
REV_00399,ORD_00399,CUST_0839,4,Very good service and tasty food.
REV_00400,ORD_00400,CUST_0878,4,Loved the food and quick delivery.
REV_00401,ORD_00401,CUST_0823,4,Great food and excellent service.
REV_00402,ORD_00402,CUST_0129,4,Great food and excellent service.
REV_00403,ORD_00403,CUST_0049,2,Food arrived late.
REV_00404,ORD_00404,CUST_0676,5,Great food and excellent service.
REV_00405,ORD_00405,CUST_0789,4,Very good service and tasty food.
REV_00406,ORD_00406,CUST_0293,3,Food was okay but delivery took some time.
REV_00407,ORD_00407,CUST_0628,4,Great food and excellent service.
REV_00408,ORD_00408,CUST_0536,2,Very slow delivery and poor experience.
REV_00409,ORD_00409,CUST_0311,4,Very good service and tasty food.
REV_00410,ORD_00410,CUST_0537,2,Food arrived late.
REV_00411,ORD_00411,CUST_0903,4,"Amazing experience, food arrived hot."
REV_00412,ORD_00412,CUST_0639,4,Great food and excellent service.
REV_00413,ORD_00413,CUST_0234,4,Food was delicious and delivery was fast.
REV_00414,ORD_00414,CUST_0209,3,Delivery was acceptable.
REV_00415,ORD_00415,CUST_0605,5,Food was delicious and delivery was fast.
REV_00416,ORD_00416,CUST_0094,2,Order was delayed and food was not hot.
REV_00417,ORD_00417,CUST_0327,4,Great food and excellent service.
REV_00418,ORD_00418,CUST_0225,4,Great food and excellent service.
REV_00419,ORD_00419,CUST_0967,2,Order was delayed and food was not hot.
REV_00420,ORD_00420,CUST_0890,4,"Amazing experience, food arrived hot."
REV_00421,ORD_00421,CUST_0792,2,Very slow delivery and poor experience.
REV_00422,ORD_00422,CUST_0011,4,Great food and excellent service.
REV_00423,ORD_00423,CUST_0329,2,Food arrived late.
REV_00424,ORD_00424,CUST_0012,3,Food was okay but delivery took some time.
REV_00425,ORD_00425,CUST_0035,2,Food arrived late.
REV_00426,ORD_00426,CUST_0447,4,Very good service and tasty food.
REV_00427,ORD_00427,CUST_0452,4,"Amazing experience, food arrived hot."
REV_00428,ORD_00428,CUST_0740,2,Very slow delivery and poor experience.
REV_00429,ORD_00429,CUST_0220,5,Food was delicious and delivery was fast.
REV_00430,ORD_00430,CUST_0441,2,Very slow delivery and poor experience.
REV_00431,ORD_00431,CUST_0653,3,Food was decent but could be better.
REV_00432,ORD_00432,CUST_0535,2,The delivery took too long.
REV_00433,ORD_00433,CUST_0595,4,Very good service and tasty food.
REV_00434,ORD_00434,CUST_0229,2,The delivery took too long.
REV_00435,ORD_00435,CUST_0935,2,Very slow delivery and poor experience.
REV_00436,ORD_00436,CUST_0344,3,Food was okay but delivery took some time.
REV_00437,ORD_00437,CUST_0080,2,Delivery was very late and food was cold.
REV_00438,ORD_00438,CUST_0353,3,Food was decent but could be better.
REV_00439,ORD_00439,CUST_0396,3,Average experience.
REV_00440,ORD_00440,CUST_0290,2,The delivery took too long.
REV_00441,ORD_00441,CUST_0455,4,"Amazing experience, food arrived hot."
REV_00442,ORD_00442,CUST_0843,3,Food was okay but delivery took some time.
REV_00443,ORD_00443,CUST_0671,3,Food was okay but delivery took some time.
REV_00444,ORD_00444,CUST_0989,4,Loved the food and quick delivery.
REV_00445,ORD_00445,CUST_0128,2,Order was delayed and food was not hot.
REV_00446,ORD_00446,CUST_0702,3,Food was decent but could be better.
REV_00447,ORD_00447,CUST_0909,3,Food was decent but could be better.
REV_00448,ORD_00448,CUST_0543,5,Very good service and tasty food.
REV_00449,ORD_00449,CUST_0898,2,The delivery took too long.
REV_00450,ORD_00450,CUST_0359,3,The experience was okay.
REV_00451,ORD_00451,CUST_0527,3,Food was okay but delivery took some time.
REV_00452,ORD_00452,CUST_0313,3,Delivery was acceptable.
REV_00453,ORD_00453,CUST_0075,3,The experience was okay.
REV_00454,ORD_00454,CUST_0546,3,Average experience.
REV_00455,ORD_00455,CUST_0871,3,Food was decent but could be better.
REV_00456,ORD_00456,CUST_0196,3,Food was okay but delivery took some time.
REV_00457,ORD_00457,CUST_0843,3,Delivery was acceptable.
REV_00458,ORD_00458,CUST_0029,4,Food was delicious and delivery was fast.
REV_00459,ORD_00459,CUST_0706,4,Loved the food and quick delivery.
REV_00460,ORD_00460,CUST_0016,3,The experience was okay.
REV_00461,ORD_00461,CUST_0423,4,Great food and excellent service.
REV_00462,ORD_00462,CUST_0589,2,Very slow delivery and poor experience.
REV_00463,ORD_00463,CUST_0805,3,Delivery was acceptable.
REV_00464,ORD_00464,CUST_0593,1,Delivery was very late and food was cold.
REV_00465,ORD_00465,CUST_0405,2,Very slow delivery and poor experience.
REV_00466,ORD_00466,CUST_0940,4,Loved the food and quick delivery.
REV_00467,ORD_00467,CUST_0636,4,"Amazing experience, food arrived hot."
REV_00468,ORD_00468,CUST_0531,4,Food was delicious and delivery was fast.
REV_00469,ORD_00469,CUST_0967,3,Food was decent but could be better.
REV_00470,ORD_00470,CUST_0614,2,The delivery took too long.
REV_00471,ORD_00471,CUST_0904,3,Food was decent but could be better.
REV_00472,ORD_00472,CUST_0077,2,Order was delayed and food was not hot.
REV_00473,ORD_00473,CUST_0229,3,Food was decent but could be better.
REV_00474,ORD_00474,CUST_0962,4,Very good service and tasty food.
REV_00475,ORD_00475,CUST_0297,2,Very slow delivery and poor experience.
REV_00476,ORD_00476,CUST_0510,3,The experience was okay.
REV_00477,ORD_00477,CUST_0715,3,Average experience.
REV_00478,ORD_00478,CUST_0984,2,Food arrived late.
REV_00479,ORD_00479,CUST_0966,3,Delivery was acceptable.
REV_00480,ORD_00480,CUST_0573,2,Order was delayed and food was not hot.
REV_00481,ORD_00481,CUST_0538,4,Great food and excellent service.
REV_00482,ORD_00482,CUST_0583,3,The experience was okay.
REV_00483,ORD_00483,CUST_0615,3,The experience was okay.
REV_00484,ORD_00484,CUST_0979,4,"Amazing experience, food arrived hot."
REV_00485,ORD_00485,CUST_0326,3,Delivery was acceptable.
REV_00486,ORD_00486,CUST_0363,3,The experience was okay.
REV_00487,ORD_00487,CUST_0669,3,Food was okay but delivery took some time.
REV_00488,ORD_00488,CUST_0875,4,"Amazing experience, food arrived hot."
REV_00489,ORD_00489,CUST_0359,3,Food was decent but could be better.
REV_00490,ORD_00490,CUST_0706,3,Average experience.
REV_00491,ORD_00491,CUST_0787,3,Delivery was acceptable.
REV_00492,ORD_00492,CUST_0324,4,Loved the food and quick delivery.
REV_00493,ORD_00493,CUST_0698,3,The experience was okay.
REV_00494,ORD_00494,CUST_0326,4,"Amazing experience, food arrived hot."
REV_00495,ORD_00495,CUST_0625,2,Order was delayed and food was not hot.
REV_00496,ORD_00496,CUST_0825,4,Very good service and tasty food.
REV_00497,ORD_00497,CUST_0165,2,Order was delayed and food was not hot.
REV_00498,ORD_00498,CUST_0573,3,Average experience.
REV_00499,ORD_00499,CUST_0604,4,Loved the food and quick delivery.
REV_00500,ORD_00500,CUST_0798,4,Very good service and tasty food.
REV_00501,ORD_00501,CUST_0455,2,Food arrived late.
REV_00502,ORD_00502,CUST_0969,3,Food was okay but delivery took some time.
REV_00503,ORD_00503,CUST_0153,5,"Amazing experience, food arrived hot."
REV_00504,ORD_00504,CUST_0737,2,The delivery took too long.
REV_00505,ORD_00505,CUST_0127,2,The delivery took too long.
REV_00506,ORD_00506,CUST_0193,1,Very slow delivery and poor experience.
REV_00507,ORD_00507,CUST_0627,4,Food was delicious and delivery was fast.
REV_00508,ORD_00508,CUST_0774,4,Great food and excellent service.
REV_00509,ORD_00509,CUST_0530,2,Very slow delivery and poor experience.
REV_00510,ORD_00510,CUST_0010,1,Food arrived late.
REV_00511,ORD_00511,CUST_0092,3,Average experience.
REV_00512,ORD_00512,CUST_0139,2,Food arrived late.
REV_00513,ORD_00513,CUST_0481,3,Food was okay but delivery took some time.
REV_00514,ORD_00514,CUST_0449,4,Food was delicious and delivery was fast.
REV_00515,ORD_00515,CUST_0333,3,Average experience.
REV_00516,ORD_00516,CUST_0869,5,Very good service and tasty food.
REV_00517,ORD_00517,CUST_0340,4,Loved the food and quick delivery.
REV_00518,ORD_00518,CUST_0961,4,Food was delicious and delivery was fast.
REV_00519,ORD_00519,CUST_0052,4,Very good service and tasty food.
REV_00520,ORD_00520,CUST_0707,3,Delivery was acceptable.
REV_00521,ORD_00521,CUST_0466,2,The delivery took too long.
REV_00522,ORD_00522,CUST_0718,3,Average experience.
REV_00523,ORD_00523,CUST_0799,3,Delivery was acceptable.
REV_00524,ORD_00524,CUST_0475,2,Order was delayed and food was not hot.
REV_00525,ORD_00525,CUST_0401,4,Very good service and tasty food.
REV_00526,ORD_00526,CUST_0439,5,Great food and excellent service.
REV_00527,ORD_00527,CUST_0878,3,Average experience.
REV_00528,ORD_00528,CUST_0605,1,Delivery was very late and food was cold.
REV_00529,ORD_00529,CUST_0932,3,Food was okay but delivery took some time.
REV_00530,ORD_00530,CUST_0997,4,Very good service and tasty food.
REV_00531,ORD_00531,CUST_0922,3,Average experience.
REV_00532,ORD_00532,CUST_0821,2,Food arrived late.
REV_00533,ORD_00533,CUST_0657,4,Loved the food and quick delivery.
REV_00534,ORD_00534,CUST_0598,4,Very good service and tasty food.
REV_00535,ORD_00535,CUST_0509,4,Food was delicious and delivery was fast.
REV_00536,ORD_00536,CUST_0153,3,The experience was okay.
REV_00537,ORD_00537,CUST_0514,2,Food arrived late.
REV_00538,ORD_00538,CUST_0503,4,Food was delicious and delivery was fast.
REV_00539,ORD_00539,CUST_0854,3,Delivery was acceptable.
REV_00540,ORD_00540,CUST_0901,2,Food arrived late.
REV_00541,ORD_00541,CUST_0772,2,Order was delayed and food was not hot.
REV_00542,ORD_00542,CUST_0676,5,Loved the food and quick delivery.
REV_00543,ORD_00543,CUST_0006,2,The delivery took too long.
REV_00544,ORD_00544,CUST_0500,4,Loved the food and quick delivery.
REV_00545,ORD_00545,CUST_0661,1,Very slow delivery and poor experience.
REV_00546,ORD_00546,CUST_0717,4,Very good service and tasty food.
REV_00547,ORD_00547,CUST_0118,2,The delivery took too long.
REV_00548,ORD_00548,CUST_0485,3,The experience was okay.
REV_00549,ORD_00549,CUST_0601,3,Delivery was acceptable.
REV_00550,ORD_00550,CUST_0666,3,The experience was okay.
REV_00551,ORD_00551,CUST_0951,3,Delivery was acceptable.
REV_00552,ORD_00552,CUST_0679,2,Food arrived late.
REV_00553,ORD_00553,CUST_0468,3,Delivery was acceptable.
REV_00554,ORD_00554,CUST_0161,4,Very good service and tasty food.
REV_00555,ORD_00555,CUST_0270,3,Food was decent but could be better.
REV_00556,ORD_00556,CUST_0056,4,Great food and excellent service.
REV_00557,ORD_00557,CUST_0228,2,Very slow delivery and poor experience.
REV_00558,ORD_00558,CUST_0849,2,The delivery took too long.
REV_00559,ORD_00559,CUST_0149,3,Delivery was acceptable.
REV_00560,ORD_00560,CUST_0046,3,Average experience.
REV_00561,ORD_00561,CUST_0144,4,"Amazing experience, food arrived hot."
REV_00562,ORD_00562,CUST_0750,4,Very good service and tasty food.
REV_00563,ORD_00563,CUST_0784,3,Food was okay but delivery took some time.
REV_00564,ORD_00564,CUST_0632,4,"Amazing experience, food arrived hot."
REV_00565,ORD_00565,CUST_0340,5,Great food and excellent service.
REV_00566,ORD_00566,CUST_0413,1,Very slow delivery and poor experience.
REV_00567,ORD_00567,CUST_0732,3,Food was decent but could be better.
REV_00568,ORD_00568,CUST_0520,1,Very slow delivery and poor experience.
REV_00569,ORD_00569,CUST_0344,3,The experience was okay.
REV_00570,ORD_00570,CUST_0387,4,Food was delicious and delivery was fast.
REV_00571,ORD_00571,CUST_0473,5,Great food and excellent service.
REV_00572,ORD_00572,CUST_0275,3,Average experience.
REV_00573,ORD_00573,CUST_0353,2,Food arrived late.
REV_00574,ORD_00574,CUST_0066,5,Very good service and tasty food.
REV_00575,ORD_00575,CUST_0079,4,Great food and excellent service.
REV_00576,ORD_00576,CUST_0598,4,Great food and excellent service.
REV_00577,ORD_00577,CUST_0636,5,Food was delicious and delivery was fast.
REV_00578,ORD_00578,CUST_0202,4,Very good service and tasty food.
REV_00579,ORD_00579,CUST_0978,3,Delivery was acceptable.
REV_00580,ORD_00580,CUST_0662,1,Very slow delivery and poor experience.
REV_00581,ORD_00581,CUST_0558,3,The experience was okay.
REV_00582,ORD_00582,CUST_0113,3,Delivery was acceptable.
REV_00583,ORD_00583,CUST_0091,3,Delivery was acceptable.
REV_00584,ORD_00584,CUST_0141,3,Food was okay but delivery took some time.
REV_00585,ORD_00585,CUST_0289,4,Great food and excellent service.
REV_00586,ORD_00586,CUST_0901,2,Order was delayed and food was not hot.
REV_00587,ORD_00587,CUST_0730,3,Delivery was acceptable.
REV_00588,ORD_00588,CUST_0589,5,Loved the food and quick delivery.
REV_00589,ORD_00589,CUST_0411,3,Food was okay but delivery took some time.
REV_00590,ORD_00590,CUST_0377,5,Loved the food and quick delivery.
REV_00591,ORD_00591,CUST_0384,3,Delivery was acceptable.
REV_00592,ORD_00592,CUST_0846,4,Very good service and tasty food.
REV_00593,ORD_00593,CUST_0152,2,Delivery was very late and food was cold.
REV_00594,ORD_00594,CUST_0835,4,"Amazing experience, food arrived hot."
REV_00595,ORD_00595,CUST_0751,2,Very slow delivery and poor experience.
REV_00596,ORD_00596,CUST_0627,4,Very good service and tasty food.
REV_00597,ORD_00597,CUST_0319,3,Delivery was acceptable.
REV_00598,ORD_00598,CUST_0369,4,Loved the food and quick delivery.
REV_00599,ORD_00599,CUST_0606,4,Loved the food and quick delivery.
REV_00600,ORD_00600,CUST_0995,4,Loved the food and quick delivery.
REV_00601,ORD_00601,CUST_0560,2,Food arrived late.
REV_00602,ORD_00602,CUST_0703,4,Very good service and tasty food.
REV_00603,ORD_00603,CUST_0462,4,Great food and excellent service.
REV_00604,ORD_00604,CUST_0012,5,"Amazing experience, food arrived hot."
REV_00605,ORD_00605,CUST_0156,2,Order was delayed and food was not hot.
REV_00606,ORD_00606,CUST_0684,2,Order was delayed and food was not hot.
REV_00607,ORD_00607,CUST_0477,3,Food was okay but delivery took some time.
REV_00608,ORD_00608,CUST_0939,4,Very good service and tasty food.
REV_00609,ORD_00609,CUST_0401,3,Food was decent but could be better.
REV_00610,ORD_00610,CUST_0808,4,Very good service and tasty food.
REV_00611,ORD_00611,CUST_0177,2,Food arrived late.
REV_00612,ORD_00612,CUST_0341,3,Delivery was acceptable.
REV_00613,ORD_00613,CUST_0057,3,Average experience.
REV_00614,ORD_00614,CUST_0855,3,The experience was okay.
REV_00615,ORD_00615,CUST_0852,4,Loved the food and quick delivery.
REV_00616,ORD_00616,CUST_0448,3,Food was okay but delivery took some time.
REV_00617,ORD_00617,CUST_0203,2,Order was delayed and food was not hot.
REV_00618,ORD_00618,CUST_0697,4,Loved the food and quick delivery.
REV_00619,ORD_00619,CUST_0633,5,Loved the food and quick delivery.
REV_00620,ORD_00620,CUST_0738,2,Delivery was very late and food was cold.
REV_00621,ORD_00621,CUST_0202,3,Food was okay but delivery took some time.
REV_00622,ORD_00622,CUST_0330,5,Very good service and tasty food.
REV_00623,ORD_00623,CUST_0363,2,Food arrived late.
REV_00624,ORD_00624,CUST_0892,2,Order was delayed and food was not hot.
REV_00625,ORD_00625,CUST_0454,5,Great food and excellent service.
REV_00626,ORD_00626,CUST_0356,4,Food was delicious and delivery was fast.
REV_00627,ORD_00627,CUST_0216,3,Food was decent but could be better.
REV_00628,ORD_00628,CUST_0972,3,Delivery was acceptable.
REV_00629,ORD_00629,CUST_0555,3,Food was decent but could be better.
REV_00630,ORD_00630,CUST_0887,3,Average experience.
REV_00631,ORD_00631,CUST_0023,3,Delivery was acceptable.
REV_00632,ORD_00632,CUST_0155,4,"Amazing experience, food arrived hot."
REV_00633,ORD_00633,CUST_0186,4,"Amazing experience, food arrived hot."
REV_00634,ORD_00634,CUST_0249,3,Delivery was acceptable.
REV_00635,ORD_00635,CUST_0749,1,Very slow delivery and poor experience.
REV_00636,ORD_00636,CUST_0805,2,Order was delayed and food was not hot.
REV_00637,ORD_00637,CUST_0134,3,Food was decent but could be better.
REV_00638,ORD_00638,CUST_0321,4,Food was delicious and delivery was fast.
REV_00639,ORD_00639,CUST_0390,4,Very good service and tasty food.
REV_00640,ORD_00640,CUST_0434,3,Food was okay but delivery took some time.
REV_00641,ORD_00641,CUST_0022,3,The experience was okay.
REV_00642,ORD_00642,CUST_0873,3,Food was okay but delivery took some time.
REV_00643,ORD_00643,CUST_0600,4,"Amazing experience, food arrived hot."
REV_00644,ORD_00644,CUST_0665,4,Great food and excellent service.
REV_00645,ORD_00645,CUST_0125,3,Food was okay but delivery took some time.
REV_00646,ORD_00646,CUST_0079,5,Food was delicious and delivery was fast.
REV_00647,ORD_00647,CUST_0858,4,Food was delicious and delivery was fast.
REV_00648,ORD_00648,CUST_0968,3,Average experience.
REV_00649,ORD_00649,CUST_0051,5,Great food and excellent service.
REV_00650,ORD_00650,CUST_0728,4,Food was delicious and delivery was fast.
REV_00651,ORD_00651,CUST_0176,3,The experience was okay.
REV_00652,ORD_00652,CUST_0870,4,Great food and excellent service.
REV_00653,ORD_00653,CUST_0253,5,Great food and excellent service.
REV_00654,ORD_00654,CUST_0966,3,Average experience.
REV_00655,ORD_00655,CUST_0246,4,Very good service and tasty food.
REV_00656,ORD_00656,CUST_0739,3,Food was okay but delivery took some time.
REV_00657,ORD_00657,CUST_0106,3,The experience was okay.
REV_00658,ORD_00658,CUST_0193,2,Food arrived late.
REV_00659,ORD_00659,CUST_0316,1,Order was delayed and food was not hot.
REV_00660,ORD_00660,CUST_0302,4,"Amazing experience, food arrived hot."
REV_00661,ORD_00661,CUST_0548,2,Very slow delivery and poor experience.
REV_00662,ORD_00662,CUST_0954,4,Great food and excellent service.
REV_00663,ORD_00663,CUST_0716,3,The experience was okay.
REV_00664,ORD_00664,CUST_0934,3,The experience was okay.
REV_00665,ORD_00665,CUST_0779,4,Food was delicious and delivery was fast.
REV_00666,ORD_00666,CUST_0268,3,Average experience.
REV_00667,ORD_00667,CUST_0170,3,Food was decent but could be better.
REV_00668,ORD_00668,CUST_0551,2,Delivery was very late and food was cold.
REV_00669,ORD_00669,CUST_0455,3,The experience was okay.
REV_00670,ORD_00670,CUST_0651,2,Delivery was very late and food was cold.
REV_00671,ORD_00671,CUST_0292,2,Very slow delivery and poor experience.
REV_00672,ORD_00672,CUST_0564,2,The delivery took too long.
REV_00673,ORD_00673,CUST_0799,4,Very good service and tasty food.
REV_00674,ORD_00674,CUST_0801,2,Order was delayed and food was not hot.
REV_00675,ORD_00675,CUST_0141,3,Average experience.
REV_00676,ORD_00676,CUST_0146,5,Food was delicious and delivery was fast.
REV_00677,ORD_00677,CUST_0425,3,The experience was okay.
REV_00678,ORD_00678,CUST_0314,3,Average experience.
REV_00679,ORD_00679,CUST_0184,2,Delivery was very late and food was cold.
REV_00680,ORD_00680,CUST_0664,3,Food was decent but could be better.
REV_00681,ORD_00681,CUST_0713,5,Loved the food and quick delivery.
REV_00682,ORD_00682,CUST_0128,3,Food was okay but delivery took some time.
REV_00683,ORD_00683,CUST_0287,4,Loved the food and quick delivery.
REV_00684,ORD_00684,CUST_0823,5,Food was delicious and delivery was fast.
REV_00685,ORD_00685,CUST_0253,2,Very slow delivery and poor experience.
REV_00686,ORD_00686,CUST_0778,3,The experience was okay.
REV_00687,ORD_00687,CUST_0700,4,Very good service and tasty food.
REV_00688,ORD_00688,CUST_0386,3,Food was decent but could be better.
REV_00689,ORD_00689,CUST_0230,3,Food was okay but delivery took some time.
REV_00690,ORD_00690,CUST_0271,1,The delivery took too long.
REV_00691,ORD_00691,CUST_0771,3,Food was decent but could be better.
REV_00692,ORD_00692,CUST_0811,4,Food was delicious and delivery was fast.
REV_00693,ORD_00693,CUST_0415,4,Very good service and tasty food.
REV_00694,ORD_00694,CUST_0198,3,Delivery was acceptable.
REV_00695,ORD_00695,CUST_0323,2,Delivery was very late and food was cold.
REV_00696,ORD_00696,CUST_0056,3,Delivery was acceptable.
REV_00697,ORD_00697,CUST_0831,3,Food was decent but could be better.
REV_00698,ORD_00698,CUST_0203,3,Delivery was acceptable.
REV_00699,ORD_00699,CUST_0783,3,Average experience.
REV_00700,ORD_00700,CUST_0621,2,Order was delayed and food was not hot.
REV_00701,ORD_00701,CUST_0628,2,Food arrived late.
REV_00702,ORD_00702,CUST_0604,4,Loved the food and quick delivery.
REV_00703,ORD_00703,CUST_0138,2,Very slow delivery and poor experience.
REV_00704,ORD_00704,CUST_0422,5,Loved the food and quick delivery.
REV_00705,ORD_00705,CUST_0815,3,The experience was okay.
REV_00706,ORD_00706,CUST_0057,3,Delivery was acceptable.
REV_00707,ORD_00707,CUST_0562,3,Delivery was acceptable.
REV_00708,ORD_00708,CUST_0071,2,Order was delayed and food was not hot.
REV_00709,ORD_00709,CUST_0911,3,The experience was okay.
REV_00710,ORD_00710,CUST_0914,4,"Amazing experience, food arrived hot."
REV_00711,ORD_00711,CUST_0594,3,Food was decent but could be better.
REV_00712,ORD_00712,CUST_0372,5,Great food and excellent service.
REV_00713,ORD_00713,CUST_0617,3,Food was okay but delivery took some time.
REV_00714,ORD_00714,CUST_0600,2,Very slow delivery and poor experience.
REV_00715,ORD_00715,CUST_0514,3,Delivery was acceptable.
REV_00716,ORD_00716,CUST_0872,1,Food arrived late.
REV_00717,ORD_00717,CUST_0084,3,Delivery was acceptable.
REV_00718,ORD_00718,CUST_0994,5,Loved the food and quick delivery.
REV_00719,ORD_00719,CUST_0043,4,Loved the food and quick delivery.
REV_00720,ORD_00720,CUST_0666,2,Order was delayed and food was not hot.
REV_00721,ORD_00721,CUST_0839,3,Food was decent but could be better.
REV_00722,ORD_00722,CUST_0934,4,Food was delicious and delivery was fast.
REV_00723,ORD_00723,CUST_0606,2,Order was delayed and food was not hot.
REV_00724,ORD_00724,CUST_0810,2,Very slow delivery and poor experience.
REV_00725,ORD_00725,CUST_0133,4,Great food and excellent service.
REV_00726,ORD_00726,CUST_0395,3,Delivery was acceptable.
REV_00727,ORD_00727,CUST_0065,4,Great food and excellent service.
REV_00728,ORD_00728,CUST_0290,3,Food was decent but could be better.
REV_00729,ORD_00729,CUST_0376,3,Food was decent but could be better.
REV_00730,ORD_00730,CUST_0769,5,"Amazing experience, food arrived hot."
REV_00731,ORD_00731,CUST_0467,4,"Amazing experience, food arrived hot."
REV_00732,ORD_00732,CUST_0898,2,The delivery took too long.
REV_00733,ORD_00733,CUST_0213,4,"Amazing experience, food arrived hot."
REV_00734,ORD_00734,CUST_0148,3,The experience was okay.
REV_00735,ORD_00735,CUST_0573,3,Food was okay but delivery took some time.
REV_00736,ORD_00736,CUST_0471,3,The experience was okay.
REV_00737,ORD_00737,CUST_0149,3,Average experience.
REV_00738,ORD_00738,CUST_0088,3,Food was okay but delivery took some time.
REV_00739,ORD_00739,CUST_0324,4,Great food and excellent service.
REV_00740,ORD_00740,CUST_0895,4,Very good service and tasty food.
REV_00741,ORD_00741,CUST_0396,2,Order was delayed and food was not hot.
REV_00742,ORD_00742,CUST_0790,3,The experience was okay.
REV_00743,ORD_00743,CUST_0404,2,Food arrived late.
REV_00744,ORD_00744,CUST_0082,4,Very good service and tasty food.
REV_00745,ORD_00745,CUST_0641,3,Delivery was acceptable.
REV_00746,ORD_00746,CUST_0286,3,Delivery was acceptable.
REV_00747,ORD_00747,CUST_0382,3,Food was okay but delivery took some time.
REV_00748,ORD_00748,CUST_0865,5,Food was delicious and delivery was fast.
REV_00749,ORD_00749,CUST_0792,4,"Amazing experience, food arrived hot."
REV_00750,ORD_00750,CUST_0270,4,Great food and excellent service.
REV_00751,ORD_00751,CUST_0292,3,Delivery was acceptable.
REV_00752,ORD_00752,CUST_0453,4,Great food and excellent service.
REV_00753,ORD_00753,CUST_0715,2,Very slow delivery and poor experience.
REV_00754,ORD_00754,CUST_0024,4,Loved the food and quick delivery.
REV_00755,ORD_00755,CUST_0956,3,Food was decent but could be better.
REV_00756,ORD_00756,CUST_0863,3,Delivery was acceptable.
REV_00757,ORD_00757,CUST_0311,3,The experience was okay.
REV_00758,ORD_00758,CUST_0461,2,The delivery took too long.
REV_00759,ORD_00759,CUST_0208,2,Very slow delivery and poor experience.
REV_00760,ORD_00760,CUST_0792,1,Order was delayed and food was not hot.
REV_00761,ORD_00761,CUST_0717,2,The delivery took too long.
REV_00762,ORD_00762,CUST_0664,3,Food was decent but could be better.
REV_00763,ORD_00763,CUST_0438,3,Food was decent but could be better.
REV_00764,ORD_00764,CUST_0538,4,Very good service and tasty food.
REV_00765,ORD_00765,CUST_0706,3,Food was decent but could be better.
REV_00766,ORD_00766,CUST_0336,3,Food was decent but could be better.
REV_00767,ORD_00767,CUST_0422,4,"Amazing experience, food arrived hot."
REV_00768,ORD_00768,CUST_0750,3,Average experience.
REV_00769,ORD_00769,CUST_0321,3,Food was okay but delivery took some time.
REV_00770,ORD_00770,CUST_0497,3,Average experience.
REV_00771,ORD_00771,CUST_0587,4,"Amazing experience, food arrived hot."
REV_00772,ORD_00772,CUST_0947,2,Delivery was very late and food was cold.
REV_00773,ORD_00773,CUST_0163,4,Loved the food and quick delivery.
REV_00774,ORD_00774,CUST_0811,2,Food arrived late.
REV_00775,ORD_00775,CUST_0541,2,Food arrived late.
REV_00776,ORD_00776,CUST_0165,4,Great food and excellent service.
REV_00777,ORD_00777,CUST_0849,4,Very good service and tasty food.
REV_00778,ORD_00778,CUST_0698,4,"Amazing experience, food arrived hot."
REV_00779,ORD_00779,CUST_0566,1,The delivery took too long.
REV_00780,ORD_00780,CUST_0295,4,Loved the food and quick delivery.
REV_00781,ORD_00781,CUST_0042,4,Loved the food and quick delivery.
REV_00782,ORD_00782,CUST_0924,5,"Amazing experience, food arrived hot."
REV_00783,ORD_00783,CUST_0285,4,Food was delicious and delivery was fast.
REV_00784,ORD_00784,CUST_0939,3,Average experience.
REV_00785,ORD_00785,CUST_0387,3,Food was decent but could be better.
REV_00786,ORD_00786,CUST_0138,2,Food arrived late.
REV_00787,ORD_00787,CUST_0187,3,Food was decent but could be better.
REV_00788,ORD_00788,CUST_0910,4,Great food and excellent service.
REV_00789,ORD_00789,CUST_0716,3,Food was decent but could be better.
REV_00790,ORD_00790,CUST_0431,4,Food was delicious and delivery was fast.
REV_00791,ORD_00791,CUST_0554,3,The experience was okay.
REV_00792,ORD_00792,CUST_0862,2,Food arrived late.
REV_00793,ORD_00793,CUST_0416,3,Food was decent but could be better.
REV_00794,ORD_00794,CUST_0800,3,Food was okay but delivery took some time.
REV_00795,ORD_00795,CUST_0426,5,Food was delicious and delivery was fast.
REV_00796,ORD_00796,CUST_0416,3,The experience was okay.
REV_00797,ORD_00797,CUST_0026,2,Very slow delivery and poor experience.
REV_00798,ORD_00798,CUST_0371,4,Great food and excellent service.
REV_00799,ORD_00799,CUST_0385,4,Very good service and tasty food.
REV_00800,ORD_00800,CUST_0056,4,Food was delicious and delivery was fast.
REV_00801,ORD_00801,CUST_0253,2,Delivery was very late and food was cold.
REV_00802,ORD_00802,CUST_0634,2,The delivery took too long.
REV_00803,ORD_00803,CUST_0106,4,"Amazing experience, food arrived hot."
REV_00804,ORD_00804,CUST_0130,4,Very good service and tasty food.
REV_00805,ORD_00805,CUST_0849,4,Very good service and tasty food.
REV_00806,ORD_00806,CUST_0670,2,Order was delayed and food was not hot.
REV_00807,ORD_00807,CUST_0376,4,"Amazing experience, food arrived hot."
REV_00808,ORD_00808,CUST_0743,2,Food arrived late.
REV_00809,ORD_00809,CUST_0967,2,Delivery was very late and food was cold.
REV_00810,ORD_00810,CUST_0308,3,Food was decent but could be better.
REV_00811,ORD_00811,CUST_0091,4,Very good service and tasty food.
REV_00812,ORD_00812,CUST_0393,4,Food was delicious and delivery was fast.
REV_00813,ORD_00813,CUST_0534,2,Delivery was very late and food was cold.
REV_00814,ORD_00814,CUST_0802,3,Delivery was acceptable.
REV_00815,ORD_00815,CUST_0110,5,Very good service and tasty food.
REV_00816,ORD_00816,CUST_0561,2,Delivery was very late and food was cold.
REV_00817,ORD_00817,CUST_0641,3,The experience was okay.
REV_00818,ORD_00818,CUST_0585,4,Food was delicious and delivery was fast.
REV_00819,ORD_00819,CUST_0340,4,Great food and excellent service.
REV_00820,ORD_00820,CUST_0565,3,Average experience.
REV_00821,ORD_00821,CUST_0979,5,Loved the food and quick delivery.
REV_00822,ORD_00822,CUST_0356,4,"Amazing experience, food arrived hot."
REV_00823,ORD_00823,CUST_0892,2,Delivery was very late and food was cold.
REV_00824,ORD_00824,CUST_0168,5,Great food and excellent service.
REV_00825,ORD_00825,CUST_0557,4,Food was delicious and delivery was fast.
REV_00826,ORD_00826,CUST_0452,3,The experience was okay.
REV_00827,ORD_00827,CUST_0905,3,Delivery was acceptable.
REV_00828,ORD_00828,CUST_0105,3,The experience was okay.
REV_00829,ORD_00829,CUST_0150,3,The experience was okay.
REV_00830,ORD_00830,CUST_0146,3,The experience was okay.
REV_00831,ORD_00831,CUST_0716,4,Great food and excellent service.
REV_00832,ORD_00832,CUST_0874,2,The delivery took too long.
REV_00833,ORD_00833,CUST_0299,5,Very good service and tasty food.
REV_00834,ORD_00834,CUST_0167,3,Delivery was acceptable.
REV_00835,ORD_00835,CUST_0713,2,Order was delayed and food was not hot.
REV_00836,ORD_00836,CUST_0646,4,"Amazing experience, food arrived hot."
REV_00837,ORD_00837,CUST_0723,4,Loved the food and quick delivery.
REV_00838,ORD_00838,CUST_0048,4,Very good service and tasty food.
REV_00839,ORD_00839,CUST_0638,4,"Amazing experience, food arrived hot."
REV_00840,ORD_00840,CUST_0239,2,The delivery took too long.
REV_00841,ORD_00841,CUST_0007,2,The delivery took too long.
REV_00842,ORD_00842,CUST_0464,4,Food was delicious and delivery was fast.
REV_00843,ORD_00843,CUST_0453,3,The experience was okay.
REV_00844,ORD_00844,CUST_0784,2,Delivery was very late and food was cold.
REV_00845,ORD_00845,CUST_0897,3,Average experience.
REV_00846,ORD_00846,CUST_0371,4,Great food and excellent service.
REV_00847,ORD_00847,CUST_0549,3,Food was decent but could be better.
REV_00848,ORD_00848,CUST_0487,5,Food was delicious and delivery was fast.
REV_00849,ORD_00849,CUST_0211,2,Food arrived late.
REV_00850,ORD_00850,CUST_0165,4,Great food and excellent service.
REV_00851,ORD_00851,CUST_0125,3,Average experience.
REV_00852,ORD_00852,CUST_0337,3,The experience was okay.
REV_00853,ORD_00853,CUST_0192,4,Food was delicious and delivery was fast.
REV_00854,ORD_00854,CUST_0730,3,Average experience.
REV_00855,ORD_00855,CUST_0214,4,Food was delicious and delivery was fast.
REV_00856,ORD_00856,CUST_0574,4,Very good service and tasty food.
REV_00857,ORD_00857,CUST_0328,5,Very good service and tasty food.
REV_00858,ORD_00858,CUST_0957,2,The delivery took too long.
REV_00859,ORD_00859,CUST_0381,3,Delivery was acceptable.
REV_00860,ORD_00860,CUST_0673,2,Very slow delivery and poor experience.
REV_00861,ORD_00861,CUST_0578,4,Food was delicious and delivery was fast.
REV_00862,ORD_00862,CUST_0798,3,Average experience.
REV_00863,ORD_00863,CUST_0239,4,"Amazing experience, food arrived hot."
REV_00864,ORD_00864,CUST_0532,4,"Amazing experience, food arrived hot."
REV_00865,ORD_00865,CUST_0700,4,Very good service and tasty food.
REV_00866,ORD_00866,CUST_0082,3,Food was okay but delivery took some time.
REV_00867,ORD_00867,CUST_0363,3,Average experience.
REV_00868,ORD_00868,CUST_0505,5,"Amazing experience, food arrived hot."
REV_00869,ORD_00869,CUST_0202,2,The delivery took too long.
REV_00870,ORD_00870,CUST_0920,4,Great food and excellent service.
REV_00871,ORD_00871,CUST_0504,2,Order was delayed and food was not hot.
REV_00872,ORD_00872,CUST_0644,2,Delivery was very late and food was cold.
REV_00873,ORD_00873,CUST_0037,3,The experience was okay.
REV_00874,ORD_00874,CUST_0644,3,Average experience.
REV_00875,ORD_00875,CUST_0589,3,Average experience.
REV_00876,ORD_00876,CUST_0601,1,Very slow delivery and poor experience.
REV_00877,ORD_00877,CUST_0973,4,Great food and excellent service.
REV_00878,ORD_00878,CUST_0402,4,Food was delicious and delivery was fast.
REV_00879,ORD_00879,CUST_0765,2,Delivery was very late and food was cold.
REV_00880,ORD_00880,CUST_0856,3,Average experience.
REV_00881,ORD_00881,CUST_0706,2,Very slow delivery and poor experience.
REV_00882,ORD_00882,CUST_0176,4,Loved the food and quick delivery.
REV_00883,ORD_00883,CUST_0545,4,Loved the food and quick delivery.
REV_00884,ORD_00884,CUST_0570,3,Food was decent but could be better.
REV_00885,ORD_00885,CUST_0467,3,Delivery was acceptable.
REV_00886,ORD_00886,CUST_0201,4,Food was delicious and delivery was fast.
REV_00887,ORD_00887,CUST_0540,4,Very good service and tasty food.
REV_00888,ORD_00888,CUST_0547,3,Food was decent but could be better.
REV_00889,ORD_00889,CUST_0999,4,Very good service and tasty food.
REV_00890,ORD_00890,CUST_0637,4,"Amazing experience, food arrived hot."
REV_00891,ORD_00891,CUST_0394,4,Loved the food and quick delivery.
REV_00892,ORD_00892,CUST_0833,4,Loved the food and quick delivery.
REV_00893,ORD_00893,CUST_0042,4,Very good service and tasty food.
REV_00894,ORD_00894,CUST_0597,4,Very good service and tasty food.
REV_00895,ORD_00895,CUST_0393,4,Food was delicious and delivery was fast.
REV_00896,ORD_00896,CUST_0700,4,Loved the food and quick delivery.
REV_00897,ORD_00897,CUST_0623,4,Food was delicious and delivery was fast.
REV_00898,ORD_00898,CUST_0783,3,Delivery was acceptable.
REV_00899,ORD_00899,CUST_0995,3,Food was decent but could be better.
REV_00900,ORD_00900,CUST_0441,4,Loved the food and quick delivery.
REV_00901,ORD_00901,CUST_0837,4,"Amazing experience, food arrived hot."
REV_00902,ORD_00902,CUST_0617,2,Delivery was very late and food was cold.
REV_00903,ORD_00903,CUST_0506,4,Food was delicious and delivery was fast.
REV_00904,ORD_00904,CUST_0918,3,Average experience.
REV_00905,ORD_00905,CUST_0320,3,The experience was okay.
REV_00906,ORD_00906,CUST_0553,5,Loved the food and quick delivery.
REV_00907,ORD_00907,CUST_0215,3,Food was okay but delivery took some time.
REV_00908,ORD_00908,CUST_0071,3,Food was decent but could be better.
REV_00909,ORD_00909,CUST_0568,2,The delivery took too long.
REV_00910,ORD_00910,CUST_0919,3,Food was okay but delivery took some time.
REV_00911,ORD_00911,CUST_0236,2,Food arrived late.
REV_00912,ORD_00912,CUST_0281,4,Very good service and tasty food.
REV_00913,ORD_00913,CUST_0987,3,The experience was okay.
REV_00914,ORD_00914,CUST_0617,4,Very good service and tasty food.
REV_00915,ORD_00915,CUST_0902,4,"Amazing experience, food arrived hot."
REV_00916,ORD_00916,CUST_0887,3,Average experience.
REV_00917,ORD_00917,CUST_0162,3,The experience was okay.
REV_00918,ORD_00918,CUST_0191,4,Very good service and tasty food.
REV_00919,ORD_00919,CUST_0009,4,Very good service and tasty food.
REV_00920,ORD_00920,CUST_0060,3,Food was okay but delivery took some time.
REV_00921,ORD_00921,CUST_0893,4,Very good service and tasty food.
REV_00922,ORD_00922,CUST_0817,3,Food was decent but could be better.
REV_00923,ORD_00923,CUST_0225,3,Delivery was acceptable.
REV_00924,ORD_00924,CUST_0819,2,Very slow delivery and poor experience.
REV_00925,ORD_00925,CUST_0700,3,Food was decent but could be better.
REV_00926,ORD_00926,CUST_0582,3,Food was okay but delivery took some time.
REV_00927,ORD_00927,CUST_0805,3,Average experience.
REV_00928,ORD_00928,CUST_0287,2,Very slow delivery and poor experience.
REV_00929,ORD_00929,CUST_0994,3,Delivery was acceptable.
REV_00930,ORD_00930,CUST_0169,3,Delivery was acceptable.
REV_00931,ORD_00931,CUST_0062,2,Very slow delivery and poor experience.
REV_00932,ORD_00932,CUST_0349,2,Order was delayed and food was not hot.
REV_00933,ORD_00933,CUST_0442,4,Loved the food and quick delivery.
REV_00934,ORD_00934,CUST_0014,3,Food was okay but delivery took some time.
REV_00935,ORD_00935,CUST_0164,4,Very good service and tasty food.
REV_00936,ORD_00936,CUST_0420,4,Food was delicious and delivery was fast.
REV_00937,ORD_00937,CUST_0757,4,"Amazing experience, food arrived hot."
REV_00938,ORD_00938,CUST_0847,4,"Amazing experience, food arrived hot."
REV_00939,ORD_00939,CUST_0520,3,Food was decent but could be better.
REV_00940,ORD_00940,CUST_0666,5,Food was delicious and delivery was fast.
REV_00941,ORD_00941,CUST_0548,4,Very good service and tasty food.
REV_00942,ORD_00942,CUST_0560,5,Loved the food and quick delivery.
REV_00943,ORD_00943,CUST_0597,5,Food was delicious and delivery was fast.
REV_00944,ORD_00944,CUST_0028,3,The experience was okay.
REV_00945,ORD_00945,CUST_0708,3,Delivery was acceptable.
REV_00946,ORD_00946,CUST_0446,3,Delivery was acceptable.
REV_00947,ORD_00947,CUST_0208,3,Food was okay but delivery took some time.
REV_00948,ORD_00948,CUST_0470,4,Great food and excellent service.
REV_00949,ORD_00949,CUST_0716,5,Loved the food and quick delivery.
REV_00950,ORD_00950,CUST_0976,2,Very slow delivery and poor experience.
REV_00951,ORD_00951,CUST_0819,3,The experience was okay.
REV_00952,ORD_00952,CUST_0104,3,Delivery was acceptable.
REV_00953,ORD_00953,CUST_0742,2,Order was delayed and food was not hot.
REV_00954,ORD_00954,CUST_0426,4,Food was delicious and delivery was fast.
REV_00955,ORD_00955,CUST_0101,4,Great food and excellent service.
REV_00956,ORD_00956,CUST_0541,2,Very slow delivery and poor experience.
REV_00957,ORD_00957,CUST_0639,2,The delivery took too long.
REV_00958,ORD_00958,CUST_0850,3,Average experience.
REV_00959,ORD_00959,CUST_0522,3,Food was decent but could be better.
REV_00960,ORD_00960,CUST_0106,3,Delivery was acceptable.
REV_00961,ORD_00961,CUST_0679,4,Very good service and tasty food.
REV_00962,ORD_00962,CUST_0978,4,Food was delicious and delivery was fast.
REV_00963,ORD_00963,CUST_0769,4,Food was delicious and delivery was fast.
REV_00964,ORD_00964,CUST_0807,3,The experience was okay.
REV_00965,ORD_00965,CUST_0277,2,Food arrived late.
REV_00966,ORD_00966,CUST_0065,4,Great food and excellent service.
REV_00967,ORD_00967,CUST_0783,3,Food was decent but could be better.
REV_00968,ORD_00968,CUST_0900,4,Loved the food and quick delivery.
REV_00969,ORD_00969,CUST_0188,4,Food was delicious and delivery was fast.
REV_00970,ORD_00970,CUST_0317,4,Loved the food and quick delivery.
REV_00971,ORD_00971,CUST_0916,2,Order was delayed and food was not hot.
REV_00972,ORD_00972,CUST_0138,4,Food was delicious and delivery was fast.
REV_00973,ORD_00973,CUST_0343,4,Great food and excellent service.
REV_00974,ORD_00974,CUST_0105,3,Food was okay but delivery took some time.
REV_00975,ORD_00975,CUST_0546,3,Delivery was acceptable.
REV_00976,ORD_00976,CUST_0380,5,Food was delicious and delivery was fast.
REV_00977,ORD_00977,CUST_0110,2,Food arrived late.
REV_00978,ORD_00978,CUST_0944,3,Delivery was acceptable.
REV_00979,ORD_00979,CUST_0545,3,Food was decent but could be better.
REV_00980,ORD_00980,CUST_0354,3,The experience was okay.
REV_00981,ORD_00981,CUST_0743,4,"Amazing experience, food arrived hot."
REV_00982,ORD_00982,CUST_0317,2,Order was delayed and food was not hot.
REV_00983,ORD_00983,CUST_0266,3,Delivery was acceptable.
REV_00984,ORD_00984,CUST_0694,4,Very good service and tasty food.
REV_00985,ORD_00985,CUST_0852,3,Average experience.
REV_00986,ORD_00986,CUST_0065,2,Order was delayed and food was not hot.
REV_00987,ORD_00987,CUST_0333,4,Loved the food and quick delivery.
REV_00988,ORD_00988,CUST_0513,2,Food arrived late.
REV_00989,ORD_00989,CUST_0133,4,Very good service and tasty food.
REV_00990,ORD_00990,CUST_0592,3,Average experience.
REV_00991,ORD_00991,CUST_0783,4,Loved the food and quick delivery.
REV_00992,ORD_00992,CUST_0753,4,Loved the food and quick delivery.
REV_00993,ORD_00993,CUST_0540,3,Average experience.
REV_00994,ORD_00994,CUST_0735,3,Food was okay but delivery took some time.
REV_00995,ORD_00995,CUST_0535,3,Food was decent but could be better.
REV_00996,ORD_00996,CUST_0496,5,Very good service and tasty food.
REV_00997,ORD_00997,CUST_0621,3,Food was decent but could be better.
REV_00998,ORD_00998,CUST_0619,4,Loved the food and quick delivery.
REV_00999,ORD_00999,CUST_0657,5,"Amazing experience, food arrived hot."
REV_01000,ORD_01000,CUST_0369,3,Food was okay but delivery took some time.
REV_01001,ORD_01001,CUST_0866,4,"Amazing experience, food arrived hot."
REV_01002,ORD_01002,CUST_0909,3,Food was decent but could be better.
REV_01003,ORD_01003,CUST_0910,5,Loved the food and quick delivery.
REV_01004,ORD_01004,CUST_0651,2,The delivery took too long.
REV_01005,ORD_01005,CUST_0796,3,Delivery was acceptable.
REV_01006,ORD_01006,CUST_0810,5,Great food and excellent service.
REV_01007,ORD_01007,CUST_0992,3,Delivery was acceptable.
REV_01008,ORD_01008,CUST_0099,2,The delivery took too long.
REV_01009,ORD_01009,CUST_0317,4,Very good service and tasty food.
REV_01010,ORD_01010,CUST_0123,2,Very slow delivery and poor experience.
REV_01011,ORD_01011,CUST_0320,3,Food was decent but could be better.
REV_01012,ORD_01012,CUST_0799,3,The experience was okay.
REV_01013,ORD_01013,CUST_0593,3,The experience was okay.
REV_01014,ORD_01014,CUST_0495,4,Very good service and tasty food.
REV_01015,ORD_01015,CUST_0457,3,Delivery was acceptable.
REV_01016,ORD_01016,CUST_0522,3,Food was decent but could be better.
REV_01017,ORD_01017,CUST_0520,5,Great food and excellent service.
REV_01018,ORD_01018,CUST_0917,3,Average experience.
REV_01019,ORD_01019,CUST_0717,3,The experience was okay.
REV_01020,ORD_01020,CUST_0315,4,Very good service and tasty food.
REV_01021,ORD_01021,CUST_0946,4,Great food and excellent service.
REV_01022,ORD_01022,CUST_0709,4,Very good service and tasty food.
REV_01023,ORD_01023,CUST_0710,4,Food was delicious and delivery was fast.
REV_01024,ORD_01024,CUST_0542,4,"Amazing experience, food arrived hot."
REV_01025,ORD_01025,CUST_0479,3,Delivery was acceptable.
REV_01026,ORD_01026,CUST_0913,3,Delivery was acceptable.
REV_01027,ORD_01027,CUST_0971,4,Very good service and tasty food.
REV_01028,ORD_01028,CUST_0020,3,Average experience.
REV_01029,ORD_01029,CUST_0560,4,Very good service and tasty food.
REV_01030,ORD_01030,CUST_0969,4,Food was delicious and delivery was fast.
REV_01031,ORD_01031,CUST_0130,2,Food arrived late.
REV_01032,ORD_01032,CUST_0293,4,Loved the food and quick delivery.
REV_01033,ORD_01033,CUST_0897,2,The delivery took too long.
REV_01034,ORD_01034,CUST_0132,2,Very slow delivery and poor experience.
REV_01035,ORD_01035,CUST_0356,3,Food was okay but delivery took some time.
REV_01036,ORD_01036,CUST_0054,3,Delivery was acceptable.
REV_01037,ORD_01037,CUST_0890,3,Food was okay but delivery took some time.
REV_01038,ORD_01038,CUST_0793,4,Loved the food and quick delivery.
REV_01039,ORD_01039,CUST_0387,4,Very good service and tasty food.
REV_01040,ORD_01040,CUST_0265,3,Food was okay but delivery took some time.
REV_01041,ORD_01041,CUST_0982,3,Average experience.
REV_01042,ORD_01042,CUST_0215,4,Very good service and tasty food.
REV_01043,ORD_01043,CUST_0460,2,Food arrived late.
REV_01044,ORD_01044,CUST_0458,3,Food was okay but delivery took some time.
REV_01045,ORD_01045,CUST_0802,3,Delivery was acceptable.
REV_01046,ORD_01046,CUST_0043,4,"Amazing experience, food arrived hot."
REV_01047,ORD_01047,CUST_0586,4,"Amazing experience, food arrived hot."
REV_01048,ORD_01048,CUST_0862,4,Loved the food and quick delivery.
REV_01049,ORD_01049,CUST_0278,2,Order was delayed and food was not hot.
REV_01050,ORD_01050,CUST_0838,3,Food was okay but delivery took some time.
REV_01051,ORD_01051,CUST_0754,3,Food was decent but could be better.
REV_01052,ORD_01052,CUST_0130,3,The experience was okay.
REV_01053,ORD_01053,CUST_0350,5,Very good service and tasty food.
REV_01054,ORD_01054,CUST_0706,5,"Amazing experience, food arrived hot."
REV_01055,ORD_01055,CUST_0544,4,Very good service and tasty food.
REV_01056,ORD_01056,CUST_0106,4,Loved the food and quick delivery.
REV_01057,ORD_01057,CUST_0912,4,Food was delicious and delivery was fast.
REV_01058,ORD_01058,CUST_0716,5,Loved the food and quick delivery.
REV_01059,ORD_01059,CUST_0001,4,Food was delicious and delivery was fast.
REV_01060,ORD_01060,CUST_0757,3,Average experience.
REV_01061,ORD_01061,CUST_0584,4,"Amazing experience, food arrived hot."
REV_01062,ORD_01062,CUST_0432,4,Great food and excellent service.
REV_01063,ORD_01063,CUST_0306,4,Food was delicious and delivery was fast.
REV_01064,ORD_01064,CUST_0909,3,Delivery was acceptable.
REV_01065,ORD_01065,CUST_0527,4,Food was delicious and delivery was fast.
REV_01066,ORD_01066,CUST_0053,4,Food was delicious and delivery was fast.
REV_01067,ORD_01067,CUST_0940,3,Delivery was acceptable.
REV_01068,ORD_01068,CUST_0520,3,Average experience.
REV_01069,ORD_01069,CUST_0330,4,"Amazing experience, food arrived hot."
REV_01070,ORD_01070,CUST_0558,3,Food was okay but delivery took some time.
REV_01071,ORD_01071,CUST_0325,4,Food was delicious and delivery was fast.
REV_01072,ORD_01072,CUST_0114,5,"Amazing experience, food arrived hot."
REV_01073,ORD_01073,CUST_0147,3,Food was okay but delivery took some time.
REV_01074,ORD_01074,CUST_0166,4,"Amazing experience, food arrived hot."
REV_01075,ORD_01075,CUST_0379,3,Food was decent but could be better.
REV_01076,ORD_01076,CUST_0139,1,Very slow delivery and poor experience.
REV_01077,ORD_01077,CUST_0629,3,Delivery was acceptable.
REV_01078,ORD_01078,CUST_0299,4,Great food and excellent service.
REV_01079,ORD_01079,CUST_0276,2,Food arrived late.
REV_01080,ORD_01080,CUST_0916,2,The delivery took too long.
REV_01081,ORD_01081,CUST_0789,2,Order was delayed and food was not hot.
REV_01082,ORD_01082,CUST_0850,3,The experience was okay.
REV_01083,ORD_01083,CUST_0825,3,Average experience.
REV_01084,ORD_01084,CUST_0178,3,Average experience.
REV_01085,ORD_01085,CUST_0842,3,Average experience.
REV_01086,ORD_01086,CUST_0354,3,Food was okay but delivery took some time.
REV_01087,ORD_01087,CUST_0154,3,The experience was okay.
REV_01088,ORD_01088,CUST_0926,3,Delivery was acceptable.
REV_01089,ORD_01089,CUST_0201,4,Loved the food and quick delivery.
REV_01090,ORD_01090,CUST_0878,2,Food arrived late.
REV_01091,ORD_01091,CUST_0115,5,Very good service and tasty food.
REV_01092,ORD_01092,CUST_0671,4,Loved the food and quick delivery.
REV_01093,ORD_01093,CUST_0554,3,Average experience.
REV_01094,ORD_01094,CUST_0759,3,Average experience.
REV_01095,ORD_01095,CUST_0068,5,Very good service and tasty food.
REV_01096,ORD_01096,CUST_0445,3,Food was decent but could be better.
REV_01097,ORD_01097,CUST_0445,4,Very good service and tasty food.
REV_01098,ORD_01098,CUST_0326,4,"Amazing experience, food arrived hot."
REV_01099,ORD_01099,CUST_0846,3,Food was okay but delivery took some time.
REV_01100,ORD_01100,CUST_0708,4,Very good service and tasty food.
REV_01101,ORD_01101,CUST_0602,3,Food was decent but could be better.
REV_01102,ORD_01102,CUST_0623,4,Loved the food and quick delivery.
REV_01103,ORD_01103,CUST_0880,4,Great food and excellent service.
REV_01104,ORD_01104,CUST_0359,4,Food was delicious and delivery was fast.
REV_01105,ORD_01105,CUST_0145,3,Delivery was acceptable.
REV_01106,ORD_01106,CUST_0275,3,Food was decent but could be better.
REV_01107,ORD_01107,CUST_0509,4,Loved the food and quick delivery.
REV_01108,ORD_01108,CUST_0179,1,Very slow delivery and poor experience.
REV_01109,ORD_01109,CUST_0753,3,Delivery was acceptable.
REV_01110,ORD_01110,CUST_0838,3,Food was decent but could be better.
REV_01111,ORD_01111,CUST_0831,3,Delivery was acceptable.
REV_01112,ORD_01112,CUST_0477,3,Food was decent but could be better.
REV_01113,ORD_01113,CUST_0843,3,Average experience.
REV_01114,ORD_01114,CUST_0976,2,Order was delayed and food was not hot.
REV_01115,ORD_01115,CUST_0414,2,Order was delayed and food was not hot.
REV_01116,ORD_01116,CUST_0153,2,Delivery was very late and food was cold.
REV_01117,ORD_01117,CUST_0104,3,Average experience.
REV_01118,ORD_01118,CUST_0075,3,Delivery was acceptable.
REV_01119,ORD_01119,CUST_0128,3,The experience was okay.
REV_01120,ORD_01120,CUST_0711,3,Food was decent but could be better.
REV_01121,ORD_01121,CUST_0666,2,The delivery took too long.
REV_01122,ORD_01122,CUST_0568,3,Food was decent but could be better.
REV_01123,ORD_01123,CUST_0790,3,Food was decent but could be better.
REV_01124,ORD_01124,CUST_0345,4,Food was delicious and delivery was fast.
REV_01125,ORD_01125,CUST_0531,4,Very good service and tasty food.
REV_01126,ORD_01126,CUST_0159,3,Food was decent but could be better.
REV_01127,ORD_01127,CUST_0538,3,Food was okay but delivery took some time.
REV_01128,ORD_01128,CUST_0426,3,The experience was okay.
REV_01129,ORD_01129,CUST_0681,4,Food was delicious and delivery was fast.
REV_01130,ORD_01130,CUST_0996,2,The delivery took too long.
REV_01131,ORD_01131,CUST_0023,3,Delivery was acceptable.
REV_01132,ORD_01132,CUST_0047,5,"Amazing experience, food arrived hot."
REV_01133,ORD_01133,CUST_0525,3,Average experience.
REV_01134,ORD_01134,CUST_0729,3,The experience was okay.
REV_01135,ORD_01135,CUST_0834,2,Very slow delivery and poor experience.
REV_01136,ORD_01136,CUST_0706,2,Food arrived late.
REV_01137,ORD_01137,CUST_0144,4,Great food and excellent service.
REV_01138,ORD_01138,CUST_0585,3,The experience was okay.
REV_01139,ORD_01139,CUST_0668,3,Food was decent but could be better.
REV_01140,ORD_01140,CUST_0589,2,Food arrived late.
REV_01141,ORD_01141,CUST_0419,3,Food was okay but delivery took some time.
REV_01142,ORD_01142,CUST_0681,3,Food was okay but delivery took some time.
REV_01143,ORD_01143,CUST_0973,4,"Amazing experience, food arrived hot."
REV_01144,ORD_01144,CUST_0799,4,Very good service and tasty food.
REV_01145,ORD_01145,CUST_0085,5,Food was delicious and delivery was fast.
REV_01146,ORD_01146,CUST_0416,3,The experience was okay.
REV_01147,ORD_01147,CUST_0694,2,Very slow delivery and poor experience.
REV_01148,ORD_01148,CUST_0482,2,Food arrived late.
REV_01149,ORD_01149,CUST_0456,3,Food was okay but delivery took some time.
REV_01150,ORD_01150,CUST_0827,4,"Amazing experience, food arrived hot."
REV_01151,ORD_01151,CUST_0297,3,Food was decent but could be better.
REV_01152,ORD_01152,CUST_0112,4,Very good service and tasty food.
REV_01153,ORD_01153,CUST_0962,4,Great food and excellent service.
REV_01154,ORD_01154,CUST_0230,5,Great food and excellent service.
REV_01155,ORD_01155,CUST_0096,3,Average experience.
REV_01156,ORD_01156,CUST_0950,4,Loved the food and quick delivery.
REV_01157,ORD_01157,CUST_0680,4,"Amazing experience, food arrived hot."
REV_01158,ORD_01158,CUST_0378,3,The experience was okay.
REV_01159,ORD_01159,CUST_0156,1,The delivery took too long.
REV_01160,ORD_01160,CUST_0421,4,"Amazing experience, food arrived hot."
REV_01161,ORD_01161,CUST_0105,4,Great food and excellent service.
REV_01162,ORD_01162,CUST_0705,4,"Amazing experience, food arrived hot."
REV_01163,ORD_01163,CUST_0330,3,Delivery was acceptable.
REV_01164,ORD_01164,CUST_0439,5,"Amazing experience, food arrived hot."
REV_01165,ORD_01165,CUST_0132,2,Very slow delivery and poor experience.
REV_01166,ORD_01166,CUST_0867,3,Food was okay but delivery took some time.
REV_01167,ORD_01167,CUST_0382,4,Very good service and tasty food.
REV_01168,ORD_01168,CUST_0138,2,Delivery was very late and food was cold.
REV_01169,ORD_01169,CUST_0943,3,Average experience.
REV_01170,ORD_01170,CUST_0843,2,Food arrived late.
REV_01171,ORD_01171,CUST_0270,2,Order was delayed and food was not hot.
REV_01172,ORD_01172,CUST_0550,4,Loved the food and quick delivery.
REV_01173,ORD_01173,CUST_0396,3,Food was decent but could be better.
REV_01174,ORD_01174,CUST_0557,5,Food was delicious and delivery was fast.
REV_01175,ORD_01175,CUST_0913,3,Delivery was acceptable.
REV_01176,ORD_01176,CUST_0464,2,Delivery was very late and food was cold.
REV_01177,ORD_01177,CUST_0675,1,Very slow delivery and poor experience.
REV_01178,ORD_01178,CUST_0450,4,Loved the food and quick delivery.
REV_01179,ORD_01179,CUST_0331,3,Food was okay but delivery took some time.
REV_01180,ORD_01180,CUST_0253,5,Very good service and tasty food.
REV_01181,ORD_01181,CUST_0681,4,"Amazing experience, food arrived hot."
REV_01182,ORD_01182,CUST_0963,3,Food was decent but could be better.
REV_01183,ORD_01183,CUST_0285,4,Loved the food and quick delivery.
REV_01184,ORD_01184,CUST_0274,3,Delivery was acceptable.
REV_01185,ORD_01185,CUST_0020,4,"Amazing experience, food arrived hot."
REV_01186,ORD_01186,CUST_0239,4,Food was delicious and delivery was fast.
REV_01187,ORD_01187,CUST_0270,4,Great food and excellent service.
REV_01188,ORD_01188,CUST_0418,3,Delivery was acceptable.
REV_01189,ORD_01189,CUST_0945,3,Food was okay but delivery took some time.
REV_01190,ORD_01190,CUST_0310,3,The experience was okay.
REV_01191,ORD_01191,CUST_0031,4,Loved the food and quick delivery.
REV_01192,ORD_01192,CUST_0826,3,Food was decent but could be better.
REV_01193,ORD_01193,CUST_0104,4,Loved the food and quick delivery.
REV_01194,ORD_01194,CUST_0682,4,Great food and excellent service.
REV_01195,ORD_01195,CUST_0186,4,Food was delicious and delivery was fast.
REV_01196,ORD_01196,CUST_0128,3,Delivery was acceptable.
REV_01197,ORD_01197,CUST_0210,4,"Amazing experience, food arrived hot."
REV_01198,ORD_01198,CUST_0414,3,Delivery was acceptable.
REV_01199,ORD_01199,CUST_0281,4,Food was delicious and delivery was fast.
REV_01200,ORD_01200,CUST_0959,2,Food arrived late.
REV_01201,ORD_01201,CUST_0253,3,Food was okay but delivery took some time.
REV_01202,ORD_01202,CUST_0019,5,Food was delicious and delivery was fast.
REV_01203,ORD_01203,CUST_0712,5,"Amazing experience, food arrived hot."
REV_01204,ORD_01204,CUST_0732,3,Delivery was acceptable.
REV_01205,ORD_01205,CUST_0136,3,Food was okay but delivery took some time.
REV_01206,ORD_01206,CUST_0223,5,Food was delicious and delivery was fast.
REV_01207,ORD_01207,CUST_0003,4,Great food and excellent service.
REV_01208,ORD_01208,CUST_0963,4,Loved the food and quick delivery.
REV_01209,ORD_01209,CUST_0236,2,Food arrived late.
REV_01210,ORD_01210,CUST_0854,3,Delivery was acceptable.
REV_01211,ORD_01211,CUST_0465,4,Very good service and tasty food.
REV_01212,ORD_01212,CUST_0228,3,Food was decent but could be better.
REV_01213,ORD_01213,CUST_0913,4,Loved the food and quick delivery.
REV_01214,ORD_01214,CUST_0654,2,Order was delayed and food was not hot.
REV_01215,ORD_01215,CUST_0499,2,The delivery took too long.
REV_01216,ORD_01216,CUST_0521,3,Average experience.
REV_01217,ORD_01217,CUST_0702,2,Order was delayed and food was not hot.
REV_01218,ORD_01218,CUST_0862,3,Food was okay but delivery took some time.
REV_01219,ORD_01219,CUST_0917,2,Order was delayed and food was not hot.
REV_01220,ORD_01220,CUST_0972,1,The delivery took too long.
REV_01221,ORD_01221,CUST_0677,4,Very good service and tasty food.
REV_01222,ORD_01222,CUST_0992,3,Food was decent but could be better.
REV_01223,ORD_01223,CUST_0139,2,Delivery was very late and food was cold.
REV_01224,ORD_01224,CUST_0276,3,Food was decent but could be better.
REV_01225,ORD_01225,CUST_0291,3,Average experience.
REV_01226,ORD_01226,CUST_0053,3,Delivery was acceptable.
REV_01227,ORD_01227,CUST_0687,3,Delivery was acceptable.
REV_01228,ORD_01228,CUST_0110,4,Great food and excellent service.
REV_01229,ORD_01229,CUST_0715,3,Food was decent but could be better.
REV_01230,ORD_01230,CUST_0948,4,Food was delicious and delivery was fast.
REV_01231,ORD_01231,CUST_0648,3,Food was decent but could be better.
REV_01232,ORD_01232,CUST_0004,4,Loved the food and quick delivery.
REV_01233,ORD_01233,CUST_0667,2,Very slow delivery and poor experience.
REV_01234,ORD_01234,CUST_0684,3,Food was okay but delivery took some time.
REV_01235,ORD_01235,CUST_0936,2,Order was delayed and food was not hot.
REV_01236,ORD_01236,CUST_0870,5,"Amazing experience, food arrived hot."
REV_01237,ORD_01237,CUST_0047,3,Average experience.
REV_01238,ORD_01238,CUST_0094,3,Food was okay but delivery took some time.
REV_01239,ORD_01239,CUST_0940,4,Very good service and tasty food.
REV_01240,ORD_01240,CUST_0560,2,Delivery was very late and food was cold.
REV_01241,ORD_01241,CUST_0752,3,Average experience.
REV_01242,ORD_01242,CUST_0859,4,Loved the food and quick delivery.
REV_01243,ORD_01243,CUST_0213,4,Food was delicious and delivery was fast.
REV_01244,ORD_01244,CUST_0436,2,Delivery was very late and food was cold.
REV_01245,ORD_01245,CUST_0852,3,Food was decent but could be better.
REV_01246,ORD_01246,CUST_0508,3,Average experience.
REV_01247,ORD_01247,CUST_0836,2,Food arrived late.
REV_01248,ORD_01248,CUST_0651,2,The delivery took too long.
REV_01249,ORD_01249,CUST_0205,2,Food arrived late.
REV_01250,ORD_01250,CUST_0381,3,Food was okay but delivery took some time.
REV_01251,ORD_01251,CUST_0073,3,The experience was okay.
REV_01252,ORD_01252,CUST_0516,3,Average experience.
REV_01253,ORD_01253,CUST_0076,3,The experience was okay.
REV_01254,ORD_01254,CUST_0841,4,Great food and excellent service.
REV_01255,ORD_01255,CUST_0077,4,Great food and excellent service.
REV_01256,ORD_01256,CUST_0816,1,Very slow delivery and poor experience.
REV_01257,ORD_01257,CUST_0768,3,Average experience.
REV_01258,ORD_01258,CUST_0410,4,Loved the food and quick delivery.
REV_01259,ORD_01259,CUST_0614,3,Food was okay but delivery took some time.
REV_01260,ORD_01260,CUST_0106,4,"Amazing experience, food arrived hot."
REV_01261,ORD_01261,CUST_0845,5,Great food and excellent service.
REV_01262,ORD_01262,CUST_0551,2,Food arrived late.
REV_01263,ORD_01263,CUST_0476,2,The delivery took too long.
REV_01264,ORD_01264,CUST_0826,5,"Amazing experience, food arrived hot."
REV_01265,ORD_01265,CUST_0275,3,Average experience.
REV_01266,ORD_01266,CUST_0088,2,Delivery was very late and food was cold.
REV_01267,ORD_01267,CUST_0723,1,Delivery was very late and food was cold.
REV_01268,ORD_01268,CUST_0881,4,Great food and excellent service.
REV_01269,ORD_01269,CUST_0077,4,Food was delicious and delivery was fast.
REV_01270,ORD_01270,CUST_0077,3,Food was decent but could be better.
REV_01271,ORD_01271,CUST_0442,4,Great food and excellent service.
REV_01272,ORD_01272,CUST_0540,2,The delivery took too long.
REV_01273,ORD_01273,CUST_0245,3,Food was decent but could be better.
REV_01274,ORD_01274,CUST_0578,3,Food was okay but delivery took some time.
REV_01275,ORD_01275,CUST_0778,4,Great food and excellent service.
REV_01276,ORD_01276,CUST_0382,2,Very slow delivery and poor experience.
REV_01277,ORD_01277,CUST_0982,3,Food was okay but delivery took some time.
REV_01278,ORD_01278,CUST_0717,3,Average experience.
REV_01279,ORD_01279,CUST_0570,5,Very good service and tasty food.
REV_01280,ORD_01280,CUST_0713,4,Loved the food and quick delivery.
REV_01281,ORD_01281,CUST_0737,2,Delivery was very late and food was cold.
REV_01282,ORD_01282,CUST_0142,4,Food was delicious and delivery was fast.
REV_01283,ORD_01283,CUST_0893,3,Delivery was acceptable.
REV_01284,ORD_01284,CUST_0368,4,Very good service and tasty food.
REV_01285,ORD_01285,CUST_0084,4,"Amazing experience, food arrived hot."
REV_01286,ORD_01286,CUST_0143,1,The delivery took too long.
REV_01287,ORD_01287,CUST_0352,3,The experience was okay.
REV_01288,ORD_01288,CUST_0545,3,Food was okay but delivery took some time.
REV_01289,ORD_01289,CUST_0913,3,Delivery was acceptable.
REV_01290,ORD_01290,CUST_0152,2,The delivery took too long.
REV_01291,ORD_01291,CUST_0158,4,Great food and excellent service.
REV_01292,ORD_01292,CUST_0446,3,The experience was okay.
REV_01293,ORD_01293,CUST_0653,3,Food was okay but delivery took some time.
REV_01294,ORD_01294,CUST_0958,4,Loved the food and quick delivery.
REV_01295,ORD_01295,CUST_0763,3,Food was decent but could be better.
REV_01296,ORD_01296,CUST_0303,4,Very good service and tasty food.
REV_01297,ORD_01297,CUST_0624,2,Delivery was very late and food was cold.
REV_01298,ORD_01298,CUST_0656,3,Food was okay but delivery took some time.
REV_01299,ORD_01299,CUST_0450,3,Delivery was acceptable.
REV_01300,ORD_01300,CUST_0721,4,Very good service and tasty food.
REV_01301,ORD_01301,CUST_0224,4,Very good service and tasty food.
REV_01302,ORD_01302,CUST_0043,3,Food was okay but delivery took some time.
REV_01303,ORD_01303,CUST_0264,3,Delivery was acceptable.
REV_01304,ORD_01304,CUST_0756,3,Delivery was acceptable.
REV_01305,ORD_01305,CUST_0003,3,Food was okay but delivery took some time.
REV_01306,ORD_01306,CUST_0637,4,Food was delicious and delivery was fast.
REV_01307,ORD_01307,CUST_0268,3,Food was decent but could be better.
REV_01308,ORD_01308,CUST_0596,3,The experience was okay.
REV_01309,ORD_01309,CUST_0016,3,Average experience.
REV_01310,ORD_01310,CUST_0334,4,Food was delicious and delivery was fast.
REV_01311,ORD_01311,CUST_0464,3,Average experience.
REV_01312,ORD_01312,CUST_0059,4,"Amazing experience, food arrived hot."
REV_01313,ORD_01313,CUST_0177,4,Loved the food and quick delivery.
REV_01314,ORD_01314,CUST_0063,4,Loved the food and quick delivery.
REV_01315,ORD_01315,CUST_0958,3,The experience was okay.
REV_01316,ORD_01316,CUST_0561,3,Food was decent but could be better.
REV_01317,ORD_01317,CUST_0307,3,Delivery was acceptable.
REV_01318,ORD_01318,CUST_0246,3,The experience was okay.
REV_01319,ORD_01319,CUST_0289,4,Loved the food and quick delivery.
REV_01320,ORD_01320,CUST_0798,3,Food was decent but could be better.
REV_01321,ORD_01321,CUST_0955,3,Delivery was acceptable.
REV_01322,ORD_01322,CUST_0332,2,The delivery took too long.
REV_01323,ORD_01323,CUST_0527,3,The experience was okay.
REV_01324,ORD_01324,CUST_0850,2,Order was delayed and food was not hot.
REV_01325,ORD_01325,CUST_0255,3,Food was okay but delivery took some time.
REV_01326,ORD_01326,CUST_0604,5,Food was delicious and delivery was fast.
REV_01327,ORD_01327,CUST_0510,3,The experience was okay.
REV_01328,ORD_01328,CUST_0791,2,Food arrived late.
REV_01329,ORD_01329,CUST_0718,2,Order was delayed and food was not hot.
REV_01330,ORD_01330,CUST_0606,2,Order was delayed and food was not hot.
REV_01331,ORD_01331,CUST_0737,5,Great food and excellent service.
REV_01332,ORD_01332,CUST_0813,4,Very good service and tasty food.
REV_01333,ORD_01333,CUST_0830,3,Food was decent but could be better.
REV_01334,ORD_01334,CUST_0463,5,Very good service and tasty food.
REV_01335,ORD_01335,CUST_0199,3,Delivery was acceptable.
REV_01336,ORD_01336,CUST_0271,3,Delivery was acceptable.
REV_01337,ORD_01337,CUST_0746,2,Delivery was very late and food was cold.
REV_01338,ORD_01338,CUST_0558,4,"Amazing experience, food arrived hot."
REV_01339,ORD_01339,CUST_0064,3,Delivery was acceptable.
REV_01340,ORD_01340,CUST_0230,4,"Amazing experience, food arrived hot."
REV_01341,ORD_01341,CUST_0942,2,Very slow delivery and poor experience.
REV_01342,ORD_01342,CUST_0952,4,"Amazing experience, food arrived hot."
REV_01343,ORD_01343,CUST_0249,4,Great food and excellent service.
REV_01344,ORD_01344,CUST_0246,3,Delivery was acceptable.
REV_01345,ORD_01345,CUST_0940,3,Food was okay but delivery took some time.
REV_01346,ORD_01346,CUST_0587,3,Food was okay but delivery took some time.
REV_01347,ORD_01347,CUST_0157,3,Food was okay but delivery took some time.
REV_01348,ORD_01348,CUST_0735,4,Food was delicious and delivery was fast.
REV_01349,ORD_01349,CUST_0702,3,Delivery was acceptable.
REV_01350,ORD_01350,CUST_0985,4,Food was delicious and delivery was fast.
REV_01351,ORD_01351,CUST_0564,2,Very slow delivery and poor experience.
REV_01352,ORD_01352,CUST_0950,3,Average experience.
REV_01353,ORD_01353,CUST_0088,5,Loved the food and quick delivery.
REV_01354,ORD_01354,CUST_0313,4,Food was delicious and delivery was fast.
REV_01355,ORD_01355,CUST_0851,3,The experience was okay.
REV_01356,ORD_01356,CUST_0066,4,Loved the food and quick delivery.
REV_01357,ORD_01357,CUST_0662,3,The experience was okay.
REV_01358,ORD_01358,CUST_0020,3,Food was decent but could be better.
REV_01359,ORD_01359,CUST_0033,3,Food was okay but delivery took some time.
REV_01360,ORD_01360,CUST_0840,3,Delivery was acceptable.
REV_01361,ORD_01361,CUST_0793,4,"Amazing experience, food arrived hot."
REV_01362,ORD_01362,CUST_0558,3,Delivery was acceptable.
REV_01363,ORD_01363,CUST_0073,5,Food was delicious and delivery was fast.
REV_01364,ORD_01364,CUST_0866,2,Very slow delivery and poor experience.
REV_01365,ORD_01365,CUST_0825,3,The experience was okay.
REV_01366,ORD_01366,CUST_0343,3,Food was decent but could be better.
REV_01367,ORD_01367,CUST_0133,3,Food was decent but could be better.
REV_01368,ORD_01368,CUST_0055,4,Food was delicious and delivery was fast.
REV_01369,ORD_01369,CUST_0061,3,The experience was okay.
REV_01370,ORD_01370,CUST_0857,3,The experience was okay.
REV_01371,ORD_01371,CUST_0520,5,Great food and excellent service.
REV_01372,ORD_01372,CUST_0272,3,Average experience.
REV_01373,ORD_01373,CUST_0246,4,Very good service and tasty food.
REV_01374,ORD_01374,CUST_0176,2,Food arrived late.
REV_01375,ORD_01375,CUST_0628,1,Delivery was very late and food was cold.
REV_01376,ORD_01376,CUST_0317,5,"Amazing experience, food arrived hot."
REV_01377,ORD_01377,CUST_0783,3,The experience was okay.
REV_01378,ORD_01378,CUST_0705,2,Very slow delivery and poor experience.
REV_01379,ORD_01379,CUST_0662,3,Food was okay but delivery took some time.
REV_01380,ORD_01380,CUST_0131,3,Food was decent but could be better.
REV_01381,ORD_01381,CUST_0102,3,The experience was okay.
REV_01382,ORD_01382,CUST_0310,4,Great food and excellent service.
REV_01383,ORD_01383,CUST_0782,3,Delivery was acceptable.
REV_01384,ORD_01384,CUST_0292,4,Loved the food and quick delivery.
REV_01385,ORD_01385,CUST_0722,2,The delivery took too long.
REV_01386,ORD_01386,CUST_0495,4,Loved the food and quick delivery.
REV_01387,ORD_01387,CUST_0361,2,The delivery took too long.
REV_01388,ORD_01388,CUST_0338,3,Food was okay but delivery took some time.
REV_01389,ORD_01389,CUST_0579,2,The delivery took too long.
REV_01390,ORD_01390,CUST_0010,3,Food was decent but could be better.
REV_01391,ORD_01391,CUST_0049,4,Food was delicious and delivery was fast.
REV_01392,ORD_01392,CUST_0487,2,Food arrived late.
REV_01393,ORD_01393,CUST_0623,4,"Amazing experience, food arrived hot."
REV_01394,ORD_01394,CUST_0321,2,Very slow delivery and poor experience.
REV_01395,ORD_01395,CUST_0731,4,"Amazing experience, food arrived hot."
REV_01396,ORD_01396,CUST_0569,4,"Amazing experience, food arrived hot."
REV_01397,ORD_01397,CUST_0795,5,Food was delicious and delivery was fast.
REV_01398,ORD_01398,CUST_0971,5,Great food and excellent service.
REV_01399,ORD_01399,CUST_0625,3,Average experience.
REV_01400,ORD_01400,CUST_0133,3,The experience was okay.
REV_01401,ORD_01401,CUST_0583,4,Very good service and tasty food.
REV_01402,ORD_01402,CUST_0083,2,Delivery was very late and food was cold.
REV_01403,ORD_01403,CUST_0057,3,Average experience.
REV_01404,ORD_01404,CUST_0376,4,Food was delicious and delivery was fast.
REV_01405,ORD_01405,CUST_0349,3,Food was okay but delivery took some time.
REV_01406,ORD_01406,CUST_0271,4,Loved the food and quick delivery.
REV_01407,ORD_01407,CUST_0483,3,Average experience.
REV_01408,ORD_01408,CUST_0111,2,Order was delayed and food was not hot.
REV_01409,ORD_01409,CUST_0869,3,Delivery was acceptable.
REV_01410,ORD_01410,CUST_0887,4,Very good service and tasty food.
REV_01411,ORD_01411,CUST_0076,2,Very slow delivery and poor experience.
REV_01412,ORD_01412,CUST_0158,1,Food arrived late.
REV_01413,ORD_01413,CUST_0532,2,Very slow delivery and poor experience.
REV_01414,ORD_01414,CUST_0933,3,Food was decent but could be better.
REV_01415,ORD_01415,CUST_0643,3,Food was decent but could be better.
REV_01416,ORD_01416,CUST_0329,4,Loved the food and quick delivery.
REV_01417,ORD_01417,CUST_0122,5,Loved the food and quick delivery.
REV_01418,ORD_01418,CUST_0041,3,Food was okay but delivery took some time.
REV_01419,ORD_01419,CUST_0167,3,Food was okay but delivery took some time.
REV_01420,ORD_01420,CUST_0922,3,Average experience.
REV_01421,ORD_01421,CUST_0642,3,Average experience.
REV_01422,ORD_01422,CUST_0023,2,The delivery took too long.
REV_01423,ORD_01423,CUST_0279,2,Delivery was very late and food was cold.
REV_01424,ORD_01424,CUST_0763,2,Delivery was very late and food was cold.
REV_01425,ORD_01425,CUST_0469,3,Food was decent but could be better.
REV_01426,ORD_01426,CUST_0400,2,Order was delayed and food was not hot.
REV_01427,ORD_01427,CUST_0009,4,Very good service and tasty food.
REV_01428,ORD_01428,CUST_0013,3,Delivery was acceptable.
REV_01429,ORD_01429,CUST_0924,5,Loved the food and quick delivery.
REV_01430,ORD_01430,CUST_0923,2,Order was delayed and food was not hot.
REV_01431,ORD_01431,CUST_0819,4,Very good service and tasty food.
REV_01432,ORD_01432,CUST_0832,3,Food was decent but could be better.
REV_01433,ORD_01433,CUST_0052,5,Great food and excellent service.
REV_01434,ORD_01434,CUST_0209,3,The experience was okay.
REV_01435,ORD_01435,CUST_0550,4,Food was delicious and delivery was fast.
REV_01436,ORD_01436,CUST_0612,3,Food was decent but could be better.
REV_01437,ORD_01437,CUST_0705,3,Delivery was acceptable.
REV_01438,ORD_01438,CUST_0402,5,Food was delicious and delivery was fast.
REV_01439,ORD_01439,CUST_0191,3,Food was decent but could be better.
REV_01440,ORD_01440,CUST_0051,5,Loved the food and quick delivery.
REV_01441,ORD_01441,CUST_0393,5,Very good service and tasty food.
REV_01442,ORD_01442,CUST_0653,3,The experience was okay.
REV_01443,ORD_01443,CUST_0680,4,"Amazing experience, food arrived hot."
REV_01444,ORD_01444,CUST_0823,2,Delivery was very late and food was cold.
REV_01445,ORD_01445,CUST_0621,4,Great food and excellent service.
REV_01446,ORD_01446,CUST_0719,3,Delivery was acceptable.
REV_01447,ORD_01447,CUST_0939,2,The delivery took too long.
REV_01448,ORD_01448,CUST_0300,2,Delivery was very late and food was cold.
REV_01449,ORD_01449,CUST_0622,3,Food was okay but delivery took some time.
REV_01450,ORD_01450,CUST_0196,4,Great food and excellent service.
REV_01451,ORD_01451,CUST_0417,4,"Amazing experience, food arrived hot."
REV_01452,ORD_01452,CUST_0664,3,Average experience.
REV_01453,ORD_01453,CUST_0420,4,Great food and excellent service.
REV_01454,ORD_01454,CUST_0755,4,"Amazing experience, food arrived hot."
REV_01455,ORD_01455,CUST_0640,4,"Amazing experience, food arrived hot."
REV_01456,ORD_01456,CUST_0617,3,Food was decent but could be better.
REV_01457,ORD_01457,CUST_0522,2,Delivery was very late and food was cold.
REV_01458,ORD_01458,CUST_0356,3,Food was okay but delivery took some time.
REV_01459,ORD_01459,CUST_0148,3,Delivery was acceptable.
REV_01460,ORD_01460,CUST_0365,2,Order was delayed and food was not hot.
REV_01461,ORD_01461,CUST_0364,2,Food arrived late.
REV_01462,ORD_01462,CUST_0971,4,Great food and excellent service.
REV_01463,ORD_01463,CUST_0652,5,Very good service and tasty food.
REV_01464,ORD_01464,CUST_0702,3,The experience was okay.
REV_01465,ORD_01465,CUST_0402,3,Average experience.
REV_01466,ORD_01466,CUST_0606,4,Loved the food and quick delivery.
REV_01467,ORD_01467,CUST_0492,3,The experience was okay.
REV_01468,ORD_01468,CUST_0229,2,Very slow delivery and poor experience.
REV_01469,ORD_01469,CUST_0575,4,Food was delicious and delivery was fast.
REV_01470,ORD_01470,CUST_0852,5,Very good service and tasty food.
REV_01471,ORD_01471,CUST_0537,4,Food was delicious and delivery was fast.
REV_01472,ORD_01472,CUST_0268,2,Order was delayed and food was not hot.
REV_01473,ORD_01473,CUST_0405,3,Food was okay but delivery took some time.
REV_01474,ORD_01474,CUST_0793,4,Very good service and tasty food.
REV_01475,ORD_01475,CUST_0011,4,Food was delicious and delivery was fast.
REV_01476,ORD_01476,CUST_0320,3,Food was decent but could be better.
REV_01477,ORD_01477,CUST_0713,3,The experience was okay.
REV_01478,ORD_01478,CUST_0126,1,Order was delayed and food was not hot.
REV_01479,ORD_01479,CUST_0306,4,Loved the food and quick delivery.
REV_01480,ORD_01480,CUST_0702,3,Delivery was acceptable.
REV_01481,ORD_01481,CUST_0511,4,Very good service and tasty food.
REV_01482,ORD_01482,CUST_0089,3,Food was decent but could be better.
REV_01483,ORD_01483,CUST_0355,4,Food was delicious and delivery was fast.
REV_01484,ORD_01484,CUST_0628,4,Very good service and tasty food.
REV_01485,ORD_01485,CUST_0352,4,Food was delicious and delivery was fast.
REV_01486,ORD_01486,CUST_0689,3,Food was decent but could be better.
REV_01487,ORD_01487,CUST_0014,4,Great food and excellent service.
REV_01488,ORD_01488,CUST_0257,3,The experience was okay.
REV_01489,ORD_01489,CUST_0209,3,Delivery was acceptable.
REV_01490,ORD_01490,CUST_0281,4,"Amazing experience, food arrived hot."
REV_01491,ORD_01491,CUST_0443,3,Food was okay but delivery took some time.
REV_01492,ORD_01492,CUST_0840,4,Very good service and tasty food.
REV_01493,ORD_01493,CUST_0837,3,Food was okay but delivery took some time.
REV_01494,ORD_01494,CUST_0389,3,Average experience.
REV_01495,ORD_01495,CUST_0617,4,Very good service and tasty food.
REV_01496,ORD_01496,CUST_0483,5,Loved the food and quick delivery.
REV_01497,ORD_01497,CUST_0147,3,Delivery was acceptable.
REV_01498,ORD_01498,CUST_0279,3,The experience was okay.
REV_01499,ORD_01499,CUST_0521,5,Food was delicious and delivery was fast.
REV_01500,ORD_01500,CUST_0630,5,Very good service and tasty food.
REV_01501,ORD_01501,CUST_0606,3,Food was decent but could be better.
REV_01502,ORD_01502,CUST_0434,4,"Amazing experience, food arrived hot."
REV_01503,ORD_01503,CUST_0144,2,Food arrived late.
REV_01504,ORD_01504,CUST_0289,2,Very slow delivery and poor experience.
REV_01505,ORD_01505,CUST_0386,3,Average experience.
REV_01506,ORD_01506,CUST_0014,3,Food was okay but delivery took some time.
REV_01507,ORD_01507,CUST_0257,4,Loved the food and quick delivery.
REV_01508,ORD_01508,CUST_0346,3,Food was okay but delivery took some time.
REV_01509,ORD_01509,CUST_0698,3,The experience was okay.
REV_01510,ORD_01510,CUST_0345,2,The delivery took too long.
REV_01511,ORD_01511,CUST_0400,3,Average experience.
REV_01512,ORD_01512,CUST_0207,2,Very slow delivery and poor experience.
REV_01513,ORD_01513,CUST_0858,5,"Amazing experience, food arrived hot."
REV_01514,ORD_01514,CUST_0943,3,Average experience.
REV_01515,ORD_01515,CUST_0172,4,Great food and excellent service.
REV_01516,ORD_01516,CUST_0464,3,Food was okay but delivery took some time.
REV_01517,ORD_01517,CUST_0270,4,Great food and excellent service.
REV_01518,ORD_01518,CUST_0221,2,Very slow delivery and poor experience.
REV_01519,ORD_01519,CUST_0152,2,Food arrived late.
REV_01520,ORD_01520,CUST_0623,3,Average experience.
REV_01521,ORD_01521,CUST_0183,2,The delivery took too long.
REV_01522,ORD_01522,CUST_0399,4,Great food and excellent service.
REV_01523,ORD_01523,CUST_0851,4,Food was delicious and delivery was fast.
REV_01524,ORD_01524,CUST_0072,2,Food arrived late.
REV_01525,ORD_01525,CUST_0418,1,Order was delayed and food was not hot.
REV_01526,ORD_01526,CUST_0898,1,Order was delayed and food was not hot.
REV_01527,ORD_01527,CUST_0283,3,The experience was okay.
REV_01528,ORD_01528,CUST_0074,4,Loved the food and quick delivery.
REV_01529,ORD_01529,CUST_0355,1,Order was delayed and food was not hot.
REV_01530,ORD_01530,CUST_0727,2,The delivery took too long.
REV_01531,ORD_01531,CUST_0497,2,The delivery took too long.
REV_01532,ORD_01532,CUST_0328,2,Very slow delivery and poor experience.
REV_01533,ORD_01533,CUST_0988,4,"Amazing experience, food arrived hot."
REV_01534,ORD_01534,CUST_0535,2,Food arrived late.
REV_01535,ORD_01535,CUST_0580,3,Delivery was acceptable.
REV_01536,ORD_01536,CUST_0910,4,Food was delicious and delivery was fast.
REV_01537,ORD_01537,CUST_0447,3,Delivery was acceptable.
REV_01538,ORD_01538,CUST_0373,4,Very good service and tasty food.
REV_01539,ORD_01539,CUST_0362,3,Food was decent but could be better.
REV_01540,ORD_01540,CUST_0093,3,Food was decent but could be better.
REV_01541,ORD_01541,CUST_0321,4,Loved the food and quick delivery.
REV_01542,ORD_01542,CUST_0324,5,Food was delicious and delivery was fast.
REV_01543,ORD_01543,CUST_0384,3,Food was decent but could be better.
REV_01544,ORD_01544,CUST_0575,2,The delivery took too long.
REV_01545,ORD_01545,CUST_0736,4,Food was delicious and delivery was fast.
REV_01546,ORD_01546,CUST_0737,3,Food was decent but could be better.
REV_01547,ORD_01547,CUST_0881,4,Very good service and tasty food.
REV_01548,ORD_01548,CUST_0346,3,Delivery was acceptable.
REV_01549,ORD_01549,CUST_0849,4,Food was delicious and delivery was fast.
REV_01550,ORD_01550,CUST_0103,4,Food was delicious and delivery was fast.
REV_01551,ORD_01551,CUST_0215,5,"Amazing experience, food arrived hot."
REV_01552,ORD_01552,CUST_0192,3,Food was decent but could be better.
REV_01553,ORD_01553,CUST_0672,5,Food was delicious and delivery was fast.
REV_01554,ORD_01554,CUST_0884,4,Food was delicious and delivery was fast.
REV_01555,ORD_01555,CUST_0719,3,The experience was okay.
REV_01556,ORD_01556,CUST_0781,4,Loved the food and quick delivery.
REV_01557,ORD_01557,CUST_0194,3,The experience was okay.
REV_01558,ORD_01558,CUST_0380,3,Delivery was acceptable.
REV_01559,ORD_01559,CUST_0403,4,Very good service and tasty food.
REV_01560,ORD_01560,CUST_0664,5,Loved the food and quick delivery.
REV_01561,ORD_01561,CUST_0749,2,The delivery took too long.
REV_01562,ORD_01562,CUST_0600,3,Food was okay but delivery took some time.
REV_01563,ORD_01563,CUST_0011,2,Order was delayed and food was not hot.
REV_01564,ORD_01564,CUST_0187,1,The delivery took too long.
REV_01565,ORD_01565,CUST_0726,2,Food arrived late.
REV_01566,ORD_01566,CUST_0015,4,"Amazing experience, food arrived hot."
REV_01567,ORD_01567,CUST_0778,2,The delivery took too long.
REV_01568,ORD_01568,CUST_0297,3,Delivery was acceptable.
REV_01569,ORD_01569,CUST_0411,3,The experience was okay.
REV_01570,ORD_01570,CUST_0956,4,Great food and excellent service.
REV_01571,ORD_01571,CUST_0585,4,Food was delicious and delivery was fast.
REV_01572,ORD_01572,CUST_0052,3,Delivery was acceptable.
REV_01573,ORD_01573,CUST_0640,3,Food was okay but delivery took some time.
REV_01574,ORD_01574,CUST_0028,4,"Amazing experience, food arrived hot."
REV_01575,ORD_01575,CUST_0577,3,Food was okay but delivery took some time.
REV_01576,ORD_01576,CUST_0017,4,Loved the food and quick delivery.
REV_01577,ORD_01577,CUST_0351,4,Great food and excellent service.
REV_01578,ORD_01578,CUST_0428,2,Delivery was very late and food was cold.
REV_01579,ORD_01579,CUST_0650,3,Average experience.
REV_01580,ORD_01580,CUST_0831,4,Very good service and tasty food.
REV_01581,ORD_01581,CUST_0229,4,Very good service and tasty food.
REV_01582,ORD_01582,CUST_0766,2,The delivery took too long.
REV_01583,ORD_01583,CUST_0989,4,Loved the food and quick delivery.
REV_01584,ORD_01584,CUST_0210,3,The experience was okay.
REV_01585,ORD_01585,CUST_0431,4,Great food and excellent service.
REV_01586,ORD_01586,CUST_0294,4,"Amazing experience, food arrived hot."
REV_01587,ORD_01587,CUST_0743,3,Food was decent but could be better.
REV_01588,ORD_01588,CUST_0753,3,Food was decent but could be better.
REV_01589,ORD_01589,CUST_0582,4,Very good service and tasty food.
REV_01590,ORD_01590,CUST_0104,4,Very good service and tasty food.
REV_01591,ORD_01591,CUST_0204,3,Food was decent but could be better.
REV_01592,ORD_01592,CUST_0053,4,Loved the food and quick delivery.
REV_01593,ORD_01593,CUST_0974,5,Food was delicious and delivery was fast.
REV_01594,ORD_01594,CUST_0940,2,Very slow delivery and poor experience.
REV_01595,ORD_01595,CUST_0375,3,Food was okay but delivery took some time.
REV_01596,ORD_01596,CUST_0842,4,"Amazing experience, food arrived hot."
REV_01597,ORD_01597,CUST_0054,2,Delivery was very late and food was cold.
REV_01598,ORD_01598,CUST_0276,3,The experience was okay.
REV_01599,ORD_01599,CUST_0335,4,Very good service and tasty food.
REV_01600,ORD_01600,CUST_0031,2,Very slow delivery and poor experience.
REV_01601,ORD_01601,CUST_0135,3,Food was decent but could be better.
REV_01602,ORD_01602,CUST_0058,4,Loved the food and quick delivery.
REV_01603,ORD_01603,CUST_0105,3,Average experience.
REV_01604,ORD_01604,CUST_0266,3,Food was decent but could be better.
REV_01605,ORD_01605,CUST_0522,2,Delivery was very late and food was cold.
REV_01606,ORD_01606,CUST_0496,2,The delivery took too long.
REV_01607,ORD_01607,CUST_0253,2,Food arrived late.
REV_01608,ORD_01608,CUST_0295,4,"Amazing experience, food arrived hot."
REV_01609,ORD_01609,CUST_0668,1,Very slow delivery and poor experience.
REV_01610,ORD_01610,CUST_0158,2,Order was delayed and food was not hot.
REV_01611,ORD_01611,CUST_0549,2,Food arrived late.
REV_01612,ORD_01612,CUST_0631,2,The delivery took too long.
REV_01613,ORD_01613,CUST_0067,4,Food was delicious and delivery was fast.
REV_01614,ORD_01614,CUST_0754,3,Food was decent but could be better.
REV_01615,ORD_01615,CUST_0299,4,Loved the food and quick delivery.
REV_01616,ORD_01616,CUST_0463,1,Order was delayed and food was not hot.
REV_01617,ORD_01617,CUST_0725,5,"Amazing experience, food arrived hot."
REV_01618,ORD_01618,CUST_0820,3,Average experience.
REV_01619,ORD_01619,CUST_0101,4,Loved the food and quick delivery.
REV_01620,ORD_01620,CUST_0056,3,Food was okay but delivery took some time.
REV_01621,ORD_01621,CUST_0332,3,Delivery was acceptable.
REV_01622,ORD_01622,CUST_0836,4,Loved the food and quick delivery.
REV_01623,ORD_01623,CUST_0751,4,"Amazing experience, food arrived hot."
REV_01624,ORD_01624,CUST_0393,2,Delivery was very late and food was cold.
REV_01625,ORD_01625,CUST_0743,4,"Amazing experience, food arrived hot."
REV_01626,ORD_01626,CUST_0874,4,"Amazing experience, food arrived hot."
REV_01627,ORD_01627,CUST_0381,2,Food arrived late.
REV_01628,ORD_01628,CUST_0092,4,Great food and excellent service.
REV_01629,ORD_01629,CUST_0791,2,Very slow delivery and poor experience.
REV_01630,ORD_01630,CUST_0447,3,Delivery was acceptable.
REV_01631,ORD_01631,CUST_0109,2,Food arrived late.
REV_01632,ORD_01632,CUST_0317,3,Average experience.
REV_01633,ORD_01633,CUST_0168,3,Average experience.
REV_01634,ORD_01634,CUST_0812,2,Food arrived late.
REV_01635,ORD_01635,CUST_0982,3,Food was okay but delivery took some time.
REV_01636,ORD_01636,CUST_0920,3,Food was decent but could be better.
REV_01637,ORD_01637,CUST_0435,2,Delivery was very late and food was cold.
REV_01638,ORD_01638,CUST_0442,3,The experience was okay.
REV_01639,ORD_01639,CUST_0218,3,The experience was okay.
REV_01640,ORD_01640,CUST_0222,5,Loved the food and quick delivery.
REV_01641,ORD_01641,CUST_0673,2,Delivery was very late and food was cold.
REV_01642,ORD_01642,CUST_0528,4,"Amazing experience, food arrived hot."
REV_01643,ORD_01643,CUST_0278,3,The experience was okay.
REV_01644,ORD_01644,CUST_0569,2,Food arrived late.
REV_01645,ORD_01645,CUST_0574,2,The delivery took too long.
REV_01646,ORD_01646,CUST_0875,3,Delivery was acceptable.
REV_01647,ORD_01647,CUST_0466,5,Great food and excellent service.
REV_01648,ORD_01648,CUST_0839,3,Average experience.
REV_01649,ORD_01649,CUST_0754,4,Great food and excellent service.
REV_01650,ORD_01650,CUST_0602,3,The experience was okay.
REV_01651,ORD_01651,CUST_0584,3,Average experience.
REV_01652,ORD_01652,CUST_0838,4,Very good service and tasty food.
REV_01653,ORD_01653,CUST_0030,3,Food was okay but delivery took some time.
REV_01654,ORD_01654,CUST_0359,4,Very good service and tasty food.
REV_01655,ORD_01655,CUST_0919,2,Very slow delivery and poor experience.
REV_01656,ORD_01656,CUST_0288,5,Great food and excellent service.
REV_01657,ORD_01657,CUST_0086,4,Very good service and tasty food.
REV_01658,ORD_01658,CUST_0234,4,Loved the food and quick delivery.
REV_01659,ORD_01659,CUST_0747,4,"Amazing experience, food arrived hot."
REV_01660,ORD_01660,CUST_0313,5,Very good service and tasty food.
REV_01661,ORD_01661,CUST_0365,3,Average experience.
REV_01662,ORD_01662,CUST_0777,1,The delivery took too long.
REV_01663,ORD_01663,CUST_0799,2,Food arrived late.
REV_01664,ORD_01664,CUST_0839,2,Very slow delivery and poor experience.
REV_01665,ORD_01665,CUST_0905,5,Very good service and tasty food.
REV_01666,ORD_01666,CUST_0269,3,Average experience.
REV_01667,ORD_01667,CUST_0698,1,Very slow delivery and poor experience.
REV_01668,ORD_01668,CUST_0131,2,The delivery took too long.
REV_01669,ORD_01669,CUST_0803,4,Very good service and tasty food.
REV_01670,ORD_01670,CUST_0993,3,Delivery was acceptable.
REV_01671,ORD_01671,CUST_0789,3,Food was decent but could be better.
REV_01672,ORD_01672,CUST_0832,3,Delivery was acceptable.
REV_01673,ORD_01673,CUST_0351,2,The delivery took too long.
REV_01674,ORD_01674,CUST_0180,3,The experience was okay.
REV_01675,ORD_01675,CUST_0802,4,Very good service and tasty food.
REV_01676,ORD_01676,CUST_0480,4,Great food and excellent service.
REV_01677,ORD_01677,CUST_0889,5,Great food and excellent service.
REV_01678,ORD_01678,CUST_0163,2,The delivery took too long.
REV_01679,ORD_01679,CUST_0783,3,Average experience.
REV_01680,ORD_01680,CUST_0888,3,Food was decent but could be better.
REV_01681,ORD_01681,CUST_0096,5,Food was delicious and delivery was fast.
REV_01682,ORD_01682,CUST_0774,5,Very good service and tasty food.
REV_01683,ORD_01683,CUST_0510,2,Very slow delivery and poor experience.
REV_01684,ORD_01684,CUST_0365,4,Loved the food and quick delivery.
REV_01685,ORD_01685,CUST_0981,3,Food was okay but delivery took some time.
REV_01686,ORD_01686,CUST_0353,3,The experience was okay.
REV_01687,ORD_01687,CUST_0800,3,Food was okay but delivery took some time.
REV_01688,ORD_01688,CUST_0436,3,Food was decent but could be better.
REV_01689,ORD_01689,CUST_0083,4,Food was delicious and delivery was fast.
REV_01690,ORD_01690,CUST_0225,5,Great food and excellent service.
REV_01691,ORD_01691,CUST_0412,2,Very slow delivery and poor experience.
REV_01692,ORD_01692,CUST_0735,4,Very good service and tasty food.
REV_01693,ORD_01693,CUST_0981,3,The experience was okay.
REV_01694,ORD_01694,CUST_0118,4,Great food and excellent service.
REV_01695,ORD_01695,CUST_0482,2,Order was delayed and food was not hot.
REV_01696,ORD_01696,CUST_0192,4,Food was delicious and delivery was fast.
REV_01697,ORD_01697,CUST_0591,3,Average experience.
REV_01698,ORD_01698,CUST_0590,3,Delivery was acceptable.
REV_01699,ORD_01699,CUST_0659,3,Food was decent but could be better.
REV_01700,ORD_01700,CUST_0107,3,Food was okay but delivery took some time.
REV_01701,ORD_01701,CUST_0382,5,Very good service and tasty food.
REV_01702,ORD_01702,CUST_0783,4,Food was delicious and delivery was fast.
REV_01703,ORD_01703,CUST_0390,4,Very good service and tasty food.
REV_01704,ORD_01704,CUST_0244,3,The experience was okay.
REV_01705,ORD_01705,CUST_0585,3,Food was decent but could be better.
REV_01706,ORD_01706,CUST_0869,3,Average experience.
REV_01707,ORD_01707,CUST_0468,3,Delivery was acceptable.
REV_01708,ORD_01708,CUST_0866,2,Delivery was very late and food was cold.
REV_01709,ORD_01709,CUST_0934,3,Food was decent but could be better.
REV_01710,ORD_01710,CUST_0538,4,Great food and excellent service.
REV_01711,ORD_01711,CUST_0210,3,Food was okay but delivery took some time.
REV_01712,ORD_01712,CUST_0604,2,Very slow delivery and poor experience.
REV_01713,ORD_01713,CUST_0637,5,Food was delicious and delivery was fast.
REV_01714,ORD_01714,CUST_0947,5,"Amazing experience, food arrived hot."
REV_01715,ORD_01715,CUST_0073,4,Great food and excellent service.
REV_01716,ORD_01716,CUST_0992,4,Great food and excellent service.
REV_01717,ORD_01717,CUST_0635,3,Food was okay but delivery took some time.
REV_01718,ORD_01718,CUST_0309,5,"Amazing experience, food arrived hot."
REV_01719,ORD_01719,CUST_0696,2,Order was delayed and food was not hot.
REV_01720,ORD_01720,CUST_0699,3,Average experience.
REV_01721,ORD_01721,CUST_0710,3,Delivery was acceptable.
REV_01722,ORD_01722,CUST_0590,3,Delivery was acceptable.
REV_01723,ORD_01723,CUST_0860,2,The delivery took too long.
REV_01724,ORD_01724,CUST_0186,4,Food was delicious and delivery was fast.
REV_01725,ORD_01725,CUST_0856,3,Food was okay but delivery took some time.
REV_01726,ORD_01726,CUST_0253,3,Food was okay but delivery took some time.
REV_01727,ORD_01727,CUST_0013,2,Very slow delivery and poor experience.
REV_01728,ORD_01728,CUST_0299,1,Food arrived late.
REV_01729,ORD_01729,CUST_0076,2,Food arrived late.
REV_01730,ORD_01730,CUST_0051,3,The experience was okay.
REV_01731,ORD_01731,CUST_0787,4,Loved the food and quick delivery.
REV_01732,ORD_01732,CUST_0149,2,The delivery took too long.
REV_01733,ORD_01733,CUST_0731,4,Very good service and tasty food.
REV_01734,ORD_01734,CUST_0122,3,Food was okay but delivery took some time.
REV_01735,ORD_01735,CUST_0211,4,"Amazing experience, food arrived hot."
REV_01736,ORD_01736,CUST_0280,4,Great food and excellent service.
REV_01737,ORD_01737,CUST_0538,2,Very slow delivery and poor experience.
REV_01738,ORD_01738,CUST_0685,2,Delivery was very late and food was cold.
REV_01739,ORD_01739,CUST_0156,4,Food was delicious and delivery was fast.
REV_01740,ORD_01740,CUST_0238,3,Average experience.
REV_01741,ORD_01741,CUST_0376,4,Very good service and tasty food.
REV_01742,ORD_01742,CUST_0082,2,The delivery took too long.
REV_01743,ORD_01743,CUST_0492,3,Delivery was acceptable.
REV_01744,ORD_01744,CUST_0356,4,Food was delicious and delivery was fast.
REV_01745,ORD_01745,CUST_0925,4,Food was delicious and delivery was fast.
REV_01746,ORD_01746,CUST_0273,3,Delivery was acceptable.
REV_01747,ORD_01747,CUST_0580,3,The experience was okay.
REV_01748,ORD_01748,CUST_0044,3,The experience was okay.
REV_01749,ORD_01749,CUST_0573,5,Food was delicious and delivery was fast.
REV_01750,ORD_01750,CUST_0123,2,The delivery took too long.
REV_01751,ORD_01751,CUST_0349,3,The experience was okay.
REV_01752,ORD_01752,CUST_0708,3,Average experience.
REV_01753,ORD_01753,CUST_0330,2,Food arrived late.
REV_01754,ORD_01754,CUST_0409,3,Food was decent but could be better.
REV_01755,ORD_01755,CUST_0991,2,Order was delayed and food was not hot.
REV_01756,ORD_01756,CUST_0323,2,Delivery was very late and food was cold.
REV_01757,ORD_01757,CUST_0111,3,The experience was okay.
REV_01758,ORD_01758,CUST_0770,4,"Amazing experience, food arrived hot."
REV_01759,ORD_01759,CUST_0089,2,Food arrived late.
REV_01760,ORD_01760,CUST_0433,4,Loved the food and quick delivery.
REV_01761,ORD_01761,CUST_0710,3,Delivery was acceptable.
REV_01762,ORD_01762,CUST_0794,3,Average experience.
REV_01763,ORD_01763,CUST_0712,3,Food was okay but delivery took some time.
REV_01764,ORD_01764,CUST_0099,2,The delivery took too long.
REV_01765,ORD_01765,CUST_0539,4,"Amazing experience, food arrived hot."
REV_01766,ORD_01766,CUST_0601,2,Delivery was very late and food was cold.
REV_01767,ORD_01767,CUST_0146,2,The delivery took too long.
REV_01768,ORD_01768,CUST_0694,3,The experience was okay.
REV_01769,ORD_01769,CUST_0257,4,Loved the food and quick delivery.
REV_01770,ORD_01770,CUST_0189,4,Loved the food and quick delivery.
REV_01771,ORD_01771,CUST_0240,4,Loved the food and quick delivery.
REV_01772,ORD_01772,CUST_0871,2,Delivery was very late and food was cold.
REV_01773,ORD_01773,CUST_0899,3,Delivery was acceptable.
REV_01774,ORD_01774,CUST_0503,4,Very good service and tasty food.
REV_01775,ORD_01775,CUST_0708,3,Food was okay but delivery took some time.
REV_01776,ORD_01776,CUST_0809,2,Order was delayed and food was not hot.
REV_01777,ORD_01777,CUST_0677,5,"Amazing experience, food arrived hot."
REV_01778,ORD_01778,CUST_0819,2,Very slow delivery and poor experience.
REV_01779,ORD_01779,CUST_0271,4,Food was delicious and delivery was fast.
REV_01780,ORD_01780,CUST_0520,2,Very slow delivery and poor experience.
REV_01781,ORD_01781,CUST_0550,4,Food was delicious and delivery was fast.
REV_01782,ORD_01782,CUST_0114,3,Food was decent but could be better.
REV_01783,ORD_01783,CUST_0339,3,Average experience.
REV_01784,ORD_01784,CUST_0568,5,Food was delicious and delivery was fast.
REV_01785,ORD_01785,CUST_0943,3,The experience was okay.
REV_01786,ORD_01786,CUST_0986,3,Food was decent but could be better.
REV_01787,ORD_01787,CUST_0359,2,Food arrived late.
REV_01788,ORD_01788,CUST_0650,5,Food was delicious and delivery was fast.
REV_01789,ORD_01789,CUST_0614,3,Food was decent but could be better.
REV_01790,ORD_01790,CUST_0334,4,Loved the food and quick delivery.
REV_01791,ORD_01791,CUST_0689,1,Very slow delivery and poor experience.
REV_01792,ORD_01792,CUST_0169,2,Food arrived late.
REV_01793,ORD_01793,CUST_0339,3,Delivery was acceptable.
REV_01794,ORD_01794,CUST_0798,2,Order was delayed and food was not hot.
REV_01795,ORD_01795,CUST_0261,4,Great food and excellent service.
REV_01796,ORD_01796,CUST_0887,3,Average experience.
REV_01797,ORD_01797,CUST_0735,4,Food was delicious and delivery was fast.
REV_01798,ORD_01798,CUST_0199,3,Delivery was acceptable.
REV_01799,ORD_01799,CUST_0211,3,Food was okay but delivery took some time.
REV_01800,ORD_01800,CUST_0287,4,"Amazing experience, food arrived hot."
REV_01801,ORD_01801,CUST_0692,3,Average experience.
REV_01802,ORD_01802,CUST_0762,3,Food was okay but delivery took some time.
REV_01803,ORD_01803,CUST_0743,4,Great food and excellent service.
REV_01804,ORD_01804,CUST_0472,3,Food was okay but delivery took some time.
REV_01805,ORD_01805,CUST_0482,3,Food was decent but could be better.
REV_01806,ORD_01806,CUST_0023,3,Food was decent but could be better.
REV_01807,ORD_01807,CUST_0560,4,Loved the food and quick delivery.
REV_01808,ORD_01808,CUST_0109,2,Order was delayed and food was not hot.
REV_01809,ORD_01809,CUST_0296,3,The experience was okay.
REV_01810,ORD_01810,CUST_0006,3,Delivery was acceptable.
REV_01811,ORD_01811,CUST_0550,3,Food was decent but could be better.
REV_01812,ORD_01812,CUST_0681,1,Delivery was very late and food was cold.
REV_01813,ORD_01813,CUST_0868,4,Great food and excellent service.
REV_01814,ORD_01814,CUST_0795,2,Very slow delivery and poor experience.
REV_01815,ORD_01815,CUST_0203,4,"Amazing experience, food arrived hot."
REV_01816,ORD_01816,CUST_0325,3,Food was okay but delivery took some time.
REV_01817,ORD_01817,CUST_0825,4,"Amazing experience, food arrived hot."
REV_01818,ORD_01818,CUST_0785,2,Very slow delivery and poor experience.
REV_01819,ORD_01819,CUST_0244,2,Delivery was very late and food was cold.
REV_01820,ORD_01820,CUST_0327,3,Food was decent but could be better.
REV_01821,ORD_01821,CUST_0987,4,Very good service and tasty food.
REV_01822,ORD_01822,CUST_0047,3,Delivery was acceptable.
REV_01823,ORD_01823,CUST_0761,1,Order was delayed and food was not hot.
REV_01824,ORD_01824,CUST_0591,2,Order was delayed and food was not hot.
REV_01825,ORD_01825,CUST_0622,3,Food was decent but could be better.
REV_01826,ORD_01826,CUST_0013,3,Average experience.
REV_01827,ORD_01827,CUST_0907,3,Delivery was acceptable.
REV_01828,ORD_01828,CUST_0380,4,Very good service and tasty food.
REV_01829,ORD_01829,CUST_0365,3,Food was decent but could be better.
REV_01830,ORD_01830,CUST_0602,4,Loved the food and quick delivery.
REV_01831,ORD_01831,CUST_0342,3,Food was decent but could be better.
REV_01832,ORD_01832,CUST_0860,4,Food was delicious and delivery was fast.
REV_01833,ORD_01833,CUST_0792,4,Very good service and tasty food.
REV_01834,ORD_01834,CUST_0221,2,Delivery was very late and food was cold.
REV_01835,ORD_01835,CUST_0073,3,Delivery was acceptable.
REV_01836,ORD_01836,CUST_0746,1,The delivery took too long.
REV_01837,ORD_01837,CUST_0772,3,Average experience.
REV_01838,ORD_01838,CUST_0625,3,The experience was okay.
REV_01839,ORD_01839,CUST_0046,3,Food was decent but could be better.
REV_01840,ORD_01840,CUST_0504,2,Very slow delivery and poor experience.
REV_01841,ORD_01841,CUST_0274,4,Food was delicious and delivery was fast.
REV_01842,ORD_01842,CUST_0555,2,Delivery was very late and food was cold.
REV_01843,ORD_01843,CUST_0208,3,Food was decent but could be better.
REV_01844,ORD_01844,CUST_0929,3,Food was decent but could be better.
REV_01845,ORD_01845,CUST_0861,2,Very slow delivery and poor experience.
REV_01846,ORD_01846,CUST_0615,4,Very good service and tasty food.
REV_01847,ORD_01847,CUST_0124,4,Loved the food and quick delivery.
REV_01848,ORD_01848,CUST_0010,2,Order was delayed and food was not hot.
REV_01849,ORD_01849,CUST_0329,3,Average experience.
REV_01850,ORD_01850,CUST_0187,3,Delivery was acceptable.
REV_01851,ORD_01851,CUST_0543,2,Very slow delivery and poor experience.
REV_01852,ORD_01852,CUST_0668,4,Very good service and tasty food.
REV_01853,ORD_01853,CUST_0060,3,Food was okay but delivery took some time.
REV_01854,ORD_01854,CUST_0761,4,"Amazing experience, food arrived hot."
REV_01855,ORD_01855,CUST_0899,2,The delivery took too long.
REV_01856,ORD_01856,CUST_0886,4,Very good service and tasty food.
REV_01857,ORD_01857,CUST_0951,4,"Amazing experience, food arrived hot."
REV_01858,ORD_01858,CUST_0782,3,Food was okay but delivery took some time.
REV_01859,ORD_01859,CUST_0442,3,Food was okay but delivery took some time.
REV_01860,ORD_01860,CUST_0217,5,Very good service and tasty food.
REV_01861,ORD_01861,CUST_0911,4,"Amazing experience, food arrived hot."
REV_01862,ORD_01862,CUST_0002,5,Loved the food and quick delivery.
REV_01863,ORD_01863,CUST_0536,3,Average experience.
REV_01864,ORD_01864,CUST_0718,3,Food was okay but delivery took some time.
REV_01865,ORD_01865,CUST_0832,3,Average experience.
REV_01866,ORD_01866,CUST_0711,2,The delivery took too long.
REV_01867,ORD_01867,CUST_0356,3,Delivery was acceptable.
REV_01868,ORD_01868,CUST_0626,3,Food was okay but delivery took some time.
REV_01869,ORD_01869,CUST_0792,2,Food arrived late.
REV_01870,ORD_01870,CUST_0667,4,Food was delicious and delivery was fast.
REV_01871,ORD_01871,CUST_0165,3,Average experience.
REV_01872,ORD_01872,CUST_0998,3,Food was decent but could be better.
REV_01873,ORD_01873,CUST_0734,4,"Amazing experience, food arrived hot."
REV_01874,ORD_01874,CUST_0091,4,Very good service and tasty food.
REV_01875,ORD_01875,CUST_0167,3,The experience was okay.
REV_01876,ORD_01876,CUST_0959,4,Food was delicious and delivery was fast.
REV_01877,ORD_01877,CUST_0207,4,Loved the food and quick delivery.
REV_01878,ORD_01878,CUST_0282,2,Food arrived late.
REV_01879,ORD_01879,CUST_0065,4,Very good service and tasty food.
REV_01880,ORD_01880,CUST_0888,1,Very slow delivery and poor experience.
REV_01881,ORD_01881,CUST_0516,3,Food was decent but could be better.
REV_01882,ORD_01882,CUST_0157,5,Very good service and tasty food.
REV_01883,ORD_01883,CUST_0761,3,Food was okay but delivery took some time.
REV_01884,ORD_01884,CUST_0769,3,The experience was okay.
REV_01885,ORD_01885,CUST_0747,4,Great food and excellent service.
REV_01886,ORD_01886,CUST_0306,3,The experience was okay.
REV_01887,ORD_01887,CUST_0878,4,"Amazing experience, food arrived hot."
REV_01888,ORD_01888,CUST_0982,3,Delivery was acceptable.
REV_01889,ORD_01889,CUST_0395,4,"Amazing experience, food arrived hot."
REV_01890,ORD_01890,CUST_0074,3,Food was decent but could be better.
REV_01891,ORD_01891,CUST_0187,3,Average experience.
REV_01892,ORD_01892,CUST_0574,4,Food was delicious and delivery was fast.
REV_01893,ORD_01893,CUST_0337,2,Delivery was very late and food was cold.
REV_01894,ORD_01894,CUST_0676,2,Food arrived late.
REV_01895,ORD_01895,CUST_0568,3,Delivery was acceptable.
REV_01896,ORD_01896,CUST_0623,3,The experience was okay.
REV_01897,ORD_01897,CUST_0730,4,Very good service and tasty food.
REV_01898,ORD_01898,CUST_0240,4,Loved the food and quick delivery.
REV_01899,ORD_01899,CUST_0533,2,Delivery was very late and food was cold.
REV_01900,ORD_01900,CUST_0141,5,"Amazing experience, food arrived hot."
REV_01901,ORD_01901,CUST_0265,4,"Amazing experience, food arrived hot."
REV_01902,ORD_01902,CUST_0139,3,Delivery was acceptable.
REV_01903,ORD_01903,CUST_0459,3,Average experience.
REV_01904,ORD_01904,CUST_0070,3,The experience was okay.
REV_01905,ORD_01905,CUST_0385,5,"Amazing experience, food arrived hot."
REV_01906,ORD_01906,CUST_0630,3,Delivery was acceptable.
REV_01907,ORD_01907,CUST_0198,4,Great food and excellent service.
REV_01908,ORD_01908,CUST_0205,3,Food was okay but delivery took some time.
REV_01909,ORD_01909,CUST_0726,2,Food arrived late.
REV_01910,ORD_01910,CUST_0568,4,Food was delicious and delivery was fast.
REV_01911,ORD_01911,CUST_0799,2,Order was delayed and food was not hot.
REV_01912,ORD_01912,CUST_0982,4,Great food and excellent service.
REV_01913,ORD_01913,CUST_0805,3,Delivery was acceptable.
REV_01914,ORD_01914,CUST_0687,1,Delivery was very late and food was cold.
REV_01915,ORD_01915,CUST_0859,4,"Amazing experience, food arrived hot."
REV_01916,ORD_01916,CUST_0882,3,Food was decent but could be better.
REV_01917,ORD_01917,CUST_0974,1,Delivery was very late and food was cold.
REV_01918,ORD_01918,CUST_0640,3,The experience was okay.
REV_01919,ORD_01919,CUST_0431,5,Loved the food and quick delivery.
REV_01920,ORD_01920,CUST_0890,4,"Amazing experience, food arrived hot."
REV_01921,ORD_01921,CUST_0325,2,Very slow delivery and poor experience.
REV_01922,ORD_01922,CUST_0442,3,Average experience.
REV_01923,ORD_01923,CUST_0804,3,Average experience.
REV_01924,ORD_01924,CUST_0288,4,"Amazing experience, food arrived hot."
REV_01925,ORD_01925,CUST_0226,3,The experience was okay.
REV_01926,ORD_01926,CUST_0064,3,Average experience.
REV_01927,ORD_01927,CUST_0967,3,Food was okay but delivery took some time.
REV_01928,ORD_01928,CUST_0938,1,Food arrived late.
REV_01929,ORD_01929,CUST_0560,3,Average experience.
REV_01930,ORD_01930,CUST_0714,4,Great food and excellent service.
REV_01931,ORD_01931,CUST_0498,3,Delivery was acceptable.
REV_01932,ORD_01932,CUST_0849,2,Delivery was very late and food was cold.
REV_01933,ORD_01933,CUST_0926,5,"Amazing experience, food arrived hot."
REV_01934,ORD_01934,CUST_0917,5,Loved the food and quick delivery.
REV_01935,ORD_01935,CUST_0060,2,The delivery took too long.
REV_01936,ORD_01936,CUST_0397,4,"Amazing experience, food arrived hot."
REV_01937,ORD_01937,CUST_0257,2,Order was delayed and food was not hot.
REV_01938,ORD_01938,CUST_0577,3,The experience was okay.
REV_01939,ORD_01939,CUST_0239,4,Great food and excellent service.
REV_01940,ORD_01940,CUST_0801,2,The delivery took too long.
REV_01941,ORD_01941,CUST_0038,2,Delivery was very late and food was cold.
REV_01942,ORD_01942,CUST_0025,4,Food was delicious and delivery was fast.
REV_01943,ORD_01943,CUST_0410,2,Very slow delivery and poor experience.
REV_01944,ORD_01944,CUST_0461,3,Delivery was acceptable.
REV_01945,ORD_01945,CUST_0571,3,Delivery was acceptable.
REV_01946,ORD_01946,CUST_0988,4,Loved the food and quick delivery.
REV_01947,ORD_01947,CUST_0417,3,Delivery was acceptable.
REV_01948,ORD_01948,CUST_0357,2,Order was delayed and food was not hot.
REV_01949,ORD_01949,CUST_0383,3,The experience was okay.
REV_01950,ORD_01950,CUST_0809,3,Food was okay but delivery took some time.
REV_01951,ORD_01951,CUST_0158,4,Great food and excellent service.
REV_01952,ORD_01952,CUST_0569,5,"Amazing experience, food arrived hot."
REV_01953,ORD_01953,CUST_0433,4,Food was delicious and delivery was fast.
REV_01954,ORD_01954,CUST_0048,3,Delivery was acceptable.
REV_01955,ORD_01955,CUST_0328,4,Very good service and tasty food.
REV_01956,ORD_01956,CUST_0433,2,The delivery took too long.
REV_01957,ORD_01957,CUST_0431,4,"Amazing experience, food arrived hot."
REV_01958,ORD_01958,CUST_0056,3,Average experience.
REV_01959,ORD_01959,CUST_0577,3,The experience was okay.
REV_01960,ORD_01960,CUST_0268,3,The experience was okay.
REV_01961,ORD_01961,CUST_0069,4,Great food and excellent service.
REV_01962,ORD_01962,CUST_0728,4,Great food and excellent service.
REV_01963,ORD_01963,CUST_0902,4,Very good service and tasty food.
REV_01964,ORD_01964,CUST_0601,3,The experience was okay.
REV_01965,ORD_01965,CUST_0449,4,Food was delicious and delivery was fast.
REV_01966,ORD_01966,CUST_0793,2,Delivery was very late and food was cold.
REV_01967,ORD_01967,CUST_0257,2,The delivery took too long.
REV_01968,ORD_01968,CUST_0672,3,Average experience.
REV_01969,ORD_01969,CUST_0490,3,Food was decent but could be better.
REV_01970,ORD_01970,CUST_0746,3,Average experience.
REV_01971,ORD_01971,CUST_0643,3,Average experience.
REV_01972,ORD_01972,CUST_0049,5,"Amazing experience, food arrived hot."
REV_01973,ORD_01973,CUST_0659,4,Great food and excellent service.
REV_01974,ORD_01974,CUST_0316,5,"Amazing experience, food arrived hot."
REV_01975,ORD_01975,CUST_0413,4,Loved the food and quick delivery.
REV_01976,ORD_01976,CUST_0434,5,"Amazing experience, food arrived hot."
REV_01977,ORD_01977,CUST_0002,4,Food was delicious and delivery was fast.
REV_01978,ORD_01978,CUST_0841,3,Food was decent but could be better.
REV_01979,ORD_01979,CUST_0952,5,Great food and excellent service.
REV_01980,ORD_01980,CUST_0145,3,The experience was okay.
REV_01981,ORD_01981,CUST_0956,3,Food was decent but could be better.
REV_01982,ORD_01982,CUST_0366,4,Great food and excellent service.
REV_01983,ORD_01983,CUST_0420,3,Food was decent but could be better.
REV_01984,ORD_01984,CUST_0573,3,The experience was okay.
REV_01985,ORD_01985,CUST_0785,2,The delivery took too long.
REV_01986,ORD_01986,CUST_0561,5,Food was delicious and delivery was fast.
REV_01987,ORD_01987,CUST_0844,4,Loved the food and quick delivery.
REV_01988,ORD_01988,CUST_0444,2,Food arrived late.
REV_01989,ORD_01989,CUST_0916,3,The experience was okay.
REV_01990,ORD_01990,CUST_0434,3,The experience was okay.
REV_01991,ORD_01991,CUST_0643,3,Average experience.
REV_01992,ORD_01992,CUST_0555,3,Average experience.
REV_01993,ORD_01993,CUST_0057,4,Loved the food and quick delivery.
REV_01994,ORD_01994,CUST_0562,3,The experience was okay.
REV_01995,ORD_01995,CUST_0964,2,Very slow delivery and poor experience.
REV_01996,ORD_01996,CUST_0977,4,Loved the food and quick delivery.
REV_01997,ORD_01997,CUST_0178,2,Delivery was very late and food was cold.
REV_01998,ORD_01998,CUST_0293,3,Food was okay but delivery took some time.
REV_01999,ORD_01999,CUST_0046,3,Food was okay but delivery took some time.
REV_02000,ORD_02000,CUST_0170,2,Delivery was very late and food was cold.
REV_02001,ORD_02001,CUST_0271,3,The experience was okay.
REV_02002,ORD_02002,CUST_0417,4,"Amazing experience, food arrived hot."
REV_02003,ORD_02003,CUST_0848,3,Average experience.
REV_02004,ORD_02004,CUST_0139,4,Loved the food and quick delivery.
REV_02005,ORD_02005,CUST_0247,4,Very good service and tasty food.
REV_02006,ORD_02006,CUST_0148,3,The experience was okay.
REV_02007,ORD_02007,CUST_0230,5,Food was delicious and delivery was fast.
REV_02008,ORD_02008,CUST_0792,3,Delivery was acceptable.
REV_02009,ORD_02009,CUST_0637,4,Loved the food and quick delivery.
REV_02010,ORD_02010,CUST_0704,4,"Amazing experience, food arrived hot."
REV_02011,ORD_02011,CUST_0374,3,Food was decent but could be better.
REV_02012,ORD_02012,CUST_0080,3,Delivery was acceptable.
REV_02013,ORD_02013,CUST_0606,3,Average experience.
REV_02014,ORD_02014,CUST_0738,2,Order was delayed and food was not hot.
REV_02015,ORD_02015,CUST_0065,4,"Amazing experience, food arrived hot."
REV_02016,ORD_02016,CUST_0088,2,Order was delayed and food was not hot.
REV_02017,ORD_02017,CUST_0088,4,Food was delicious and delivery was fast.
REV_02018,ORD_02018,CUST_0713,4,Food was delicious and delivery was fast.
REV_02019,ORD_02019,CUST_0726,3,Average experience.
REV_02020,ORD_02020,CUST_0204,3,Delivery was acceptable.
REV_02021,ORD_02021,CUST_0913,2,Order was delayed and food was not hot.
REV_02022,ORD_02022,CUST_0382,4,Very good service and tasty food.
REV_02023,ORD_02023,CUST_0601,3,Delivery was acceptable.
REV_02024,ORD_02024,CUST_0476,3,Average experience.
REV_02025,ORD_02025,CUST_0573,3,Food was decent but could be better.
REV_02026,ORD_02026,CUST_0783,5,Loved the food and quick delivery.
REV_02027,ORD_02027,CUST_0606,3,Average experience.
REV_02028,ORD_02028,CUST_0819,3,Food was decent but could be better.
REV_02029,ORD_02029,CUST_0539,1,Very slow delivery and poor experience.
REV_02030,ORD_02030,CUST_0214,4,"Amazing experience, food arrived hot."
REV_02031,ORD_02031,CUST_0074,4,Very good service and tasty food.
REV_02032,ORD_02032,CUST_0061,3,Average experience.
REV_02033,ORD_02033,CUST_0698,3,Food was decent but could be better.
REV_02034,ORD_02034,CUST_0543,4,Loved the food and quick delivery.
REV_02035,ORD_02035,CUST_0219,3,The experience was okay.
REV_02036,ORD_02036,CUST_0012,3,Food was okay but delivery took some time.
REV_02037,ORD_02037,CUST_0814,3,Food was decent but could be better.
REV_02038,ORD_02038,CUST_0415,4,Great food and excellent service.
REV_02039,ORD_02039,CUST_0032,2,Order was delayed and food was not hot.
REV_02040,ORD_02040,CUST_0160,3,Food was okay but delivery took some time.
REV_02041,ORD_02041,CUST_0237,3,Food was decent but could be better.
REV_02042,ORD_02042,CUST_0739,3,Delivery was acceptable.
REV_02043,ORD_02043,CUST_0181,3,Average experience.
REV_02044,ORD_02044,CUST_0829,2,Food arrived late.
REV_02045,ORD_02045,CUST_0558,5,Food was delicious and delivery was fast.
REV_02046,ORD_02046,CUST_0341,4,Food was delicious and delivery was fast.
REV_02047,ORD_02047,CUST_0458,3,Food was decent but could be better.
REV_02048,ORD_02048,CUST_0080,2,Order was delayed and food was not hot.
REV_02049,ORD_02049,CUST_0647,3,The experience was okay.
REV_02050,ORD_02050,CUST_0772,2,Order was delayed and food was not hot.
REV_02051,ORD_02051,CUST_0987,2,Food arrived late.
REV_02052,ORD_02052,CUST_0820,4,Great food and excellent service.
REV_02053,ORD_02053,CUST_0759,2,Very slow delivery and poor experience.
REV_02054,ORD_02054,CUST_0473,3,The experience was okay.
REV_02055,ORD_02055,CUST_0671,4,"Amazing experience, food arrived hot."
REV_02056,ORD_02056,CUST_0715,3,Average experience.
REV_02057,ORD_02057,CUST_0112,4,Great food and excellent service.
REV_02058,ORD_02058,CUST_0980,2,Order was delayed and food was not hot.
REV_02059,ORD_02059,CUST_0292,2,The delivery took too long.
REV_02060,ORD_02060,CUST_0950,2,Order was delayed and food was not hot.
REV_02061,ORD_02061,CUST_0822,2,Order was delayed and food was not hot.
REV_02062,ORD_02062,CUST_0631,5,"Amazing experience, food arrived hot."
REV_02063,ORD_02063,CUST_0383,3,Delivery was acceptable.
REV_02064,ORD_02064,CUST_0017,4,Food was delicious and delivery was fast.
REV_02065,ORD_02065,CUST_0493,5,Food was delicious and delivery was fast.
REV_02066,ORD_02066,CUST_0331,2,Order was delayed and food was not hot.
REV_02067,ORD_02067,CUST_0926,3,The experience was okay.
REV_02068,ORD_02068,CUST_0739,3,Delivery was acceptable.
REV_02069,ORD_02069,CUST_0873,4,Great food and excellent service.
REV_02070,ORD_02070,CUST_0486,3,Average experience.
REV_02071,ORD_02071,CUST_0406,2,The delivery took too long.
REV_02072,ORD_02072,CUST_0117,2,Very slow delivery and poor experience.
REV_02073,ORD_02073,CUST_0555,4,Food was delicious and delivery was fast.
REV_02074,ORD_02074,CUST_0880,4,Food was delicious and delivery was fast.
REV_02075,ORD_02075,CUST_0115,1,Very slow delivery and poor experience.
REV_02076,ORD_02076,CUST_0795,3,Delivery was acceptable.
REV_02077,ORD_02077,CUST_0549,3,The experience was okay.
REV_02078,ORD_02078,CUST_0814,2,Order was delayed and food was not hot.
REV_02079,ORD_02079,CUST_0625,3,Food was decent but could be better.
REV_02080,ORD_02080,CUST_0547,3,The experience was okay.
REV_02081,ORD_02081,CUST_0644,4,Food was delicious and delivery was fast.
REV_02082,ORD_02082,CUST_0336,4,Food was delicious and delivery was fast.
REV_02083,ORD_02083,CUST_0336,3,Delivery was acceptable.
REV_02084,ORD_02084,CUST_0981,4,Great food and excellent service.
REV_02085,ORD_02085,CUST_0922,3,Food was decent but could be better.
REV_02086,ORD_02086,CUST_0889,3,Food was decent but could be better.
REV_02087,ORD_02087,CUST_0740,3,Delivery was acceptable.
REV_02088,ORD_02088,CUST_0147,3,Food was decent but could be better.
REV_02089,ORD_02089,CUST_0122,3,Food was okay but delivery took some time.
REV_02090,ORD_02090,CUST_0081,4,Very good service and tasty food.
REV_02091,ORD_02091,CUST_0685,2,Delivery was very late and food was cold.
REV_02092,ORD_02092,CUST_0666,3,The experience was okay.
REV_02093,ORD_02093,CUST_0662,3,The experience was okay.
REV_02094,ORD_02094,CUST_0375,4,Great food and excellent service.
REV_02095,ORD_02095,CUST_0570,1,Very slow delivery and poor experience.
REV_02096,ORD_02096,CUST_0063,5,Loved the food and quick delivery.
REV_02097,ORD_02097,CUST_0504,3,Food was decent but could be better.
REV_02098,ORD_02098,CUST_0668,5,Food was delicious and delivery was fast.
REV_02099,ORD_02099,CUST_0449,2,Order was delayed and food was not hot.
REV_02100,ORD_02100,CUST_0428,2,The delivery took too long.
REV_02101,ORD_02101,CUST_0868,2,Order was delayed and food was not hot.
REV_02102,ORD_02102,CUST_0427,5,Loved the food and quick delivery.
REV_02103,ORD_02103,CUST_0421,4,"Amazing experience, food arrived hot."
REV_02104,ORD_02104,CUST_0322,3,The experience was okay.
REV_02105,ORD_02105,CUST_0913,3,The experience was okay.
REV_02106,ORD_02106,CUST_0680,5,Food was delicious and delivery was fast.
REV_02107,ORD_02107,CUST_0166,2,Food arrived late.
REV_02108,ORD_02108,CUST_0597,4,Food was delicious and delivery was fast.
REV_02109,ORD_02109,CUST_0957,3,Delivery was acceptable.
REV_02110,ORD_02110,CUST_0649,3,Food was decent but could be better.
REV_02111,ORD_02111,CUST_0461,1,Very slow delivery and poor experience.
REV_02112,ORD_02112,CUST_0459,2,The delivery took too long.
REV_02113,ORD_02113,CUST_0189,4,"Amazing experience, food arrived hot."
REV_02114,ORD_02114,CUST_0464,4,Great food and excellent service.
REV_02115,ORD_02115,CUST_0912,3,Average experience.
REV_02116,ORD_02116,CUST_0379,3,The experience was okay.
REV_02117,ORD_02117,CUST_0002,2,The delivery took too long.
REV_02118,ORD_02118,CUST_0618,4,Very good service and tasty food.
REV_02119,ORD_02119,CUST_0364,2,The delivery took too long.
REV_02120,ORD_02120,CUST_0072,3,Food was okay but delivery took some time.
REV_02121,ORD_02121,CUST_0427,1,Delivery was very late and food was cold.
REV_02122,ORD_02122,CUST_0638,3,Food was okay but delivery took some time.
REV_02123,ORD_02123,CUST_0170,2,Food arrived late.
REV_02124,ORD_02124,CUST_0205,3,Food was decent but could be better.
REV_02125,ORD_02125,CUST_0825,1,Order was delayed and food was not hot.
REV_02126,ORD_02126,CUST_0337,4,Loved the food and quick delivery.
REV_02127,ORD_02127,CUST_0999,2,Order was delayed and food was not hot.
REV_02128,ORD_02128,CUST_0472,3,Average experience.
REV_02129,ORD_02129,CUST_0195,3,The experience was okay.
REV_02130,ORD_02130,CUST_0670,3,The experience was okay.
REV_02131,ORD_02131,CUST_0653,3,Average experience.
REV_02132,ORD_02132,CUST_0275,3,Food was decent but could be better.
REV_02133,ORD_02133,CUST_0007,2,The delivery took too long.
REV_02134,ORD_02134,CUST_0905,3,Food was decent but could be better.
REV_02135,ORD_02135,CUST_0979,3,Average experience.
REV_02136,ORD_02136,CUST_0566,3,Delivery was acceptable.
REV_02137,ORD_02137,CUST_0616,4,Loved the food and quick delivery.
REV_02138,ORD_02138,CUST_0854,2,Very slow delivery and poor experience.
REV_02139,ORD_02139,CUST_0850,3,The experience was okay.
REV_02140,ORD_02140,CUST_0573,4,"Amazing experience, food arrived hot."
REV_02141,ORD_02141,CUST_0599,4,Loved the food and quick delivery.
REV_02142,ORD_02142,CUST_0770,5,Loved the food and quick delivery.
REV_02143,ORD_02143,CUST_0178,4,Loved the food and quick delivery.
REV_02144,ORD_02144,CUST_0242,3,Delivery was acceptable.
REV_02145,ORD_02145,CUST_0203,3,The experience was okay.
REV_02146,ORD_02146,CUST_0543,3,Food was decent but could be better.
REV_02147,ORD_02147,CUST_0801,5,Very good service and tasty food.
REV_02148,ORD_02148,CUST_0462,3,Food was okay but delivery took some time.
REV_02149,ORD_02149,CUST_0080,2,Very slow delivery and poor experience.
REV_02150,ORD_02150,CUST_0523,4,"Amazing experience, food arrived hot."
REV_02151,ORD_02151,CUST_0417,3,Food was okay but delivery took some time.
REV_02152,ORD_02152,CUST_0766,5,Very good service and tasty food.
REV_02153,ORD_02153,CUST_0384,3,The experience was okay.
REV_02154,ORD_02154,CUST_0391,2,Very slow delivery and poor experience.
REV_02155,ORD_02155,CUST_0896,2,Delivery was very late and food was cold.
REV_02156,ORD_02156,CUST_0799,4,Loved the food and quick delivery.
REV_02157,ORD_02157,CUST_0688,2,Order was delayed and food was not hot.
REV_02158,ORD_02158,CUST_0126,2,Very slow delivery and poor experience.
REV_02159,ORD_02159,CUST_0494,4,Loved the food and quick delivery.
REV_02160,ORD_02160,CUST_0047,4,Loved the food and quick delivery.
REV_02161,ORD_02161,CUST_0718,3,Average experience.
REV_02162,ORD_02162,CUST_0476,4,Food was delicious and delivery was fast.
REV_02163,ORD_02163,CUST_0949,4,Loved the food and quick delivery.
REV_02164,ORD_02164,CUST_0619,3,Delivery was acceptable.
REV_02165,ORD_02165,CUST_0464,5,Great food and excellent service.
REV_02166,ORD_02166,CUST_0787,3,The experience was okay.
REV_02167,ORD_02167,CUST_0849,2,The delivery took too long.
REV_02168,ORD_02168,CUST_0123,3,Delivery was acceptable.
REV_02169,ORD_02169,CUST_0474,3,Average experience.
REV_02170,ORD_02170,CUST_0134,3,Average experience.
REV_02171,ORD_02171,CUST_0619,4,Food was delicious and delivery was fast.
REV_02172,ORD_02172,CUST_0817,4,Loved the food and quick delivery.
REV_02173,ORD_02173,CUST_0841,3,Food was okay but delivery took some time.
REV_02174,ORD_02174,CUST_0562,2,Food arrived late.
REV_02175,ORD_02175,CUST_0849,2,Delivery was very late and food was cold.
REV_02176,ORD_02176,CUST_0607,3,Delivery was acceptable.
REV_02177,ORD_02177,CUST_0780,4,"Amazing experience, food arrived hot."
REV_02178,ORD_02178,CUST_0023,3,Delivery was acceptable.
REV_02179,ORD_02179,CUST_0566,4,Great food and excellent service.
REV_02180,ORD_02180,CUST_0886,3,Delivery was acceptable.
REV_02181,ORD_02181,CUST_0766,3,Average experience.
REV_02182,ORD_02182,CUST_0965,3,Delivery was acceptable.
REV_02183,ORD_02183,CUST_0235,2,The delivery took too long.
REV_02184,ORD_02184,CUST_0996,4,Loved the food and quick delivery.
REV_02185,ORD_02185,CUST_0059,3,Delivery was acceptable.
REV_02186,ORD_02186,CUST_0164,3,Food was okay but delivery took some time.
REV_02187,ORD_02187,CUST_0771,4,Great food and excellent service.
REV_02188,ORD_02188,CUST_0826,3,The experience was okay.
REV_02189,ORD_02189,CUST_0216,4,Great food and excellent service.
REV_02190,ORD_02190,CUST_0183,3,The experience was okay.
REV_02191,ORD_02191,CUST_0569,2,Very slow delivery and poor experience.
REV_02192,ORD_02192,CUST_0657,4,Very good service and tasty food.
REV_02193,ORD_02193,CUST_0935,3,The experience was okay.
REV_02194,ORD_02194,CUST_0090,3,Delivery was acceptable.
REV_02195,ORD_02195,CUST_0964,4,"Amazing experience, food arrived hot."
REV_02196,ORD_02196,CUST_0311,2,Food arrived late.
REV_02197,ORD_02197,CUST_0557,4,Very good service and tasty food.
REV_02198,ORD_02198,CUST_0972,2,The delivery took too long.
REV_02199,ORD_02199,CUST_0257,4,"Amazing experience, food arrived hot."
REV_02200,ORD_02200,CUST_0533,3,The experience was okay.
REV_02201,ORD_02201,CUST_0979,4,"Amazing experience, food arrived hot."
REV_02202,ORD_02202,CUST_0533,3,Food was decent but could be better.
REV_02203,ORD_02203,CUST_0052,3,The experience was okay.
REV_02204,ORD_02204,CUST_0338,3,Delivery was acceptable.
REV_02205,ORD_02205,CUST_0171,3,Average experience.
REV_02206,ORD_02206,CUST_0948,4,Great food and excellent service.
REV_02207,ORD_02207,CUST_0067,2,Very slow delivery and poor experience.
REV_02208,ORD_02208,CUST_0625,3,The experience was okay.
REV_02209,ORD_02209,CUST_0300,4,"Amazing experience, food arrived hot."
REV_02210,ORD_02210,CUST_0672,3,Average experience.
REV_02211,ORD_02211,CUST_0778,1,Very slow delivery and poor experience.
REV_02212,ORD_02212,CUST_0832,3,Food was decent but could be better.
REV_02213,ORD_02213,CUST_0232,4,Great food and excellent service.
REV_02214,ORD_02214,CUST_0975,2,Order was delayed and food was not hot.
REV_02215,ORD_02215,CUST_0837,3,Food was decent but could be better.
REV_02216,ORD_02216,CUST_0068,5,Very good service and tasty food.
REV_02217,ORD_02217,CUST_0506,4,"Amazing experience, food arrived hot."
REV_02218,ORD_02218,CUST_0028,4,Loved the food and quick delivery.
REV_02219,ORD_02219,CUST_0949,3,Food was decent but could be better.
REV_02220,ORD_02220,CUST_0628,3,Food was decent but could be better.
REV_02221,ORD_02221,CUST_0051,2,Delivery was very late and food was cold.
REV_02222,ORD_02222,CUST_0693,2,The delivery took too long.
REV_02223,ORD_02223,CUST_0260,3,The experience was okay.
REV_02224,ORD_02224,CUST_0591,3,Delivery was acceptable.
REV_02225,ORD_02225,CUST_0785,2,Order was delayed and food was not hot.
REV_02226,ORD_02226,CUST_0620,3,Food was decent but could be better.
REV_02227,ORD_02227,CUST_0963,4,Great food and excellent service.
REV_02228,ORD_02228,CUST_0586,4,"Amazing experience, food arrived hot."
REV_02229,ORD_02229,CUST_0687,2,Delivery was very late and food was cold.
REV_02230,ORD_02230,CUST_0184,2,Very slow delivery and poor experience.
REV_02231,ORD_02231,CUST_0023,3,Food was okay but delivery took some time.
REV_02232,ORD_02232,CUST_0786,1,Very slow delivery and poor experience.
REV_02233,ORD_02233,CUST_0129,2,Order was delayed and food was not hot.
REV_02234,ORD_02234,CUST_0291,3,Food was decent but could be better.
REV_02235,ORD_02235,CUST_0832,3,Delivery was acceptable.
REV_02236,ORD_02236,CUST_0501,3,Average experience.
REV_02237,ORD_02237,CUST_0186,4,Great food and excellent service.
REV_02238,ORD_02238,CUST_0479,2,The delivery took too long.
REV_02239,ORD_02239,CUST_0571,1,Very slow delivery and poor experience.
REV_02240,ORD_02240,CUST_0492,3,The experience was okay.
REV_02241,ORD_02241,CUST_0513,4,"Amazing experience, food arrived hot."
REV_02242,ORD_02242,CUST_0643,3,Average experience.
REV_02243,ORD_02243,CUST_0067,3,Food was okay but delivery took some time.
REV_02244,ORD_02244,CUST_0805,4,Loved the food and quick delivery.
REV_02245,ORD_02245,CUST_0467,4,Loved the food and quick delivery.
REV_02246,ORD_02246,CUST_0285,3,Average experience.
REV_02247,ORD_02247,CUST_0601,3,Average experience.
REV_02248,ORD_02248,CUST_0417,4,Food was delicious and delivery was fast.
REV_02249,ORD_02249,CUST_0100,3,The experience was okay.
REV_02250,ORD_02250,CUST_0189,2,Food arrived late.
REV_02251,ORD_02251,CUST_0989,5,Great food and excellent service.
REV_02252,ORD_02252,CUST_0890,5,Food was delicious and delivery was fast.
REV_02253,ORD_02253,CUST_0858,4,Food was delicious and delivery was fast.
REV_02254,ORD_02254,CUST_0388,2,Order was delayed and food was not hot.
REV_02255,ORD_02255,CUST_0241,3,Food was decent but could be better.
REV_02256,ORD_02256,CUST_0782,4,Very good service and tasty food.
REV_02257,ORD_02257,CUST_0731,5,Food was delicious and delivery was fast.
REV_02258,ORD_02258,CUST_0417,3,Average experience.
REV_02259,ORD_02259,CUST_0918,4,Food was delicious and delivery was fast.
REV_02260,ORD_02260,CUST_0176,4,Loved the food and quick delivery.
REV_02261,ORD_02261,CUST_0387,3,Average experience.
REV_02262,ORD_02262,CUST_0471,2,Order was delayed and food was not hot.
REV_02263,ORD_02263,CUST_0853,4,Very good service and tasty food.
REV_02264,ORD_02264,CUST_0233,3,Delivery was acceptable.
REV_02265,ORD_02265,CUST_0663,3,Average experience.
REV_02266,ORD_02266,CUST_0452,4,"Amazing experience, food arrived hot."
REV_02267,ORD_02267,CUST_0277,5,"Amazing experience, food arrived hot."
REV_02268,ORD_02268,CUST_0229,3,Food was decent but could be better.
REV_02269,ORD_02269,CUST_0171,2,Delivery was very late and food was cold.
REV_02270,ORD_02270,CUST_0735,3,Food was okay but delivery took some time.
REV_02271,ORD_02271,CUST_0213,4,Loved the food and quick delivery.
REV_02272,ORD_02272,CUST_0282,3,Average experience.
REV_02273,ORD_02273,CUST_0041,5,Loved the food and quick delivery.
REV_02274,ORD_02274,CUST_0122,5,Food was delicious and delivery was fast.
REV_02275,ORD_02275,CUST_0227,3,Average experience.
REV_02276,ORD_02276,CUST_0294,3,Delivery was acceptable.
REV_02277,ORD_02277,CUST_0600,4,Great food and excellent service.
REV_02278,ORD_02278,CUST_0267,3,Food was okay but delivery took some time.
REV_02279,ORD_02279,CUST_0541,3,Delivery was acceptable.
REV_02280,ORD_02280,CUST_0759,4,Very good service and tasty food.
REV_02281,ORD_02281,CUST_0828,2,Food arrived late.
REV_02282,ORD_02282,CUST_0451,4,"Amazing experience, food arrived hot."
REV_02283,ORD_02283,CUST_0449,2,Delivery was very late and food was cold.
REV_02284,ORD_02284,CUST_0756,3,Food was okay but delivery took some time.
REV_02285,ORD_02285,CUST_0061,4,"Amazing experience, food arrived hot."
REV_02286,ORD_02286,CUST_0502,3,The experience was okay.
REV_02287,ORD_02287,CUST_0147,4,Loved the food and quick delivery.
REV_02288,ORD_02288,CUST_0686,3,Food was okay but delivery took some time.
REV_02289,ORD_02289,CUST_0945,3,Food was decent but could be better.
REV_02290,ORD_02290,CUST_0790,3,Food was decent but could be better.
REV_02291,ORD_02291,CUST_0334,4,Very good service and tasty food.
REV_02292,ORD_02292,CUST_0881,4,Loved the food and quick delivery.
REV_02293,ORD_02293,CUST_0953,2,The delivery took too long.
REV_02294,ORD_02294,CUST_0891,4,Very good service and tasty food.
REV_02295,ORD_02295,CUST_0142,4,Great food and excellent service.
REV_02296,ORD_02296,CUST_0044,3,The experience was okay.
REV_02297,ORD_02297,CUST_0144,4,Very good service and tasty food.
REV_02298,ORD_02298,CUST_0865,3,Food was decent but could be better.
REV_02299,ORD_02299,CUST_0333,4,Great food and excellent service.
REV_02300,ORD_02300,CUST_0998,4,Food was delicious and delivery was fast.
REV_02301,ORD_02301,CUST_0497,2,Very slow delivery and poor experience.
REV_02302,ORD_02302,CUST_0396,2,Food arrived late.
REV_02303,ORD_02303,CUST_0055,3,Delivery was acceptable.
REV_02304,ORD_02304,CUST_0307,4,"Amazing experience, food arrived hot."
REV_02305,ORD_02305,CUST_0870,3,Average experience.
REV_02306,ORD_02306,CUST_0423,3,Food was okay but delivery took some time.
REV_02307,ORD_02307,CUST_0417,2,Very slow delivery and poor experience.
REV_02308,ORD_02308,CUST_0673,2,Very slow delivery and poor experience.
REV_02309,ORD_02309,CUST_0797,4,Loved the food and quick delivery.
REV_02310,ORD_02310,CUST_0325,4,Great food and excellent service.
REV_02311,ORD_02311,CUST_0710,4,Great food and excellent service.
REV_02312,ORD_02312,CUST_0671,5,Loved the food and quick delivery.
REV_02313,ORD_02313,CUST_0080,4,Very good service and tasty food.
REV_02314,ORD_02314,CUST_0031,5,Very good service and tasty food.
REV_02315,ORD_02315,CUST_0985,5,Loved the food and quick delivery.
REV_02316,ORD_02316,CUST_0112,4,"Amazing experience, food arrived hot."
REV_02317,ORD_02317,CUST_0558,3,Food was okay but delivery took some time.
REV_02318,ORD_02318,CUST_0865,2,Order was delayed and food was not hot.
REV_02319,ORD_02319,CUST_0717,4,Food was delicious and delivery was fast.
REV_02320,ORD_02320,CUST_0564,3,Average experience.
REV_02321,ORD_02321,CUST_0650,3,Average experience.
REV_02322,ORD_02322,CUST_0472,4,Very good service and tasty food.
REV_02323,ORD_02323,CUST_0074,3,Food was decent but could be better.
REV_02324,ORD_02324,CUST_0553,3,Average experience.
REV_02325,ORD_02325,CUST_0479,5,Food was delicious and delivery was fast.
REV_02326,ORD_02326,CUST_0589,4,"Amazing experience, food arrived hot."
REV_02327,ORD_02327,CUST_0387,4,Very good service and tasty food.
REV_02328,ORD_02328,CUST_0699,4,Great food and excellent service.
REV_02329,ORD_02329,CUST_0882,4,Very good service and tasty food.
REV_02330,ORD_02330,CUST_0564,4,"Amazing experience, food arrived hot."
REV_02331,ORD_02331,CUST_0930,4,"Amazing experience, food arrived hot."
REV_02332,ORD_02332,CUST_0433,3,Food was decent but could be better.
REV_02333,ORD_02333,CUST_0412,3,The experience was okay.
REV_02334,ORD_02334,CUST_0467,2,The delivery took too long.
REV_02335,ORD_02335,CUST_0599,1,Delivery was very late and food was cold.
REV_02336,ORD_02336,CUST_0621,4,"Amazing experience, food arrived hot."
REV_02337,ORD_02337,CUST_0992,4,"Amazing experience, food arrived hot."
REV_02338,ORD_02338,CUST_0909,3,Average experience.
REV_02339,ORD_02339,CUST_0737,2,Delivery was very late and food was cold.
REV_02340,ORD_02340,CUST_0994,2,Delivery was very late and food was cold.
REV_02341,ORD_02341,CUST_0993,3,Delivery was acceptable.
REV_02342,ORD_02342,CUST_0248,4,"Amazing experience, food arrived hot."
REV_02343,ORD_02343,CUST_0581,4,Great food and excellent service.
REV_02344,ORD_02344,CUST_0120,2,Order was delayed and food was not hot.
REV_02345,ORD_02345,CUST_0067,3,The experience was okay.
REV_02346,ORD_02346,CUST_0573,3,Food was decent but could be better.
REV_02347,ORD_02347,CUST_0956,2,Delivery was very late and food was cold.
REV_02348,ORD_02348,CUST_0327,5,"Amazing experience, food arrived hot."
REV_02349,ORD_02349,CUST_0920,3,Food was decent but could be better.
REV_02350,ORD_02350,CUST_0703,2,The delivery took too long.
REV_02351,ORD_02351,CUST_0470,1,Food arrived late.
REV_02352,ORD_02352,CUST_0493,4,Great food and excellent service.
REV_02353,ORD_02353,CUST_0701,3,Average experience.
REV_02354,ORD_02354,CUST_0663,2,Order was delayed and food was not hot.
REV_02355,ORD_02355,CUST_0286,1,Food arrived late.
REV_02356,ORD_02356,CUST_0956,3,Delivery was acceptable.
REV_02357,ORD_02357,CUST_0914,4,Loved the food and quick delivery.
REV_02358,ORD_02358,CUST_0608,3,Food was decent but could be better.
REV_02359,ORD_02359,CUST_0312,3,Delivery was acceptable.
REV_02360,ORD_02360,CUST_0309,4,Loved the food and quick delivery.
REV_02361,ORD_02361,CUST_0775,3,Delivery was acceptable.
REV_02362,ORD_02362,CUST_0097,2,The delivery took too long.
REV_02363,ORD_02363,CUST_0965,3,Average experience.
REV_02364,ORD_02364,CUST_0113,2,Food arrived late.
REV_02365,ORD_02365,CUST_0988,3,The experience was okay.
REV_02366,ORD_02366,CUST_0637,4,Food was delicious and delivery was fast.
REV_02367,ORD_02367,CUST_0456,1,The delivery took too long.
REV_02368,ORD_02368,CUST_0463,5,Very good service and tasty food.
REV_02369,ORD_02369,CUST_0948,3,The experience was okay.
REV_02370,ORD_02370,CUST_0132,3,Food was decent but could be better.
REV_02371,ORD_02371,CUST_0930,2,Delivery was very late and food was cold.
REV_02372,ORD_02372,CUST_0965,2,The delivery took too long.
REV_02373,ORD_02373,CUST_0929,5,Food was delicious and delivery was fast.
REV_02374,ORD_02374,CUST_0121,3,Food was okay but delivery took some time.
REV_02375,ORD_02375,CUST_0197,4,Loved the food and quick delivery.
REV_02376,ORD_02376,CUST_0806,4,Loved the food and quick delivery.
REV_02377,ORD_02377,CUST_0482,3,Average experience.
REV_02378,ORD_02378,CUST_0634,4,Loved the food and quick delivery.
REV_02379,ORD_02379,CUST_0794,3,The experience was okay.
REV_02380,ORD_02380,CUST_0897,3,Average experience.
REV_02381,ORD_02381,CUST_0772,3,Average experience.
REV_02382,ORD_02382,CUST_0039,3,Food was decent but could be better.
REV_02383,ORD_02383,CUST_0566,2,The delivery took too long.
REV_02384,ORD_02384,CUST_0512,4,Very good service and tasty food.
REV_02385,ORD_02385,CUST_0474,3,Food was okay but delivery took some time.
REV_02386,ORD_02386,CUST_0161,2,Food arrived late.
REV_02387,ORD_02387,CUST_0289,4,Loved the food and quick delivery.
REV_02388,ORD_02388,CUST_0200,3,Delivery was acceptable.
REV_02389,ORD_02389,CUST_0788,4,Food was delicious and delivery was fast.
REV_02390,ORD_02390,CUST_0528,3,The experience was okay.
REV_02391,ORD_02391,CUST_0917,3,Delivery was acceptable.
REV_02392,ORD_02392,CUST_0685,3,Food was okay but delivery took some time.
REV_02393,ORD_02393,CUST_0503,3,Delivery was acceptable.
REV_02394,ORD_02394,CUST_0248,3,Average experience.
REV_02395,ORD_02395,CUST_0383,2,The delivery took too long.
REV_02396,ORD_02396,CUST_0218,3,Delivery was acceptable.
REV_02397,ORD_02397,CUST_0087,3,Delivery was acceptable.
REV_02398,ORD_02398,CUST_0082,3,The experience was okay.
REV_02399,ORD_02399,CUST_0062,2,Delivery was very late and food was cold.
REV_02400,ORD_02400,CUST_0799,4,Loved the food and quick delivery.
REV_02401,ORD_02401,CUST_0500,3,Delivery was acceptable.
REV_02402,ORD_02402,CUST_0042,3,Food was decent but could be better.
REV_02403,ORD_02403,CUST_0012,3,Food was okay but delivery took some time.
REV_02404,ORD_02404,CUST_0833,4,Very good service and tasty food.
REV_02405,ORD_02405,CUST_0746,2,Very slow delivery and poor experience.
REV_02406,ORD_02406,CUST_0841,3,Food was okay but delivery took some time.
REV_02407,ORD_02407,CUST_0643,5,Great food and excellent service.
REV_02408,ORD_02408,CUST_0115,3,The experience was okay.
REV_02409,ORD_02409,CUST_0218,3,Food was okay but delivery took some time.
REV_02410,ORD_02410,CUST_0649,4,Food was delicious and delivery was fast.
REV_02411,ORD_02411,CUST_0106,2,Order was delayed and food was not hot.
REV_02412,ORD_02412,CUST_0691,2,Very slow delivery and poor experience.
REV_02413,ORD_02413,CUST_0528,3,Food was okay but delivery took some time.
REV_02414,ORD_02414,CUST_0472,3,The experience was okay.
REV_02415,ORD_02415,CUST_0754,2,Delivery was very late and food was cold.
REV_02416,ORD_02416,CUST_0846,2,Delivery was very late and food was cold.
REV_02417,ORD_02417,CUST_0893,3,Delivery was acceptable.
REV_02418,ORD_02418,CUST_0387,2,Delivery was very late and food was cold.
REV_02419,ORD_02419,CUST_0226,4,"Amazing experience, food arrived hot."
REV_02420,ORD_02420,CUST_0481,4,Very good service and tasty food.
REV_02421,ORD_02421,CUST_0754,3,Average experience.
REV_02422,ORD_02422,CUST_0408,4,Great food and excellent service.
REV_02423,ORD_02423,CUST_0457,4,Very good service and tasty food.
REV_02424,ORD_02424,CUST_0653,4,"Amazing experience, food arrived hot."
REV_02425,ORD_02425,CUST_0898,2,Order was delayed and food was not hot.
REV_02426,ORD_02426,CUST_0711,3,Delivery was acceptable.
REV_02427,ORD_02427,CUST_0624,2,Order was delayed and food was not hot.
REV_02428,ORD_02428,CUST_0639,2,Order was delayed and food was not hot.
REV_02429,ORD_02429,CUST_0021,3,Food was okay but delivery took some time.
REV_02430,ORD_02430,CUST_0659,3,The experience was okay.
REV_02431,ORD_02431,CUST_0601,4,Great food and excellent service.
REV_02432,ORD_02432,CUST_0815,5,"Amazing experience, food arrived hot."
REV_02433,ORD_02433,CUST_0918,4,Food was delicious and delivery was fast.
REV_02434,ORD_02434,CUST_0203,4,Great food and excellent service.
REV_02435,ORD_02435,CUST_0417,2,The delivery took too long.
REV_02436,ORD_02436,CUST_0416,3,Delivery was acceptable.
REV_02437,ORD_02437,CUST_0448,2,The delivery took too long.
REV_02438,ORD_02438,CUST_0512,4,Great food and excellent service.
REV_02439,ORD_02439,CUST_0085,4,Great food and excellent service.
REV_02440,ORD_02440,CUST_0167,5,Food was delicious and delivery was fast.
REV_02441,ORD_02441,CUST_0384,4,Food was delicious and delivery was fast.
REV_02442,ORD_02442,CUST_0468,3,Food was decent but could be better.
REV_02443,ORD_02443,CUST_0072,2,Order was delayed and food was not hot.
REV_02444,ORD_02444,CUST_0810,2,The delivery took too long.
REV_02445,ORD_02445,CUST_0997,2,Order was delayed and food was not hot.
REV_02446,ORD_02446,CUST_0521,4,Loved the food and quick delivery.
REV_02447,ORD_02447,CUST_0793,3,Delivery was acceptable.
REV_02448,ORD_02448,CUST_0473,3,Average experience.
REV_02449,ORD_02449,CUST_0993,3,Average experience.
REV_02450,ORD_02450,CUST_0258,3,Delivery was acceptable.
REV_02451,ORD_02451,CUST_0275,3,Food was decent but could be better.
REV_02452,ORD_02452,CUST_0750,2,Food arrived late.
REV_02453,ORD_02453,CUST_0020,2,Very slow delivery and poor experience.
REV_02454,ORD_02454,CUST_0490,3,Average experience.
REV_02455,ORD_02455,CUST_0745,3,Food was okay but delivery took some time.
REV_02456,ORD_02456,CUST_0490,4,Food was delicious and delivery was fast.
REV_02457,ORD_02457,CUST_0733,4,Very good service and tasty food.
REV_02458,ORD_02458,CUST_0326,4,Loved the food and quick delivery.
REV_02459,ORD_02459,CUST_0529,2,Delivery was very late and food was cold.
REV_02460,ORD_02460,CUST_0892,3,Average experience.
REV_02461,ORD_02461,CUST_0089,2,Food arrived late.
REV_02462,ORD_02462,CUST_0486,4,Food was delicious and delivery was fast.
REV_02463,ORD_02463,CUST_0708,2,Delivery was very late and food was cold.
REV_02464,ORD_02464,CUST_0350,4,Loved the food and quick delivery.
REV_02465,ORD_02465,CUST_0084,3,Food was okay but delivery took some time.
REV_02466,ORD_02466,CUST_0387,3,Delivery was acceptable.
REV_02467,ORD_02467,CUST_0087,3,The experience was okay.
REV_02468,ORD_02468,CUST_0307,3,Food was okay but delivery took some time.
REV_02469,ORD_02469,CUST_0850,3,Average experience.
REV_02470,ORD_02470,CUST_0154,3,Food was okay but delivery took some time.
REV_02471,ORD_02471,CUST_0440,3,Delivery was acceptable.
REV_02472,ORD_02472,CUST_0740,3,Delivery was acceptable.
REV_02473,ORD_02473,CUST_0960,3,Average experience.
REV_02474,ORD_02474,CUST_0264,2,The delivery took too long.
REV_02475,ORD_02475,CUST_0977,3,Average experience.
REV_02476,ORD_02476,CUST_0735,2,Delivery was very late and food was cold.
REV_02477,ORD_02477,CUST_0421,5,Great food and excellent service.
REV_02478,ORD_02478,CUST_0493,3,The experience was okay.
REV_02479,ORD_02479,CUST_0633,3,Food was decent but could be better.
REV_02480,ORD_02480,CUST_0993,5,Great food and excellent service.
REV_02481,ORD_02481,CUST_0411,5,Loved the food and quick delivery.
REV_02482,ORD_02482,CUST_0173,3,Food was decent but could be better.
REV_02483,ORD_02483,CUST_0004,4,Loved the food and quick delivery.
REV_02484,ORD_02484,CUST_0854,3,The experience was okay.
REV_02485,ORD_02485,CUST_0640,3,Food was decent but could be better.
REV_02486,ORD_02486,CUST_0986,3,Average experience.
REV_02487,ORD_02487,CUST_0992,4,"Amazing experience, food arrived hot."
REV_02488,ORD_02488,CUST_0472,4,Great food and excellent service.
REV_02489,ORD_02489,CUST_0110,4,Loved the food and quick delivery.
REV_02490,ORD_02490,CUST_0867,3,Average experience.
REV_02491,ORD_02491,CUST_0037,2,Order was delayed and food was not hot.
REV_02492,ORD_02492,CUST_0992,4,"Amazing experience, food arrived hot."
REV_02493,ORD_02493,CUST_0583,2,Very slow delivery and poor experience.
REV_02494,ORD_02494,CUST_0801,3,Food was okay but delivery took some time.
REV_02495,ORD_02495,CUST_0031,3,The experience was okay.
REV_02496,ORD_02496,CUST_0951,3,The experience was okay.
REV_02497,ORD_02497,CUST_0381,3,Average experience.
REV_02498,ORD_02498,CUST_0268,5,Very good service and tasty food.
REV_02499,ORD_02499,CUST_0011,2,The delivery took too long.
REV_02500,ORD_02500,CUST_0344,3,Delivery was acceptable.
REV_02501,ORD_02501,CUST_0840,3,Food was okay but delivery took some time.
REV_02502,ORD_02502,CUST_0544,2,Very slow delivery and poor experience.
REV_02503,ORD_02503,CUST_0569,2,Order was delayed and food was not hot.
REV_02504,ORD_02504,CUST_0166,4,Loved the food and quick delivery.
REV_02505,ORD_02505,CUST_0700,5,"Amazing experience, food arrived hot."
REV_02506,ORD_02506,CUST_0342,3,Delivery was acceptable.
REV_02507,ORD_02507,CUST_0482,2,Order was delayed and food was not hot.
REV_02508,ORD_02508,CUST_0019,3,Average experience.
REV_02509,ORD_02509,CUST_0628,4,"Amazing experience, food arrived hot."
REV_02510,ORD_02510,CUST_0980,3,Delivery was acceptable.
REV_02511,ORD_02511,CUST_0184,3,Average experience.
REV_02512,ORD_02512,CUST_0782,3,The experience was okay.
REV_02513,ORD_02513,CUST_0545,3,Delivery was acceptable.
REV_02514,ORD_02514,CUST_0010,3,Average experience.
REV_02515,ORD_02515,CUST_0592,4,Great food and excellent service.
REV_02516,ORD_02516,CUST_0192,4,"Amazing experience, food arrived hot."
REV_02517,ORD_02517,CUST_0320,2,Food arrived late.
REV_02518,ORD_02518,CUST_0702,3,Delivery was acceptable.
REV_02519,ORD_02519,CUST_0580,3,Food was okay but delivery took some time.
REV_02520,ORD_02520,CUST_0475,3,The experience was okay.
REV_02521,ORD_02521,CUST_0860,2,Order was delayed and food was not hot.
REV_02522,ORD_02522,CUST_0637,5,Very good service and tasty food.
REV_02523,ORD_02523,CUST_0427,3,The experience was okay.
REV_02524,ORD_02524,CUST_0848,3,The experience was okay.
REV_02525,ORD_02525,CUST_0059,3,Average experience.
REV_02526,ORD_02526,CUST_0436,3,Delivery was acceptable.
REV_02527,ORD_02527,CUST_0097,3,Average experience.
REV_02528,ORD_02528,CUST_0496,3,Food was decent but could be better.
REV_02529,ORD_02529,CUST_0787,3,Average experience.
REV_02530,ORD_02530,CUST_0661,2,Very slow delivery and poor experience.
REV_02531,ORD_02531,CUST_0278,3,Food was okay but delivery took some time.
REV_02532,ORD_02532,CUST_0265,3,Delivery was acceptable.
REV_02533,ORD_02533,CUST_0009,3,Food was decent but could be better.
REV_02534,ORD_02534,CUST_0457,3,Food was okay but delivery took some time.
REV_02535,ORD_02535,CUST_0795,5,Loved the food and quick delivery.
REV_02536,ORD_02536,CUST_0273,3,Average experience.
REV_02537,ORD_02537,CUST_0940,2,Delivery was very late and food was cold.
REV_02538,ORD_02538,CUST_0813,5,"Amazing experience, food arrived hot."
REV_02539,ORD_02539,CUST_0008,3,Delivery was acceptable.
REV_02540,ORD_02540,CUST_0208,2,The delivery took too long.
REV_02541,ORD_02541,CUST_0914,2,The delivery took too long.
REV_02542,ORD_02542,CUST_0637,3,Food was okay but delivery took some time.
REV_02543,ORD_02543,CUST_0123,3,Food was okay but delivery took some time.
REV_02544,ORD_02544,CUST_0033,4,Great food and excellent service.
REV_02545,ORD_02545,CUST_0513,4,Loved the food and quick delivery.
REV_02546,ORD_02546,CUST_0204,3,The experience was okay.
REV_02547,ORD_02547,CUST_0518,4,Great food and excellent service.
REV_02548,ORD_02548,CUST_0809,3,Delivery was acceptable.
REV_02549,ORD_02549,CUST_0951,2,Food arrived late.
REV_02550,ORD_02550,CUST_0517,2,Very slow delivery and poor experience.
REV_02551,ORD_02551,CUST_0443,4,"Amazing experience, food arrived hot."
REV_02552,ORD_02552,CUST_0592,3,Food was okay but delivery took some time.
REV_02553,ORD_02553,CUST_0786,2,Food arrived late.
REV_02554,ORD_02554,CUST_0689,4,Great food and excellent service.
REV_02555,ORD_02555,CUST_0850,5,Food was delicious and delivery was fast.
REV_02556,ORD_02556,CUST_0833,3,Delivery was acceptable.
REV_02557,ORD_02557,CUST_0339,2,Food arrived late.
REV_02558,ORD_02558,CUST_0438,2,The delivery took too long.
REV_02559,ORD_02559,CUST_0445,4,Great food and excellent service.
REV_02560,ORD_02560,CUST_0136,4,Very good service and tasty food.
REV_02561,ORD_02561,CUST_0387,2,Food arrived late.
REV_02562,ORD_02562,CUST_0025,3,The experience was okay.
REV_02563,ORD_02563,CUST_0506,2,Very slow delivery and poor experience.
REV_02564,ORD_02564,CUST_0325,2,Very slow delivery and poor experience.
REV_02565,ORD_02565,CUST_0695,3,Delivery was acceptable.
REV_02566,ORD_02566,CUST_0680,2,Order was delayed and food was not hot.
REV_02567,ORD_02567,CUST_0979,1,The delivery took too long.
REV_02568,ORD_02568,CUST_0338,3,Food was decent but could be better.
REV_02569,ORD_02569,CUST_0690,4,"Amazing experience, food arrived hot."
REV_02570,ORD_02570,CUST_0885,3,Food was decent but could be better.
REV_02571,ORD_02571,CUST_0095,4,"Amazing experience, food arrived hot."
REV_02572,ORD_02572,CUST_0545,2,The delivery took too long.
REV_02573,ORD_02573,CUST_0623,2,Order was delayed and food was not hot.
REV_02574,ORD_02574,CUST_0146,3,Delivery was acceptable.
REV_02575,ORD_02575,CUST_0893,4,Food was delicious and delivery was fast.
REV_02576,ORD_02576,CUST_0953,4,Very good service and tasty food.
REV_02577,ORD_02577,CUST_0231,3,Food was decent but could be better.
REV_02578,ORD_02578,CUST_0784,2,Food arrived late.
REV_02579,ORD_02579,CUST_0848,3,Food was decent but could be better.
REV_02580,ORD_02580,CUST_0495,3,Food was decent but could be better.
REV_02581,ORD_02581,CUST_0038,2,Order was delayed and food was not hot.
REV_02582,ORD_02582,CUST_0425,3,Food was okay but delivery took some time.
REV_02583,ORD_02583,CUST_0647,3,The experience was okay.
REV_02584,ORD_02584,CUST_0846,2,Food arrived late.
REV_02585,ORD_02585,CUST_0747,3,Average experience.
REV_02586,ORD_02586,CUST_0437,3,Food was okay but delivery took some time.
REV_02587,ORD_02587,CUST_0831,4,"Amazing experience, food arrived hot."
REV_02588,ORD_02588,CUST_0368,4,Loved the food and quick delivery.
REV_02589,ORD_02589,CUST_0345,4,Loved the food and quick delivery.
REV_02590,ORD_02590,CUST_0160,2,The delivery took too long.
REV_02591,ORD_02591,CUST_0550,2,Order was delayed and food was not hot.
REV_02592,ORD_02592,CUST_0662,3,Food was decent but could be better.
REV_02593,ORD_02593,CUST_0912,4,Great food and excellent service.
REV_02594,ORD_02594,CUST_0820,3,Average experience.
REV_02595,ORD_02595,CUST_0541,2,Very slow delivery and poor experience.
REV_02596,ORD_02596,CUST_0144,4,Great food and excellent service.
REV_02597,ORD_02597,CUST_0588,3,Delivery was acceptable.
REV_02598,ORD_02598,CUST_0657,3,The experience was okay.
REV_02599,ORD_02599,CUST_0741,4,Great food and excellent service.
REV_02600,ORD_02600,CUST_0576,5,Very good service and tasty food.
REV_02601,ORD_02601,CUST_0859,2,The delivery took too long.
REV_02602,ORD_02602,CUST_0345,3,Food was decent but could be better.
REV_02603,ORD_02603,CUST_0269,4,"Amazing experience, food arrived hot."
REV_02604,ORD_02604,CUST_0840,4,Very good service and tasty food.
REV_02605,ORD_02605,CUST_0696,3,Delivery was acceptable.
REV_02606,ORD_02606,CUST_0773,3,Delivery was acceptable.
REV_02607,ORD_02607,CUST_0268,3,Average experience.
REV_02608,ORD_02608,CUST_0169,1,Very slow delivery and poor experience.
REV_02609,ORD_02609,CUST_0771,4,Great food and excellent service.
REV_02610,ORD_02610,CUST_0739,2,Food arrived late.
REV_02611,ORD_02611,CUST_0033,3,The experience was okay.
REV_02612,ORD_02612,CUST_0377,2,Order was delayed and food was not hot.
REV_02613,ORD_02613,CUST_0214,2,Food arrived late.
REV_02614,ORD_02614,CUST_0562,2,The delivery took too long.
REV_02615,ORD_02615,CUST_0440,4,Food was delicious and delivery was fast.
REV_02616,ORD_02616,CUST_0492,4,Loved the food and quick delivery.
REV_02617,ORD_02617,CUST_0393,3,Food was okay but delivery took some time.
REV_02618,ORD_02618,CUST_0489,3,Food was okay but delivery took some time.
REV_02619,ORD_02619,CUST_0722,2,Delivery was very late and food was cold.
REV_02620,ORD_02620,CUST_0946,4,Food was delicious and delivery was fast.
REV_02621,ORD_02621,CUST_0029,3,Delivery was acceptable.
REV_02622,ORD_02622,CUST_0039,3,Average experience.
REV_02623,ORD_02623,CUST_0859,5,Great food and excellent service.
REV_02624,ORD_02624,CUST_0612,1,Delivery was very late and food was cold.
REV_02625,ORD_02625,CUST_0173,2,Food arrived late.
REV_02626,ORD_02626,CUST_0017,3,Food was okay but delivery took some time.
REV_02627,ORD_02627,CUST_0056,4,Great food and excellent service.
REV_02628,ORD_02628,CUST_0226,2,The delivery took too long.
REV_02629,ORD_02629,CUST_0558,4,Very good service and tasty food.
REV_02630,ORD_02630,CUST_0067,4,"Amazing experience, food arrived hot."
REV_02631,ORD_02631,CUST_0197,3,Food was okay but delivery took some time.
REV_02632,ORD_02632,CUST_0654,3,The experience was okay.
REV_02633,ORD_02633,CUST_0835,4,Loved the food and quick delivery.
REV_02634,ORD_02634,CUST_0023,4,Very good service and tasty food.
REV_02635,ORD_02635,CUST_0999,4,Very good service and tasty food.
REV_02636,ORD_02636,CUST_0606,2,Delivery was very late and food was cold.
REV_02637,ORD_02637,CUST_0754,3,Food was okay but delivery took some time.
REV_02638,ORD_02638,CUST_0237,4,Loved the food and quick delivery.
REV_02639,ORD_02639,CUST_0957,4,Loved the food and quick delivery.
REV_02640,ORD_02640,CUST_0919,3,Delivery was acceptable.
REV_02641,ORD_02641,CUST_0923,3,Food was okay but delivery took some time.
REV_02642,ORD_02642,CUST_0566,4,Food was delicious and delivery was fast.
REV_02643,ORD_02643,CUST_0138,3,The experience was okay.
REV_02644,ORD_02644,CUST_0473,3,Food was decent but could be better.
REV_02645,ORD_02645,CUST_0845,2,The delivery took too long.
REV_02646,ORD_02646,CUST_0784,4,"Amazing experience, food arrived hot."
REV_02647,ORD_02647,CUST_0553,3,Food was okay but delivery took some time.
REV_02648,ORD_02648,CUST_0610,2,The delivery took too long.
REV_02649,ORD_02649,CUST_0695,4,Very good service and tasty food.
REV_02650,ORD_02650,CUST_0640,4,Great food and excellent service.
REV_02651,ORD_02651,CUST_0229,2,Delivery was very late and food was cold.
REV_02652,ORD_02652,CUST_0317,4,Food was delicious and delivery was fast.
REV_02653,ORD_02653,CUST_0598,4,Loved the food and quick delivery.
REV_02654,ORD_02654,CUST_0768,5,Great food and excellent service.
REV_02655,ORD_02655,CUST_0721,3,Average experience.
REV_02656,ORD_02656,CUST_0727,4,Great food and excellent service.
REV_02657,ORD_02657,CUST_0886,4,Loved the food and quick delivery.
REV_02658,ORD_02658,CUST_0612,3,The experience was okay.
REV_02659,ORD_02659,CUST_0561,4,"Amazing experience, food arrived hot."
REV_02660,ORD_02660,CUST_0201,2,Very slow delivery and poor experience.
REV_02661,ORD_02661,CUST_0948,3,Food was decent but could be better.
REV_02662,ORD_02662,CUST_0258,4,Very good service and tasty food.
REV_02663,ORD_02663,CUST_0480,4,Food was delicious and delivery was fast.
REV_02664,ORD_02664,CUST_0888,3,Food was decent but could be better.
REV_02665,ORD_02665,CUST_0178,4,Very good service and tasty food.
REV_02666,ORD_02666,CUST_0757,3,Delivery was acceptable.
REV_02667,ORD_02667,CUST_0123,5,Loved the food and quick delivery.
REV_02668,ORD_02668,CUST_0342,3,Average experience.
REV_02669,ORD_02669,CUST_0171,3,Average experience.
REV_02670,ORD_02670,CUST_0845,2,Very slow delivery and poor experience.
REV_02671,ORD_02671,CUST_0648,2,Delivery was very late and food was cold.
REV_02672,ORD_02672,CUST_0059,4,Food was delicious and delivery was fast.
REV_02673,ORD_02673,CUST_0705,2,Delivery was very late and food was cold.
REV_02674,ORD_02674,CUST_0465,3,Delivery was acceptable.
REV_02675,ORD_02675,CUST_0780,3,Delivery was acceptable.
REV_02676,ORD_02676,CUST_0260,3,Delivery was acceptable.
REV_02677,ORD_02677,CUST_0373,3,The experience was okay.
REV_02678,ORD_02678,CUST_0973,5,Very good service and tasty food.
REV_02679,ORD_02679,CUST_0095,2,Delivery was very late and food was cold.
REV_02680,ORD_02680,CUST_0125,3,Food was okay but delivery took some time.
REV_02681,ORD_02681,CUST_0041,4,Great food and excellent service.
REV_02682,ORD_02682,CUST_0891,3,Food was okay but delivery took some time.
REV_02683,ORD_02683,CUST_0254,4,Very good service and tasty food.
REV_02684,ORD_02684,CUST_0007,4,Very good service and tasty food.
REV_02685,ORD_02685,CUST_0471,2,Very slow delivery and poor experience.
REV_02686,ORD_02686,CUST_0728,2,The delivery took too long.
REV_02687,ORD_02687,CUST_0511,3,Food was okay but delivery took some time.
REV_02688,ORD_02688,CUST_0581,4,Loved the food and quick delivery.
REV_02689,ORD_02689,CUST_0069,4,Food was delicious and delivery was fast.
REV_02690,ORD_02690,CUST_0081,4,Great food and excellent service.
REV_02691,ORD_02691,CUST_0542,3,Average experience.
REV_02692,ORD_02692,CUST_0585,3,The experience was okay.
REV_02693,ORD_02693,CUST_0262,3,Delivery was acceptable.
REV_02694,ORD_02694,CUST_0089,4,"Amazing experience, food arrived hot."
REV_02695,ORD_02695,CUST_0915,4,Food was delicious and delivery was fast.
REV_02696,ORD_02696,CUST_0208,2,Delivery was very late and food was cold.
REV_02697,ORD_02697,CUST_0213,1,Very slow delivery and poor experience.
REV_02698,ORD_02698,CUST_0834,3,The experience was okay.
REV_02699,ORD_02699,CUST_0266,4,Loved the food and quick delivery.
REV_02700,ORD_02700,CUST_0912,3,Food was okay but delivery took some time.
REV_02701,ORD_02701,CUST_0293,4,Great food and excellent service.
REV_02702,ORD_02702,CUST_0207,4,"Amazing experience, food arrived hot."
REV_02703,ORD_02703,CUST_0333,3,Food was okay but delivery took some time.
REV_02704,ORD_02704,CUST_0077,3,Average experience.
REV_02705,ORD_02705,CUST_0288,3,The experience was okay.
REV_02706,ORD_02706,CUST_0047,3,Average experience.
REV_02707,ORD_02707,CUST_0622,2,Order was delayed and food was not hot.
REV_02708,ORD_02708,CUST_0200,3,Food was okay but delivery took some time.
REV_02709,ORD_02709,CUST_0427,2,Very slow delivery and poor experience.
REV_02710,ORD_02710,CUST_0210,2,Food arrived late.
REV_02711,ORD_02711,CUST_0888,4,Loved the food and quick delivery.
REV_02712,ORD_02712,CUST_0420,3,Average experience.
REV_02713,ORD_02713,CUST_0154,4,Loved the food and quick delivery.
REV_02714,ORD_02714,CUST_0522,2,Order was delayed and food was not hot.
REV_02715,ORD_02715,CUST_0415,3,The experience was okay.
REV_02716,ORD_02716,CUST_0353,3,Food was decent but could be better.
REV_02717,ORD_02717,CUST_0157,3,Delivery was acceptable.
REV_02718,ORD_02718,CUST_0261,4,Great food and excellent service.
REV_02719,ORD_02719,CUST_0077,2,Delivery was very late and food was cold.
REV_02720,ORD_02720,CUST_0769,2,The delivery took too long.
REV_02721,ORD_02721,CUST_0983,3,Food was decent but could be better.
REV_02722,ORD_02722,CUST_0488,3,Food was okay but delivery took some time.
REV_02723,ORD_02723,CUST_0131,4,Food was delicious and delivery was fast.
REV_02724,ORD_02724,CUST_0579,4,Very good service and tasty food.
REV_02725,ORD_02725,CUST_0455,2,Food arrived late.
REV_02726,ORD_02726,CUST_0740,4,Food was delicious and delivery was fast.
REV_02727,ORD_02727,CUST_0163,4,"Amazing experience, food arrived hot."
REV_02728,ORD_02728,CUST_0015,4,Loved the food and quick delivery.
REV_02729,ORD_02729,CUST_0232,4,Loved the food and quick delivery.
REV_02730,ORD_02730,CUST_0195,3,The experience was okay.
REV_02731,ORD_02731,CUST_0861,4,Very good service and tasty food.
REV_02732,ORD_02732,CUST_0542,2,Very slow delivery and poor experience.
REV_02733,ORD_02733,CUST_0359,4,Food was delicious and delivery was fast.
REV_02734,ORD_02734,CUST_0850,2,Very slow delivery and poor experience.
REV_02735,ORD_02735,CUST_0331,3,Delivery was acceptable.
REV_02736,ORD_02736,CUST_0427,3,Delivery was acceptable.
REV_02737,ORD_02737,CUST_0497,3,Average experience.
REV_02738,ORD_02738,CUST_0828,3,Food was decent but could be better.
REV_02739,ORD_02739,CUST_0486,3,The experience was okay.
REV_02740,ORD_02740,CUST_0808,4,Very good service and tasty food.
REV_02741,ORD_02741,CUST_0449,3,Delivery was acceptable.
REV_02742,ORD_02742,CUST_0413,4,Great food and excellent service.
REV_02743,ORD_02743,CUST_0330,3,The experience was okay.
REV_02744,ORD_02744,CUST_0732,3,Delivery was acceptable.
REV_02745,ORD_02745,CUST_0889,4,Food was delicious and delivery was fast.
REV_02746,ORD_02746,CUST_0991,1,The delivery took too long.
REV_02747,ORD_02747,CUST_0147,4,"Amazing experience, food arrived hot."
REV_02748,ORD_02748,CUST_0259,3,Average experience.
REV_02749,ORD_02749,CUST_0292,5,Food was delicious and delivery was fast.
REV_02750,ORD_02750,CUST_0811,2,Delivery was very late and food was cold.
REV_02751,ORD_02751,CUST_0143,2,Very slow delivery and poor experience.
REV_02752,ORD_02752,CUST_0993,3,Average experience.
REV_02753,ORD_02753,CUST_0937,3,Delivery was acceptable.
REV_02754,ORD_02754,CUST_0747,3,Average experience.
REV_02755,ORD_02755,CUST_0627,4,Very good service and tasty food.
REV_02756,ORD_02756,CUST_0365,2,Very slow delivery and poor experience.
REV_02757,ORD_02757,CUST_0090,4,"Amazing experience, food arrived hot."
REV_02758,ORD_02758,CUST_0720,2,Delivery was very late and food was cold.
REV_02759,ORD_02759,CUST_0164,3,Food was okay but delivery took some time.
REV_02760,ORD_02760,CUST_0481,3,Food was okay but delivery took some time.
REV_02761,ORD_02761,CUST_0084,2,Very slow delivery and poor experience.
REV_02762,ORD_02762,CUST_0077,2,Order was delayed and food was not hot.
REV_02763,ORD_02763,CUST_0673,3,Food was decent but could be better.
REV_02764,ORD_02764,CUST_0517,4,"Amazing experience, food arrived hot."
REV_02765,ORD_02765,CUST_0485,4,Food was delicious and delivery was fast.
REV_02766,ORD_02766,CUST_0590,4,Great food and excellent service.
REV_02767,ORD_02767,CUST_0603,2,Delivery was very late and food was cold.
REV_02768,ORD_02768,CUST_0599,4,Great food and excellent service.
REV_02769,ORD_02769,CUST_0782,3,Delivery was acceptable.
REV_02770,ORD_02770,CUST_0104,5,Very good service and tasty food.
REV_02771,ORD_02771,CUST_0452,4,Loved the food and quick delivery.
REV_02772,ORD_02772,CUST_0487,4,Loved the food and quick delivery.
REV_02773,ORD_02773,CUST_0339,2,The delivery took too long.
REV_02774,ORD_02774,CUST_0687,5,Very good service and tasty food.
REV_02775,ORD_02775,CUST_0566,5,Food was delicious and delivery was fast.
REV_02776,ORD_02776,CUST_0900,2,Delivery was very late and food was cold.
REV_02777,ORD_02777,CUST_0478,4,Food was delicious and delivery was fast.
REV_02778,ORD_02778,CUST_0723,5,"Amazing experience, food arrived hot."
REV_02779,ORD_02779,CUST_0607,2,The delivery took too long.
REV_02780,ORD_02780,CUST_0223,4,Food was delicious and delivery was fast.
REV_02781,ORD_02781,CUST_0009,3,The experience was okay.
REV_02782,ORD_02782,CUST_0053,3,The experience was okay.
REV_02783,ORD_02783,CUST_0077,5,"Amazing experience, food arrived hot."
REV_02784,ORD_02784,CUST_0718,3,Delivery was acceptable.
REV_02785,ORD_02785,CUST_0503,3,Food was okay but delivery took some time.
REV_02786,ORD_02786,CUST_0316,3,Food was decent but could be better.
REV_02787,ORD_02787,CUST_0814,4,Very good service and tasty food.
REV_02788,ORD_02788,CUST_0822,3,Delivery was acceptable.
REV_02789,ORD_02789,CUST_0842,3,Food was okay but delivery took some time.
REV_02790,ORD_02790,CUST_0624,4,Loved the food and quick delivery.
REV_02791,ORD_02791,CUST_0863,3,Average experience.
REV_02792,ORD_02792,CUST_0165,4,Loved the food and quick delivery.
REV_02793,ORD_02793,CUST_0279,3,The experience was okay.
REV_02794,ORD_02794,CUST_0027,4,Great food and excellent service.
REV_02795,ORD_02795,CUST_0070,3,Delivery was acceptable.
REV_02796,ORD_02796,CUST_0218,3,Average experience.
REV_02797,ORD_02797,CUST_0962,3,Average experience.
REV_02798,ORD_02798,CUST_0365,5,"Amazing experience, food arrived hot."
REV_02799,ORD_02799,CUST_0701,3,Food was decent but could be better.
REV_02800,ORD_02800,CUST_0845,3,Food was decent but could be better.
REV_02801,ORD_02801,CUST_0947,2,Order was delayed and food was not hot.
REV_02802,ORD_02802,CUST_0306,3,Average experience.
REV_02803,ORD_02803,CUST_0124,5,Food was delicious and delivery was fast.
REV_02804,ORD_02804,CUST_0019,4,Great food and excellent service.
REV_02805,ORD_02805,CUST_0257,3,Delivery was acceptable.
REV_02806,ORD_02806,CUST_0296,4,"Amazing experience, food arrived hot."
REV_02807,ORD_02807,CUST_0928,2,Order was delayed and food was not hot.
REV_02808,ORD_02808,CUST_0022,3,Food was decent but could be better.
REV_02809,ORD_02809,CUST_0880,2,Order was delayed and food was not hot.
REV_02810,ORD_02810,CUST_0989,3,Food was okay but delivery took some time.
REV_02811,ORD_02811,CUST_0450,2,Very slow delivery and poor experience.
REV_02812,ORD_02812,CUST_0552,4,"Amazing experience, food arrived hot."
REV_02813,ORD_02813,CUST_0550,3,Average experience.
REV_02814,ORD_02814,CUST_0048,2,Order was delayed and food was not hot.
REV_02815,ORD_02815,CUST_0695,2,The delivery took too long.
REV_02816,ORD_02816,CUST_0587,3,The experience was okay.
REV_02817,ORD_02817,CUST_0721,3,Average experience.
REV_02818,ORD_02818,CUST_0183,2,Order was delayed and food was not hot.
REV_02819,ORD_02819,CUST_0435,1,Delivery was very late and food was cold.
REV_02820,ORD_02820,CUST_0107,4,Great food and excellent service.
REV_02821,ORD_02821,CUST_0188,3,Food was decent but could be better.
REV_02822,ORD_02822,CUST_0776,2,Delivery was very late and food was cold.
REV_02823,ORD_02823,CUST_0086,3,Delivery was acceptable.
REV_02824,ORD_02824,CUST_0836,4,"Amazing experience, food arrived hot."
REV_02825,ORD_02825,CUST_0843,4,Loved the food and quick delivery.
REV_02826,ORD_02826,CUST_0456,2,Order was delayed and food was not hot.
REV_02827,ORD_02827,CUST_0137,4,"Amazing experience, food arrived hot."
REV_02828,ORD_02828,CUST_0858,3,Delivery was acceptable.
REV_02829,ORD_02829,CUST_0898,5,"Amazing experience, food arrived hot."
REV_02830,ORD_02830,CUST_0336,4,Very good service and tasty food.
REV_02831,ORD_02831,CUST_0607,5,Loved the food and quick delivery.
REV_02832,ORD_02832,CUST_0838,4,Great food and excellent service.
REV_02833,ORD_02833,CUST_0757,4,"Amazing experience, food arrived hot."
REV_02834,ORD_02834,CUST_0469,5,"Amazing experience, food arrived hot."
REV_02835,ORD_02835,CUST_0602,4,Loved the food and quick delivery.
REV_02836,ORD_02836,CUST_0571,5,Great food and excellent service.
REV_02837,ORD_02837,CUST_0403,3,Delivery was acceptable.
REV_02838,ORD_02838,CUST_0540,2,Very slow delivery and poor experience.
REV_02839,ORD_02839,CUST_0072,3,Average experience.
REV_02840,ORD_02840,CUST_0782,2,Order was delayed and food was not hot.
REV_02841,ORD_02841,CUST_0024,3,Food was decent but could be better.
REV_02842,ORD_02842,CUST_0624,3,Food was decent but could be better.
REV_02843,ORD_02843,CUST_0812,4,Very good service and tasty food.
REV_02844,ORD_02844,CUST_0485,4,Loved the food and quick delivery.
REV_02845,ORD_02845,CUST_0056,2,Food arrived late.
REV_02846,ORD_02846,CUST_0986,3,Food was decent but could be better.
REV_02847,ORD_02847,CUST_0223,4,Very good service and tasty food.
REV_02848,ORD_02848,CUST_0632,3,Food was decent but could be better.
REV_02849,ORD_02849,CUST_0179,4,Very good service and tasty food.
REV_02850,ORD_02850,CUST_0800,3,Food was decent but could be better.
REV_02851,ORD_02851,CUST_0434,3,Food was okay but delivery took some time.
REV_02852,ORD_02852,CUST_0937,3,The experience was okay.
REV_02853,ORD_02853,CUST_0450,3,Average experience.
REV_02854,ORD_02854,CUST_0793,3,The experience was okay.
REV_02855,ORD_02855,CUST_0884,4,Loved the food and quick delivery.
REV_02856,ORD_02856,CUST_0492,5,Great food and excellent service.
REV_02857,ORD_02857,CUST_0189,4,Loved the food and quick delivery.
REV_02858,ORD_02858,CUST_0578,4,Food was delicious and delivery was fast.
REV_02859,ORD_02859,CUST_0810,3,Delivery was acceptable.
REV_02860,ORD_02860,CUST_0961,3,Average experience.
REV_02861,ORD_02861,CUST_0420,3,Delivery was acceptable.
REV_02862,ORD_02862,CUST_0249,3,Food was decent but could be better.
REV_02863,ORD_02863,CUST_0588,3,Food was okay but delivery took some time.
REV_02864,ORD_02864,CUST_0649,4,Very good service and tasty food.
REV_02865,ORD_02865,CUST_0164,3,Delivery was acceptable.
REV_02866,ORD_02866,CUST_0745,3,Average experience.
REV_02867,ORD_02867,CUST_0255,4,"Amazing experience, food arrived hot."
REV_02868,ORD_02868,CUST_0476,3,Average experience.
REV_02869,ORD_02869,CUST_0806,2,Very slow delivery and poor experience.
REV_02870,ORD_02870,CUST_0417,3,Average experience.
REV_02871,ORD_02871,CUST_0170,2,Order was delayed and food was not hot.
REV_02872,ORD_02872,CUST_0317,4,Very good service and tasty food.
REV_02873,ORD_02873,CUST_0174,3,Food was okay but delivery took some time.
REV_02874,ORD_02874,CUST_0470,4,Very good service and tasty food.
REV_02875,ORD_02875,CUST_0345,4,Loved the food and quick delivery.
REV_02876,ORD_02876,CUST_0445,3,Delivery was acceptable.
REV_02877,ORD_02877,CUST_0018,4,Loved the food and quick delivery.
REV_02878,ORD_02878,CUST_0070,2,Order was delayed and food was not hot.
REV_02879,ORD_02879,CUST_0338,4,Loved the food and quick delivery.
REV_02880,ORD_02880,CUST_0628,5,Loved the food and quick delivery.
REV_02881,ORD_02881,CUST_0592,3,Delivery was acceptable.
REV_02882,ORD_02882,CUST_0527,2,The delivery took too long.
REV_02883,ORD_02883,CUST_0688,3,Food was okay but delivery took some time.
REV_02884,ORD_02884,CUST_0456,1,Very slow delivery and poor experience.
REV_02885,ORD_02885,CUST_0269,2,The delivery took too long.
REV_02886,ORD_02886,CUST_0631,2,The delivery took too long.
REV_02887,ORD_02887,CUST_0811,4,Food was delicious and delivery was fast.
REV_02888,ORD_02888,CUST_0188,4,Food was delicious and delivery was fast.
REV_02889,ORD_02889,CUST_0569,4,Great food and excellent service.
REV_02890,ORD_02890,CUST_0711,4,"Amazing experience, food arrived hot."
REV_02891,ORD_02891,CUST_0529,3,Average experience.
REV_02892,ORD_02892,CUST_0434,3,The experience was okay.
REV_02893,ORD_02893,CUST_0288,2,Delivery was very late and food was cold.
REV_02894,ORD_02894,CUST_0918,3,The experience was okay.
REV_02895,ORD_02895,CUST_0567,3,Delivery was acceptable.
REV_02896,ORD_02896,CUST_0499,3,Food was decent but could be better.
REV_02897,ORD_02897,CUST_0441,3,Delivery was acceptable.
REV_02898,ORD_02898,CUST_0781,4,Food was delicious and delivery was fast.
REV_02899,ORD_02899,CUST_0303,4,Food was delicious and delivery was fast.
REV_02900,ORD_02900,CUST_0087,2,Delivery was very late and food was cold.
REV_02901,ORD_02901,CUST_0830,1,Very slow delivery and poor experience.
REV_02902,ORD_02902,CUST_0438,4,Great food and excellent service.
REV_02903,ORD_02903,CUST_0541,4,Loved the food and quick delivery.
REV_02904,ORD_02904,CUST_0022,1,The delivery took too long.
REV_02905,ORD_02905,CUST_0833,3,The experience was okay.
REV_02906,ORD_02906,CUST_0797,3,The experience was okay.
REV_02907,ORD_02907,CUST_0560,3,The experience was okay.
REV_02908,ORD_02908,CUST_0517,4,Great food and excellent service.
REV_02909,ORD_02909,CUST_0762,2,Order was delayed and food was not hot.
REV_02910,ORD_02910,CUST_0675,4,"Amazing experience, food arrived hot."
REV_02911,ORD_02911,CUST_0503,3,Delivery was acceptable.
REV_02912,ORD_02912,CUST_0714,3,Delivery was acceptable.
REV_02913,ORD_02913,CUST_0467,4,Loved the food and quick delivery.
REV_02914,ORD_02914,CUST_0101,3,The experience was okay.
REV_02915,ORD_02915,CUST_0583,4,Great food and excellent service.
REV_02916,ORD_02916,CUST_0942,3,Food was decent but could be better.
REV_02917,ORD_02917,CUST_0675,2,Delivery was very late and food was cold.
REV_02918,ORD_02918,CUST_0685,4,Very good service and tasty food.
REV_02919,ORD_02919,CUST_0141,2,Delivery was very late and food was cold.
REV_02920,ORD_02920,CUST_0138,4,"Amazing experience, food arrived hot."
REV_02921,ORD_02921,CUST_0578,2,Order was delayed and food was not hot.
REV_02922,ORD_02922,CUST_0710,4,Food was delicious and delivery was fast.
REV_02923,ORD_02923,CUST_0840,4,Food was delicious and delivery was fast.
REV_02924,ORD_02924,CUST_0228,2,Food arrived late.
REV_02925,ORD_02925,CUST_0281,2,Very slow delivery and poor experience.
REV_02926,ORD_02926,CUST_0684,2,Very slow delivery and poor experience.
REV_02927,ORD_02927,CUST_0828,3,Food was decent but could be better.
REV_02928,ORD_02928,CUST_0431,5,Very good service and tasty food.
REV_02929,ORD_02929,CUST_0040,2,Food arrived late.
REV_02930,ORD_02930,CUST_0519,4,Loved the food and quick delivery.
REV_02931,ORD_02931,CUST_0686,4,Very good service and tasty food.
REV_02932,ORD_02932,CUST_0663,3,Food was decent but could be better.
REV_02933,ORD_02933,CUST_0211,3,Delivery was acceptable.
REV_02934,ORD_02934,CUST_0302,4,Food was delicious and delivery was fast.
REV_02935,ORD_02935,CUST_0086,4,Very good service and tasty food.
REV_02936,ORD_02936,CUST_0397,4,Very good service and tasty food.
REV_02937,ORD_02937,CUST_0253,4,"Amazing experience, food arrived hot."
REV_02938,ORD_02938,CUST_0533,2,Delivery was very late and food was cold.
REV_02939,ORD_02939,CUST_0769,2,Very slow delivery and poor experience.
REV_02940,ORD_02940,CUST_0891,4,Food was delicious and delivery was fast.
REV_02941,ORD_02941,CUST_0915,2,Delivery was very late and food was cold.
REV_02942,ORD_02942,CUST_0381,3,Food was okay but delivery took some time.
REV_02943,ORD_02943,CUST_0444,2,Very slow delivery and poor experience.
REV_02944,ORD_02944,CUST_0033,5,Food was delicious and delivery was fast.
REV_02945,ORD_02945,CUST_0260,2,Food arrived late.
REV_02946,ORD_02946,CUST_0234,3,Average experience.
REV_02947,ORD_02947,CUST_0515,2,The delivery took too long.
REV_02948,ORD_02948,CUST_0859,3,Average experience.
REV_02949,ORD_02949,CUST_0308,3,The experience was okay.
REV_02950,ORD_02950,CUST_0739,3,Average experience.
REV_02951,ORD_02951,CUST_0796,3,Food was decent but could be better.
REV_02952,ORD_02952,CUST_0070,2,The delivery took too long.
REV_02953,ORD_02953,CUST_0454,3,Delivery was acceptable.
REV_02954,ORD_02954,CUST_0439,4,Very good service and tasty food.
REV_02955,ORD_02955,CUST_0825,3,Average experience.
REV_02956,ORD_02956,CUST_0364,3,Delivery was acceptable.
REV_02957,ORD_02957,CUST_0983,1,Food arrived late.
REV_02958,ORD_02958,CUST_0766,4,Great food and excellent service.
REV_02959,ORD_02959,CUST_0481,4,Very good service and tasty food.
REV_02960,ORD_02960,CUST_0144,5,Very good service and tasty food.
REV_02961,ORD_02961,CUST_0024,4,Food was delicious and delivery was fast.
REV_02962,ORD_02962,CUST_0965,3,The experience was okay.
REV_02963,ORD_02963,CUST_0425,4,Great food and excellent service.
REV_02964,ORD_02964,CUST_0746,3,Delivery was acceptable.
REV_02965,ORD_02965,CUST_0845,4,Loved the food and quick delivery.
REV_02966,ORD_02966,CUST_0175,1,Order was delayed and food was not hot.
REV_02967,ORD_02967,CUST_0844,4,Very good service and tasty food.
REV_02968,ORD_02968,CUST_0325,3,Food was okay but delivery took some time.
REV_02969,ORD_02969,CUST_0869,1,Food arrived late.
REV_02970,ORD_02970,CUST_0671,2,Food arrived late.
REV_02971,ORD_02971,CUST_0860,3,Food was decent but could be better.
REV_02972,ORD_02972,CUST_0348,3,Food was okay but delivery took some time.
REV_02973,ORD_02973,CUST_0798,3,The experience was okay.
REV_02974,ORD_02974,CUST_0018,3,Food was okay but delivery took some time.
REV_02975,ORD_02975,CUST_0044,3,The experience was okay.
REV_02976,ORD_02976,CUST_0155,3,Average experience.
REV_02977,ORD_02977,CUST_0867,3,Food was decent but could be better.
REV_02978,ORD_02978,CUST_0922,4,"Amazing experience, food arrived hot."
REV_02979,ORD_02979,CUST_0377,4,Great food and excellent service.
REV_02980,ORD_02980,CUST_0743,4,Very good service and tasty food.
REV_02981,ORD_02981,CUST_0883,3,Food was okay but delivery took some time.
REV_02982,ORD_02982,CUST_0828,4,"Amazing experience, food arrived hot."
REV_02983,ORD_02983,CUST_0402,3,Delivery was acceptable.
REV_02984,ORD_02984,CUST_0225,3,The experience was okay.
REV_02985,ORD_02985,CUST_0217,3,Food was decent but could be better.
REV_02986,ORD_02986,CUST_0568,3,The experience was okay.
REV_02987,ORD_02987,CUST_0031,2,Order was delayed and food was not hot.
REV_02988,ORD_02988,CUST_0869,3,The experience was okay.
REV_02989,ORD_02989,CUST_0059,2,Order was delayed and food was not hot.
REV_02990,ORD_02990,CUST_0892,2,The delivery took too long.
REV_02991,ORD_02991,CUST_0898,3,Food was okay but delivery took some time.
REV_02992,ORD_02992,CUST_0353,4,"Amazing experience, food arrived hot."
REV_02993,ORD_02993,CUST_0935,3,Food was decent but could be better.
REV_02994,ORD_02994,CUST_0445,3,Delivery was acceptable.
REV_02995,ORD_02995,CUST_0235,3,The experience was okay.
REV_02996,ORD_02996,CUST_0107,3,Average experience.
REV_02997,ORD_02997,CUST_0191,3,Food was decent but could be better.
REV_02998,ORD_02998,CUST_0992,2,The delivery took too long.
REV_02999,ORD_02999,CUST_0530,3,The experience was okay.
REV_03000,ORD_03000,CUST_0913,4,Food was delicious and delivery was fast.
REV_03001,ORD_03001,CUST_0738,2,Food arrived late.
REV_03002,ORD_03002,CUST_0679,5,"Amazing experience, food arrived hot."
REV_03003,ORD_03003,CUST_0583,3,Food was okay but delivery took some time.
REV_03004,ORD_03004,CUST_0874,2,Food arrived late.
REV_03005,ORD_03005,CUST_0566,1,Very slow delivery and poor experience.
REV_03006,ORD_03006,CUST_0245,3,Food was okay but delivery took some time.
REV_03007,ORD_03007,CUST_0995,3,Average experience.
REV_03008,ORD_03008,CUST_0862,4,"Amazing experience, food arrived hot."
REV_03009,ORD_03009,CUST_0076,2,Food arrived late.
REV_03010,ORD_03010,CUST_0547,4,Loved the food and quick delivery.
REV_03011,ORD_03011,CUST_0267,3,Delivery was acceptable.
REV_03012,ORD_03012,CUST_0317,4,Very good service and tasty food.
REV_03013,ORD_03013,CUST_0812,5,Loved the food and quick delivery.
REV_03014,ORD_03014,CUST_0121,3,Average experience.
REV_03015,ORD_03015,CUST_0836,4,Loved the food and quick delivery.
REV_03016,ORD_03016,CUST_0025,3,Delivery was acceptable.
REV_03017,ORD_03017,CUST_0432,2,Order was delayed and food was not hot.
REV_03018,ORD_03018,CUST_0160,2,Food arrived late.
REV_03019,ORD_03019,CUST_0596,3,Delivery was acceptable.
REV_03020,ORD_03020,CUST_0114,3,The experience was okay.
REV_03021,ORD_03021,CUST_0735,4,Great food and excellent service.
REV_03022,ORD_03022,CUST_0900,5,Loved the food and quick delivery.
REV_03023,ORD_03023,CUST_0502,5,Great food and excellent service.
REV_03024,ORD_03024,CUST_0166,3,Delivery was acceptable.
REV_03025,ORD_03025,CUST_0703,3,Food was decent but could be better.
REV_03026,ORD_03026,CUST_0175,4,Great food and excellent service.
REV_03027,ORD_03027,CUST_0001,4,Great food and excellent service.
REV_03028,ORD_03028,CUST_0899,4,"Amazing experience, food arrived hot."
REV_03029,ORD_03029,CUST_0741,4,Very good service and tasty food.
REV_03030,ORD_03030,CUST_0086,4,Loved the food and quick delivery.
REV_03031,ORD_03031,CUST_0574,3,Food was okay but delivery took some time.
REV_03032,ORD_03032,CUST_0320,3,Food was decent but could be better.
REV_03033,ORD_03033,CUST_0401,3,Food was okay but delivery took some time.
REV_03034,ORD_03034,CUST_0382,4,Very good service and tasty food.
REV_03035,ORD_03035,CUST_0718,4,Great food and excellent service.
REV_03036,ORD_03036,CUST_0617,2,Food arrived late.
REV_03037,ORD_03037,CUST_0318,3,Delivery was acceptable.
REV_03038,ORD_03038,CUST_0803,4,Loved the food and quick delivery.
REV_03039,ORD_03039,CUST_0250,5,Loved the food and quick delivery.
REV_03040,ORD_03040,CUST_0525,3,Delivery was acceptable.
REV_03041,ORD_03041,CUST_0675,3,Delivery was acceptable.
REV_03042,ORD_03042,CUST_0555,5,Very good service and tasty food.
REV_03043,ORD_03043,CUST_0898,4,Very good service and tasty food.
REV_03044,ORD_03044,CUST_0952,5,Very good service and tasty food.
REV_03045,ORD_03045,CUST_0623,4,Very good service and tasty food.
REV_03046,ORD_03046,CUST_0717,2,Food arrived late.
REV_03047,ORD_03047,CUST_0896,3,Food was okay but delivery took some time.
REV_03048,ORD_03048,CUST_0256,3,The experience was okay.
REV_03049,ORD_03049,CUST_0307,4,Food was delicious and delivery was fast.
REV_03050,ORD_03050,CUST_0950,4,Great food and excellent service.
REV_03051,ORD_03051,CUST_0144,3,Food was decent but could be better.
REV_03052,ORD_03052,CUST_0658,5,Food was delicious and delivery was fast.
REV_03053,ORD_03053,CUST_0391,4,"Amazing experience, food arrived hot."
REV_03054,ORD_03054,CUST_0813,4,Great food and excellent service.
REV_03055,ORD_03055,CUST_0676,3,The experience was okay.
REV_03056,ORD_03056,CUST_0169,4,"Amazing experience, food arrived hot."
REV_03057,ORD_03057,CUST_0990,3,Average experience.
REV_03058,ORD_03058,CUST_0298,2,Order was delayed and food was not hot.
REV_03059,ORD_03059,CUST_0233,3,The experience was okay.
REV_03060,ORD_03060,CUST_0903,3,Delivery was acceptable.
REV_03061,ORD_03061,CUST_0271,4,Loved the food and quick delivery.
REV_03062,ORD_03062,CUST_0060,4,Loved the food and quick delivery.
REV_03063,ORD_03063,CUST_0296,5,Food was delicious and delivery was fast.
REV_03064,ORD_03064,CUST_0467,1,The delivery took too long.
REV_03065,ORD_03065,CUST_0235,3,Food was okay but delivery took some time.
REV_03066,ORD_03066,CUST_0677,4,"Amazing experience, food arrived hot."
REV_03067,ORD_03067,CUST_0706,3,The experience was okay.
REV_03068,ORD_03068,CUST_0234,5,"Amazing experience, food arrived hot."
REV_03069,ORD_03069,CUST_0368,2,The delivery took too long.
REV_03070,ORD_03070,CUST_0695,4,Food was delicious and delivery was fast.
REV_03071,ORD_03071,CUST_0845,4,Very good service and tasty food.
REV_03072,ORD_03072,CUST_0232,3,The experience was okay.
REV_03073,ORD_03073,CUST_0873,2,Food arrived late.
REV_03074,ORD_03074,CUST_0491,4,Very good service and tasty food.
REV_03075,ORD_03075,CUST_0619,3,Food was okay but delivery took some time.
REV_03076,ORD_03076,CUST_0503,3,Average experience.
REV_03077,ORD_03077,CUST_0890,4,"Amazing experience, food arrived hot."
REV_03078,ORD_03078,CUST_0735,5,Food was delicious and delivery was fast.
REV_03079,ORD_03079,CUST_0592,3,Delivery was acceptable.
REV_03080,ORD_03080,CUST_0746,3,Food was decent but could be better.
REV_03081,ORD_03081,CUST_0381,4,"Amazing experience, food arrived hot."
REV_03082,ORD_03082,CUST_0696,4,Food was delicious and delivery was fast.
REV_03083,ORD_03083,CUST_0428,2,Order was delayed and food was not hot.
REV_03084,ORD_03084,CUST_0697,3,Food was okay but delivery took some time.
REV_03085,ORD_03085,CUST_0646,3,Average experience.
REV_03086,ORD_03086,CUST_0732,2,Food arrived late.
REV_03087,ORD_03087,CUST_0800,4,Loved the food and quick delivery.
REV_03088,ORD_03088,CUST_0364,4,"Amazing experience, food arrived hot."
REV_03089,ORD_03089,CUST_0202,5,Loved the food and quick delivery.
REV_03090,ORD_03090,CUST_0882,4,Very good service and tasty food.
REV_03091,ORD_03091,CUST_0146,2,Food arrived late.
REV_03092,ORD_03092,CUST_0836,3,The experience was okay.
REV_03093,ORD_03093,CUST_0639,4,Great food and excellent service.
REV_03094,ORD_03094,CUST_0457,2,Food arrived late.
REV_03095,ORD_03095,CUST_0135,3,Average experience.
REV_03096,ORD_03096,CUST_0626,4,Food was delicious and delivery was fast.
REV_03097,ORD_03097,CUST_0264,2,The delivery took too long.
REV_03098,ORD_03098,CUST_0064,3,Food was decent but could be better.
REV_03099,ORD_03099,CUST_0491,3,The experience was okay.
REV_03100,ORD_03100,CUST_0647,1,Very slow delivery and poor experience.
REV_03101,ORD_03101,CUST_0041,3,The experience was okay.
REV_03102,ORD_03102,CUST_0296,3,The experience was okay.
REV_03103,ORD_03103,CUST_0003,3,Average experience.
REV_03104,ORD_03104,CUST_0913,2,Very slow delivery and poor experience.
REV_03105,ORD_03105,CUST_0706,2,Very slow delivery and poor experience.
REV_03106,ORD_03106,CUST_0975,1,Very slow delivery and poor experience.
REV_03107,ORD_03107,CUST_0110,4,Loved the food and quick delivery.
REV_03108,ORD_03108,CUST_0221,2,Very slow delivery and poor experience.
REV_03109,ORD_03109,CUST_0370,3,The experience was okay.
REV_03110,ORD_03110,CUST_0368,4,Food was delicious and delivery was fast.
REV_03111,ORD_03111,CUST_0436,4,Great food and excellent service.
REV_03112,ORD_03112,CUST_0918,4,Very good service and tasty food.
REV_03113,ORD_03113,CUST_0004,4,Food was delicious and delivery was fast.
REV_03114,ORD_03114,CUST_0244,4,"Amazing experience, food arrived hot."
REV_03115,ORD_03115,CUST_0902,4,Great food and excellent service.
REV_03116,ORD_03116,CUST_0166,2,Food arrived late.
REV_03117,ORD_03117,CUST_0026,5,Great food and excellent service.
REV_03118,ORD_03118,CUST_0395,4,Great food and excellent service.
REV_03119,ORD_03119,CUST_0474,3,Food was decent but could be better.
REV_03120,ORD_03120,CUST_0017,4,Great food and excellent service.
REV_03121,ORD_03121,CUST_0728,2,Order was delayed and food was not hot.
REV_03122,ORD_03122,CUST_0092,4,Very good service and tasty food.
REV_03123,ORD_03123,CUST_0483,3,Average experience.
REV_03124,ORD_03124,CUST_0543,3,The experience was okay.
REV_03125,ORD_03125,CUST_0205,3,Food was decent but could be better.
REV_03126,ORD_03126,CUST_0502,4,Very good service and tasty food.
REV_03127,ORD_03127,CUST_0931,3,Delivery was acceptable.
REV_03128,ORD_03128,CUST_0400,1,Order was delayed and food was not hot.
REV_03129,ORD_03129,CUST_0207,4,Food was delicious and delivery was fast.
REV_03130,ORD_03130,CUST_0619,3,Food was okay but delivery took some time.
REV_03131,ORD_03131,CUST_0146,2,Order was delayed and food was not hot.
REV_03132,ORD_03132,CUST_0879,5,Loved the food and quick delivery.
REV_03133,ORD_03133,CUST_0101,1,Very slow delivery and poor experience.
REV_03134,ORD_03134,CUST_0880,2,Very slow delivery and poor experience.
REV_03135,ORD_03135,CUST_0830,3,Delivery was acceptable.
REV_03136,ORD_03136,CUST_0880,4,Very good service and tasty food.
REV_03137,ORD_03137,CUST_0241,3,Food was decent but could be better.
REV_03138,ORD_03138,CUST_0923,2,The delivery took too long.
REV_03139,ORD_03139,CUST_0759,3,Food was okay but delivery took some time.
REV_03140,ORD_03140,CUST_0163,5,Food was delicious and delivery was fast.
REV_03141,ORD_03141,CUST_0884,3,Delivery was acceptable.
REV_03142,ORD_03142,CUST_0173,3,Food was decent but could be better.
REV_03143,ORD_03143,CUST_0502,3,Food was okay but delivery took some time.
REV_03144,ORD_03144,CUST_0547,3,The experience was okay.
REV_03145,ORD_03145,CUST_0284,2,Order was delayed and food was not hot.
REV_03146,ORD_03146,CUST_0359,2,Food arrived late.
REV_03147,ORD_03147,CUST_0381,2,Order was delayed and food was not hot.
REV_03148,ORD_03148,CUST_0870,2,Food arrived late.
REV_03149,ORD_03149,CUST_0905,4,Very good service and tasty food.
REV_03150,ORD_03150,CUST_0972,4,"Amazing experience, food arrived hot."
REV_03151,ORD_03151,CUST_0911,4,"Amazing experience, food arrived hot."
REV_03152,ORD_03152,CUST_0533,4,"Amazing experience, food arrived hot."
REV_03153,ORD_03153,CUST_0820,3,Food was decent but could be better.
REV_03154,ORD_03154,CUST_0163,1,The delivery took too long.
REV_03155,ORD_03155,CUST_0609,4,Loved the food and quick delivery.
REV_03156,ORD_03156,CUST_0307,3,Average experience.
REV_03157,ORD_03157,CUST_0339,2,The delivery took too long.
REV_03158,ORD_03158,CUST_0055,4,Very good service and tasty food.
REV_03159,ORD_03159,CUST_0983,4,"Amazing experience, food arrived hot."
REV_03160,ORD_03160,CUST_0333,5,Food was delicious and delivery was fast.
REV_03161,ORD_03161,CUST_0127,4,Food was delicious and delivery was fast.
REV_03162,ORD_03162,CUST_0940,1,Delivery was very late and food was cold.
REV_03163,ORD_03163,CUST_0705,4,Very good service and tasty food.
REV_03164,ORD_03164,CUST_0243,3,Food was okay but delivery took some time.
REV_03165,ORD_03165,CUST_0861,2,Delivery was very late and food was cold.
REV_03166,ORD_03166,CUST_0600,5,Great food and excellent service.
REV_03167,ORD_03167,CUST_0848,5,Very good service and tasty food.
REV_03168,ORD_03168,CUST_0409,4,Very good service and tasty food.
REV_03169,ORD_03169,CUST_0503,2,Delivery was very late and food was cold.
REV_03170,ORD_03170,CUST_0727,3,Delivery was acceptable.
REV_03171,ORD_03171,CUST_0604,2,Food arrived late.
REV_03172,ORD_03172,CUST_0303,1,Food arrived late.
REV_03173,ORD_03173,CUST_0464,4,"Amazing experience, food arrived hot."
REV_03174,ORD_03174,CUST_0235,4,Great food and excellent service.
REV_03175,ORD_03175,CUST_0696,3,Food was decent but could be better.
REV_03176,ORD_03176,CUST_0038,3,Food was okay but delivery took some time.
REV_03177,ORD_03177,CUST_0139,4,"Amazing experience, food arrived hot."
REV_03178,ORD_03178,CUST_0195,3,Food was decent but could be better.
REV_03179,ORD_03179,CUST_0527,3,Food was okay but delivery took some time.
REV_03180,ORD_03180,CUST_0769,3,Food was decent but could be better.
REV_03181,ORD_03181,CUST_0647,3,Average experience.
REV_03182,ORD_03182,CUST_0001,4,Food was delicious and delivery was fast.
REV_03183,ORD_03183,CUST_0561,3,Delivery was acceptable.
REV_03184,ORD_03184,CUST_0096,3,Food was decent but could be better.
REV_03185,ORD_03185,CUST_0713,4,Great food and excellent service.
REV_03186,ORD_03186,CUST_0413,3,Delivery was acceptable.
REV_03187,ORD_03187,CUST_0538,3,Food was okay but delivery took some time.
REV_03188,ORD_03188,CUST_0855,3,Food was okay but delivery took some time.
REV_03189,ORD_03189,CUST_0429,3,Food was okay but delivery took some time.
REV_03190,ORD_03190,CUST_0235,2,Food arrived late.
REV_03191,ORD_03191,CUST_0349,3,Delivery was acceptable.
REV_03192,ORD_03192,CUST_0756,4,Food was delicious and delivery was fast.
REV_03193,ORD_03193,CUST_0870,3,Average experience.
REV_03194,ORD_03194,CUST_0481,3,The experience was okay.
REV_03195,ORD_03195,CUST_0839,4,Great food and excellent service.
REV_03196,ORD_03196,CUST_0396,4,Loved the food and quick delivery.
REV_03197,ORD_03197,CUST_0351,4,Very good service and tasty food.
REV_03198,ORD_03198,CUST_0416,3,Food was okay but delivery took some time.
REV_03199,ORD_03199,CUST_0886,4,Food was delicious and delivery was fast.
REV_03200,ORD_03200,CUST_0916,3,Food was decent but could be better.
REV_03201,ORD_03201,CUST_0887,5,Food was delicious and delivery was fast.
REV_03202,ORD_03202,CUST_0051,4,Very good service and tasty food.
REV_03203,ORD_03203,CUST_0081,4,Great food and excellent service.
REV_03204,ORD_03204,CUST_0036,2,Order was delayed and food was not hot.
REV_03205,ORD_03205,CUST_0067,3,Food was okay but delivery took some time.
REV_03206,ORD_03206,CUST_0641,3,Average experience.
REV_03207,ORD_03207,CUST_0882,2,Order was delayed and food was not hot.
REV_03208,ORD_03208,CUST_0667,3,Food was okay but delivery took some time.
REV_03209,ORD_03209,CUST_0757,5,Food was delicious and delivery was fast.
REV_03210,ORD_03210,CUST_0623,3,Food was okay but delivery took some time.
REV_03211,ORD_03211,CUST_0680,2,Very slow delivery and poor experience.
REV_03212,ORD_03212,CUST_0481,2,Very slow delivery and poor experience.
REV_03213,ORD_03213,CUST_0468,5,"Amazing experience, food arrived hot."
REV_03214,ORD_03214,CUST_0142,2,Food arrived late.
REV_03215,ORD_03215,CUST_0356,4,Very good service and tasty food.
REV_03216,ORD_03216,CUST_0709,3,Average experience.
REV_03217,ORD_03217,CUST_0471,4,Great food and excellent service.
REV_03218,ORD_03218,CUST_0621,2,Delivery was very late and food was cold.
REV_03219,ORD_03219,CUST_0888,3,The experience was okay.
REV_03220,ORD_03220,CUST_0591,1,The delivery took too long.
REV_03221,ORD_03221,CUST_0902,3,Food was okay but delivery took some time.
REV_03222,ORD_03222,CUST_0673,3,The experience was okay.
REV_03223,ORD_03223,CUST_0439,2,Food arrived late.
REV_03224,ORD_03224,CUST_0531,2,Order was delayed and food was not hot.
REV_03225,ORD_03225,CUST_0127,3,Food was decent but could be better.
REV_03226,ORD_03226,CUST_0205,3,Average experience.
REV_03227,ORD_03227,CUST_0029,2,Food arrived late.
REV_03228,ORD_03228,CUST_0445,3,Delivery was acceptable.
REV_03229,ORD_03229,CUST_0966,4,Loved the food and quick delivery.
REV_03230,ORD_03230,CUST_0719,4,Very good service and tasty food.
REV_03231,ORD_03231,CUST_0464,4,Great food and excellent service.
REV_03232,ORD_03232,CUST_0280,2,Delivery was very late and food was cold.
REV_03233,ORD_03233,CUST_0151,3,Food was okay but delivery took some time.
REV_03234,ORD_03234,CUST_0240,3,Average experience.
REV_03235,ORD_03235,CUST_0266,3,Food was okay but delivery took some time.
REV_03236,ORD_03236,CUST_0694,4,Loved the food and quick delivery.
REV_03237,ORD_03237,CUST_0105,5,Very good service and tasty food.
REV_03238,ORD_03238,CUST_0937,4,"Amazing experience, food arrived hot."
REV_03239,ORD_03239,CUST_0433,3,Delivery was acceptable.
REV_03240,ORD_03240,CUST_0913,3,Food was decent but could be better.
REV_03241,ORD_03241,CUST_0497,4,Great food and excellent service.
REV_03242,ORD_03242,CUST_0440,1,Food arrived late.
REV_03243,ORD_03243,CUST_0748,3,Food was decent but could be better.
REV_03244,ORD_03244,CUST_0685,4,Food was delicious and delivery was fast.
REV_03245,ORD_03245,CUST_0158,3,Average experience.
REV_03246,ORD_03246,CUST_0172,2,The delivery took too long.
REV_03247,ORD_03247,CUST_0494,4,Loved the food and quick delivery.
REV_03248,ORD_03248,CUST_0970,3,The experience was okay.
REV_03249,ORD_03249,CUST_0311,4,Loved the food and quick delivery.
REV_03250,ORD_03250,CUST_0403,3,Food was decent but could be better.
REV_03251,ORD_03251,CUST_0669,4,Food was delicious and delivery was fast.
REV_03252,ORD_03252,CUST_0770,2,Very slow delivery and poor experience.
REV_03253,ORD_03253,CUST_0676,3,Average experience.
REV_03254,ORD_03254,CUST_0659,4,Loved the food and quick delivery.
REV_03255,ORD_03255,CUST_0903,4,Loved the food and quick delivery.
REV_03256,ORD_03256,CUST_0666,3,The experience was okay.
REV_03257,ORD_03257,CUST_0463,3,Average experience.
REV_03258,ORD_03258,CUST_0367,2,Order was delayed and food was not hot.
REV_03259,ORD_03259,CUST_0550,3,Food was decent but could be better.
REV_03260,ORD_03260,CUST_0643,1,Delivery was very late and food was cold.
REV_03261,ORD_03261,CUST_0870,3,Average experience.
REV_03262,ORD_03262,CUST_0255,4,Very good service and tasty food.
REV_03263,ORD_03263,CUST_0208,4,Very good service and tasty food.
REV_03264,ORD_03264,CUST_0450,3,Food was okay but delivery took some time.
REV_03265,ORD_03265,CUST_0095,3,Average experience.
REV_03266,ORD_03266,CUST_0860,2,Order was delayed and food was not hot.
REV_03267,ORD_03267,CUST_0839,4,Loved the food and quick delivery.
REV_03268,ORD_03268,CUST_0478,2,Delivery was very late and food was cold.
REV_03269,ORD_03269,CUST_0683,3,The experience was okay.
REV_03270,ORD_03270,CUST_0762,2,Delivery was very late and food was cold.
REV_03271,ORD_03271,CUST_0190,2,Very slow delivery and poor experience.
REV_03272,ORD_03272,CUST_0711,2,Very slow delivery and poor experience.
REV_03273,ORD_03273,CUST_0484,3,Average experience.
REV_03274,ORD_03274,CUST_0733,4,Very good service and tasty food.
REV_03275,ORD_03275,CUST_0536,3,The experience was okay.
REV_03276,ORD_03276,CUST_0756,4,Very good service and tasty food.
REV_03277,ORD_03277,CUST_0423,4,"Amazing experience, food arrived hot."
REV_03278,ORD_03278,CUST_0836,3,The experience was okay.
REV_03279,ORD_03279,CUST_0640,5,Great food and excellent service.
REV_03280,ORD_03280,CUST_0605,2,Order was delayed and food was not hot.
REV_03281,ORD_03281,CUST_0812,3,Food was okay but delivery took some time.
REV_03282,ORD_03282,CUST_0133,4,Food was delicious and delivery was fast.
REV_03283,ORD_03283,CUST_0055,4,Loved the food and quick delivery.
REV_03284,ORD_03284,CUST_0989,3,Food was okay but delivery took some time.
REV_03285,ORD_03285,CUST_0510,3,Food was okay but delivery took some time.
REV_03286,ORD_03286,CUST_0670,2,Very slow delivery and poor experience.
REV_03287,ORD_03287,CUST_0541,3,Average experience.
REV_03288,ORD_03288,CUST_0410,4,Food was delicious and delivery was fast.
REV_03289,ORD_03289,CUST_0211,4,Food was delicious and delivery was fast.
REV_03290,ORD_03290,CUST_0666,4,Very good service and tasty food.
REV_03291,ORD_03291,CUST_0293,3,The experience was okay.
REV_03292,ORD_03292,CUST_0987,4,"Amazing experience, food arrived hot."
REV_03293,ORD_03293,CUST_0734,2,The delivery took too long.
REV_03294,ORD_03294,CUST_0115,4,Very good service and tasty food.
REV_03295,ORD_03295,CUST_0949,3,Delivery was acceptable.
REV_03296,ORD_03296,CUST_0670,3,Delivery was acceptable.
REV_03297,ORD_03297,CUST_0259,2,Delivery was very late and food was cold.
REV_03298,ORD_03298,CUST_0763,3,The experience was okay.
REV_03299,ORD_03299,CUST_0122,4,Loved the food and quick delivery.
REV_03300,ORD_03300,CUST_0299,3,The experience was okay.
REV_03301,ORD_03301,CUST_0775,1,Food arrived late.
REV_03302,ORD_03302,CUST_0381,5,"Amazing experience, food arrived hot."
REV_03303,ORD_03303,CUST_0561,5,Food was delicious and delivery was fast.
REV_03304,ORD_03304,CUST_0889,3,Food was decent but could be better.
REV_03305,ORD_03305,CUST_0841,5,Food was delicious and delivery was fast.
REV_03306,ORD_03306,CUST_0501,3,The experience was okay.
REV_03307,ORD_03307,CUST_0297,3,Average experience.
REV_03308,ORD_03308,CUST_0362,2,Food arrived late.
REV_03309,ORD_03309,CUST_0589,2,The delivery took too long.
REV_03310,ORD_03310,CUST_0463,3,Food was decent but could be better.
REV_03311,ORD_03311,CUST_0438,3,Delivery was acceptable.
REV_03312,ORD_03312,CUST_0127,2,The delivery took too long.
REV_03313,ORD_03313,CUST_0197,3,Food was okay but delivery took some time.
REV_03314,ORD_03314,CUST_0221,4,"Amazing experience, food arrived hot."
REV_03315,ORD_03315,CUST_0995,3,Delivery was acceptable.
REV_03316,ORD_03316,CUST_0091,2,Food arrived late.
REV_03317,ORD_03317,CUST_0411,4,Food was delicious and delivery was fast.
REV_03318,ORD_03318,CUST_0008,3,Average experience.
REV_03319,ORD_03319,CUST_0544,4,Food was delicious and delivery was fast.
REV_03320,ORD_03320,CUST_0468,3,Delivery was acceptable.
REV_03321,ORD_03321,CUST_0320,3,Food was okay but delivery took some time.
REV_03322,ORD_03322,CUST_0394,3,Delivery was acceptable.
REV_03323,ORD_03323,CUST_0269,4,Loved the food and quick delivery.
REV_03324,ORD_03324,CUST_0191,3,The experience was okay.
REV_03325,ORD_03325,CUST_0861,4,Food was delicious and delivery was fast.
REV_03326,ORD_03326,CUST_0675,2,Very slow delivery and poor experience.
REV_03327,ORD_03327,CUST_0061,3,Average experience.
REV_03328,ORD_03328,CUST_0438,3,Food was okay but delivery took some time.
REV_03329,ORD_03329,CUST_0264,4,Food was delicious and delivery was fast.
REV_03330,ORD_03330,CUST_0797,3,Average experience.
REV_03331,ORD_03331,CUST_0095,3,Food was okay but delivery took some time.
REV_03332,ORD_03332,CUST_0553,2,Food arrived late.
REV_03333,ORD_03333,CUST_0926,4,Very good service and tasty food.
REV_03334,ORD_03334,CUST_0470,3,Food was decent but could be better.
REV_03335,ORD_03335,CUST_0661,3,The experience was okay.
REV_03336,ORD_03336,CUST_0716,4,Loved the food and quick delivery.
REV_03337,ORD_03337,CUST_0779,4,"Amazing experience, food arrived hot."
REV_03338,ORD_03338,CUST_0514,4,Great food and excellent service.
REV_03339,ORD_03339,CUST_0690,4,"Amazing experience, food arrived hot."
REV_03340,ORD_03340,CUST_0937,4,Great food and excellent service.
REV_03341,ORD_03341,CUST_0194,5,"Amazing experience, food arrived hot."
REV_03342,ORD_03342,CUST_0482,4,Food was delicious and delivery was fast.
REV_03343,ORD_03343,CUST_0899,5,Food was delicious and delivery was fast.
REV_03344,ORD_03344,CUST_0336,4,"Amazing experience, food arrived hot."
REV_03345,ORD_03345,CUST_0435,2,Order was delayed and food was not hot.
REV_03346,ORD_03346,CUST_0196,2,Very slow delivery and poor experience.
REV_03347,ORD_03347,CUST_0855,4,Loved the food and quick delivery.
REV_03348,ORD_03348,CUST_0249,2,Delivery was very late and food was cold.
REV_03349,ORD_03349,CUST_0498,4,"Amazing experience, food arrived hot."
REV_03350,ORD_03350,CUST_0212,5,Loved the food and quick delivery.
REV_03351,ORD_03351,CUST_0665,2,Delivery was very late and food was cold.
REV_03352,ORD_03352,CUST_0670,4,Very good service and tasty food.
REV_03353,ORD_03353,CUST_0466,3,Delivery was acceptable.
REV_03354,ORD_03354,CUST_0874,4,Loved the food and quick delivery.
REV_03355,ORD_03355,CUST_0651,3,Food was decent but could be better.
REV_03356,ORD_03356,CUST_0221,2,Delivery was very late and food was cold.
REV_03357,ORD_03357,CUST_0273,2,Order was delayed and food was not hot.
REV_03358,ORD_03358,CUST_0154,3,The experience was okay.
REV_03359,ORD_03359,CUST_0249,3,Average experience.
REV_03360,ORD_03360,CUST_0279,3,Food was decent but could be better.
REV_03361,ORD_03361,CUST_0440,4,Great food and excellent service.
REV_03362,ORD_03362,CUST_0948,4,"Amazing experience, food arrived hot."
REV_03363,ORD_03363,CUST_0816,1,Delivery was very late and food was cold.
REV_03364,ORD_03364,CUST_0276,5,Loved the food and quick delivery.
REV_03365,ORD_03365,CUST_0514,3,Food was okay but delivery took some time.
REV_03366,ORD_03366,CUST_0088,3,Average experience.
REV_03367,ORD_03367,CUST_0799,3,The experience was okay.
REV_03368,ORD_03368,CUST_0923,3,Food was okay but delivery took some time.
REV_03369,ORD_03369,CUST_0642,2,Delivery was very late and food was cold.
REV_03370,ORD_03370,CUST_0505,4,Food was delicious and delivery was fast.
REV_03371,ORD_03371,CUST_0590,4,Great food and excellent service.
REV_03372,ORD_03372,CUST_0772,5,Food was delicious and delivery was fast.
REV_03373,ORD_03373,CUST_0241,3,Delivery was acceptable.
REV_03374,ORD_03374,CUST_0653,4,"Amazing experience, food arrived hot."
REV_03375,ORD_03375,CUST_0740,3,Delivery was acceptable.
REV_03376,ORD_03376,CUST_0675,4,Great food and excellent service.
REV_03377,ORD_03377,CUST_0236,3,Average experience.
REV_03378,ORD_03378,CUST_0128,5,Food was delicious and delivery was fast.
REV_03379,ORD_03379,CUST_0503,4,Loved the food and quick delivery.
REV_03380,ORD_03380,CUST_0200,4,Very good service and tasty food.
REV_03381,ORD_03381,CUST_0962,3,Average experience.
REV_03382,ORD_03382,CUST_0902,4,"Amazing experience, food arrived hot."
REV_03383,ORD_03383,CUST_0543,4,Great food and excellent service.
REV_03384,ORD_03384,CUST_0502,4,Very good service and tasty food.
REV_03385,ORD_03385,CUST_0650,4,"Amazing experience, food arrived hot."
REV_03386,ORD_03386,CUST_0492,3,Food was decent but could be better.
REV_03387,ORD_03387,CUST_0021,3,Food was okay but delivery took some time.
REV_03388,ORD_03388,CUST_0234,4,Loved the food and quick delivery.
REV_03389,ORD_03389,CUST_0714,4,"Amazing experience, food arrived hot."
REV_03390,ORD_03390,CUST_0791,3,Food was okay but delivery took some time.
REV_03391,ORD_03391,CUST_0643,4,Loved the food and quick delivery.
REV_03392,ORD_03392,CUST_0416,4,Food was delicious and delivery was fast.
REV_03393,ORD_03393,CUST_0148,3,Average experience.
REV_03394,ORD_03394,CUST_0970,3,Average experience.
REV_03395,ORD_03395,CUST_0029,4,Loved the food and quick delivery.
REV_03396,ORD_03396,CUST_0361,3,Food was okay but delivery took some time.
REV_03397,ORD_03397,CUST_0308,3,Delivery was acceptable.
REV_03398,ORD_03398,CUST_0883,4,Food was delicious and delivery was fast.
REV_03399,ORD_03399,CUST_0942,5,Very good service and tasty food.
REV_03400,ORD_03400,CUST_0162,3,Food was decent but could be better.
REV_03401,ORD_03401,CUST_0869,3,Food was decent but could be better.
REV_03402,ORD_03402,CUST_0852,3,Food was decent but could be better.
REV_03403,ORD_03403,CUST_0061,3,Food was okay but delivery took some time.
REV_03404,ORD_03404,CUST_0125,3,The experience was okay.
REV_03405,ORD_03405,CUST_0456,3,Delivery was acceptable.
REV_03406,ORD_03406,CUST_0071,3,Food was okay but delivery took some time.
REV_03407,ORD_03407,CUST_0838,2,Very slow delivery and poor experience.
REV_03408,ORD_03408,CUST_0907,4,Great food and excellent service.
REV_03409,ORD_03409,CUST_0876,3,Food was decent but could be better.
REV_03410,ORD_03410,CUST_0466,4,Loved the food and quick delivery.
REV_03411,ORD_03411,CUST_0243,3,Food was decent but could be better.
REV_03412,ORD_03412,CUST_0490,3,The experience was okay.
REV_03413,ORD_03413,CUST_0761,5,Great food and excellent service.
REV_03414,ORD_03414,CUST_0221,4,Very good service and tasty food.
REV_03415,ORD_03415,CUST_0473,2,Very slow delivery and poor experience.
REV_03416,ORD_03416,CUST_0959,3,The experience was okay.
REV_03417,ORD_03417,CUST_0533,4,Very good service and tasty food.
REV_03418,ORD_03418,CUST_0494,4,Great food and excellent service.
REV_03419,ORD_03419,CUST_0899,4,Loved the food and quick delivery.
REV_03420,ORD_03420,CUST_0082,3,Average experience.
REV_03421,ORD_03421,CUST_0856,2,Food arrived late.
REV_03422,ORD_03422,CUST_0879,3,Food was okay but delivery took some time.
REV_03423,ORD_03423,CUST_0998,4,Very good service and tasty food.
REV_03424,ORD_03424,CUST_0522,4,Food was delicious and delivery was fast.
REV_03425,ORD_03425,CUST_0923,3,Average experience.
REV_03426,ORD_03426,CUST_0012,4,Loved the food and quick delivery.
REV_03427,ORD_03427,CUST_0263,4,"Amazing experience, food arrived hot."
REV_03428,ORD_03428,CUST_0657,3,Food was okay but delivery took some time.
REV_03429,ORD_03429,CUST_0449,4,"Amazing experience, food arrived hot."
REV_03430,ORD_03430,CUST_0192,2,Delivery was very late and food was cold.
REV_03431,ORD_03431,CUST_0762,3,Delivery was acceptable.
REV_03432,ORD_03432,CUST_0114,4,"Amazing experience, food arrived hot."
REV_03433,ORD_03433,CUST_0026,2,Delivery was very late and food was cold.
REV_03434,ORD_03434,CUST_0783,5,Great food and excellent service.
REV_03435,ORD_03435,CUST_0499,5,Loved the food and quick delivery.
REV_03436,ORD_03436,CUST_0508,2,Food arrived late.
REV_03437,ORD_03437,CUST_0545,4,Very good service and tasty food.
REV_03438,ORD_03438,CUST_0062,3,Delivery was acceptable.
REV_03439,ORD_03439,CUST_0229,4,Food was delicious and delivery was fast.
REV_03440,ORD_03440,CUST_0815,3,Average experience.
REV_03441,ORD_03441,CUST_0607,3,Food was decent but could be better.
REV_03442,ORD_03442,CUST_0035,3,Food was okay but delivery took some time.
REV_03443,ORD_03443,CUST_0705,2,Delivery was very late and food was cold.
REV_03444,ORD_03444,CUST_0456,3,Average experience.
REV_03445,ORD_03445,CUST_0588,3,The experience was okay.
REV_03446,ORD_03446,CUST_0891,4,Very good service and tasty food.
REV_03447,ORD_03447,CUST_0502,4,"Amazing experience, food arrived hot."
REV_03448,ORD_03448,CUST_0761,4,Very good service and tasty food.
REV_03449,ORD_03449,CUST_0595,3,Food was okay but delivery took some time.
REV_03450,ORD_03450,CUST_0025,4,Loved the food and quick delivery.
REV_03451,ORD_03451,CUST_0569,2,Delivery was very late and food was cold.
REV_03452,ORD_03452,CUST_0032,4,Loved the food and quick delivery.
REV_03453,ORD_03453,CUST_0831,3,Average experience.
REV_03454,ORD_03454,CUST_0012,3,Delivery was acceptable.
REV_03455,ORD_03455,CUST_0319,3,Food was okay but delivery took some time.
REV_03456,ORD_03456,CUST_0845,4,Loved the food and quick delivery.
REV_03457,ORD_03457,CUST_0604,2,The delivery took too long.
REV_03458,ORD_03458,CUST_0001,3,Food was okay but delivery took some time.
REV_03459,ORD_03459,CUST_0435,3,Delivery was acceptable.
REV_03460,ORD_03460,CUST_0838,4,Great food and excellent service.
REV_03461,ORD_03461,CUST_0136,3,Average experience.
REV_03462,ORD_03462,CUST_0196,4,"Amazing experience, food arrived hot."
REV_03463,ORD_03463,CUST_0133,4,"Amazing experience, food arrived hot."
REV_03464,ORD_03464,CUST_0985,4,"Amazing experience, food arrived hot."
REV_03465,ORD_03465,CUST_0086,2,Order was delayed and food was not hot.
REV_03466,ORD_03466,CUST_0476,2,Very slow delivery and poor experience.
REV_03467,ORD_03467,CUST_0807,4,"Amazing experience, food arrived hot."
REV_03468,ORD_03468,CUST_0791,3,Delivery was acceptable.
REV_03469,ORD_03469,CUST_0324,3,Food was decent but could be better.
REV_03470,ORD_03470,CUST_0180,5,Great food and excellent service.
REV_03471,ORD_03471,CUST_0516,3,Food was okay but delivery took some time.
REV_03472,ORD_03472,CUST_0638,1,Food arrived late.
REV_03473,ORD_03473,CUST_0175,2,Food arrived late.
REV_03474,ORD_03474,CUST_0763,3,The experience was okay.
REV_03475,ORD_03475,CUST_0021,3,Food was okay but delivery took some time.
REV_03476,ORD_03476,CUST_0997,3,Average experience.
REV_03477,ORD_03477,CUST_0952,2,Delivery was very late and food was cold.
REV_03478,ORD_03478,CUST_0105,3,Average experience.
REV_03479,ORD_03479,CUST_0578,2,Order was delayed and food was not hot.
REV_03480,ORD_03480,CUST_0443,5,Very good service and tasty food.
REV_03481,ORD_03481,CUST_0775,4,"Amazing experience, food arrived hot."
REV_03482,ORD_03482,CUST_0049,4,Very good service and tasty food.
REV_03483,ORD_03483,CUST_0528,3,Food was okay but delivery took some time.
REV_03484,ORD_03484,CUST_0145,3,The experience was okay.
REV_03485,ORD_03485,CUST_0340,3,Food was decent but could be better.
REV_03486,ORD_03486,CUST_0762,4,Great food and excellent service.
REV_03487,ORD_03487,CUST_0855,4,Very good service and tasty food.
REV_03488,ORD_03488,CUST_0354,2,Very slow delivery and poor experience.
REV_03489,ORD_03489,CUST_0075,3,Delivery was acceptable.
REV_03490,ORD_03490,CUST_0802,1,Very slow delivery and poor experience.
REV_03491,ORD_03491,CUST_0929,4,Food was delicious and delivery was fast.
REV_03492,ORD_03492,CUST_0794,3,Food was okay but delivery took some time.
REV_03493,ORD_03493,CUST_0578,1,Food arrived late.
REV_03494,ORD_03494,CUST_0637,3,Food was decent but could be better.
REV_03495,ORD_03495,CUST_0319,4,Loved the food and quick delivery.
REV_03496,ORD_03496,CUST_0087,4,Food was delicious and delivery was fast.
REV_03497,ORD_03497,CUST_0553,3,Average experience.
REV_03498,ORD_03498,CUST_0982,3,Food was decent but could be better.
REV_03499,ORD_03499,CUST_0698,4,Great food and excellent service.
REV_03500,ORD_03500,CUST_0866,3,Food was okay but delivery took some time.
REV_03501,ORD_03501,CUST_0892,3,Average experience.
REV_03502,ORD_03502,CUST_0847,4,"Amazing experience, food arrived hot."
REV_03503,ORD_03503,CUST_0778,3,Delivery was acceptable.
REV_03504,ORD_03504,CUST_0783,2,The delivery took too long.
REV_03505,ORD_03505,CUST_0042,3,Food was okay but delivery took some time.
REV_03506,ORD_03506,CUST_0093,4,"Amazing experience, food arrived hot."
REV_03507,ORD_03507,CUST_0697,4,"Amazing experience, food arrived hot."
REV_03508,ORD_03508,CUST_0727,2,Food arrived late.
REV_03509,ORD_03509,CUST_0507,4,Food was delicious and delivery was fast.
REV_03510,ORD_03510,CUST_0529,3,Delivery was acceptable.
REV_03511,ORD_03511,CUST_0956,4,Very good service and tasty food.
REV_03512,ORD_03512,CUST_0265,1,The delivery took too long.
REV_03513,ORD_03513,CUST_0626,3,The experience was okay.
REV_03514,ORD_03514,CUST_0292,4,Great food and excellent service.
REV_03515,ORD_03515,CUST_0969,3,Food was okay but delivery took some time.
REV_03516,ORD_03516,CUST_0464,1,Order was delayed and food was not hot.
REV_03517,ORD_03517,CUST_0804,3,Food was okay but delivery took some time.
REV_03518,ORD_03518,CUST_0560,2,Food arrived late.
REV_03519,ORD_03519,CUST_0819,3,Food was okay but delivery took some time.
REV_03520,ORD_03520,CUST_0097,3,Food was okay but delivery took some time.
REV_03521,ORD_03521,CUST_0887,5,Food was delicious and delivery was fast.
REV_03522,ORD_03522,CUST_0095,4,Great food and excellent service.
REV_03523,ORD_03523,CUST_0326,3,Average experience.
REV_03524,ORD_03524,CUST_0074,2,Food arrived late.
REV_03525,ORD_03525,CUST_0336,3,Delivery was acceptable.
REV_03526,ORD_03526,CUST_0068,4,"Amazing experience, food arrived hot."
REV_03527,ORD_03527,CUST_0758,3,Food was okay but delivery took some time.
REV_03528,ORD_03528,CUST_0918,2,The delivery took too long.
REV_03529,ORD_03529,CUST_0077,3,The experience was okay.
REV_03530,ORD_03530,CUST_0208,4,"Amazing experience, food arrived hot."
REV_03531,ORD_03531,CUST_0884,4,Food was delicious and delivery was fast.
REV_03532,ORD_03532,CUST_0766,4,Food was delicious and delivery was fast.
REV_03533,ORD_03533,CUST_0221,4,Food was delicious and delivery was fast.
REV_03534,ORD_03534,CUST_0262,4,Great food and excellent service.
REV_03535,ORD_03535,CUST_0410,4,Very good service and tasty food.
REV_03536,ORD_03536,CUST_0331,4,Great food and excellent service.
REV_03537,ORD_03537,CUST_0344,5,Food was delicious and delivery was fast.
REV_03538,ORD_03538,CUST_0989,2,Very slow delivery and poor experience.
REV_03539,ORD_03539,CUST_0771,1,Delivery was very late and food was cold.
REV_03540,ORD_03540,CUST_0820,4,Food was delicious and delivery was fast.
REV_03541,ORD_03541,CUST_0074,4,Very good service and tasty food.
REV_03542,ORD_03542,CUST_0637,4,Food was delicious and delivery was fast.
REV_03543,ORD_03543,CUST_0700,3,Average experience.
REV_03544,ORD_03544,CUST_0254,3,The experience was okay.
REV_03545,ORD_03545,CUST_0959,4,Very good service and tasty food.
REV_03546,ORD_03546,CUST_0833,2,Order was delayed and food was not hot.
REV_03547,ORD_03547,CUST_0820,3,Delivery was acceptable.
REV_03548,ORD_03548,CUST_0747,5,Food was delicious and delivery was fast.
REV_03549,ORD_03549,CUST_0986,4,Very good service and tasty food.
REV_03550,ORD_03550,CUST_0762,4,Very good service and tasty food.
REV_03551,ORD_03551,CUST_0332,2,Food arrived late.
REV_03552,ORD_03552,CUST_0398,3,Food was decent but could be better.
REV_03553,ORD_03553,CUST_0345,4,Great food and excellent service.
REV_03554,ORD_03554,CUST_0584,3,Average experience.
REV_03555,ORD_03555,CUST_0747,3,Food was decent but could be better.
REV_03556,ORD_03556,CUST_0836,4,"Amazing experience, food arrived hot."
REV_03557,ORD_03557,CUST_0668,3,Delivery was acceptable.
REV_03558,ORD_03558,CUST_0455,3,Average experience.
REV_03559,ORD_03559,CUST_0906,4,Food was delicious and delivery was fast.
REV_03560,ORD_03560,CUST_0115,2,The delivery took too long.
REV_03561,ORD_03561,CUST_0313,3,The experience was okay.
REV_03562,ORD_03562,CUST_0228,3,The experience was okay.
REV_03563,ORD_03563,CUST_0834,3,Average experience.
REV_03564,ORD_03564,CUST_0858,3,Food was decent but could be better.
REV_03565,ORD_03565,CUST_0245,4,Very good service and tasty food.
REV_03566,ORD_03566,CUST_0818,3,Delivery was acceptable.
REV_03567,ORD_03567,CUST_0526,2,The delivery took too long.
REV_03568,ORD_03568,CUST_0528,2,Order was delayed and food was not hot.
REV_03569,ORD_03569,CUST_0950,4,Food was delicious and delivery was fast.
REV_03570,ORD_03570,CUST_0427,4,Food was delicious and delivery was fast.
REV_03571,ORD_03571,CUST_0042,3,Food was decent but could be better.
REV_03572,ORD_03572,CUST_0465,4,Very good service and tasty food.
REV_03573,ORD_03573,CUST_0622,4,Great food and excellent service.
REV_03574,ORD_03574,CUST_0278,4,Very good service and tasty food.
REV_03575,ORD_03575,CUST_0836,5,Great food and excellent service.
REV_03576,ORD_03576,CUST_0019,2,The delivery took too long.
REV_03577,ORD_03577,CUST_0066,3,Average experience.
REV_03578,ORD_03578,CUST_0167,4,Loved the food and quick delivery.
REV_03579,ORD_03579,CUST_0585,2,Delivery was very late and food was cold.
REV_03580,ORD_03580,CUST_0403,4,Very good service and tasty food.
REV_03581,ORD_03581,CUST_0912,3,Food was decent but could be better.
REV_03582,ORD_03582,CUST_0822,2,Order was delayed and food was not hot.
REV_03583,ORD_03583,CUST_0409,3,The experience was okay.
REV_03584,ORD_03584,CUST_0112,2,Order was delayed and food was not hot.
REV_03585,ORD_03585,CUST_0274,3,Food was decent but could be better.
REV_03586,ORD_03586,CUST_0407,3,The experience was okay.
REV_03587,ORD_03587,CUST_0373,4,Loved the food and quick delivery.
REV_03588,ORD_03588,CUST_0597,4,"Amazing experience, food arrived hot."
REV_03589,ORD_03589,CUST_0651,4,Very good service and tasty food.
REV_03590,ORD_03590,CUST_0039,3,Food was decent but could be better.
REV_03591,ORD_03591,CUST_0105,3,Average experience.
REV_03592,ORD_03592,CUST_0324,4,Food was delicious and delivery was fast.
REV_03593,ORD_03593,CUST_0793,3,Food was decent but could be better.
REV_03594,ORD_03594,CUST_0959,2,The delivery took too long.
REV_03595,ORD_03595,CUST_0992,2,Food arrived late.
REV_03596,ORD_03596,CUST_0414,2,Delivery was very late and food was cold.
REV_03597,ORD_03597,CUST_0429,3,Food was decent but could be better.
REV_03598,ORD_03598,CUST_0635,3,Food was okay but delivery took some time.
REV_03599,ORD_03599,CUST_0730,4,Very good service and tasty food.
REV_03600,ORD_03600,CUST_0889,3,The experience was okay.
REV_03601,ORD_03601,CUST_0061,3,Food was decent but could be better.
REV_03602,ORD_03602,CUST_0612,3,The experience was okay.
REV_03603,ORD_03603,CUST_0307,3,Average experience.
REV_03604,ORD_03604,CUST_0354,3,Average experience.
REV_03605,ORD_03605,CUST_0393,3,Food was okay but delivery took some time.
REV_03606,ORD_03606,CUST_0204,3,Average experience.
REV_03607,ORD_03607,CUST_0258,5,Great food and excellent service.
REV_03608,ORD_03608,CUST_0486,3,Food was decent but could be better.
REV_03609,ORD_03609,CUST_0517,4,Loved the food and quick delivery.
REV_03610,ORD_03610,CUST_0446,5,Food was delicious and delivery was fast.
REV_03611,ORD_03611,CUST_0709,4,Great food and excellent service.
REV_03612,ORD_03612,CUST_0180,3,The experience was okay.
REV_03613,ORD_03613,CUST_0342,3,Delivery was acceptable.
REV_03614,ORD_03614,CUST_0133,2,Very slow delivery and poor experience.
REV_03615,ORD_03615,CUST_0443,4,Great food and excellent service.
REV_03616,ORD_03616,CUST_0836,3,Average experience.
REV_03617,ORD_03617,CUST_0253,4,Great food and excellent service.
REV_03618,ORD_03618,CUST_0265,3,The experience was okay.
REV_03619,ORD_03619,CUST_0093,4,"Amazing experience, food arrived hot."
REV_03620,ORD_03620,CUST_0662,3,Food was decent but could be better.
REV_03621,ORD_03621,CUST_0411,2,The delivery took too long.
REV_03622,ORD_03622,CUST_0138,4,Food was delicious and delivery was fast.
REV_03623,ORD_03623,CUST_0208,3,Food was decent but could be better.
REV_03624,ORD_03624,CUST_0637,5,Loved the food and quick delivery.
REV_03625,ORD_03625,CUST_0746,3,The experience was okay.
REV_03626,ORD_03626,CUST_0573,3,Average experience.
REV_03627,ORD_03627,CUST_0307,5,Loved the food and quick delivery.
REV_03628,ORD_03628,CUST_0266,4,Great food and excellent service.
REV_03629,ORD_03629,CUST_0646,2,Order was delayed and food was not hot.
REV_03630,ORD_03630,CUST_0318,5,Loved the food and quick delivery.
REV_03631,ORD_03631,CUST_0113,3,Food was decent but could be better.
REV_03632,ORD_03632,CUST_0901,4,Great food and excellent service.
REV_03633,ORD_03633,CUST_0378,5,Very good service and tasty food.
REV_03634,ORD_03634,CUST_0454,5,Food was delicious and delivery was fast.
REV_03635,ORD_03635,CUST_0191,2,Delivery was very late and food was cold.
REV_03636,ORD_03636,CUST_0891,2,Delivery was very late and food was cold.
REV_03637,ORD_03637,CUST_0440,4,Great food and excellent service.
REV_03638,ORD_03638,CUST_0187,3,The experience was okay.
REV_03639,ORD_03639,CUST_0831,4,Great food and excellent service.
REV_03640,ORD_03640,CUST_0367,4,Food was delicious and delivery was fast.
REV_03641,ORD_03641,CUST_0089,3,The experience was okay.
REV_03642,ORD_03642,CUST_0187,2,Order was delayed and food was not hot.
REV_03643,ORD_03643,CUST_0819,2,Delivery was very late and food was cold.
REV_03644,ORD_03644,CUST_0946,4,"Amazing experience, food arrived hot."
REV_03645,ORD_03645,CUST_0132,4,Loved the food and quick delivery.
REV_03646,ORD_03646,CUST_0872,4,Great food and excellent service.
REV_03647,ORD_03647,CUST_0635,4,Great food and excellent service.
REV_03648,ORD_03648,CUST_0560,3,Food was decent but could be better.
REV_03649,ORD_03649,CUST_0800,3,Average experience.
REV_03650,ORD_03650,CUST_0376,4,"Amazing experience, food arrived hot."
REV_03651,ORD_03651,CUST_0691,4,Food was delicious and delivery was fast.
REV_03652,ORD_03652,CUST_0692,2,Delivery was very late and food was cold.
REV_03653,ORD_03653,CUST_0099,2,Food arrived late.
REV_03654,ORD_03654,CUST_0842,3,The experience was okay.
REV_03655,ORD_03655,CUST_0034,3,Average experience.
REV_03656,ORD_03656,CUST_0932,2,Delivery was very late and food was cold.
REV_03657,ORD_03657,CUST_0582,3,The experience was okay.
REV_03658,ORD_03658,CUST_0171,4,"Amazing experience, food arrived hot."
REV_03659,ORD_03659,CUST_0366,3,Food was okay but delivery took some time.
REV_03660,ORD_03660,CUST_0784,2,Very slow delivery and poor experience.
REV_03661,ORD_03661,CUST_0059,3,Delivery was acceptable.
REV_03662,ORD_03662,CUST_0181,3,The experience was okay.
REV_03663,ORD_03663,CUST_0019,3,Food was okay but delivery took some time.
REV_03664,ORD_03664,CUST_0226,1,Very slow delivery and poor experience.
REV_03665,ORD_03665,CUST_0473,4,"Amazing experience, food arrived hot."
REV_03666,ORD_03666,CUST_0095,2,Very slow delivery and poor experience.
REV_03667,ORD_03667,CUST_0881,4,Great food and excellent service.
REV_03668,ORD_03668,CUST_0297,3,Average experience.
REV_03669,ORD_03669,CUST_0593,3,Delivery was acceptable.
REV_03670,ORD_03670,CUST_0175,4,Very good service and tasty food.
REV_03671,ORD_03671,CUST_0222,2,Very slow delivery and poor experience.
REV_03672,ORD_03672,CUST_0615,3,Average experience.
REV_03673,ORD_03673,CUST_0054,3,The experience was okay.
REV_03674,ORD_03674,CUST_0695,3,The experience was okay.
REV_03675,ORD_03675,CUST_0863,4,"Amazing experience, food arrived hot."
REV_03676,ORD_03676,CUST_0403,3,Average experience.
REV_03677,ORD_03677,CUST_0318,2,The delivery took too long.
REV_03678,ORD_03678,CUST_0867,4,Great food and excellent service.
REV_03679,ORD_03679,CUST_0349,4,Very good service and tasty food.
REV_03680,ORD_03680,CUST_0443,4,"Amazing experience, food arrived hot."
REV_03681,ORD_03681,CUST_0833,4,"Amazing experience, food arrived hot."
REV_03682,ORD_03682,CUST_0580,1,Food arrived late.
REV_03683,ORD_03683,CUST_0540,3,Average experience.
REV_03684,ORD_03684,CUST_0786,4,Food was delicious and delivery was fast.
REV_03685,ORD_03685,CUST_0282,3,The experience was okay.
REV_03686,ORD_03686,CUST_0360,4,Very good service and tasty food.
REV_03687,ORD_03687,CUST_0915,2,The delivery took too long.
REV_03688,ORD_03688,CUST_0823,3,Food was okay but delivery took some time.
REV_03689,ORD_03689,CUST_0631,2,Food arrived late.
REV_03690,ORD_03690,CUST_0892,3,The experience was okay.
REV_03691,ORD_03691,CUST_0953,3,Food was decent but could be better.
REV_03692,ORD_03692,CUST_0646,4,Loved the food and quick delivery.
REV_03693,ORD_03693,CUST_0641,2,Food arrived late.
REV_03694,ORD_03694,CUST_0008,4,Loved the food and quick delivery.
REV_03695,ORD_03695,CUST_0993,4,Food was delicious and delivery was fast.
REV_03696,ORD_03696,CUST_0563,3,Delivery was acceptable.
REV_03697,ORD_03697,CUST_0491,3,Average experience.
REV_03698,ORD_03698,CUST_0341,4,"Amazing experience, food arrived hot."
REV_03699,ORD_03699,CUST_0472,3,Food was okay but delivery took some time.
REV_03700,ORD_03700,CUST_0793,1,Food arrived late.
REV_03701,ORD_03701,CUST_0687,2,Very slow delivery and poor experience.
REV_03702,ORD_03702,CUST_0695,5,"Amazing experience, food arrived hot."
REV_03703,ORD_03703,CUST_0704,1,Food arrived late.
REV_03704,ORD_03704,CUST_0249,2,Delivery was very late and food was cold.
REV_03705,ORD_03705,CUST_0235,3,Food was decent but could be better.
REV_03706,ORD_03706,CUST_0083,3,Delivery was acceptable.
REV_03707,ORD_03707,CUST_0093,2,Delivery was very late and food was cold.
REV_03708,ORD_03708,CUST_0885,3,Food was decent but could be better.
REV_03709,ORD_03709,CUST_0394,3,Average experience.
REV_03710,ORD_03710,CUST_0824,4,Great food and excellent service.
REV_03711,ORD_03711,CUST_0268,2,Delivery was very late and food was cold.
REV_03712,ORD_03712,CUST_0417,3,Food was decent but could be better.
REV_03713,ORD_03713,CUST_0632,3,Food was decent but could be better.
REV_03714,ORD_03714,CUST_0583,3,Food was okay but delivery took some time.
REV_03715,ORD_03715,CUST_0529,4,Food was delicious and delivery was fast.
REV_03716,ORD_03716,CUST_0253,3,Food was okay but delivery took some time.
REV_03717,ORD_03717,CUST_0957,4,Very good service and tasty food.
REV_03718,ORD_03718,CUST_0122,2,Order was delayed and food was not hot.
REV_03719,ORD_03719,CUST_0892,2,Order was delayed and food was not hot.
REV_03720,ORD_03720,CUST_0010,3,Average experience.
REV_03721,ORD_03721,CUST_0799,3,Delivery was acceptable.
REV_03722,ORD_03722,CUST_0316,2,Order was delayed and food was not hot.
REV_03723,ORD_03723,CUST_0838,3,Delivery was acceptable.
REV_03724,ORD_03724,CUST_0273,3,Food was decent but could be better.
REV_03725,ORD_03725,CUST_0306,3,The experience was okay.
REV_03726,ORD_03726,CUST_0805,2,Order was delayed and food was not hot.
REV_03727,ORD_03727,CUST_0210,4,Food was delicious and delivery was fast.
REV_03728,ORD_03728,CUST_0958,3,Delivery was acceptable.
REV_03729,ORD_03729,CUST_0730,5,Loved the food and quick delivery.
REV_03730,ORD_03730,CUST_0753,3,Average experience.
REV_03731,ORD_03731,CUST_0886,1,Food arrived late.
REV_03732,ORD_03732,CUST_0464,2,Order was delayed and food was not hot.
REV_03733,ORD_03733,CUST_0712,4,Food was delicious and delivery was fast.
REV_03734,ORD_03734,CUST_0728,5,Food was delicious and delivery was fast.
REV_03735,ORD_03735,CUST_0717,3,Food was decent but could be better.
REV_03736,ORD_03736,CUST_0925,3,Food was okay but delivery took some time.
REV_03737,ORD_03737,CUST_0416,5,"Amazing experience, food arrived hot."
REV_03738,ORD_03738,CUST_0216,4,"Amazing experience, food arrived hot."
REV_03739,ORD_03739,CUST_0080,3,Food was okay but delivery took some time.
REV_03740,ORD_03740,CUST_0779,4,Food was delicious and delivery was fast.
REV_03741,ORD_03741,CUST_0480,5,"Amazing experience, food arrived hot."
REV_03742,ORD_03742,CUST_0902,2,Food arrived late.
REV_03743,ORD_03743,CUST_0891,4,Very good service and tasty food.
REV_03744,ORD_03744,CUST_0547,4,Great food and excellent service.
REV_03745,ORD_03745,CUST_0801,5,Food was delicious and delivery was fast.
REV_03746,ORD_03746,CUST_0018,3,The experience was okay.
REV_03747,ORD_03747,CUST_0165,3,Food was okay but delivery took some time.
REV_03748,ORD_03748,CUST_0525,2,Very slow delivery and poor experience.
REV_03749,ORD_03749,CUST_0202,3,The experience was okay.
REV_03750,ORD_03750,CUST_0741,4,Loved the food and quick delivery.
REV_03751,ORD_03751,CUST_0346,3,Delivery was acceptable.
REV_03752,ORD_03752,CUST_0366,2,Delivery was very late and food was cold.
REV_03753,ORD_03753,CUST_0977,2,Order was delayed and food was not hot.
REV_03754,ORD_03754,CUST_0448,3,Average experience.
REV_03755,ORD_03755,CUST_0513,2,The delivery took too long.
REV_03756,ORD_03756,CUST_0319,4,Very good service and tasty food.
REV_03757,ORD_03757,CUST_0217,4,Great food and excellent service.
REV_03758,ORD_03758,CUST_0034,2,Delivery was very late and food was cold.
REV_03759,ORD_03759,CUST_0871,4,Food was delicious and delivery was fast.
REV_03760,ORD_03760,CUST_0266,2,Very slow delivery and poor experience.
REV_03761,ORD_03761,CUST_0640,3,Average experience.
REV_03762,ORD_03762,CUST_0724,4,Great food and excellent service.
REV_03763,ORD_03763,CUST_0775,3,Delivery was acceptable.
REV_03764,ORD_03764,CUST_0824,3,The experience was okay.
REV_03765,ORD_03765,CUST_0080,4,Loved the food and quick delivery.
REV_03766,ORD_03766,CUST_0677,2,Very slow delivery and poor experience.
REV_03767,ORD_03767,CUST_0413,3,Food was decent but could be better.
REV_03768,ORD_03768,CUST_0252,2,Very slow delivery and poor experience.
REV_03769,ORD_03769,CUST_0012,4,Great food and excellent service.
REV_03770,ORD_03770,CUST_0401,3,Food was okay but delivery took some time.
REV_03771,ORD_03771,CUST_0816,2,Delivery was very late and food was cold.
REV_03772,ORD_03772,CUST_0724,4,Very good service and tasty food.
REV_03773,ORD_03773,CUST_0282,2,The delivery took too long.
REV_03774,ORD_03774,CUST_0112,3,The experience was okay.
REV_03775,ORD_03775,CUST_0723,2,Order was delayed and food was not hot.
REV_03776,ORD_03776,CUST_0378,3,Average experience.
REV_03777,ORD_03777,CUST_0751,3,Food was okay but delivery took some time.
REV_03778,ORD_03778,CUST_0268,2,Very slow delivery and poor experience.
REV_03779,ORD_03779,CUST_0917,4,Food was delicious and delivery was fast.
REV_03780,ORD_03780,CUST_0298,3,Delivery was acceptable.
REV_03781,ORD_03781,CUST_0317,3,Food was okay but delivery took some time.
REV_03782,ORD_03782,CUST_0570,5,"Amazing experience, food arrived hot."
REV_03783,ORD_03783,CUST_0509,4,Loved the food and quick delivery.
REV_03784,ORD_03784,CUST_0950,5,Very good service and tasty food.
REV_03785,ORD_03785,CUST_0546,4,Great food and excellent service.
REV_03786,ORD_03786,CUST_0775,4,Food was delicious and delivery was fast.
REV_03787,ORD_03787,CUST_0365,4,Food was delicious and delivery was fast.
REV_03788,ORD_03788,CUST_0547,3,Average experience.
REV_03789,ORD_03789,CUST_0271,3,Average experience.
REV_03790,ORD_03790,CUST_0961,4,"Amazing experience, food arrived hot."
REV_03791,ORD_03791,CUST_0474,3,Food was okay but delivery took some time.
REV_03792,ORD_03792,CUST_0739,4,Very good service and tasty food.
REV_03793,ORD_03793,CUST_0537,3,Food was okay but delivery took some time.
REV_03794,ORD_03794,CUST_0234,4,"Amazing experience, food arrived hot."
REV_03795,ORD_03795,CUST_0059,4,Very good service and tasty food.
REV_03796,ORD_03796,CUST_0251,4,Very good service and tasty food.
REV_03797,ORD_03797,CUST_0847,3,Delivery was acceptable.
REV_03798,ORD_03798,CUST_0086,3,Food was decent but could be better.
REV_03799,ORD_03799,CUST_0763,4,Food was delicious and delivery was fast.
REV_03800,ORD_03800,CUST_0390,2,The delivery took too long.
REV_03801,ORD_03801,CUST_0180,4,Very good service and tasty food.
REV_03802,ORD_03802,CUST_0719,5,Great food and excellent service.
REV_03803,ORD_03803,CUST_0856,3,Food was decent but could be better.
REV_03804,ORD_03804,CUST_0149,4,Very good service and tasty food.
REV_03805,ORD_03805,CUST_0583,2,Very slow delivery and poor experience.
REV_03806,ORD_03806,CUST_0121,4,Great food and excellent service.
REV_03807,ORD_03807,CUST_0765,3,Delivery was acceptable.
REV_03808,ORD_03808,CUST_0605,4,Food was delicious and delivery was fast.
REV_03809,ORD_03809,CUST_0256,3,Food was decent but could be better.
REV_03810,ORD_03810,CUST_0766,4,Very good service and tasty food.
REV_03811,ORD_03811,CUST_0864,2,Order was delayed and food was not hot.
REV_03812,ORD_03812,CUST_0800,2,Very slow delivery and poor experience.
REV_03813,ORD_03813,CUST_0309,4,Great food and excellent service.
REV_03814,ORD_03814,CUST_0059,2,Very slow delivery and poor experience.
REV_03815,ORD_03815,CUST_0069,4,Loved the food and quick delivery.
REV_03816,ORD_03816,CUST_0446,3,Food was okay but delivery took some time.
REV_03817,ORD_03817,CUST_0388,3,Average experience.
REV_03818,ORD_03818,CUST_0086,2,Delivery was very late and food was cold.
REV_03819,ORD_03819,CUST_0786,2,Delivery was very late and food was cold.
REV_03820,ORD_03820,CUST_0227,4,"Amazing experience, food arrived hot."
REV_03821,ORD_03821,CUST_0593,3,The experience was okay.
REV_03822,ORD_03822,CUST_0626,3,Delivery was acceptable.
REV_03823,ORD_03823,CUST_0184,2,The delivery took too long.
REV_03824,ORD_03824,CUST_0792,4,Great food and excellent service.
REV_03825,ORD_03825,CUST_0322,3,The experience was okay.
REV_03826,ORD_03826,CUST_0909,2,Delivery was very late and food was cold.
REV_03827,ORD_03827,CUST_0318,2,Order was delayed and food was not hot.
REV_03828,ORD_03828,CUST_0566,4,Loved the food and quick delivery.
REV_03829,ORD_03829,CUST_0399,2,Order was delayed and food was not hot.
REV_03830,ORD_03830,CUST_0709,4,Loved the food and quick delivery.
REV_03831,ORD_03831,CUST_0899,2,Order was delayed and food was not hot.
REV_03832,ORD_03832,CUST_0293,3,The experience was okay.
REV_03833,ORD_03833,CUST_0293,3,Average experience.
REV_03834,ORD_03834,CUST_0485,2,Order was delayed and food was not hot.
REV_03835,ORD_03835,CUST_0899,5,"Amazing experience, food arrived hot."
REV_03836,ORD_03836,CUST_0447,4,Food was delicious and delivery was fast.
REV_03837,ORD_03837,CUST_0803,3,Delivery was acceptable.
REV_03838,ORD_03838,CUST_0692,3,Food was okay but delivery took some time.
REV_03839,ORD_03839,CUST_0983,3,The experience was okay.
REV_03840,ORD_03840,CUST_0892,4,Loved the food and quick delivery.
REV_03841,ORD_03841,CUST_0412,4,Loved the food and quick delivery.
REV_03842,ORD_03842,CUST_0508,3,The experience was okay.
REV_03843,ORD_03843,CUST_0734,3,The experience was okay.
REV_03844,ORD_03844,CUST_0786,3,Average experience.
REV_03845,ORD_03845,CUST_0890,2,Delivery was very late and food was cold.
REV_03846,ORD_03846,CUST_0244,3,Delivery was acceptable.
REV_03847,ORD_03847,CUST_0420,3,Average experience.
REV_03848,ORD_03848,CUST_0929,4,Great food and excellent service.
REV_03849,ORD_03849,CUST_0960,3,Average experience.
REV_03850,ORD_03850,CUST_0154,4,Great food and excellent service.
REV_03851,ORD_03851,CUST_0816,3,Average experience.
REV_03852,ORD_03852,CUST_0424,3,Food was okay but delivery took some time.
REV_03853,ORD_03853,CUST_0273,2,Order was delayed and food was not hot.
REV_03854,ORD_03854,CUST_0936,3,Food was okay but delivery took some time.
REV_03855,ORD_03855,CUST_0647,3,Delivery was acceptable.
REV_03856,ORD_03856,CUST_0825,3,Average experience.
REV_03857,ORD_03857,CUST_0520,2,Food arrived late.
REV_03858,ORD_03858,CUST_0128,4,Loved the food and quick delivery.
REV_03859,ORD_03859,CUST_0373,2,Very slow delivery and poor experience.
REV_03860,ORD_03860,CUST_0568,4,"Amazing experience, food arrived hot."
REV_03861,ORD_03861,CUST_0638,3,Food was okay but delivery took some time.
REV_03862,ORD_03862,CUST_0159,3,Food was okay but delivery took some time.
REV_03863,ORD_03863,CUST_0571,3,Delivery was acceptable.
REV_03864,ORD_03864,CUST_0570,3,The experience was okay.
REV_03865,ORD_03865,CUST_0652,2,Order was delayed and food was not hot.
REV_03866,ORD_03866,CUST_0176,5,Loved the food and quick delivery.
REV_03867,ORD_03867,CUST_0927,3,Food was decent but could be better.
REV_03868,ORD_03868,CUST_0620,4,"Amazing experience, food arrived hot."
REV_03869,ORD_03869,CUST_0211,3,The experience was okay.
REV_03870,ORD_03870,CUST_0447,2,Order was delayed and food was not hot.
REV_03871,ORD_03871,CUST_0586,2,Delivery was very late and food was cold.
REV_03872,ORD_03872,CUST_0167,4,Loved the food and quick delivery.
REV_03873,ORD_03873,CUST_0460,3,The experience was okay.
REV_03874,ORD_03874,CUST_0916,2,The delivery took too long.
REV_03875,ORD_03875,CUST_0357,3,Delivery was acceptable.
REV_03876,ORD_03876,CUST_0304,4,Food was delicious and delivery was fast.
REV_03877,ORD_03877,CUST_0233,3,Delivery was acceptable.
REV_03878,ORD_03878,CUST_0327,3,Average experience.
REV_03879,ORD_03879,CUST_0884,3,Average experience.
REV_03880,ORD_03880,CUST_0182,4,Loved the food and quick delivery.
REV_03881,ORD_03881,CUST_0634,2,The delivery took too long.
REV_03882,ORD_03882,CUST_0334,4,Loved the food and quick delivery.
REV_03883,ORD_03883,CUST_0715,4,Food was delicious and delivery was fast.
REV_03884,ORD_03884,CUST_0967,3,Food was okay but delivery took some time.
REV_03885,ORD_03885,CUST_0029,3,The experience was okay.
REV_03886,ORD_03886,CUST_0714,3,Food was okay but delivery took some time.
REV_03887,ORD_03887,CUST_0093,3,Food was decent but could be better.
REV_03888,ORD_03888,CUST_0841,4,Loved the food and quick delivery.
REV_03889,ORD_03889,CUST_0868,4,"Amazing experience, food arrived hot."
REV_03890,ORD_03890,CUST_0688,5,Very good service and tasty food.
REV_03891,ORD_03891,CUST_0330,4,"Amazing experience, food arrived hot."
REV_03892,ORD_03892,CUST_0723,2,Order was delayed and food was not hot.
REV_03893,ORD_03893,CUST_0184,4,Very good service and tasty food.
REV_03894,ORD_03894,CUST_0095,3,The experience was okay.
REV_03895,ORD_03895,CUST_0785,3,The experience was okay.
REV_03896,ORD_03896,CUST_0649,5,Very good service and tasty food.
REV_03897,ORD_03897,CUST_0749,3,Food was okay but delivery took some time.
REV_03898,ORD_03898,CUST_0353,4,Great food and excellent service.
REV_03899,ORD_03899,CUST_0930,3,Food was decent but could be better.
REV_03900,ORD_03900,CUST_0941,2,Order was delayed and food was not hot.
REV_03901,ORD_03901,CUST_0984,2,Food arrived late.
REV_03902,ORD_03902,CUST_0265,3,The experience was okay.
REV_03903,ORD_03903,CUST_0647,3,The experience was okay.
REV_03904,ORD_03904,CUST_0656,2,Order was delayed and food was not hot.
REV_03905,ORD_03905,CUST_0019,3,Food was okay but delivery took some time.
REV_03906,ORD_03906,CUST_0743,5,Very good service and tasty food.
REV_03907,ORD_03907,CUST_0646,5,"Amazing experience, food arrived hot."
REV_03908,ORD_03908,CUST_0626,4,Great food and excellent service.
REV_03909,ORD_03909,CUST_0499,2,Delivery was very late and food was cold.
REV_03910,ORD_03910,CUST_0139,4,Very good service and tasty food.
REV_03911,ORD_03911,CUST_0637,5,"Amazing experience, food arrived hot."
REV_03912,ORD_03912,CUST_0716,3,Food was decent but could be better.
REV_03913,ORD_03913,CUST_0573,4,Food was delicious and delivery was fast.
REV_03914,ORD_03914,CUST_0762,4,"Amazing experience, food arrived hot."
REV_03915,ORD_03915,CUST_0810,5,"Amazing experience, food arrived hot."
REV_03916,ORD_03916,CUST_0525,3,Food was decent but could be better.
REV_03917,ORD_03917,CUST_0908,4,"Amazing experience, food arrived hot."
REV_03918,ORD_03918,CUST_0255,5,Very good service and tasty food.
REV_03919,ORD_03919,CUST_0085,3,Food was okay but delivery took some time.
REV_03920,ORD_03920,CUST_0458,3,Average experience.
REV_03921,ORD_03921,CUST_0532,4,Great food and excellent service.
REV_03922,ORD_03922,CUST_0562,2,Very slow delivery and poor experience.
REV_03923,ORD_03923,CUST_0676,3,Delivery was acceptable.
REV_03924,ORD_03924,CUST_0092,3,Food was decent but could be better.
REV_03925,ORD_03925,CUST_0600,2,Very slow delivery and poor experience.
REV_03926,ORD_03926,CUST_0069,3,Delivery was acceptable.
REV_03927,ORD_03927,CUST_0037,3,The experience was okay.
REV_03928,ORD_03928,CUST_0765,2,Delivery was very late and food was cold.
REV_03929,ORD_03929,CUST_0764,3,Average experience.
REV_03930,ORD_03930,CUST_0140,1,Order was delayed and food was not hot.
REV_03931,ORD_03931,CUST_0867,4,Great food and excellent service.
REV_03932,ORD_03932,CUST_0893,3,Delivery was acceptable.
REV_03933,ORD_03933,CUST_0680,4,Very good service and tasty food.
REV_03934,ORD_03934,CUST_0566,3,The experience was okay.
REV_03935,ORD_03935,CUST_0898,3,Food was decent but could be better.
REV_03936,ORD_03936,CUST_0178,3,Food was okay but delivery took some time.
REV_03937,ORD_03937,CUST_0809,3,The experience was okay.
REV_03938,ORD_03938,CUST_0813,3,Average experience.
REV_03939,ORD_03939,CUST_0871,3,Food was okay but delivery took some time.
REV_03940,ORD_03940,CUST_0618,3,Food was decent but could be better.
REV_03941,ORD_03941,CUST_0137,2,The delivery took too long.
REV_03942,ORD_03942,CUST_0190,2,Order was delayed and food was not hot.
REV_03943,ORD_03943,CUST_0640,2,Food arrived late.
REV_03944,ORD_03944,CUST_0342,4,Loved the food and quick delivery.
REV_03945,ORD_03945,CUST_0559,4,Loved the food and quick delivery.
REV_03946,ORD_03946,CUST_0005,3,Food was okay but delivery took some time.
REV_03947,ORD_03947,CUST_0972,3,Average experience.
REV_03948,ORD_03948,CUST_0257,2,Food arrived late.
REV_03949,ORD_03949,CUST_0812,2,Food arrived late.
REV_03950,ORD_03950,CUST_0662,3,Food was okay but delivery took some time.
REV_03951,ORD_03951,CUST_0806,2,Food arrived late.
REV_03952,ORD_03952,CUST_0243,3,Food was okay but delivery took some time.
REV_03953,ORD_03953,CUST_0787,3,Delivery was acceptable.
REV_03954,ORD_03954,CUST_0720,2,Delivery was very late and food was cold.
REV_03955,ORD_03955,CUST_0415,3,Food was decent but could be better.
REV_03956,ORD_03956,CUST_0627,3,Average experience.
REV_03957,ORD_03957,CUST_0707,3,Food was decent but could be better.
REV_03958,ORD_03958,CUST_0343,2,Very slow delivery and poor experience.
REV_03959,ORD_03959,CUST_0682,2,Order was delayed and food was not hot.
REV_03960,ORD_03960,CUST_0379,3,The experience was okay.
REV_03961,ORD_03961,CUST_0594,3,Delivery was acceptable.
REV_03962,ORD_03962,CUST_0666,2,Delivery was very late and food was cold.
REV_03963,ORD_03963,CUST_0653,4,Food was delicious and delivery was fast.
REV_03964,ORD_03964,CUST_0826,4,Great food and excellent service.
REV_03965,ORD_03965,CUST_0146,4,"Amazing experience, food arrived hot."
REV_03966,ORD_03966,CUST_0323,2,Order was delayed and food was not hot.
REV_03967,ORD_03967,CUST_0122,2,The delivery took too long.
REV_03968,ORD_03968,CUST_0252,3,Delivery was acceptable.
REV_03969,ORD_03969,CUST_0855,3,Average experience.
REV_03970,ORD_03970,CUST_0899,4,Very good service and tasty food.
REV_03971,ORD_03971,CUST_0311,4,Loved the food and quick delivery.
REV_03972,ORD_03972,CUST_0601,4,Loved the food and quick delivery.
REV_03973,ORD_03973,CUST_0475,2,Very slow delivery and poor experience.
REV_03974,ORD_03974,CUST_0570,4,"Amazing experience, food arrived hot."
REV_03975,ORD_03975,CUST_0492,3,Average experience.
REV_03976,ORD_03976,CUST_0575,3,Food was decent but could be better.
REV_03977,ORD_03977,CUST_0347,3,Food was okay but delivery took some time.
REV_03978,ORD_03978,CUST_0820,2,Very slow delivery and poor experience.
REV_03979,ORD_03979,CUST_0487,1,Delivery was very late and food was cold.
REV_03980,ORD_03980,CUST_0473,4,Very good service and tasty food.
REV_03981,ORD_03981,CUST_0382,3,Food was okay but delivery took some time.
REV_03982,ORD_03982,CUST_0280,2,Food arrived late.
REV_03983,ORD_03983,CUST_0072,3,The experience was okay.
REV_03984,ORD_03984,CUST_0521,3,Average experience.
REV_03985,ORD_03985,CUST_0366,2,Food arrived late.
REV_03986,ORD_03986,CUST_0933,3,Average experience.
REV_03987,ORD_03987,CUST_0094,3,Average experience.
REV_03988,ORD_03988,CUST_0373,3,Food was decent but could be better.
REV_03989,ORD_03989,CUST_0339,3,Delivery was acceptable.
REV_03990,ORD_03990,CUST_0437,2,The delivery took too long.
REV_03991,ORD_03991,CUST_0336,5,Food was delicious and delivery was fast.
REV_03992,ORD_03992,CUST_0664,5,Food was delicious and delivery was fast.
REV_03993,ORD_03993,CUST_0492,3,Delivery was acceptable.
REV_03994,ORD_03994,CUST_0917,3,Average experience.
REV_03995,ORD_03995,CUST_0868,4,Great food and excellent service.
REV_03996,ORD_03996,CUST_0040,4,Loved the food and quick delivery.
REV_03997,ORD_03997,CUST_0359,1,Delivery was very late and food was cold.
REV_03998,ORD_03998,CUST_0574,3,Average experience.
REV_03999,ORD_03999,CUST_0254,4,"Amazing experience, food arrived hot."
REV_04000,ORD_04000,CUST_0966,4,Loved the food and quick delivery.
REV_04001,ORD_04001,CUST_0581,3,Food was decent but could be better.
REV_04002,ORD_04002,CUST_0398,3,Food was decent but could be better.
REV_04003,ORD_04003,CUST_0757,4,Very good service and tasty food.
REV_04004,ORD_04004,CUST_0877,1,Order was delayed and food was not hot.
REV_04005,ORD_04005,CUST_0170,4,"Amazing experience, food arrived hot."
REV_04006,ORD_04006,CUST_0690,2,Order was delayed and food was not hot.
REV_04007,ORD_04007,CUST_0701,2,Very slow delivery and poor experience.
REV_04008,ORD_04008,CUST_0511,3,Average experience.
REV_04009,ORD_04009,CUST_0260,3,Delivery was acceptable.
REV_04010,ORD_04010,CUST_0584,3,Food was decent but could be better.
REV_04011,ORD_04011,CUST_0984,3,The experience was okay.
REV_04012,ORD_04012,CUST_0459,1,The delivery took too long.
REV_04013,ORD_04013,CUST_0529,4,Very good service and tasty food.
REV_04014,ORD_04014,CUST_0882,3,The experience was okay.
REV_04015,ORD_04015,CUST_0341,4,Food was delicious and delivery was fast.
REV_04016,ORD_04016,CUST_0057,5,Food was delicious and delivery was fast.
REV_04017,ORD_04017,CUST_0218,3,The experience was okay.
REV_04018,ORD_04018,CUST_0619,2,Very slow delivery and poor experience.
REV_04019,ORD_04019,CUST_0816,3,The experience was okay.
REV_04020,ORD_04020,CUST_0940,3,The experience was okay.
REV_04021,ORD_04021,CUST_0685,2,The delivery took too long.
REV_04022,ORD_04022,CUST_0731,3,Food was decent but could be better.
REV_04023,ORD_04023,CUST_0464,3,Food was decent but could be better.
REV_04024,ORD_04024,CUST_0247,3,Food was okay but delivery took some time.
REV_04025,ORD_04025,CUST_0730,2,Order was delayed and food was not hot.
REV_04026,ORD_04026,CUST_0373,5,Food was delicious and delivery was fast.
REV_04027,ORD_04027,CUST_0417,4,"Amazing experience, food arrived hot."
REV_04028,ORD_04028,CUST_0031,2,Very slow delivery and poor experience.
REV_04029,ORD_04029,CUST_0368,4,"Amazing experience, food arrived hot."
REV_04030,ORD_04030,CUST_0559,5,"Amazing experience, food arrived hot."
REV_04031,ORD_04031,CUST_0646,2,Very slow delivery and poor experience.
REV_04032,ORD_04032,CUST_0108,4,"Amazing experience, food arrived hot."
REV_04033,ORD_04033,CUST_0584,4,Great food and excellent service.
REV_04034,ORD_04034,CUST_0839,2,Food arrived late.
REV_04035,ORD_04035,CUST_0418,3,The experience was okay.
REV_04036,ORD_04036,CUST_0620,4,Great food and excellent service.
REV_04037,ORD_04037,CUST_0821,5,Food was delicious and delivery was fast.
REV_04038,ORD_04038,CUST_0398,3,The experience was okay.
REV_04039,ORD_04039,CUST_0272,2,Order was delayed and food was not hot.
REV_04040,ORD_04040,CUST_0683,4,"Amazing experience, food arrived hot."
REV_04041,ORD_04041,CUST_0116,3,Average experience.
REV_04042,ORD_04042,CUST_0841,4,Food was delicious and delivery was fast.
REV_04043,ORD_04043,CUST_0586,4,Very good service and tasty food.
REV_04044,ORD_04044,CUST_0256,3,Food was decent but could be better.
REV_04045,ORD_04045,CUST_0081,2,Very slow delivery and poor experience.
REV_04046,ORD_04046,CUST_0780,5,Very good service and tasty food.
REV_04047,ORD_04047,CUST_0128,4,Very good service and tasty food.
REV_04048,ORD_04048,CUST_0838,3,Delivery was acceptable.
REV_04049,ORD_04049,CUST_0915,2,Delivery was very late and food was cold.
REV_04050,ORD_04050,CUST_0235,5,Loved the food and quick delivery.
REV_04051,ORD_04051,CUST_0553,3,The experience was okay.
REV_04052,ORD_04052,CUST_0181,3,Average experience.
REV_04053,ORD_04053,CUST_0157,3,Food was decent but could be better.
REV_04054,ORD_04054,CUST_0454,2,Food arrived late.
REV_04055,ORD_04055,CUST_0571,3,The experience was okay.
REV_04056,ORD_04056,CUST_0857,4,Very good service and tasty food.
REV_04057,ORD_04057,CUST_0761,3,Food was decent but could be better.
REV_04058,ORD_04058,CUST_0704,3,The experience was okay.
REV_04059,ORD_04059,CUST_0024,3,Food was decent but could be better.
REV_04060,ORD_04060,CUST_0473,3,Average experience.
REV_04061,ORD_04061,CUST_0400,2,The delivery took too long.
REV_04062,ORD_04062,CUST_0948,3,Average experience.
REV_04063,ORD_04063,CUST_0592,5,"Amazing experience, food arrived hot."
REV_04064,ORD_04064,CUST_0134,3,Food was okay but delivery took some time.
REV_04065,ORD_04065,CUST_0421,3,Delivery was acceptable.
REV_04066,ORD_04066,CUST_0213,4,Great food and excellent service.
REV_04067,ORD_04067,CUST_0900,4,"Amazing experience, food arrived hot."
REV_04068,ORD_04068,CUST_0482,4,Loved the food and quick delivery.
REV_04069,ORD_04069,CUST_0348,4,Great food and excellent service.
REV_04070,ORD_04070,CUST_0166,2,Very slow delivery and poor experience.
REV_04071,ORD_04071,CUST_0937,3,Food was okay but delivery took some time.
REV_04072,ORD_04072,CUST_0348,3,Average experience.
REV_04073,ORD_04073,CUST_0849,3,Food was decent but could be better.
REV_04074,ORD_04074,CUST_0398,4,Great food and excellent service.
REV_04075,ORD_04075,CUST_0583,4,"Amazing experience, food arrived hot."
REV_04076,ORD_04076,CUST_0726,4,Very good service and tasty food.
REV_04077,ORD_04077,CUST_0435,4,"Amazing experience, food arrived hot."
REV_04078,ORD_04078,CUST_0577,2,Very slow delivery and poor experience.
REV_04079,ORD_04079,CUST_0221,2,Very slow delivery and poor experience.
REV_04080,ORD_04080,CUST_0308,3,The experience was okay.
REV_04081,ORD_04081,CUST_0991,4,"Amazing experience, food arrived hot."
REV_04082,ORD_04082,CUST_0798,3,Delivery was acceptable.
REV_04083,ORD_04083,CUST_0697,3,Food was okay but delivery took some time.
REV_04084,ORD_04084,CUST_0719,4,Very good service and tasty food.
REV_04085,ORD_04085,CUST_0466,2,Delivery was very late and food was cold.
REV_04086,ORD_04086,CUST_0099,3,The experience was okay.
REV_04087,ORD_04087,CUST_0242,3,The experience was okay.
REV_04088,ORD_04088,CUST_0158,4,Loved the food and quick delivery.
REV_04089,ORD_04089,CUST_0610,4,Food was delicious and delivery was fast.
REV_04090,ORD_04090,CUST_0554,3,Delivery was acceptable.
REV_04091,ORD_04091,CUST_0651,3,Average experience.
REV_04092,ORD_04092,CUST_0795,1,The delivery took too long.
REV_04093,ORD_04093,CUST_0920,5,Food was delicious and delivery was fast.
REV_04094,ORD_04094,CUST_0227,3,Delivery was acceptable.
REV_04095,ORD_04095,CUST_0423,4,Loved the food and quick delivery.
REV_04096,ORD_04096,CUST_0072,3,Food was decent but could be better.
REV_04097,ORD_04097,CUST_0243,2,Order was delayed and food was not hot.
REV_04098,ORD_04098,CUST_0530,2,Delivery was very late and food was cold.
REV_04099,ORD_04099,CUST_0589,1,Food arrived late.
REV_04100,ORD_04100,CUST_0045,4,Great food and excellent service.
REV_04101,ORD_04101,CUST_0472,3,Average experience.
REV_04102,ORD_04102,CUST_0371,4,"Amazing experience, food arrived hot."
REV_04103,ORD_04103,CUST_0855,2,Order was delayed and food was not hot.
REV_04104,ORD_04104,CUST_0652,3,The experience was okay.
REV_04105,ORD_04105,CUST_0689,3,Delivery was acceptable.
REV_04106,ORD_04106,CUST_0734,4,Great food and excellent service.
REV_04107,ORD_04107,CUST_0927,3,Food was decent but could be better.
REV_04108,ORD_04108,CUST_0092,4,Great food and excellent service.
REV_04109,ORD_04109,CUST_0022,2,Delivery was very late and food was cold.
REV_04110,ORD_04110,CUST_0172,3,Delivery was acceptable.
REV_04111,ORD_04111,CUST_0604,3,Food was decent but could be better.
REV_04112,ORD_04112,CUST_0192,4,Great food and excellent service.
REV_04113,ORD_04113,CUST_0077,5,"Amazing experience, food arrived hot."
REV_04114,ORD_04114,CUST_0281,4,Food was delicious and delivery was fast.
REV_04115,ORD_04115,CUST_0364,4,Food was delicious and delivery was fast.
REV_04116,ORD_04116,CUST_0179,3,Delivery was acceptable.
REV_04117,ORD_04117,CUST_0238,2,Very slow delivery and poor experience.
REV_04118,ORD_04118,CUST_0135,3,Average experience.
REV_04119,ORD_04119,CUST_0877,4,Great food and excellent service.
REV_04120,ORD_04120,CUST_0902,1,The delivery took too long.
REV_04121,ORD_04121,CUST_0280,5,Great food and excellent service.
REV_04122,ORD_04122,CUST_0019,5,Very good service and tasty food.
REV_04123,ORD_04123,CUST_0595,4,Food was delicious and delivery was fast.
REV_04124,ORD_04124,CUST_0740,4,Great food and excellent service.
REV_04125,ORD_04125,CUST_0371,3,The experience was okay.
REV_04126,ORD_04126,CUST_0777,4,Very good service and tasty food.
REV_04127,ORD_04127,CUST_0112,2,Order was delayed and food was not hot.
REV_04128,ORD_04128,CUST_0763,4,Very good service and tasty food.
REV_04129,ORD_04129,CUST_0676,3,Delivery was acceptable.
REV_04130,ORD_04130,CUST_0870,3,Delivery was acceptable.
REV_04131,ORD_04131,CUST_0680,4,Very good service and tasty food.
REV_04132,ORD_04132,CUST_0221,3,Food was okay but delivery took some time.
REV_04133,ORD_04133,CUST_0920,4,Food was delicious and delivery was fast.
REV_04134,ORD_04134,CUST_0304,2,The delivery took too long.
REV_04135,ORD_04135,CUST_0703,3,Average experience.
REV_04136,ORD_04136,CUST_0325,5,"Amazing experience, food arrived hot."
REV_04137,ORD_04137,CUST_0437,4,Food was delicious and delivery was fast.
REV_04138,ORD_04138,CUST_0438,2,Very slow delivery and poor experience.
REV_04139,ORD_04139,CUST_0170,4,Loved the food and quick delivery.
REV_04140,ORD_04140,CUST_0375,1,Food arrived late.
REV_04141,ORD_04141,CUST_0557,4,Food was delicious and delivery was fast.
REV_04142,ORD_04142,CUST_0381,4,Food was delicious and delivery was fast.
REV_04143,ORD_04143,CUST_0986,3,Average experience.
REV_04144,ORD_04144,CUST_0014,2,Food arrived late.
REV_04145,ORD_04145,CUST_0743,4,"Amazing experience, food arrived hot."
REV_04146,ORD_04146,CUST_0669,4,"Amazing experience, food arrived hot."
REV_04147,ORD_04147,CUST_0500,3,Average experience.
REV_04148,ORD_04148,CUST_0646,3,Food was okay but delivery took some time.
REV_04149,ORD_04149,CUST_0391,2,Order was delayed and food was not hot.
REV_04150,ORD_04150,CUST_0549,4,Loved the food and quick delivery.
REV_04151,ORD_04151,CUST_0565,3,The experience was okay.
REV_04152,ORD_04152,CUST_0530,3,Food was decent but could be better.
REV_04153,ORD_04153,CUST_0983,4,Great food and excellent service.
REV_04154,ORD_04154,CUST_0492,3,Food was okay but delivery took some time.
REV_04155,ORD_04155,CUST_0550,3,Food was okay but delivery took some time.
REV_04156,ORD_04156,CUST_0699,3,Food was decent but could be better.
REV_04157,ORD_04157,CUST_0385,5,"Amazing experience, food arrived hot."
REV_04158,ORD_04158,CUST_0196,3,Delivery was acceptable.
REV_04159,ORD_04159,CUST_0755,4,Loved the food and quick delivery.
REV_04160,ORD_04160,CUST_0300,2,The delivery took too long.
REV_04161,ORD_04161,CUST_0815,4,Loved the food and quick delivery.
REV_04162,ORD_04162,CUST_0547,4,"Amazing experience, food arrived hot."
REV_04163,ORD_04163,CUST_0727,1,Order was delayed and food was not hot.
REV_04164,ORD_04164,CUST_0731,4,Great food and excellent service.
REV_04165,ORD_04165,CUST_0828,3,Food was decent but could be better.
REV_04166,ORD_04166,CUST_0602,3,Delivery was acceptable.
REV_04167,ORD_04167,CUST_0308,3,Food was decent but could be better.
REV_04168,ORD_04168,CUST_0252,4,Great food and excellent service.
REV_04169,ORD_04169,CUST_0008,3,Average experience.
REV_04170,ORD_04170,CUST_0768,4,Very good service and tasty food.
REV_04171,ORD_04171,CUST_0875,4,Food was delicious and delivery was fast.
REV_04172,ORD_04172,CUST_0208,3,Average experience.
REV_04173,ORD_04173,CUST_0937,3,Average experience.
REV_04174,ORD_04174,CUST_0131,4,Great food and excellent service.
REV_04175,ORD_04175,CUST_0736,4,Great food and excellent service.
REV_04176,ORD_04176,CUST_0709,4,Food was delicious and delivery was fast.
REV_04177,ORD_04177,CUST_0980,3,The experience was okay.
REV_04178,ORD_04178,CUST_0654,3,The experience was okay.
REV_04179,ORD_04179,CUST_0764,3,Average experience.
REV_04180,ORD_04180,CUST_0608,3,Food was okay but delivery took some time.
REV_04181,ORD_04181,CUST_0026,3,Food was decent but could be better.
REV_04182,ORD_04182,CUST_0623,2,Delivery was very late and food was cold.
REV_04183,ORD_04183,CUST_0454,3,Delivery was acceptable.
REV_04184,ORD_04184,CUST_0635,4,"Amazing experience, food arrived hot."
REV_04185,ORD_04185,CUST_0186,3,The experience was okay.
REV_04186,ORD_04186,CUST_0484,2,The delivery took too long.
REV_04187,ORD_04187,CUST_0680,4,Food was delicious and delivery was fast.
REV_04188,ORD_04188,CUST_0051,3,The experience was okay.
REV_04189,ORD_04189,CUST_0891,4,Food was delicious and delivery was fast.
REV_04190,ORD_04190,CUST_0005,3,Food was okay but delivery took some time.
REV_04191,ORD_04191,CUST_0589,5,Food was delicious and delivery was fast.
REV_04192,ORD_04192,CUST_0160,3,Food was okay but delivery took some time.
REV_04193,ORD_04193,CUST_0208,4,Food was delicious and delivery was fast.
REV_04194,ORD_04194,CUST_0257,3,Delivery was acceptable.
REV_04195,ORD_04195,CUST_0205,3,Delivery was acceptable.
REV_04196,ORD_04196,CUST_0767,3,Delivery was acceptable.
REV_04197,ORD_04197,CUST_0950,3,Food was okay but delivery took some time.
REV_04198,ORD_04198,CUST_0011,2,The delivery took too long.
REV_04199,ORD_04199,CUST_0949,4,"Amazing experience, food arrived hot."
REV_04200,ORD_04200,CUST_0008,3,Delivery was acceptable.
REV_04201,ORD_04201,CUST_0409,4,Great food and excellent service.
REV_04202,ORD_04202,CUST_0936,3,Average experience.
REV_04203,ORD_04203,CUST_0032,4,Food was delicious and delivery was fast.
REV_04204,ORD_04204,CUST_0984,4,"Amazing experience, food arrived hot."
REV_04205,ORD_04205,CUST_0540,2,Order was delayed and food was not hot.
REV_04206,ORD_04206,CUST_0718,3,Food was okay but delivery took some time.
REV_04207,ORD_04207,CUST_0387,2,The delivery took too long.
REV_04208,ORD_04208,CUST_0228,3,Food was decent but could be better.
REV_04209,ORD_04209,CUST_0640,2,The delivery took too long.
REV_04210,ORD_04210,CUST_0767,4,Loved the food and quick delivery.
REV_04211,ORD_04211,CUST_0475,4,Great food and excellent service.
REV_04212,ORD_04212,CUST_0724,4,Very good service and tasty food.
REV_04213,ORD_04213,CUST_0751,4,Food was delicious and delivery was fast.
REV_04214,ORD_04214,CUST_0207,3,The experience was okay.
REV_04215,ORD_04215,CUST_0318,1,The delivery took too long.
REV_04216,ORD_04216,CUST_0795,4,Food was delicious and delivery was fast.
REV_04217,ORD_04217,CUST_0757,4,"Amazing experience, food arrived hot."
REV_04218,ORD_04218,CUST_0557,3,Food was okay but delivery took some time.
REV_04219,ORD_04219,CUST_0617,5,Food was delicious and delivery was fast.
REV_04220,ORD_04220,CUST_0348,2,Order was delayed and food was not hot.
REV_04221,ORD_04221,CUST_0793,4,Great food and excellent service.
REV_04222,ORD_04222,CUST_0234,4,Loved the food and quick delivery.
REV_04223,ORD_04223,CUST_0701,3,Average experience.
REV_04224,ORD_04224,CUST_0044,2,Very slow delivery and poor experience.
REV_04225,ORD_04225,CUST_0737,3,The experience was okay.
REV_04226,ORD_04226,CUST_0942,3,Average experience.
REV_04227,ORD_04227,CUST_0142,3,Food was decent but could be better.
REV_04228,ORD_04228,CUST_0648,4,Very good service and tasty food.
REV_04229,ORD_04229,CUST_0176,3,Food was decent but could be better.
REV_04230,ORD_04230,CUST_0654,2,Food arrived late.
REV_04231,ORD_04231,CUST_0449,1,Delivery was very late and food was cold.
REV_04232,ORD_04232,CUST_0592,2,The delivery took too long.
REV_04233,ORD_04233,CUST_0082,4,Very good service and tasty food.
REV_04234,ORD_04234,CUST_0135,2,Food arrived late.
REV_04235,ORD_04235,CUST_0719,4,Very good service and tasty food.
REV_04236,ORD_04236,CUST_0856,3,Food was decent but could be better.
REV_04237,ORD_04237,CUST_0177,4,Great food and excellent service.
REV_04238,ORD_04238,CUST_0383,3,Food was okay but delivery took some time.
REV_04239,ORD_04239,CUST_0243,3,Food was okay but delivery took some time.
REV_04240,ORD_04240,CUST_0567,3,Food was okay but delivery took some time.
REV_04241,ORD_04241,CUST_0141,3,Food was okay but delivery took some time.
REV_04242,ORD_04242,CUST_0457,2,The delivery took too long.
REV_04243,ORD_04243,CUST_0440,2,Order was delayed and food was not hot.
REV_04244,ORD_04244,CUST_0056,4,Great food and excellent service.
REV_04245,ORD_04245,CUST_0527,3,Food was okay but delivery took some time.
REV_04246,ORD_04246,CUST_0697,3,The experience was okay.
REV_04247,ORD_04247,CUST_0826,4,Food was delicious and delivery was fast.
REV_04248,ORD_04248,CUST_0419,3,Food was okay but delivery took some time.
REV_04249,ORD_04249,CUST_0088,4,"Amazing experience, food arrived hot."
REV_04250,ORD_04250,CUST_0609,4,Great food and excellent service.
REV_04251,ORD_04251,CUST_0656,4,Very good service and tasty food.
REV_04252,ORD_04252,CUST_0008,3,Food was decent but could be better.
REV_04253,ORD_04253,CUST_0477,3,Food was decent but could be better.
REV_04254,ORD_04254,CUST_0215,3,Delivery was acceptable.
REV_04255,ORD_04255,CUST_0685,2,Delivery was very late and food was cold.
REV_04256,ORD_04256,CUST_0735,3,Food was okay but delivery took some time.
REV_04257,ORD_04257,CUST_0552,4,Great food and excellent service.
REV_04258,ORD_04258,CUST_0497,4,Food was delicious and delivery was fast.
REV_04259,ORD_04259,CUST_0694,4,"Amazing experience, food arrived hot."
REV_04260,ORD_04260,CUST_0503,5,"Amazing experience, food arrived hot."
REV_04261,ORD_04261,CUST_0782,3,Food was decent but could be better.
REV_04262,ORD_04262,CUST_0699,4,Very good service and tasty food.
REV_04263,ORD_04263,CUST_0245,4,Food was delicious and delivery was fast.
REV_04264,ORD_04264,CUST_0478,4,Food was delicious and delivery was fast.
REV_04265,ORD_04265,CUST_0309,5,Food was delicious and delivery was fast.
REV_04266,ORD_04266,CUST_0231,3,Food was okay but delivery took some time.
REV_04267,ORD_04267,CUST_0383,3,Average experience.
REV_04268,ORD_04268,CUST_0155,2,Food arrived late.
REV_04269,ORD_04269,CUST_0175,4,"Amazing experience, food arrived hot."
REV_04270,ORD_04270,CUST_0848,4,"Amazing experience, food arrived hot."
REV_04271,ORD_04271,CUST_0115,3,Delivery was acceptable.
REV_04272,ORD_04272,CUST_0390,3,The experience was okay.
REV_04273,ORD_04273,CUST_0311,3,Food was decent but could be better.
REV_04274,ORD_04274,CUST_0993,2,Delivery was very late and food was cold.
REV_04275,ORD_04275,CUST_0300,4,"Amazing experience, food arrived hot."
REV_04276,ORD_04276,CUST_0018,4,"Amazing experience, food arrived hot."
REV_04277,ORD_04277,CUST_0784,2,Food arrived late.
REV_04278,ORD_04278,CUST_0012,3,Food was okay but delivery took some time.
REV_04279,ORD_04279,CUST_0404,2,Order was delayed and food was not hot.
REV_04280,ORD_04280,CUST_0813,2,Order was delayed and food was not hot.
REV_04281,ORD_04281,CUST_0704,3,Delivery was acceptable.
REV_04282,ORD_04282,CUST_0232,4,"Amazing experience, food arrived hot."
REV_04283,ORD_04283,CUST_0955,3,Delivery was acceptable.
REV_04284,ORD_04284,CUST_0605,3,Delivery was acceptable.
REV_04285,ORD_04285,CUST_0990,4,Very good service and tasty food.
REV_04286,ORD_04286,CUST_0730,5,Great food and excellent service.
REV_04287,ORD_04287,CUST_0278,4,Food was delicious and delivery was fast.
REV_04288,ORD_04288,CUST_0353,2,Food arrived late.
REV_04289,ORD_04289,CUST_0999,3,Food was okay but delivery took some time.
REV_04290,ORD_04290,CUST_0303,4,Great food and excellent service.
REV_04291,ORD_04291,CUST_0541,4,Food was delicious and delivery was fast.
REV_04292,ORD_04292,CUST_0470,2,Order was delayed and food was not hot.
REV_04293,ORD_04293,CUST_0813,3,The experience was okay.
REV_04294,ORD_04294,CUST_0077,1,Order was delayed and food was not hot.
REV_04295,ORD_04295,CUST_0521,3,The experience was okay.
REV_04296,ORD_04296,CUST_0024,4,Very good service and tasty food.
REV_04297,ORD_04297,CUST_0015,3,Average experience.
REV_04298,ORD_04298,CUST_0676,3,The experience was okay.
REV_04299,ORD_04299,CUST_0525,4,Very good service and tasty food.
REV_04300,ORD_04300,CUST_0347,3,Food was decent but could be better.
REV_04301,ORD_04301,CUST_0172,3,The experience was okay.
REV_04302,ORD_04302,CUST_0869,3,Food was okay but delivery took some time.
REV_04303,ORD_04303,CUST_0327,4,Great food and excellent service.
REV_04304,ORD_04304,CUST_0712,3,Delivery was acceptable.
REV_04305,ORD_04305,CUST_0485,3,Delivery was acceptable.
REV_04306,ORD_04306,CUST_0489,5,Food was delicious and delivery was fast.
REV_04307,ORD_04307,CUST_0462,3,Delivery was acceptable.
REV_04308,ORD_04308,CUST_0378,2,Order was delayed and food was not hot.
REV_04309,ORD_04309,CUST_0588,3,Food was okay but delivery took some time.
REV_04310,ORD_04310,CUST_0164,3,Food was okay but delivery took some time.
REV_04311,ORD_04311,CUST_0372,3,Food was decent but could be better.
REV_04312,ORD_04312,CUST_0573,3,Food was decent but could be better.
REV_04313,ORD_04313,CUST_1000,3,Food was okay but delivery took some time.
REV_04314,ORD_04314,CUST_0977,3,The experience was okay.
REV_04315,ORD_04315,CUST_0424,3,The experience was okay.
REV_04316,ORD_04316,CUST_0757,3,The experience was okay.
REV_04317,ORD_04317,CUST_0477,1,Food arrived late.
REV_04318,ORD_04318,CUST_0382,3,Food was decent but could be better.
REV_04319,ORD_04319,CUST_0155,2,The delivery took too long.
REV_04320,ORD_04320,CUST_0257,3,The experience was okay.
REV_04321,ORD_04321,CUST_0756,4,Loved the food and quick delivery.
REV_04322,ORD_04322,CUST_0674,3,Food was okay but delivery took some time.
REV_04323,ORD_04323,CUST_0068,4,Very good service and tasty food.
REV_04324,ORD_04324,CUST_0344,4,Great food and excellent service.
REV_04325,ORD_04325,CUST_0277,3,Delivery was acceptable.
REV_04326,ORD_04326,CUST_0673,3,Food was decent but could be better.
REV_04327,ORD_04327,CUST_0391,4,Very good service and tasty food.
REV_04328,ORD_04328,CUST_0449,3,Average experience.
REV_04329,ORD_04329,CUST_0259,4,Loved the food and quick delivery.
REV_04330,ORD_04330,CUST_0307,2,The delivery took too long.
REV_04331,ORD_04331,CUST_0847,4,Food was delicious and delivery was fast.
REV_04332,ORD_04332,CUST_0095,4,Food was delicious and delivery was fast.
REV_04333,ORD_04333,CUST_0950,5,Great food and excellent service.
REV_04334,ORD_04334,CUST_0464,4,Loved the food and quick delivery.
REV_04335,ORD_04335,CUST_0970,3,Delivery was acceptable.
REV_04336,ORD_04336,CUST_0246,3,Delivery was acceptable.
REV_04337,ORD_04337,CUST_0733,5,Great food and excellent service.
REV_04338,ORD_04338,CUST_0635,3,Food was okay but delivery took some time.
REV_04339,ORD_04339,CUST_0187,2,Order was delayed and food was not hot.
REV_04340,ORD_04340,CUST_0774,2,Very slow delivery and poor experience.
REV_04341,ORD_04341,CUST_0925,2,Food arrived late.
REV_04342,ORD_04342,CUST_0785,3,Food was decent but could be better.
REV_04343,ORD_04343,CUST_0373,3,Food was decent but could be better.
REV_04344,ORD_04344,CUST_0572,4,Food was delicious and delivery was fast.
REV_04345,ORD_04345,CUST_0406,4,Loved the food and quick delivery.
REV_04346,ORD_04346,CUST_0408,2,Food arrived late.
REV_04347,ORD_04347,CUST_0125,3,The experience was okay.
REV_04348,ORD_04348,CUST_0337,2,Order was delayed and food was not hot.
REV_04349,ORD_04349,CUST_0341,3,Delivery was acceptable.
REV_04350,ORD_04350,CUST_0563,3,Average experience.
REV_04351,ORD_04351,CUST_0178,2,Delivery was very late and food was cold.
REV_04352,ORD_04352,CUST_0651,3,Delivery was acceptable.
REV_04353,ORD_04353,CUST_0952,3,Delivery was acceptable.
REV_04354,ORD_04354,CUST_0839,5,Loved the food and quick delivery.
REV_04355,ORD_04355,CUST_0170,4,Very good service and tasty food.
REV_04356,ORD_04356,CUST_0039,5,Food was delicious and delivery was fast.
REV_04357,ORD_04357,CUST_0069,4,Very good service and tasty food.
REV_04358,ORD_04358,CUST_0236,4,Very good service and tasty food.
REV_04359,ORD_04359,CUST_0560,2,Very slow delivery and poor experience.
REV_04360,ORD_04360,CUST_0381,3,Food was okay but delivery took some time.
REV_04361,ORD_04361,CUST_0057,3,Delivery was acceptable.
REV_04362,ORD_04362,CUST_0277,4,Food was delicious and delivery was fast.
REV_04363,ORD_04363,CUST_0850,3,Food was okay but delivery took some time.
REV_04364,ORD_04364,CUST_0099,4,Very good service and tasty food.
REV_04365,ORD_04365,CUST_0916,3,Delivery was acceptable.
REV_04366,ORD_04366,CUST_0527,2,Delivery was very late and food was cold.
REV_04367,ORD_04367,CUST_0325,4,Loved the food and quick delivery.
REV_04368,ORD_04368,CUST_0461,3,The experience was okay.
REV_04369,ORD_04369,CUST_0179,2,Delivery was very late and food was cold.
REV_04370,ORD_04370,CUST_0844,2,Delivery was very late and food was cold.
REV_04371,ORD_04371,CUST_0574,3,The experience was okay.
REV_04372,ORD_04372,CUST_0119,3,The experience was okay.
REV_04373,ORD_04373,CUST_0469,5,"Amazing experience, food arrived hot."
REV_04374,ORD_04374,CUST_0549,4,Loved the food and quick delivery.
REV_04375,ORD_04375,CUST_0646,3,The experience was okay.
REV_04376,ORD_04376,CUST_0455,3,Average experience.
REV_04377,ORD_04377,CUST_0026,5,Very good service and tasty food.
REV_04378,ORD_04378,CUST_0490,3,Food was decent but could be better.
REV_04379,ORD_04379,CUST_0008,3,Food was decent but could be better.
REV_04380,ORD_04380,CUST_0969,4,Food was delicious and delivery was fast.
REV_04381,ORD_04381,CUST_0987,4,Great food and excellent service.
REV_04382,ORD_04382,CUST_0516,4,Very good service and tasty food.
REV_04383,ORD_04383,CUST_0533,3,Food was decent but could be better.
REV_04384,ORD_04384,CUST_0927,3,The experience was okay.
REV_04385,ORD_04385,CUST_0149,1,The delivery took too long.
REV_04386,ORD_04386,CUST_0488,2,The delivery took too long.
REV_04387,ORD_04387,CUST_0025,3,Delivery was acceptable.
REV_04388,ORD_04388,CUST_0999,3,Food was decent but could be better.
REV_04389,ORD_04389,CUST_0655,3,Delivery was acceptable.
REV_04390,ORD_04390,CUST_0757,4,Food was delicious and delivery was fast.
REV_04391,ORD_04391,CUST_0931,4,Food was delicious and delivery was fast.
REV_04392,ORD_04392,CUST_0945,3,Average experience.
REV_04393,ORD_04393,CUST_0555,3,Food was okay but delivery took some time.
REV_04394,ORD_04394,CUST_0425,3,Food was decent but could be better.
REV_04395,ORD_04395,CUST_0293,4,"Amazing experience, food arrived hot."
REV_04396,ORD_04396,CUST_0185,4,"Amazing experience, food arrived hot."
REV_04397,ORD_04397,CUST_0554,3,The experience was okay.
REV_04398,ORD_04398,CUST_0431,3,The experience was okay.
REV_04399,ORD_04399,CUST_0604,2,Very slow delivery and poor experience.
REV_04400,ORD_04400,CUST_0317,2,Delivery was very late and food was cold.
REV_04401,ORD_04401,CUST_0398,3,Food was okay but delivery took some time.
REV_04402,ORD_04402,CUST_0324,2,Food arrived late.
REV_04403,ORD_04403,CUST_0565,3,Delivery was acceptable.
REV_04404,ORD_04404,CUST_0596,2,Food arrived late.
REV_04405,ORD_04405,CUST_0546,2,Order was delayed and food was not hot.
REV_04406,ORD_04406,CUST_0076,3,Food was okay but delivery took some time.
REV_04407,ORD_04407,CUST_0865,4,"Amazing experience, food arrived hot."
REV_04408,ORD_04408,CUST_0920,4,Loved the food and quick delivery.
REV_04409,ORD_04409,CUST_0916,1,Food arrived late.
REV_04410,ORD_04410,CUST_0709,4,Great food and excellent service.
REV_04411,ORD_04411,CUST_0486,2,Delivery was very late and food was cold.
REV_04412,ORD_04412,CUST_0798,3,Delivery was acceptable.
REV_04413,ORD_04413,CUST_0088,4,Great food and excellent service.
REV_04414,ORD_04414,CUST_0747,5,Very good service and tasty food.
REV_04415,ORD_04415,CUST_0232,4,Great food and excellent service.
REV_04416,ORD_04416,CUST_0007,3,Food was decent but could be better.
REV_04417,ORD_04417,CUST_0804,2,Delivery was very late and food was cold.
REV_04418,ORD_04418,CUST_0550,3,Delivery was acceptable.
REV_04419,ORD_04419,CUST_0976,4,Food was delicious and delivery was fast.
REV_04420,ORD_04420,CUST_0052,4,Loved the food and quick delivery.
REV_04421,ORD_04421,CUST_0655,3,Food was okay but delivery took some time.
REV_04422,ORD_04422,CUST_0942,3,Delivery was acceptable.
REV_04423,ORD_04423,CUST_0919,4,Very good service and tasty food.
REV_04424,ORD_04424,CUST_0396,4,Loved the food and quick delivery.
REV_04425,ORD_04425,CUST_0221,2,The delivery took too long.
REV_04426,ORD_04426,CUST_0428,2,Food arrived late.
REV_04427,ORD_04427,CUST_0752,4,Very good service and tasty food.
REV_04428,ORD_04428,CUST_0143,4,Food was delicious and delivery was fast.
REV_04429,ORD_04429,CUST_0861,3,The experience was okay.
REV_04430,ORD_04430,CUST_0363,4,Food was delicious and delivery was fast.
REV_04431,ORD_04431,CUST_0382,3,The experience was okay.
REV_04432,ORD_04432,CUST_0561,3,Delivery was acceptable.
REV_04433,ORD_04433,CUST_0277,3,The experience was okay.
REV_04434,ORD_04434,CUST_0271,3,Delivery was acceptable.
REV_04435,ORD_04435,CUST_0014,3,The experience was okay.
REV_04436,ORD_04436,CUST_0298,3,Average experience.
REV_04437,ORD_04437,CUST_0464,4,Loved the food and quick delivery.
REV_04438,ORD_04438,CUST_0527,2,Food arrived late.
REV_04439,ORD_04439,CUST_0234,3,Average experience.
REV_04440,ORD_04440,CUST_0575,2,Delivery was very late and food was cold.
REV_04441,ORD_04441,CUST_0708,3,Delivery was acceptable.
REV_04442,ORD_04442,CUST_0027,1,The delivery took too long.
REV_04443,ORD_04443,CUST_0471,2,The delivery took too long.
REV_04444,ORD_04444,CUST_0093,3,Food was decent but could be better.
REV_04445,ORD_04445,CUST_0617,3,The experience was okay.
REV_04446,ORD_04446,CUST_0309,2,Order was delayed and food was not hot.
REV_04447,ORD_04447,CUST_0052,3,Delivery was acceptable.
REV_04448,ORD_04448,CUST_0319,3,The experience was okay.
REV_04449,ORD_04449,CUST_0969,3,Average experience.
REV_04450,ORD_04450,CUST_0181,3,Food was decent but could be better.
REV_04451,ORD_04451,CUST_0569,3,Delivery was acceptable.
REV_04452,ORD_04452,CUST_0120,3,Food was decent but could be better.
REV_04453,ORD_04453,CUST_0820,3,Food was decent but could be better.
REV_04454,ORD_04454,CUST_0875,5,Very good service and tasty food.
REV_04455,ORD_04455,CUST_0043,3,Average experience.
REV_04456,ORD_04456,CUST_0647,3,Average experience.
REV_04457,ORD_04457,CUST_0885,4,Very good service and tasty food.
REV_04458,ORD_04458,CUST_0938,4,Loved the food and quick delivery.
REV_04459,ORD_04459,CUST_0260,4,Loved the food and quick delivery.
REV_04460,ORD_04460,CUST_0197,4,"Amazing experience, food arrived hot."
REV_04461,ORD_04461,CUST_0645,2,The delivery took too long.
REV_04462,ORD_04462,CUST_0971,3,Food was decent but could be better.
REV_04463,ORD_04463,CUST_0255,4,Loved the food and quick delivery.
REV_04464,ORD_04464,CUST_0732,5,Great food and excellent service.
REV_04465,ORD_04465,CUST_0336,2,Food arrived late.
REV_04466,ORD_04466,CUST_0553,3,Average experience.
REV_04467,ORD_04467,CUST_0502,3,The experience was okay.
REV_04468,ORD_04468,CUST_0990,2,Very slow delivery and poor experience.
REV_04469,ORD_04469,CUST_0900,4,"Amazing experience, food arrived hot."
REV_04470,ORD_04470,CUST_0255,2,Food arrived late.
REV_04471,ORD_04471,CUST_0514,3,Average experience.
REV_04472,ORD_04472,CUST_0707,3,The experience was okay.
REV_04473,ORD_04473,CUST_0242,3,The experience was okay.
REV_04474,ORD_04474,CUST_0149,3,Food was decent but could be better.
REV_04475,ORD_04475,CUST_0710,3,Food was okay but delivery took some time.
REV_04476,ORD_04476,CUST_0299,2,Very slow delivery and poor experience.
REV_04477,ORD_04477,CUST_0757,4,Loved the food and quick delivery.
REV_04478,ORD_04478,CUST_0850,4,Very good service and tasty food.
REV_04479,ORD_04479,CUST_0620,5,Loved the food and quick delivery.
REV_04480,ORD_04480,CUST_0453,1,The delivery took too long.
REV_04481,ORD_04481,CUST_0393,4,Very good service and tasty food.
REV_04482,ORD_04482,CUST_0212,3,The experience was okay.
REV_04483,ORD_04483,CUST_0668,4,"Amazing experience, food arrived hot."
REV_04484,ORD_04484,CUST_0538,2,Order was delayed and food was not hot.
REV_04485,ORD_04485,CUST_0594,3,Food was okay but delivery took some time.
REV_04486,ORD_04486,CUST_0595,3,The experience was okay.
REV_04487,ORD_04487,CUST_0131,1,Delivery was very late and food was cold.
REV_04488,ORD_04488,CUST_0329,3,Food was okay but delivery took some time.
REV_04489,ORD_04489,CUST_0612,5,Very good service and tasty food.
REV_04490,ORD_04490,CUST_0256,4,Great food and excellent service.
REV_04491,ORD_04491,CUST_0479,3,Food was okay but delivery took some time.
REV_04492,ORD_04492,CUST_0561,3,Food was okay but delivery took some time.
REV_04493,ORD_04493,CUST_0913,4,Great food and excellent service.
REV_04494,ORD_04494,CUST_0063,5,"Amazing experience, food arrived hot."
REV_04495,ORD_04495,CUST_0311,2,Food arrived late.
REV_04496,ORD_04496,CUST_0407,4,"Amazing experience, food arrived hot."
REV_04497,ORD_04497,CUST_0802,3,Food was decent but could be better.
REV_04498,ORD_04498,CUST_0105,4,Great food and excellent service.
REV_04499,ORD_04499,CUST_0617,4,Food was delicious and delivery was fast.
REV_04500,ORD_04500,CUST_0837,3,Food was decent but could be better.
REV_04501,ORD_04501,CUST_0015,2,Food arrived late.
REV_04502,ORD_04502,CUST_0687,3,The experience was okay.
REV_04503,ORD_04503,CUST_0259,4,Food was delicious and delivery was fast.
REV_04504,ORD_04504,CUST_0723,3,Food was decent but could be better.
REV_04505,ORD_04505,CUST_0412,4,Very good service and tasty food.
REV_04506,ORD_04506,CUST_0259,4,Food was delicious and delivery was fast.
REV_04507,ORD_04507,CUST_0614,3,The experience was okay.
REV_04508,ORD_04508,CUST_0260,2,The delivery took too long.
REV_04509,ORD_04509,CUST_0856,5,Great food and excellent service.
REV_04510,ORD_04510,CUST_0671,4,Loved the food and quick delivery.
REV_04511,ORD_04511,CUST_0045,4,Very good service and tasty food.
REV_04512,ORD_04512,CUST_0955,1,Food arrived late.
REV_04513,ORD_04513,CUST_0813,4,Loved the food and quick delivery.
REV_04514,ORD_04514,CUST_0763,3,Food was decent but could be better.
REV_04515,ORD_04515,CUST_0331,3,Food was okay but delivery took some time.
REV_04516,ORD_04516,CUST_0165,4,Very good service and tasty food.
REV_04517,ORD_04517,CUST_0193,4,Very good service and tasty food.
REV_04518,ORD_04518,CUST_0521,2,Order was delayed and food was not hot.
REV_04519,ORD_04519,CUST_0401,4,"Amazing experience, food arrived hot."
REV_04520,ORD_04520,CUST_0374,4,Loved the food and quick delivery.
REV_04521,ORD_04521,CUST_0065,2,Delivery was very late and food was cold.
REV_04522,ORD_04522,CUST_0387,3,Food was okay but delivery took some time.
REV_04523,ORD_04523,CUST_0495,5,"Amazing experience, food arrived hot."
REV_04524,ORD_04524,CUST_0794,3,Average experience.
REV_04525,ORD_04525,CUST_0693,3,The experience was okay.
REV_04526,ORD_04526,CUST_0415,4,Very good service and tasty food.
REV_04527,ORD_04527,CUST_0794,3,Average experience.
REV_04528,ORD_04528,CUST_0791,2,Very slow delivery and poor experience.
REV_04529,ORD_04529,CUST_0030,3,The experience was okay.
REV_04530,ORD_04530,CUST_0266,4,Loved the food and quick delivery.
REV_04531,ORD_04531,CUST_0328,1,The delivery took too long.
REV_04532,ORD_04532,CUST_0492,2,Food arrived late.
REV_04533,ORD_04533,CUST_0217,3,Average experience.
REV_04534,ORD_04534,CUST_0320,4,"Amazing experience, food arrived hot."
REV_04535,ORD_04535,CUST_0918,2,Order was delayed and food was not hot.
REV_04536,ORD_04536,CUST_0399,3,Average experience.
REV_04537,ORD_04537,CUST_0891,4,Food was delicious and delivery was fast.
REV_04538,ORD_04538,CUST_0105,2,Food arrived late.
REV_04539,ORD_04539,CUST_0696,2,Food arrived late.
REV_04540,ORD_04540,CUST_0330,3,The experience was okay.
REV_04541,ORD_04541,CUST_0660,4,Food was delicious and delivery was fast.
REV_04542,ORD_04542,CUST_0617,2,Order was delayed and food was not hot.
REV_04543,ORD_04543,CUST_0047,2,Delivery was very late and food was cold.
REV_04544,ORD_04544,CUST_0599,4,Very good service and tasty food.
REV_04545,ORD_04545,CUST_0821,2,Very slow delivery and poor experience.
REV_04546,ORD_04546,CUST_0949,3,The experience was okay.
REV_04547,ORD_04547,CUST_0641,3,Food was decent but could be better.
REV_04548,ORD_04548,CUST_0770,2,Food arrived late.
REV_04549,ORD_04549,CUST_0314,3,Average experience.
REV_04550,ORD_04550,CUST_0147,4,Loved the food and quick delivery.
REV_04551,ORD_04551,CUST_0958,4,"Amazing experience, food arrived hot."
REV_04552,ORD_04552,CUST_0462,3,Food was okay but delivery took some time.
REV_04553,ORD_04553,CUST_0584,1,Very slow delivery and poor experience.
REV_04554,ORD_04554,CUST_0486,3,Delivery was acceptable.
REV_04555,ORD_04555,CUST_0652,4,Great food and excellent service.
REV_04556,ORD_04556,CUST_0410,5,Food was delicious and delivery was fast.
REV_04557,ORD_04557,CUST_0027,3,Average experience.
REV_04558,ORD_04558,CUST_0029,3,Food was decent but could be better.
REV_04559,ORD_04559,CUST_0271,4,Loved the food and quick delivery.
REV_04560,ORD_04560,CUST_0686,3,Food was okay but delivery took some time.
REV_04561,ORD_04561,CUST_0501,3,The experience was okay.
REV_04562,ORD_04562,CUST_0253,2,Very slow delivery and poor experience.
REV_04563,ORD_04563,CUST_0385,4,Very good service and tasty food.
REV_04564,ORD_04564,CUST_0060,3,The experience was okay.
REV_04565,ORD_04565,CUST_0107,4,Loved the food and quick delivery.
REV_04566,ORD_04566,CUST_0220,4,"Amazing experience, food arrived hot."
REV_04567,ORD_04567,CUST_0441,3,Food was okay but delivery took some time.
REV_04568,ORD_04568,CUST_0771,3,Food was decent but could be better.
REV_04569,ORD_04569,CUST_0883,3,The experience was okay.
REV_04570,ORD_04570,CUST_0658,2,Food arrived late.
REV_04571,ORD_04571,CUST_0564,4,Great food and excellent service.
REV_04572,ORD_04572,CUST_0572,3,The experience was okay.
REV_04573,ORD_04573,CUST_0546,5,Food was delicious and delivery was fast.
REV_04574,ORD_04574,CUST_0096,3,The experience was okay.
REV_04575,ORD_04575,CUST_0989,4,Great food and excellent service.
REV_04576,ORD_04576,CUST_0089,3,Delivery was acceptable.
REV_04577,ORD_04577,CUST_0828,3,The experience was okay.
REV_04578,ORD_04578,CUST_0922,3,The experience was okay.
REV_04579,ORD_04579,CUST_0231,3,Delivery was acceptable.
REV_04580,ORD_04580,CUST_0968,3,Food was okay but delivery took some time.
REV_04581,ORD_04581,CUST_0275,4,"Amazing experience, food arrived hot."
REV_04582,ORD_04582,CUST_0246,3,Average experience.
REV_04583,ORD_04583,CUST_0111,3,Average experience.
REV_04584,ORD_04584,CUST_0234,4,"Amazing experience, food arrived hot."
REV_04585,ORD_04585,CUST_0278,2,Very slow delivery and poor experience.
REV_04586,ORD_04586,CUST_0477,3,Food was decent but could be better.
REV_04587,ORD_04587,CUST_0417,2,Very slow delivery and poor experience.
REV_04588,ORD_04588,CUST_0678,2,Food arrived late.
REV_04589,ORD_04589,CUST_0128,3,The experience was okay.
REV_04590,ORD_04590,CUST_0237,2,The delivery took too long.
REV_04591,ORD_04591,CUST_0803,2,Order was delayed and food was not hot.
REV_04592,ORD_04592,CUST_0619,2,The delivery took too long.
REV_04593,ORD_04593,CUST_0128,4,Food was delicious and delivery was fast.
REV_04594,ORD_04594,CUST_0707,1,Delivery was very late and food was cold.
REV_04595,ORD_04595,CUST_0851,4,"Amazing experience, food arrived hot."
REV_04596,ORD_04596,CUST_0394,3,Delivery was acceptable.
REV_04597,ORD_04597,CUST_0475,2,Food arrived late.
REV_04598,ORD_04598,CUST_0655,2,The delivery took too long.
REV_04599,ORD_04599,CUST_0395,3,The experience was okay.
REV_04600,ORD_04600,CUST_0111,3,Average experience.
REV_04601,ORD_04601,CUST_0090,2,Delivery was very late and food was cold.
REV_04602,ORD_04602,CUST_0763,3,Food was decent but could be better.
REV_04603,ORD_04603,CUST_0280,1,Order was delayed and food was not hot.
REV_04604,ORD_04604,CUST_0333,5,Food was delicious and delivery was fast.
REV_04605,ORD_04605,CUST_0224,3,Delivery was acceptable.
REV_04606,ORD_04606,CUST_0101,4,"Amazing experience, food arrived hot."
REV_04607,ORD_04607,CUST_0132,3,The experience was okay.
REV_04608,ORD_04608,CUST_0013,4,"Amazing experience, food arrived hot."
REV_04609,ORD_04609,CUST_0457,3,Food was okay but delivery took some time.
REV_04610,ORD_04610,CUST_0441,3,The experience was okay.
REV_04611,ORD_04611,CUST_0098,4,"Amazing experience, food arrived hot."
REV_04612,ORD_04612,CUST_0120,4,Loved the food and quick delivery.
REV_04613,ORD_04613,CUST_0293,3,The experience was okay.
REV_04614,ORD_04614,CUST_0816,3,Delivery was acceptable.
REV_04615,ORD_04615,CUST_0711,2,Order was delayed and food was not hot.
REV_04616,ORD_04616,CUST_0001,3,Food was okay but delivery took some time.
REV_04617,ORD_04617,CUST_0572,3,Food was decent but could be better.
REV_04618,ORD_04618,CUST_0250,4,Great food and excellent service.
REV_04619,ORD_04619,CUST_0652,2,Very slow delivery and poor experience.
REV_04620,ORD_04620,CUST_0149,5,Loved the food and quick delivery.
REV_04621,ORD_04621,CUST_0395,5,Food was delicious and delivery was fast.
REV_04622,ORD_04622,CUST_0044,4,Food was delicious and delivery was fast.
REV_04623,ORD_04623,CUST_0883,3,Average experience.
REV_04624,ORD_04624,CUST_0698,4,Loved the food and quick delivery.
REV_04625,ORD_04625,CUST_0620,3,The experience was okay.
REV_04626,ORD_04626,CUST_0044,3,Food was okay but delivery took some time.
REV_04627,ORD_04627,CUST_0078,3,Food was okay but delivery took some time.
REV_04628,ORD_04628,CUST_0226,5,Great food and excellent service.
REV_04629,ORD_04629,CUST_0162,1,Food arrived late.
REV_04630,ORD_04630,CUST_0793,2,Order was delayed and food was not hot.
REV_04631,ORD_04631,CUST_0253,2,Delivery was very late and food was cold.
REV_04632,ORD_04632,CUST_0132,4,Great food and excellent service.
REV_04633,ORD_04633,CUST_0448,4,Loved the food and quick delivery.
REV_04634,ORD_04634,CUST_0884,3,Delivery was acceptable.
REV_04635,ORD_04635,CUST_0887,3,Food was okay but delivery took some time.
REV_04636,ORD_04636,CUST_0474,3,Average experience.
REV_04637,ORD_04637,CUST_0656,5,Food was delicious and delivery was fast.
REV_04638,ORD_04638,CUST_0778,2,Order was delayed and food was not hot.
REV_04639,ORD_04639,CUST_0109,3,Food was decent but could be better.
REV_04640,ORD_04640,CUST_0706,2,Delivery was very late and food was cold.
REV_04641,ORD_04641,CUST_0035,3,Food was okay but delivery took some time.
REV_04642,ORD_04642,CUST_0467,3,Food was okay but delivery took some time.
REV_04643,ORD_04643,CUST_0902,4,Food was delicious and delivery was fast.
REV_04644,ORD_04644,CUST_0275,3,Average experience.
REV_04645,ORD_04645,CUST_0187,4,"Amazing experience, food arrived hot."
REV_04646,ORD_04646,CUST_0949,4,Loved the food and quick delivery.
REV_04647,ORD_04647,CUST_0243,4,Food was delicious and delivery was fast.
REV_04648,ORD_04648,CUST_0264,4,Loved the food and quick delivery.
REV_04649,ORD_04649,CUST_0974,2,Food arrived late.
REV_04650,ORD_04650,CUST_0522,3,Food was decent but could be better.
REV_04651,ORD_04651,CUST_0963,4,Very good service and tasty food.
REV_04652,ORD_04652,CUST_0678,2,Order was delayed and food was not hot.
REV_04653,ORD_04653,CUST_0541,3,Delivery was acceptable.
REV_04654,ORD_04654,CUST_0783,4,Very good service and tasty food.
REV_04655,ORD_04655,CUST_0087,3,Delivery was acceptable.
REV_04656,ORD_04656,CUST_0535,2,Very slow delivery and poor experience.
REV_04657,ORD_04657,CUST_0210,4,Food was delicious and delivery was fast.
REV_04658,ORD_04658,CUST_0046,4,Very good service and tasty food.
REV_04659,ORD_04659,CUST_0467,3,Food was okay but delivery took some time.
REV_04660,ORD_04660,CUST_0540,4,Loved the food and quick delivery.
REV_04661,ORD_04661,CUST_0026,3,Food was okay but delivery took some time.
REV_04662,ORD_04662,CUST_0266,2,The delivery took too long.
REV_04663,ORD_04663,CUST_0175,3,Food was okay but delivery took some time.
REV_04664,ORD_04664,CUST_0516,3,The experience was okay.
REV_04665,ORD_04665,CUST_0311,3,Food was okay but delivery took some time.
REV_04666,ORD_04666,CUST_0322,2,Delivery was very late and food was cold.
REV_04667,ORD_04667,CUST_0579,3,Food was decent but could be better.
REV_04668,ORD_04668,CUST_0135,2,The delivery took too long.
REV_04669,ORD_04669,CUST_0055,3,Food was okay but delivery took some time.
REV_04670,ORD_04670,CUST_0976,3,Food was decent but could be better.
REV_04671,ORD_04671,CUST_0543,5,"Amazing experience, food arrived hot."
REV_04672,ORD_04672,CUST_0586,4,Loved the food and quick delivery.
REV_04673,ORD_04673,CUST_0531,2,Delivery was very late and food was cold.
REV_04674,ORD_04674,CUST_0156,2,Very slow delivery and poor experience.
REV_04675,ORD_04675,CUST_0849,2,Order was delayed and food was not hot.
REV_04676,ORD_04676,CUST_0668,2,Order was delayed and food was not hot.
REV_04677,ORD_04677,CUST_0147,4,Very good service and tasty food.
REV_04678,ORD_04678,CUST_0485,3,Food was okay but delivery took some time.
REV_04679,ORD_04679,CUST_0599,3,Delivery was acceptable.
REV_04680,ORD_04680,CUST_0020,3,Average experience.
REV_04681,ORD_04681,CUST_0269,3,The experience was okay.
REV_04682,ORD_04682,CUST_0333,2,Food arrived late.
REV_04683,ORD_04683,CUST_0555,3,Average experience.
REV_04684,ORD_04684,CUST_0907,4,Very good service and tasty food.
REV_04685,ORD_04685,CUST_0944,2,The delivery took too long.
REV_04686,ORD_04686,CUST_0911,4,"Amazing experience, food arrived hot."
REV_04687,ORD_04687,CUST_0401,3,Average experience.
REV_04688,ORD_04688,CUST_0950,2,Very slow delivery and poor experience.
REV_04689,ORD_04689,CUST_0306,3,Food was decent but could be better.
REV_04690,ORD_04690,CUST_0028,3,Food was okay but delivery took some time.
REV_04691,ORD_04691,CUST_0467,3,The experience was okay.
REV_04692,ORD_04692,CUST_0260,2,The delivery took too long.
REV_04693,ORD_04693,CUST_0534,2,Food arrived late.
REV_04694,ORD_04694,CUST_0982,3,Food was okay but delivery took some time.
REV_04695,ORD_04695,CUST_0887,2,Delivery was very late and food was cold.
REV_04696,ORD_04696,CUST_0101,1,Delivery was very late and food was cold.
REV_04697,ORD_04697,CUST_0551,5,Loved the food and quick delivery.
REV_04698,ORD_04698,CUST_0802,4,Loved the food and quick delivery.
REV_04699,ORD_04699,CUST_0353,4,Very good service and tasty food.
REV_04700,ORD_04700,CUST_0300,1,The delivery took too long.
REV_04701,ORD_04701,CUST_0682,3,The experience was okay.
REV_04702,ORD_04702,CUST_0296,2,Delivery was very late and food was cold.
REV_04703,ORD_04703,CUST_0353,4,"Amazing experience, food arrived hot."
REV_04704,ORD_04704,CUST_0908,3,Average experience.
REV_04705,ORD_04705,CUST_0130,3,Food was decent but could be better.
REV_04706,ORD_04706,CUST_0156,2,Food arrived late.
REV_04707,ORD_04707,CUST_0074,3,Delivery was acceptable.
REV_04708,ORD_04708,CUST_0342,1,The delivery took too long.
REV_04709,ORD_04709,CUST_0465,4,Great food and excellent service.
REV_04710,ORD_04710,CUST_0090,4,Great food and excellent service.
REV_04711,ORD_04711,CUST_0579,4,Great food and excellent service.
REV_04712,ORD_04712,CUST_0455,3,Average experience.
REV_04713,ORD_04713,CUST_0748,3,The experience was okay.
REV_04714,ORD_04714,CUST_0712,3,Food was decent but could be better.
REV_04715,ORD_04715,CUST_0980,2,Food arrived late.
REV_04716,ORD_04716,CUST_0332,3,Food was okay but delivery took some time.
REV_04717,ORD_04717,CUST_0739,3,Average experience.
REV_04718,ORD_04718,CUST_0977,2,The delivery took too long.
REV_04719,ORD_04719,CUST_0348,2,Delivery was very late and food was cold.
REV_04720,ORD_04720,CUST_0233,3,The experience was okay.
REV_04721,ORD_04721,CUST_0778,3,Delivery was acceptable.
REV_04722,ORD_04722,CUST_0598,3,The experience was okay.
REV_04723,ORD_04723,CUST_0102,3,Food was okay but delivery took some time.
REV_04724,ORD_04724,CUST_0953,3,Food was decent but could be better.
REV_04725,ORD_04725,CUST_0481,3,Food was okay but delivery took some time.
REV_04726,ORD_04726,CUST_0214,3,Food was decent but could be better.
REV_04727,ORD_04727,CUST_0108,2,Delivery was very late and food was cold.
REV_04728,ORD_04728,CUST_0165,4,Great food and excellent service.
REV_04729,ORD_04729,CUST_0973,4,Loved the food and quick delivery.
REV_04730,ORD_04730,CUST_0603,3,Delivery was acceptable.
REV_04731,ORD_04731,CUST_0704,2,Very slow delivery and poor experience.
REV_04732,ORD_04732,CUST_0335,3,Food was decent but could be better.
REV_04733,ORD_04733,CUST_0086,5,Great food and excellent service.
REV_04734,ORD_04734,CUST_0734,3,Average experience.
REV_04735,ORD_04735,CUST_0875,3,Food was okay but delivery took some time.
REV_04736,ORD_04736,CUST_0424,3,Food was decent but could be better.
REV_04737,ORD_04737,CUST_0613,4,Loved the food and quick delivery.
REV_04738,ORD_04738,CUST_0738,4,Food was delicious and delivery was fast.
REV_04739,ORD_04739,CUST_0364,1,Food arrived late.
REV_04740,ORD_04740,CUST_0060,3,Food was decent but could be better.
REV_04741,ORD_04741,CUST_0482,3,Delivery was acceptable.
REV_04742,ORD_04742,CUST_0250,4,Very good service and tasty food.
REV_04743,ORD_04743,CUST_0560,4,"Amazing experience, food arrived hot."
REV_04744,ORD_04744,CUST_0117,3,The experience was okay.
REV_04745,ORD_04745,CUST_0739,2,Very slow delivery and poor experience.
REV_04746,ORD_04746,CUST_0874,2,The delivery took too long.
REV_04747,ORD_04747,CUST_0915,3,Average experience.
REV_04748,ORD_04748,CUST_0968,4,Loved the food and quick delivery.
REV_04749,ORD_04749,CUST_0999,4,Loved the food and quick delivery.
REV_04750,ORD_04750,CUST_0545,4,"Amazing experience, food arrived hot."
REV_04751,ORD_04751,CUST_0044,4,"Amazing experience, food arrived hot."
REV_04752,ORD_04752,CUST_0509,4,Very good service and tasty food.
REV_04753,ORD_04753,CUST_0988,4,Great food and excellent service.
REV_04754,ORD_04754,CUST_0165,2,Delivery was very late and food was cold.
REV_04755,ORD_04755,CUST_0368,4,"Amazing experience, food arrived hot."
REV_04756,ORD_04756,CUST_0857,1,Food arrived late.
REV_04757,ORD_04757,CUST_0292,3,Average experience.
REV_04758,ORD_04758,CUST_0849,3,Delivery was acceptable.
REV_04759,ORD_04759,CUST_0856,4,"Amazing experience, food arrived hot."
REV_04760,ORD_04760,CUST_0917,4,"Amazing experience, food arrived hot."
REV_04761,ORD_04761,CUST_0898,2,Food arrived late.
REV_04762,ORD_04762,CUST_0799,4,"Amazing experience, food arrived hot."
REV_04763,ORD_04763,CUST_0876,3,Delivery was acceptable.
REV_04764,ORD_04764,CUST_0737,2,Order was delayed and food was not hot.
REV_04765,ORD_04765,CUST_0286,5,Very good service and tasty food.
REV_04766,ORD_04766,CUST_0204,3,Food was decent but could be better.
REV_04767,ORD_04767,CUST_0684,4,"Amazing experience, food arrived hot."
REV_04768,ORD_04768,CUST_0524,4,Very good service and tasty food.
REV_04769,ORD_04769,CUST_0819,4,Loved the food and quick delivery.
REV_04770,ORD_04770,CUST_0121,5,Food was delicious and delivery was fast.
REV_04771,ORD_04771,CUST_0945,5,Great food and excellent service.
REV_04772,ORD_04772,CUST_0756,4,Loved the food and quick delivery.
REV_04773,ORD_04773,CUST_0664,3,Food was okay but delivery took some time.
REV_04774,ORD_04774,CUST_0664,4,"Amazing experience, food arrived hot."
REV_04775,ORD_04775,CUST_0188,3,Average experience.
REV_04776,ORD_04776,CUST_0907,3,The experience was okay.
REV_04777,ORD_04777,CUST_0013,3,Average experience.
REV_04778,ORD_04778,CUST_0603,4,"Amazing experience, food arrived hot."
REV_04779,ORD_04779,CUST_0200,4,Food was delicious and delivery was fast.
REV_04780,ORD_04780,CUST_0586,3,Food was okay but delivery took some time.
REV_04781,ORD_04781,CUST_0768,3,Food was okay but delivery took some time.
REV_04782,ORD_04782,CUST_0456,3,The experience was okay.
REV_04783,ORD_04783,CUST_0448,3,Food was okay but delivery took some time.
REV_04784,ORD_04784,CUST_0788,2,The delivery took too long.
REV_04785,ORD_04785,CUST_0840,2,The delivery took too long.
REV_04786,ORD_04786,CUST_0841,3,Delivery was acceptable.
REV_04787,ORD_04787,CUST_0071,5,Loved the food and quick delivery.
REV_04788,ORD_04788,CUST_0590,4,Great food and excellent service.
REV_04789,ORD_04789,CUST_0796,4,Food was delicious and delivery was fast.
REV_04790,ORD_04790,CUST_0130,3,The experience was okay.
REV_04791,ORD_04791,CUST_0889,4,"Amazing experience, food arrived hot."
REV_04792,ORD_04792,CUST_0043,4,Loved the food and quick delivery.
REV_04793,ORD_04793,CUST_0520,4,Loved the food and quick delivery.
REV_04794,ORD_04794,CUST_0013,4,Very good service and tasty food.
REV_04795,ORD_04795,CUST_0725,4,Great food and excellent service.
REV_04796,ORD_04796,CUST_0623,3,Food was decent but could be better.
REV_04797,ORD_04797,CUST_0988,5,Very good service and tasty food.
REV_04798,ORD_04798,CUST_0803,3,Average experience.
REV_04799,ORD_04799,CUST_0535,3,The experience was okay.
REV_04800,ORD_04800,CUST_0302,4,"Amazing experience, food arrived hot."
REV_04801,ORD_04801,CUST_0766,3,Average experience.
REV_04802,ORD_04802,CUST_0527,4,Very good service and tasty food.
REV_04803,ORD_04803,CUST_0642,3,The experience was okay.
REV_04804,ORD_04804,CUST_0573,3,The experience was okay.
REV_04805,ORD_04805,CUST_0115,2,Delivery was very late and food was cold.
REV_04806,ORD_04806,CUST_0460,3,Delivery was acceptable.
REV_04807,ORD_04807,CUST_0832,3,Food was decent but could be better.
REV_04808,ORD_04808,CUST_0505,3,The experience was okay.
REV_04809,ORD_04809,CUST_0308,3,Food was okay but delivery took some time.
REV_04810,ORD_04810,CUST_0932,4,Great food and excellent service.
REV_04811,ORD_04811,CUST_0963,4,Loved the food and quick delivery.
REV_04812,ORD_04812,CUST_0325,4,Great food and excellent service.
REV_04813,ORD_04813,CUST_0579,3,The experience was okay.
REV_04814,ORD_04814,CUST_0761,5,Great food and excellent service.
REV_04815,ORD_04815,CUST_0175,2,Order was delayed and food was not hot.
REV_04816,ORD_04816,CUST_0851,4,Great food and excellent service.
REV_04817,ORD_04817,CUST_0514,3,Average experience.
REV_04818,ORD_04818,CUST_0172,5,Loved the food and quick delivery.
REV_04819,ORD_04819,CUST_0997,4,Loved the food and quick delivery.
REV_04820,ORD_04820,CUST_0960,5,Great food and excellent service.
REV_04821,ORD_04821,CUST_0502,4,Very good service and tasty food.
REV_04822,ORD_04822,CUST_0977,4,"Amazing experience, food arrived hot."
REV_04823,ORD_04823,CUST_0334,4,Food was delicious and delivery was fast.
REV_04824,ORD_04824,CUST_0284,4,Great food and excellent service.
REV_04825,ORD_04825,CUST_0475,2,Order was delayed and food was not hot.
REV_04826,ORD_04826,CUST_0054,3,Average experience.
REV_04827,ORD_04827,CUST_0458,3,Food was okay but delivery took some time.
REV_04828,ORD_04828,CUST_0579,2,Very slow delivery and poor experience.
REV_04829,ORD_04829,CUST_0420,3,Food was decent but could be better.
REV_04830,ORD_04830,CUST_0614,2,Food arrived late.
REV_04831,ORD_04831,CUST_0632,2,Delivery was very late and food was cold.
REV_04832,ORD_04832,CUST_0703,4,Great food and excellent service.
REV_04833,ORD_04833,CUST_0409,3,The experience was okay.
REV_04834,ORD_04834,CUST_0982,4,"Amazing experience, food arrived hot."
REV_04835,ORD_04835,CUST_0304,5,Very good service and tasty food.
REV_04836,ORD_04836,CUST_0935,2,Order was delayed and food was not hot.
REV_04837,ORD_04837,CUST_0559,2,Order was delayed and food was not hot.
REV_04838,ORD_04838,CUST_0222,3,Food was okay but delivery took some time.
REV_04839,ORD_04839,CUST_0533,3,Food was okay but delivery took some time.
REV_04840,ORD_04840,CUST_0158,3,Food was decent but could be better.
REV_04841,ORD_04841,CUST_0348,4,Food was delicious and delivery was fast.
REV_04842,ORD_04842,CUST_0159,4,Loved the food and quick delivery.
REV_04843,ORD_04843,CUST_0889,3,Food was decent but could be better.
REV_04844,ORD_04844,CUST_0884,3,Food was decent but could be better.
REV_04845,ORD_04845,CUST_0922,4,Loved the food and quick delivery.
REV_04846,ORD_04846,CUST_0235,2,The delivery took too long.
REV_04847,ORD_04847,CUST_0662,2,The delivery took too long.
REV_04848,ORD_04848,CUST_0405,3,Average experience.
REV_04849,ORD_04849,CUST_0257,4,Very good service and tasty food.
REV_04850,ORD_04850,CUST_0677,4,Very good service and tasty food.
REV_04851,ORD_04851,CUST_0589,3,Food was decent but could be better.
REV_04852,ORD_04852,CUST_0597,3,The experience was okay.
REV_04853,ORD_04853,CUST_0558,2,Delivery was very late and food was cold.
REV_04854,ORD_04854,CUST_0905,4,Loved the food and quick delivery.
REV_04855,ORD_04855,CUST_0913,3,Food was decent but could be better.
REV_04856,ORD_04856,CUST_0047,4,Very good service and tasty food.
REV_04857,ORD_04857,CUST_0213,2,Food arrived late.
REV_04858,ORD_04858,CUST_0479,5,Loved the food and quick delivery.
REV_04859,ORD_04859,CUST_0487,3,Delivery was acceptable.
REV_04860,ORD_04860,CUST_0571,3,Food was decent but could be better.
REV_04861,ORD_04861,CUST_0566,3,Food was decent but could be better.
REV_04862,ORD_04862,CUST_0342,3,Delivery was acceptable.
REV_04863,ORD_04863,CUST_0524,4,Very good service and tasty food.
REV_04864,ORD_04864,CUST_0704,2,The delivery took too long.
REV_04865,ORD_04865,CUST_0503,2,Delivery was very late and food was cold.
REV_04866,ORD_04866,CUST_0006,4,Loved the food and quick delivery.
REV_04867,ORD_04867,CUST_0821,3,Average experience.
REV_04868,ORD_04868,CUST_0144,2,Order was delayed and food was not hot.
REV_04869,ORD_04869,CUST_0858,5,Great food and excellent service.
REV_04870,ORD_04870,CUST_0261,2,Food arrived late.
REV_04871,ORD_04871,CUST_0585,4,Food was delicious and delivery was fast.
REV_04872,ORD_04872,CUST_0686,3,The experience was okay.
REV_04873,ORD_04873,CUST_0232,2,Very slow delivery and poor experience.
REV_04874,ORD_04874,CUST_0270,2,Food arrived late.
REV_04875,ORD_04875,CUST_0940,3,Average experience.
REV_04876,ORD_04876,CUST_0447,4,Great food and excellent service.
REV_04877,ORD_04877,CUST_0874,3,Average experience.
REV_04878,ORD_04878,CUST_0222,2,Very slow delivery and poor experience.
REV_04879,ORD_04879,CUST_0052,3,The experience was okay.
REV_04880,ORD_04880,CUST_0116,2,Delivery was very late and food was cold.
REV_04881,ORD_04881,CUST_0538,4,Great food and excellent service.
REV_04882,ORD_04882,CUST_0565,4,Very good service and tasty food.
REV_04883,ORD_04883,CUST_0877,4,"Amazing experience, food arrived hot."
REV_04884,ORD_04884,CUST_0541,4,Food was delicious and delivery was fast.
REV_04885,ORD_04885,CUST_0019,4,Very good service and tasty food.
REV_04886,ORD_04886,CUST_0815,2,Order was delayed and food was not hot.
REV_04887,ORD_04887,CUST_0392,4,Very good service and tasty food.
REV_04888,ORD_04888,CUST_0791,3,Average experience.
REV_04889,ORD_04889,CUST_0629,3,The experience was okay.
REV_04890,ORD_04890,CUST_0618,4,Great food and excellent service.
REV_04891,ORD_04891,CUST_0419,3,Delivery was acceptable.
REV_04892,ORD_04892,CUST_0991,3,Food was okay but delivery took some time.
REV_04893,ORD_04893,CUST_0309,3,Average experience.
REV_04894,ORD_04894,CUST_0739,2,Delivery was very late and food was cold.
REV_04895,ORD_04895,CUST_0864,3,Average experience.
REV_04896,ORD_04896,CUST_0186,3,The experience was okay.
REV_04897,ORD_04897,CUST_0261,4,Loved the food and quick delivery.
REV_04898,ORD_04898,CUST_0528,3,Average experience.
REV_04899,ORD_04899,CUST_0273,4,Great food and excellent service.
REV_04900,ORD_04900,CUST_0160,3,The experience was okay.
REV_04901,ORD_04901,CUST_0870,3,Food was okay but delivery took some time.
REV_04902,ORD_04902,CUST_0762,4,Loved the food and quick delivery.
REV_04903,ORD_04903,CUST_0224,5,Great food and excellent service.
REV_04904,ORD_04904,CUST_0256,3,Food was okay but delivery took some time.
REV_04905,ORD_04905,CUST_0180,3,Average experience.
REV_04906,ORD_04906,CUST_0020,2,Very slow delivery and poor experience.
REV_04907,ORD_04907,CUST_0624,5,Great food and excellent service.
REV_04908,ORD_04908,CUST_0632,3,The experience was okay.
REV_04909,ORD_04909,CUST_0706,5,Very good service and tasty food.
REV_04910,ORD_04910,CUST_0468,4,Loved the food and quick delivery.
REV_04911,ORD_04911,CUST_0623,5,Loved the food and quick delivery.
REV_04912,ORD_04912,CUST_0210,2,Delivery was very late and food was cold.
REV_04913,ORD_04913,CUST_0513,3,Food was decent but could be better.
REV_04914,ORD_04914,CUST_0058,4,Food was delicious and delivery was fast.
REV_04915,ORD_04915,CUST_0093,2,Food arrived late.
REV_04916,ORD_04916,CUST_0221,3,Delivery was acceptable.
REV_04917,ORD_04917,CUST_0723,3,The experience was okay.
REV_04918,ORD_04918,CUST_0940,4,Very good service and tasty food.
REV_04919,ORD_04919,CUST_0232,4,Very good service and tasty food.
REV_04920,ORD_04920,CUST_0774,5,Great food and excellent service.
REV_04921,ORD_04921,CUST_0364,2,Food arrived late.
REV_04922,ORD_04922,CUST_0615,2,Order was delayed and food was not hot.
REV_04923,ORD_04923,CUST_0562,4,Loved the food and quick delivery.
REV_04924,ORD_04924,CUST_0374,2,Food arrived late.
REV_04925,ORD_04925,CUST_0622,4,Loved the food and quick delivery.
REV_04926,ORD_04926,CUST_0456,4,Great food and excellent service.
REV_04927,ORD_04927,CUST_0088,2,The delivery took too long.
REV_04928,ORD_04928,CUST_0020,3,The experience was okay.
REV_04929,ORD_04929,CUST_0014,3,Food was decent but could be better.
REV_04930,ORD_04930,CUST_0133,4,Great food and excellent service.
REV_04931,ORD_04931,CUST_0937,4,"Amazing experience, food arrived hot."
REV_04932,ORD_04932,CUST_0808,3,Delivery was acceptable.
REV_04933,ORD_04933,CUST_0034,4,Loved the food and quick delivery.
REV_04934,ORD_04934,CUST_0892,5,Loved the food and quick delivery.
REV_04935,ORD_04935,CUST_0208,4,Food was delicious and delivery was fast.
REV_04936,ORD_04936,CUST_0813,4,Great food and excellent service.
REV_04937,ORD_04937,CUST_0199,1,Order was delayed and food was not hot.
REV_04938,ORD_04938,CUST_0592,4,Very good service and tasty food.
REV_04939,ORD_04939,CUST_0583,2,Food arrived late.
REV_04940,ORD_04940,CUST_0155,2,Delivery was very late and food was cold.
REV_04941,ORD_04941,CUST_0590,4,Food was delicious and delivery was fast.
REV_04942,ORD_04942,CUST_0078,3,Average experience.
REV_04943,ORD_04943,CUST_0172,3,The experience was okay.
REV_04944,ORD_04944,CUST_0289,3,The experience was okay.
REV_04945,ORD_04945,CUST_0545,4,Very good service and tasty food.
REV_04946,ORD_04946,CUST_0812,3,Average experience.
REV_04947,ORD_04947,CUST_0788,5,Loved the food and quick delivery.
REV_04948,ORD_04948,CUST_0879,3,Food was okay but delivery took some time.
REV_04949,ORD_04949,CUST_0420,4,Great food and excellent service.
REV_04950,ORD_04950,CUST_0007,4,Very good service and tasty food.
REV_04951,ORD_04951,CUST_0160,4,Loved the food and quick delivery.
REV_04952,ORD_04952,CUST_0240,4,Loved the food and quick delivery.
REV_04953,ORD_04953,CUST_0963,4,Food was delicious and delivery was fast.
REV_04954,ORD_04954,CUST_0423,2,The delivery took too long.
REV_04955,ORD_04955,CUST_0989,2,The delivery took too long.
REV_04956,ORD_04956,CUST_0536,3,Food was okay but delivery took some time.
REV_04957,ORD_04957,CUST_0726,3,Food was okay but delivery took some time.
REV_04958,ORD_04958,CUST_0070,3,Delivery was acceptable.
REV_04959,ORD_04959,CUST_0880,4,Great food and excellent service.
REV_04960,ORD_04960,CUST_0216,2,The delivery took too long.
REV_04961,ORD_04961,CUST_0104,3,The experience was okay.
REV_04962,ORD_04962,CUST_0727,5,Food was delicious and delivery was fast.
REV_04963,ORD_04963,CUST_0054,4,Very good service and tasty food.
REV_04964,ORD_04964,CUST_0806,3,The experience was okay.
REV_04965,ORD_04965,CUST_0330,3,Delivery was acceptable.
REV_04966,ORD_04966,CUST_0848,3,Food was decent but could be better.
REV_04967,ORD_04967,CUST_0203,4,Food was delicious and delivery was fast.
REV_04968,ORD_04968,CUST_0288,3,The experience was okay.
REV_04969,ORD_04969,CUST_0045,4,Very good service and tasty food.
REV_04970,ORD_04970,CUST_0829,3,Average experience.
REV_04971,ORD_04971,CUST_0198,4,Very good service and tasty food.
REV_04972,ORD_04972,CUST_0216,4,Very good service and tasty food.
REV_04973,ORD_04973,CUST_0481,4,"Amazing experience, food arrived hot."
REV_04974,ORD_04974,CUST_0309,4,Loved the food and quick delivery.
REV_04975,ORD_04975,CUST_0896,2,The delivery took too long.
REV_04976,ORD_04976,CUST_0435,3,Food was okay but delivery took some time.
REV_04977,ORD_04977,CUST_0332,3,Delivery was acceptable.
REV_04978,ORD_04978,CUST_0696,2,Food arrived late.
REV_04979,ORD_04979,CUST_0027,2,Very slow delivery and poor experience.
REV_04980,ORD_04980,CUST_0166,4,Very good service and tasty food.
REV_04981,ORD_04981,CUST_0318,4,Great food and excellent service.
REV_04982,ORD_04982,CUST_0274,4,Food was delicious and delivery was fast.
REV_04983,ORD_04983,CUST_0383,3,Food was decent but could be better.
REV_04984,ORD_04984,CUST_0365,3,The experience was okay.
REV_04985,ORD_04985,CUST_0103,2,The delivery took too long.
REV_04986,ORD_04986,CUST_0960,3,Delivery was acceptable.
REV_04987,ORD_04987,CUST_0503,4,"Amazing experience, food arrived hot."
REV_04988,ORD_04988,CUST_0845,4,Great food and excellent service.
REV_04989,ORD_04989,CUST_0373,3,Food was okay but delivery took some time.
REV_04990,ORD_04990,CUST_0616,3,Food was okay but delivery took some time.
REV_04991,ORD_04991,CUST_0926,2,The delivery took too long.
REV_04992,ORD_04992,CUST_0245,4,Loved the food and quick delivery.
REV_04993,ORD_04993,CUST_0817,4,Food was delicious and delivery was fast.
REV_04994,ORD_04994,CUST_0169,3,The experience was okay.
REV_04995,ORD_04995,CUST_0628,4,Food was delicious and delivery was fast.
REV_04996,ORD_04996,CUST_0653,4,Very good service and tasty food.
REV_04997,ORD_04997,CUST_0418,4,Great food and excellent service.
REV_04998,ORD_04998,CUST_0356,5,"Amazing experience, food arrived hot."
REV_04999,ORD_04999,CUST_0478,2,Order was delayed and food was not hot.
REV_05000,ORD_05000,CUST_0125,3,Food was decent but could be better.
