delivery_id,order_id,driver_id,delivery_distance_km,preparation_time_minutes,delivery_time_minutes,tip_amount
DEL_00001,ORD_00001,DRV_0292,7.57,28.0,77.8,10.68
DEL_00002,ORD_00002,DRV_0419,8.61,30.0,68.3,47.62
DEL_00003,ORD_00003,DRV_0424,19.09,38.0,117.3,22.97
DEL_00004,ORD_00004,DRV_0407,5.79,32.0,89.5,26.44
DEL_00005,ORD_00005,DRV_0201,3.9,39.0,68.2,17.81
DEL_00006,ORD_00006,DRV_0418,10.39,27.0,80.9,4.82
DEL_00007,ORD_00007,DRV_0442,6.71,32.0,79.9,15.88
DEL_00008,ORD_00008,DRV_0499,6.37,31.0,83.6,35.5
DEL_00009,ORD_00009,DRV_0082,5.89,22.0,72.2,31.17
DEL_00010,ORD_00010,DRV_0128,12.35,26.0,102.1,52.01
DEL_00011,ORD_00011,DRV_0080,2.96,29.0,45.0,16.88
DEL_00012,ORD_00012,DRV_0189,7.64,17.0,76.7,37.51
DEL_00013,ORD_00013,DRV_0480,5.91,28.0,70.0,21.71
DEL_00014,ORD_00014,DRV_0156,9.02,34.0,65.4,18.01
DEL_00015,ORD_00015,DRV_0316,2.83,8.0,34.2,16.1
DEL_00016,ORD_00016,DRV_0160,1.77,40.0,56.7,38.06
DEL_00017,ORD_00017,DRV_0242,12.33,17.0,95.2,26.56
DEL_00018,ORD_00018,DRV_0314,1.14,21.0,32.1,16.4
DEL_00019,ORD_00019,DRV_0082,2.65,36.0,69.1,58.19
DEL_00020,ORD_00020,DRV_0044,1.39,19.0,62.5,58.96
DEL_00021,ORD_00021,DRV_0162,8.19,36.0,75.5,34.11
DEL_00022,ORD_00022,DRV_0221,2.14,13.0,52.4,9.56
DEL_00023,ORD_00023,DRV_0149,5.46,26.0,62.9,49.98
DEL_00024,ORD_00024,DRV_0124,2.13,17.0,54.5,23.75
DEL_00025,ORD_00025,DRV_0001,1.67,21.0,45.5,16.7
DEL_00026,ORD_00026,DRV_0183,11.77,12.0,74.6,32.46
DEL_00027,ORD_00027,DRV_0208,6.69,25.0,60.1,18.54
DEL_00028,ORD_00028,DRV_0433,3.4,17.0,66.5,16.46
DEL_00029,ORD_00029,DRV_0097,4.69,21.0,54.3,11.62
DEL_00030,ORD_00030,DRV_0021,1.72,25.0,46.0,14.85
DEL_00031,ORD_00031,DRV_0355,13.87,39.0,111.6,25.64
DEL_00032,ORD_00032,DRV_0439,2.58,13.0,49.5,33.97
DEL_00033,ORD_00033,DRV_0411,7.2,15.0,85.5,29.05
DEL_00034,ORD_00034,DRV_0404,1.44,9.0,24.6,23.61
DEL_00035,ORD_00035,DRV_0223,5.06,32.0,57.3,51.22
DEL_00036,ORD_00036,DRV_0400,5.96,20.0,63.8,31.59
DEL_00037,ORD_00037,DRV_0462,4.28,12.0,72.3,45.5
DEL_00038,ORD_00038,DRV_0048,7.06,19.0,66.7,30.53
DEL_00039,ORD_00039,DRV_0032,3.46,15.0,35.9,37.3
DEL_00040,ORD_00040,DRV_0489,2.67,24.0,79.5,66.47
DEL_00041,ORD_00041,DRV_0288,4.43,29.0,75.2,25.64
DEL_00042,ORD_00042,DRV_0437,1.8,8.0,47.7,12.37
DEL_00043,ORD_00043,DRV_0380,1.85,32.0,61.1,35.48
DEL_00044,ORD_00044,DRV_0437,2.59,34.0,49.7,28.7
DEL_00045,ORD_00045,DRV_0130,10.67,12.0,80.0,17.91
DEL_00046,ORD_00046,DRV_0441,4.03,17.0,55.9,27.71
DEL_00047,ORD_00047,DRV_0493,14.79,26.0,95.7,9.37
DEL_00048,ORD_00048,DRV_0278,3.81,35.0,65.7,9.9
DEL_00049,ORD_00049,DRV_0485,2.69,12.0,40.8,45.79
DEL_00050,ORD_00050,DRV_0245,11.47,34.0,104.3,22.07
DEL_00051,ORD_00051,DRV_0052,2.59,9.0,61.1,36.26
DEL_00052,ORD_00052,DRV_0209,3.72,31.0,85.0,33.79
DEL_00053,ORD_00053,DRV_0352,1.66,25.0,64.5,24.6
DEL_00054,ORD_00054,DRV_0230,9.43,24.0,76.2,11.18
DEL_00055,ORD_00055,DRV_0465,4.17,32.0,81.6,17.55
DEL_00056,ORD_00056,DRV_0186,9.16,11.0,76.3,38.45
DEL_00057,ORD_00057,DRV_0162,6.05,34.0,67.1,21.73
DEL_00058,ORD_00058,DRV_0199,4.09,18.0,54.5,22.81
DEL_00059,ORD_00059,DRV_0477,5.44,30.0,89.0,23.18
DEL_00060,ORD_00060,DRV_0401,10.07,12.0,66.0,44.59
DEL_00061,ORD_00061,DRV_0472,4.64,22.0,64.2,63.43
DEL_00062,ORD_00062,DRV_0456,3.76,34.0,81.4,46.79
DEL_00063,ORD_00063,DRV_0279,0.84,25.0,38.9,37.51
DEL_00064,ORD_00064,DRV_0033,5.88,27.0,79.4,21.35
DEL_00065,ORD_00065,DRV_0413,4.19,16.0,43.0,21.3
DEL_00066,ORD_00066,DRV_0019,11.05,23.0,83.3,26.76
DEL_00067,ORD_00067,DRV_0121,1.63,21.0,53.0,20.6
DEL_00068,ORD_00068,DRV_0069,6.0,27.0,75.7,16.48
DEL_00069,ORD_00069,DRV_0293,1.24,15.0,40.9,35.11
DEL_00070,ORD_00070,DRV_0215,3.55,36.0,61.0,21.7
DEL_00071,ORD_00071,DRV_0123,10.54,12.0,74.0,49.56
DEL_00072,ORD_00072,DRV_0410,10.41,21.0,91.4,35.86
DEL_00073,ORD_00073,DRV_0280,5.82,22.0,63.0,27.64
DEL_00074,ORD_00074,DRV_0054,5.87,14.0,57.0,19.11
DEL_00075,ORD_00075,DRV_0021,7.73,18.0,75.2,18.2
DEL_00076,ORD_00076,DRV_0097,4.2,33.0,68.0,40.02
DEL_00077,ORD_00077,DRV_0346,3.87,31.0,37.0,15.78
DEL_00078,ORD_00078,DRV_0138,1.67,17.0,50.6,33.41
DEL_00079,ORD_00079,DRV_0042,4.7,25.0,55.3,25.45
DEL_00080,ORD_00080,DRV_0413,1.8,11.0,45.5,13.16
DEL_00081,ORD_00081,DRV_0441,3.36,15.0,45.2,27.82
DEL_00082,ORD_00082,DRV_0246,8.07,33.0,82.5,31.59
DEL_00083,ORD_00083,DRV_0419,5.57,31.0,58.9,22.65
DEL_00084,ORD_00084,DRV_0028,2.48,18.0,62.6,17.37
DEL_00085,ORD_00085,DRV_0396,3.22,26.0,35.7,27.21
DEL_00086,ORD_00086,DRV_0058,4.87,37.0,84.6,18.59
DEL_00087,ORD_00087,DRV_0127,6.43,16.0,60.5,26.25
DEL_00088,ORD_00088,DRV_0428,2.25,26.0,64.1,12.13
DEL_00089,ORD_00089,DRV_0263,9.63,41.0,92.4,65.56
DEL_00090,ORD_00090,DRV_0144,4.49,13.0,43.2,24.37
DEL_00091,ORD_00091,DRV_0468,2.21,14.0,53.1,21.99
DEL_00092,ORD_00092,DRV_0093,2.64,25.0,37.3,13.2
DEL_00093,ORD_00093,DRV_0035,9.36,20.0,73.9,37.35
DEL_00094,ORD_00094,DRV_0092,6.55,38.0,77.5,63.74
DEL_00095,ORD_00095,DRV_0263,8.27,32.0,85.4,49.31
DEL_00096,ORD_00096,DRV_0470,5.68,25.0,69.0,52.82
DEL_00097,ORD_00097,DRV_0014,0.5,32.0,63.3,36.41
DEL_00098,ORD_00098,DRV_0315,2.29,25.0,35.6,79.31
DEL_00099,ORD_00099,DRV_0484,9.52,15.0,77.2,42.86
DEL_00100,ORD_00100,DRV_0318,2.07,34.0,73.3,19.05
DEL_00101,ORD_00101,DRV_0202,4.76,37.0,78.4,28.55
DEL_00102,ORD_00102,DRV_0376,1.61,23.0,33.2,19.21
DEL_00103,ORD_00103,DRV_0322,3.32,40.0,63.3,41.27
DEL_00104,ORD_00104,DRV_0278,3.51,39.0,72.5,51.42
DEL_00105,ORD_00105,DRV_0144,1.99,30.0,50.0,43.82
DEL_00106,ORD_00106,DRV_0355,2.56,31.0,53.1,25.97
DEL_00107,ORD_00107,DRV_0495,5.25,17.0,59.6,17.99
DEL_00108,ORD_00108,DRV_0488,3.08,33.0,63.3,37.62
DEL_00109,ORD_00109,DRV_0496,20.0,29.0,137.6,37.19
DEL_00110,ORD_00110,DRV_0459,6.79,17.0,67.0,33.67
DEL_00111,ORD_00111,DRV_0376,7.15,33.0,61.9,19.46
DEL_00112,ORD_00112,DRV_0491,8.37,34.0,78.3,43.44
DEL_00113,ORD_00113,DRV_0299,5.87,14.0,60.4,17.46
DEL_00114,ORD_00114,DRV_0353,2.71,17.0,57.7,23.4
DEL_00115,ORD_00115,DRV_0354,7.1,25.0,62.5,17.63
DEL_00116,ORD_00116,DRV_0372,3.67,21.0,55.5,23.61
DEL_00117,ORD_00117,DRV_0481,1.74,17.0,30.3,38.42
DEL_00118,ORD_00118,DRV_0467,6.21,25.0,90.1,30.66
DEL_00119,ORD_00119,DRV_0404,5.77,37.0,66.8,19.79
DEL_00120,ORD_00120,DRV_0394,7.19,19.0,52.1,45.13
DEL_00121,ORD_00121,DRV_0403,4.18,30.0,53.5,37.88
DEL_00122,ORD_00122,DRV_0245,7.77,26.0,110.4,15.91
DEL_00123,ORD_00123,DRV_0491,2.11,33.0,51.9,22.1
DEL_00124,ORD_00124,DRV_0012,1.24,22.0,59.0,47.22
DEL_00125,ORD_00125,DRV_0394,4.76,13.0,49.0,28.94
DEL_00126,ORD_00126,DRV_0071,3.1,27.0,70.9,45.57
DEL_00127,ORD_00127,DRV_0184,2.42,20.0,65.4,37.91
DEL_00128,ORD_00128,DRV_0104,3.8,21.0,67.2,26.4
DEL_00129,ORD_00129,DRV_0011,6.49,42.0,81.0,21.68
DEL_00130,ORD_00130,DRV_0498,0.5,24.0,40.6,59.76
DEL_00131,ORD_00131,DRV_0208,3.42,13.0,53.8,28.63
DEL_00132,ORD_00132,DRV_0225,11.28,14.0,61.7,30.43
DEL_00133,ORD_00133,DRV_0317,1.56,28.0,53.7,15.81
DEL_00134,ORD_00134,DRV_0382,2.95,22.0,39.1,19.7
DEL_00135,ORD_00135,DRV_0422,9.23,21.0,71.0,16.01
DEL_00136,ORD_00136,DRV_0273,3.99,11.0,45.2,15.53
DEL_00137,ORD_00137,DRV_0054,5.16,31.0,92.0,18.86
DEL_00138,ORD_00138,DRV_0173,3.47,28.0,68.1,36.31
DEL_00139,ORD_00139,DRV_0247,9.71,24.0,84.3,38.03
DEL_00140,ORD_00140,DRV_0153,2.81,25.0,49.7,22.69
DEL_00141,ORD_00141,DRV_0106,4.66,24.0,56.8,32.26
DEL_00142,ORD_00142,DRV_0159,7.31,39.0,86.7,12.8
DEL_00143,ORD_00143,DRV_0106,2.48,24.0,52.7,22.25
DEL_00144,ORD_00144,DRV_0193,1.46,12.0,30.2,21.94
DEL_00145,ORD_00145,DRV_0295,0.7,18.0,39.9,22.03
DEL_00146,ORD_00146,DRV_0276,6.48,25.0,72.7,55.52
DEL_00147,ORD_00147,DRV_0073,1.95,35.0,53.4,15.62
DEL_00148,ORD_00148,DRV_0043,5.78,21.0,58.5,18.35
DEL_00149,ORD_00149,DRV_0372,5.59,20.0,53.4,26.83
DEL_00150,ORD_00150,DRV_0194,1.84,28.0,51.3,52.19
DEL_00151,ORD_00151,DRV_0129,4.92,23.0,69.1,16.29
DEL_00152,ORD_00152,DRV_0311,13.73,23.0,89.4,13.11
DEL_00153,ORD_00153,DRV_0108,6.69,12.0,47.2,16.94
DEL_00154,ORD_00154,DRV_0103,20.0,27.0,134.0,31.9
DEL_00155,ORD_00155,DRV_0435,3.08,33.0,43.7,19.84
DEL_00156,ORD_00156,DRV_0133,5.1,40.0,81.3,28.12
DEL_00157,ORD_00157,DRV_0250,2.37,14.0,40.1,20.07
DEL_00158,ORD_00158,DRV_0396,11.32,37.0,99.9,33.05
DEL_00159,ORD_00159,DRV_0270,3.64,41.0,63.2,21.76
DEL_00160,ORD_00160,DRV_0444,1.8,27.0,59.2,19.59
DEL_00161,ORD_00161,DRV_0103,5.06,9.0,53.8,46.34
DEL_00162,ORD_00162,DRV_0480,2.95,26.0,57.7,34.76
DEL_00163,ORD_00163,DRV_0296,5.69,25.0,90.7,55.79
DEL_00164,ORD_00164,DRV_0238,4.09,9.0,46.8,12.74
DEL_00165,ORD_00165,DRV_0108,6.77,27.0,90.0,25.13
DEL_00166,ORD_00166,DRV_0137,0.81,21.0,50.0,30.73
DEL_00167,ORD_00167,DRV_0426,4.48,22.0,45.9,29.22
DEL_00168,ORD_00168,DRV_0298,2.33,9.0,41.1,9.5
DEL_00169,ORD_00169,DRV_0289,8.45,29.0,81.1,13.86
DEL_00170,ORD_00170,DRV_0025,10.69,27.0,73.7,49.4
DEL_00171,ORD_00171,DRV_0118,2.84,16.0,44.8,36.26
DEL_00172,ORD_00172,DRV_0230,0.5,30.0,54.0,29.45
DEL_00173,ORD_00173,DRV_0334,5.77,19.0,45.4,19.21
DEL_00174,ORD_00174,DRV_0256,2.19,27.0,60.5,15.22
DEL_00175,ORD_00175,DRV_0009,5.42,24.0,72.3,7.19
DEL_00176,ORD_00176,DRV_0119,2.28,28.0,74.4,15.25
DEL_00177,ORD_00177,DRV_0119,5.61,38.0,65.9,40.21
DEL_00178,ORD_00178,DRV_0091,1.49,34.0,57.9,53.79
DEL_00179,ORD_00179,DRV_0172,6.15,14.0,43.2,22.52
DEL_00180,ORD_00180,DRV_0211,11.95,30.0,86.9,23.1
DEL_00181,ORD_00181,DRV_0314,1.45,15.0,45.8,22.19
DEL_00182,ORD_00182,DRV_0409,5.91,33.0,76.9,29.77
DEL_00183,ORD_00183,DRV_0116,1.0,24.0,50.2,27.65
DEL_00184,ORD_00184,DRV_0288,4.13,42.0,66.4,15.96
DEL_00185,ORD_00185,DRV_0022,4.0,20.0,56.1,31.88
DEL_00186,ORD_00186,DRV_0349,3.96,27.0,62.4,10.24
DEL_00187,ORD_00187,DRV_0055,1.34,18.0,38.0,41.1
DEL_00188,ORD_00188,DRV_0476,4.26,18.0,53.1,13.41
DEL_00189,ORD_00189,DRV_0445,4.18,21.0,72.9,24.31
DEL_00190,ORD_00190,DRV_0108,0.69,33.0,61.7,12.17
DEL_00191,ORD_00191,DRV_0441,0.92,21.0,44.7,37.29
DEL_00192,ORD_00192,DRV_0077,4.89,15.0,59.8,22.32
DEL_00193,ORD_00193,DRV_0061,8.05,32.0,77.5,18.87
DEL_00194,ORD_00194,DRV_0122,4.73,24.0,71.9,40.56
DEL_00195,ORD_00195,DRV_0092,5.13,21.0,82.9,17.32
DEL_00196,ORD_00196,DRV_0323,2.58,27.0,82.7,17.84
DEL_00197,ORD_00197,DRV_0222,3.94,24.0,67.3,19.54
DEL_00198,ORD_00198,DRV_0459,1.41,23.0,33.1,13.17
DEL_00199,ORD_00199,DRV_0130,5.99,26.0,77.2,26.37
DEL_00200,ORD_00200,DRV_0498,2.16,24.0,53.6,25.28
DEL_00201,ORD_00201,DRV_0370,1.51,23.0,56.4,31.75
DEL_00202,ORD_00202,DRV_0441,4.27,31.0,69.8,12.61
DEL_00203,ORD_00203,DRV_0248,8.46,30.0,82.0,16.45
DEL_00204,ORD_00204,DRV_0121,4.74,41.0,85.7,20.83
DEL_00205,ORD_00205,DRV_0201,8.43,20.0,61.4,32.88
DEL_00206,ORD_00206,DRV_0161,3.06,20.0,66.6,15.8
DEL_00207,ORD_00207,DRV_0250,5.08,29.0,55.5,16.05
DEL_00208,ORD_00208,DRV_0218,3.62,25.0,50.2,42.65
DEL_00209,ORD_00209,DRV_0063,6.45,41.0,68.4,12.01
DEL_00210,ORD_00210,DRV_0400,5.56,41.0,84.8,30.13
DEL_00211,ORD_00211,DRV_0217,2.4,25.0,62.5,35.43
DEL_00212,ORD_00212,DRV_0385,12.31,31.0,98.4,25.54
DEL_00213,ORD_00213,DRV_0341,1.59,9.0,20.6,11.0
DEL_00214,ORD_00214,DRV_0064,4.62,13.0,49.0,10.92
DEL_00215,ORD_00215,DRV_0212,2.18,29.0,67.5,21.26
DEL_00216,ORD_00216,DRV_0120,4.18,18.0,62.5,9.84
DEL_00217,ORD_00217,DRV_0069,2.06,30.0,54.1,24.08
DEL_00218,ORD_00218,DRV_0124,4.16,36.0,57.8,55.42
DEL_00219,ORD_00219,DRV_0377,4.94,13.0,55.5,22.45
DEL_00220,ORD_00220,DRV_0145,6.4,24.0,78.9,23.2
DEL_00221,ORD_00221,DRV_0296,1.04,31.0,47.5,33.96
DEL_00222,ORD_00222,DRV_0358,2.98,30.0,70.9,17.1
DEL_00223,ORD_00223,DRV_0129,7.02,18.0,71.8,33.79
DEL_00224,ORD_00224,DRV_0013,5.37,26.0,64.2,32.28
DEL_00225,ORD_00225,DRV_0274,16.13,17.0,97.1,20.0
DEL_00226,ORD_00226,DRV_0068,2.91,30.0,64.1,33.57
DEL_00227,ORD_00227,DRV_0367,0.5,11.0,25.3,30.95
DEL_00228,ORD_00228,DRV_0270,12.51,13.0,87.5,14.34
DEL_00229,ORD_00229,DRV_0496,6.82,10.0,75.3,2.12
DEL_00230,ORD_00230,DRV_0133,9.29,12.0,59.1,4.27
DEL_00231,ORD_00231,DRV_0062,2.35,24.0,56.1,17.92
DEL_00232,ORD_00232,DRV_0161,5.43,26.0,62.9,18.18
DEL_00233,ORD_00233,DRV_0026,4.86,18.0,58.9,17.34
DEL_00234,ORD_00234,DRV_0247,3.1,14.0,58.1,28.94
DEL_00235,ORD_00235,DRV_0189,8.39,17.0,77.3,32.19
DEL_00236,ORD_00236,DRV_0452,4.07,13.0,58.1,30.97
DEL_00237,ORD_00237,DRV_0286,6.71,14.0,57.9,47.32
DEL_00238,ORD_00238,DRV_0446,1.49,23.0,48.3,33.38
DEL_00239,ORD_00239,DRV_0318,4.96,17.0,60.0,33.69
DEL_00240,ORD_00240,DRV_0337,7.27,26.0,77.3,48.21
DEL_00241,ORD_00241,DRV_0220,2.73,15.0,73.7,7.78
DEL_00242,ORD_00242,DRV_0326,3.9,33.0,61.8,39.04
DEL_00243,ORD_00243,DRV_0441,4.15,16.0,56.7,28.99
DEL_00244,ORD_00244,DRV_0249,4.15,25.0,43.1,33.92
DEL_00245,ORD_00245,DRV_0091,2.0,16.0,62.9,60.41
DEL_00246,ORD_00246,DRV_0036,7.37,31.0,67.0,16.49
DEL_00247,ORD_00247,DRV_0007,3.37,33.0,70.7,26.04
DEL_00248,ORD_00248,DRV_0321,6.29,18.0,69.0,39.18
DEL_00249,ORD_00249,DRV_0202,4.61,18.0,30.6,30.49
DEL_00250,ORD_00250,DRV_0333,2.2,10.0,40.3,21.17
DEL_00251,ORD_00251,DRV_0041,5.3,22.0,64.1,29.17
DEL_00252,ORD_00252,DRV_0032,2.67,39.0,57.1,17.59
DEL_00253,ORD_00253,DRV_0142,3.3,36.0,53.4,45.22
DEL_00254,ORD_00254,DRV_0256,1.11,33.0,33.4,58.33
DEL_00255,ORD_00255,DRV_0161,7.27,11.0,52.0,6.93
DEL_00256,ORD_00256,DRV_0030,1.42,29.0,47.2,17.76
DEL_00257,ORD_00257,DRV_0457,7.35,32.0,85.2,27.87
DEL_00258,ORD_00258,DRV_0262,4.02,15.0,56.1,17.51
DEL_00259,ORD_00259,DRV_0010,4.68,28.0,65.1,24.16
DEL_00260,ORD_00260,DRV_0203,3.04,15.0,53.8,31.05
DEL_00261,ORD_00261,DRV_0359,1.49,13.0,44.2,39.29
DEL_00262,ORD_00262,DRV_0276,8.82,17.0,70.5,36.37
DEL_00263,ORD_00263,DRV_0345,2.36,15.0,54.8,7.45
DEL_00264,ORD_00264,DRV_0124,10.29,24.0,85.5,20.12
DEL_00265,ORD_00265,DRV_0118,12.01,17.0,76.9,38.17
DEL_00266,ORD_00266,DRV_0268,6.09,33.0,55.5,23.59
DEL_00267,ORD_00267,DRV_0278,3.77,25.0,58.1,30.15
DEL_00268,ORD_00268,DRV_0076,1.58,14.0,28.8,23.1
DEL_00269,ORD_00269,DRV_0014,6.76,20.0,56.4,38.39
DEL_00270,ORD_00270,DRV_0106,8.9,25.0,75.9,9.37
DEL_00271,ORD_00271,DRV_0176,4.35,39.0,84.0,19.7
DEL_00272,ORD_00272,DRV_0182,4.26,27.0,51.6,18.89
DEL_00273,ORD_00273,DRV_0036,5.68,19.0,55.9,77.61
DEL_00274,ORD_00274,DRV_0445,2.58,23.0,62.8,47.34
DEL_00275,ORD_00275,DRV_0055,1.1,21.0,42.1,28.12
DEL_00276,ORD_00276,DRV_0270,5.11,21.0,63.8,20.06
DEL_00277,ORD_00277,DRV_0002,1.29,8.0,42.5,21.75
DEL_00278,ORD_00278,DRV_0256,3.9,26.0,73.7,26.39
DEL_00279,ORD_00279,DRV_0002,2.73,24.0,48.2,20.58
DEL_00280,ORD_00280,DRV_0061,3.28,16.0,42.0,29.29
DEL_00281,ORD_00281,DRV_0363,3.48,32.0,79.2,21.65
DEL_00282,ORD_00282,DRV_0107,5.82,10.0,66.7,20.04
DEL_00283,ORD_00283,DRV_0134,2.92,22.0,71.9,50.78
DEL_00284,ORD_00284,DRV_0409,4.52,21.0,54.7,25.84
DEL_00285,ORD_00285,DRV_0451,1.86,28.0,60.2,14.18
DEL_00286,ORD_00286,DRV_0023,2.25,30.0,59.9,25.63
DEL_00287,ORD_00287,DRV_0073,6.06,21.0,75.9,29.99
DEL_00288,ORD_00288,DRV_0351,2.94,19.0,46.0,32.07
DEL_00289,ORD_00289,DRV_0028,1.98,23.0,61.2,26.59
DEL_00290,ORD_00290,DRV_0025,4.52,21.0,57.4,20.41
DEL_00291,ORD_00291,DRV_0355,3.98,30.0,49.2,34.53
DEL_00292,ORD_00292,DRV_0065,9.58,36.0,89.3,12.65
DEL_00293,ORD_00293,DRV_0194,5.52,41.0,85.3,19.8
DEL_00294,ORD_00294,DRV_0207,2.01,25.0,50.2,16.63
DEL_00295,ORD_00295,DRV_0299,1.17,21.0,39.9,18.28
DEL_00296,ORD_00296,DRV_0040,3.99,40.0,64.8,35.7
DEL_00297,ORD_00297,DRV_0464,7.17,15.0,72.4,19.07
DEL_00298,ORD_00298,DRV_0023,3.96,29.0,62.5,21.74
DEL_00299,ORD_00299,DRV_0177,4.07,30.0,73.2,52.99
DEL_00300,ORD_00300,DRV_0483,1.52,23.0,62.8,23.97
DEL_00301,ORD_00301,DRV_0264,2.66,24.0,60.7,26.5
DEL_00302,ORD_00302,DRV_0128,0.9,13.0,56.1,24.36
DEL_00303,ORD_00303,DRV_0263,5.63,21.0,65.0,33.34
DEL_00304,ORD_00304,DRV_0277,4.95,28.0,50.9,25.24
DEL_00305,ORD_00305,DRV_0035,4.27,22.0,59.9,16.85
DEL_00306,ORD_00306,DRV_0487,2.23,25.0,50.5,28.45
DEL_00307,ORD_00307,DRV_0101,1.81,21.0,53.0,59.61
DEL_00308,ORD_00308,DRV_0225,4.94,26.0,65.6,22.93
DEL_00309,ORD_00309,DRV_0229,4.83,21.0,66.6,19.2
DEL_00310,ORD_00310,DRV_0099,6.48,19.0,61.9,34.32
DEL_00311,ORD_00311,DRV_0082,4.81,34.0,72.9,19.83
DEL_00312,ORD_00312,DRV_0317,6.14,33.0,62.0,15.04
DEL_00313,ORD_00313,DRV_0467,4.88,36.0,73.9,56.12
DEL_00314,ORD_00314,DRV_0330,8.01,18.0,77.1,12.22
DEL_00315,ORD_00315,DRV_0196,3.13,26.0,37.1,20.43
DEL_00316,ORD_00316,DRV_0414,4.84,10.0,42.9,8.38
DEL_00317,ORD_00317,DRV_0365,5.91,22.0,48.6,23.56
DEL_00318,ORD_00318,DRV_0481,4.18,39.0,65.8,22.69
DEL_00319,ORD_00319,DRV_0068,0.65,15.0,40.1,14.2
DEL_00320,ORD_00320,DRV_0393,5.7,23.0,85.6,13.8
DEL_00321,ORD_00321,DRV_0273,2.63,27.0,49.0,37.58
DEL_00322,ORD_00322,DRV_0299,2.08,30.0,44.0,63.55
DEL_00323,ORD_00323,DRV_0359,1.62,40.0,62.8,22.74
DEL_00324,ORD_00324,DRV_0344,6.6,12.0,56.4,20.57
DEL_00325,ORD_00325,DRV_0441,4.35,25.0,77.9,33.25
DEL_00326,ORD_00326,DRV_0359,1.74,32.0,42.7,84.6
DEL_00327,ORD_00327,DRV_0141,1.94,36.0,65.0,24.99
DEL_00328,ORD_00328,DRV_0185,4.04,44.0,95.9,18.51
DEL_00329,ORD_00329,DRV_0154,1.75,23.0,62.9,13.29
DEL_00330,ORD_00330,DRV_0189,4.38,40.0,84.8,16.72
DEL_00331,ORD_00331,DRV_0062,7.35,26.0,69.3,34.46
DEL_00332,ORD_00332,DRV_0019,8.21,34.0,83.7,31.82
DEL_00333,ORD_00333,DRV_0081,6.62,28.0,82.6,42.42
DEL_00334,ORD_00334,DRV_0498,9.98,32.0,92.2,36.95
DEL_00335,ORD_00335,DRV_0030,4.56,27.0,61.7,16.46
DEL_00336,ORD_00336,DRV_0127,12.99,39.0,110.9,64.62
DEL_00337,ORD_00337,DRV_0218,11.48,15.0,79.0,16.84
DEL_00338,ORD_00338,DRV_0013,4.73,14.0,68.0,60.33
DEL_00339,ORD_00339,DRV_0177,3.09,12.0,50.0,45.51
DEL_00340,ORD_00340,DRV_0338,3.3,31.0,57.8,21.0
DEL_00341,ORD_00341,DRV_0121,1.0,29.0,61.9,64.07
DEL_00342,ORD_00342,DRV_0469,3.12,34.0,57.7,58.15
DEL_00343,ORD_00343,DRV_0372,1.35,18.0,36.7,32.14
DEL_00344,ORD_00344,DRV_0482,7.07,39.0,73.5,11.85
DEL_00345,ORD_00345,DRV_0179,1.17,9.0,44.1,22.8
DEL_00346,ORD_00346,DRV_0111,5.59,19.0,66.7,44.81
DEL_00347,ORD_00347,DRV_0009,3.06,18.0,61.1,10.35
DEL_00348,ORD_00348,DRV_0222,6.99,26.0,70.7,56.31
DEL_00349,ORD_00349,DRV_0285,3.35,23.0,46.1,17.5
DEL_00350,ORD_00350,DRV_0349,5.77,13.0,51.4,38.77
DEL_00351,ORD_00351,DRV_0110,5.53,31.0,64.7,23.75
DEL_00352,ORD_00352,DRV_0467,2.99,15.0,33.6,20.45
DEL_00353,ORD_00353,DRV_0136,4.86,27.0,72.6,22.01
DEL_00354,ORD_00354,DRV_0108,5.92,24.0,55.4,16.51
DEL_00355,ORD_00355,DRV_0337,7.01,16.0,67.3,40.97
DEL_00356,ORD_00356,DRV_0204,0.78,17.0,27.1,18.65
DEL_00357,ORD_00357,DRV_0015,1.32,28.0,31.9,35.23
DEL_00358,ORD_00358,DRV_0453,6.19,11.0,53.5,12.65
DEL_00359,ORD_00359,DRV_0162,2.94,27.0,51.9,24.59
DEL_00360,ORD_00360,DRV_0436,4.32,17.0,36.5,36.03
DEL_00361,ORD_00361,DRV_0434,0.9,21.0,54.2,93.93
DEL_00362,ORD_00362,DRV_0195,13.05,40.0,98.6,33.22
DEL_00363,ORD_00363,DRV_0261,1.95,16.0,35.2,15.13
DEL_00364,ORD_00364,DRV_0354,4.97,36.0,79.9,22.43
DEL_00365,ORD_00365,DRV_0009,2.29,24.0,37.9,30.41
DEL_00366,ORD_00366,DRV_0216,8.35,20.0,69.6,71.33
DEL_00367,ORD_00367,DRV_0261,7.06,35.0,72.2,39.75
DEL_00368,ORD_00368,DRV_0411,7.61,21.0,57.6,28.36
DEL_00369,ORD_00369,DRV_0113,5.62,36.0,66.5,28.64
DEL_00370,ORD_00370,DRV_0117,6.58,26.0,68.7,14.77
DEL_00371,ORD_00371,DRV_0340,2.85,10.0,45.7,25.56
DEL_00372,ORD_00372,DRV_0047,8.83,16.0,84.8,20.06
DEL_00373,ORD_00373,DRV_0318,3.75,8.0,40.0,19.5
DEL_00374,ORD_00374,DRV_0301,2.02,31.0,47.4,3.38
DEL_00375,ORD_00375,DRV_0489,3.74,42.0,83.7,24.61
DEL_00376,ORD_00376,DRV_0322,3.25,31.0,51.7,38.76
DEL_00377,ORD_00377,DRV_0279,3.97,15.0,47.0,23.04
DEL_00378,ORD_00378,DRV_0098,1.99,30.0,48.0,20.62
DEL_00379,ORD_00379,DRV_0445,6.82,15.0,70.3,47.72
DEL_00380,ORD_00380,DRV_0093,2.36,32.0,47.8,34.18
DEL_00381,ORD_00381,DRV_0299,4.85,20.0,36.7,20.76
DEL_00382,ORD_00382,DRV_0252,5.49,38.0,58.9,31.24
DEL_00383,ORD_00383,DRV_0163,5.35,22.0,62.8,34.6
DEL_00384,ORD_00384,DRV_0158,5.62,33.0,74.8,23.8
DEL_00385,ORD_00385,DRV_0067,1.96,20.0,40.0,36.36
DEL_00386,ORD_00386,DRV_0138,6.17,33.0,58.7,34.28
DEL_00387,ORD_00387,DRV_0384,1.65,40.0,48.2,27.07
DEL_00388,ORD_00388,DRV_0312,1.21,23.0,41.7,100.52
DEL_00389,ORD_00389,DRV_0290,4.19,24.0,72.1,30.67
DEL_00390,ORD_00390,DRV_0065,3.05,32.0,44.3,10.62
DEL_00391,ORD_00391,DRV_0262,5.92,30.0,59.0,29.79
DEL_00392,ORD_00392,DRV_0198,8.76,18.0,68.0,14.22
DEL_00393,ORD_00393,DRV_0171,6.16,17.0,50.8,30.53
DEL_00394,ORD_00394,DRV_0016,2.09,15.0,31.4,21.32
DEL_00395,ORD_00395,DRV_0191,2.29,20.0,40.9,32.05
DEL_00396,ORD_00396,DRV_0449,2.19,35.0,49.9,26.17
DEL_00397,ORD_00397,DRV_0389,6.33,22.0,68.5,29.43
DEL_00398,ORD_00398,DRV_0025,3.89,23.0,53.0,17.44
DEL_00399,ORD_00399,DRV_0250,5.1,13.0,48.0,14.67
DEL_00400,ORD_00400,DRV_0027,1.72,15.0,50.1,11.17
DEL_00401,ORD_00401,DRV_0170,5.08,26.0,51.7,12.51
DEL_00402,ORD_00402,DRV_0117,3.07,27.0,54.3,37.19
DEL_00403,ORD_00403,DRV_0380,10.48,25.0,90.9,21.6
DEL_00404,ORD_00404,DRV_0055,1.71,27.0,43.5,19.57
DEL_00405,ORD_00405,DRV_0486,1.44,32.0,52.7,11.34
DEL_00406,ORD_00406,DRV_0363,3.52,33.0,53.9,34.94
DEL_00407,ORD_00407,DRV_0026,3.34,16.0,44.1,30.98
DEL_00408,ORD_00408,DRV_0272,8.52,33.0,90.0,15.92
DEL_00409,ORD_00409,DRV_0500,2.87,33.0,77.5,56.69
DEL_00410,ORD_00410,DRV_0365,12.68,29.0,95.9,29.1
DEL_00411,ORD_00411,DRV_0108,3.79,15.0,46.4,18.88
DEL_00412,ORD_00412,DRV_0498,2.2,20.0,38.7,25.4
DEL_00413,ORD_00413,DRV_0090,3.02,17.0,42.0,15.38
DEL_00414,ORD_00414,DRV_0493,5.98,30.0,86.0,41.13
DEL_00415,ORD_00415,DRV_0357,5.45,21.0,53.3,24.27
DEL_00416,ORD_00416,DRV_0412,9.85,29.0,96.2,15.8
DEL_00417,ORD_00417,DRV_0476,1.34,25.0,50.8,20.34
DEL_00418,ORD_00418,DRV_0414,3.07,15.0,37.6,30.51
DEL_00419,ORD_00419,DRV_0382,16.42,25.0,100.8,42.74
DEL_00420,ORD_00420,DRV_0122,2.46,14.0,46.7,27.47
DEL_00421,ORD_00421,DRV_0461,7.84,16.0,80.4,7.23
DEL_00422,ORD_00422,DRV_0345,0.55,32.0,41.8,38.96
DEL_00423,ORD_00423,DRV_0429,2.42,32.0,72.1,35.73
DEL_00424,ORD_00424,DRV_0243,5.4,29.0,70.8,53.12
DEL_00425,ORD_00425,DRV_0403,5.5,23.0,55.3,10.06
DEL_00426,ORD_00426,DRV_0269,4.94,26.0,55.4,27.96
DEL_00427,ORD_00427,DRV_0252,5.31,21.0,48.4,46.63
DEL_00428,ORD_00428,DRV_0075,7.74,40.0,93.4,61.6
DEL_00429,ORD_00429,DRV_0112,3.9,24.0,43.7,33.03
DEL_00430,ORD_00430,DRV_0151,9.63,43.0,86.8,26.45
DEL_00431,ORD_00431,DRV_0270,4.22,32.0,72.1,12.6
DEL_00432,ORD_00432,DRV_0458,3.92,41.0,84.4,15.78
DEL_00433,ORD_00433,DRV_0098,0.99,24.0,47.3,28.49
DEL_00434,ORD_00434,DRV_0360,8.56,23.0,68.8,12.73
DEL_00435,ORD_00435,DRV_0255,1.25,25.0,57.6,22.5
DEL_00436,ORD_00436,DRV_0407,7.24,41.0,73.6,12.7
DEL_00437,ORD_00437,DRV_0168,6.08,24.0,87.7,37.19
DEL_00438,ORD_00438,DRV_0250,9.44,16.0,76.7,18.98
DEL_00439,ORD_00439,DRV_0320,0.95,36.0,55.7,23.95
DEL_00440,ORD_00440,DRV_0246,10.81,13.0,85.1,46.34
DEL_00441,ORD_00441,DRV_0213,3.01,16.0,43.3,40.35
DEL_00442,ORD_00442,DRV_0443,2.56,27.0,38.2,27.68
DEL_00443,ORD_00443,DRV_0276,1.75,39.0,53.3,20.2
DEL_00444,ORD_00444,DRV_0416,3.58,36.0,45.5,19.95
DEL_00445,ORD_00445,DRV_0334,4.83,40.0,64.0,27.73
DEL_00446,ORD_00446,DRV_0280,5.6,25.0,63.2,80.56
DEL_00447,ORD_00447,DRV_0046,2.79,28.0,64.2,20.28
DEL_00448,ORD_00448,DRV_0018,2.49,16.0,35.2,20.88
DEL_00449,ORD_00449,DRV_0367,11.33,23.0,94.8,33.78
DEL_00450,ORD_00450,DRV_0246,4.92,31.0,66.9,31.01
DEL_00451,ORD_00451,DRV_0350,5.69,24.0,65.7,22.39
DEL_00452,ORD_00452,DRV_0220,7.21,35.0,75.6,41.7
DEL_00453,ORD_00453,DRV_0176,5.3,15.0,69.1,21.33
DEL_00454,ORD_00454,DRV_0398,2.69,29.0,64.9,38.96
DEL_00455,ORD_00455,DRV_0234,1.73,30.0,58.9,28.75
DEL_00456,ORD_00456,DRV_0438,6.28,23.0,95.3,19.58
DEL_00457,ORD_00457,DRV_0149,5.85,22.0,63.8,37.57
DEL_00458,ORD_00458,DRV_0098,5.49,15.0,45.1,18.48
DEL_00459,ORD_00459,DRV_0005,4.27,18.0,45.3,16.23
DEL_00460,ORD_00460,DRV_0384,4.12,40.0,75.8,26.3
DEL_00461,ORD_00461,DRV_0159,1.86,37.0,56.6,21.21
DEL_00462,ORD_00462,DRV_0451,0.84,37.0,68.3,47.73
DEL_00463,ORD_00463,DRV_0087,7.51,26.0,73.8,40.07
DEL_00464,ORD_00464,DRV_0231,10.27,28.0,102.8,50.43
DEL_00465,ORD_00465,DRV_0120,5.98,39.0,89.0,13.84
DEL_00466,ORD_00466,DRV_0443,1.59,24.0,46.3,29.53
DEL_00467,ORD_00467,DRV_0172,4.2,7.0,38.3,45.02
DEL_00468,ORD_00468,DRV_0064,2.28,24.0,62.6,26.65
DEL_00469,ORD_00469,DRV_0094,3.34,13.0,57.3,35.6
DEL_00470,ORD_00470,DRV_0170,1.88,21.0,63.3,14.17
DEL_00471,ORD_00471,DRV_0235,4.54,30.0,62.4,18.21
DEL_00472,ORD_00472,DRV_0478,7.0,12.0,61.2,26.86
DEL_00473,ORD_00473,DRV_0121,5.43,25.0,79.3,30.3
DEL_00474,ORD_00474,DRV_0497,3.08,23.0,46.8,10.14
DEL_00475,ORD_00475,DRV_0100,4.81,34.0,82.8,57.62
DEL_00476,ORD_00476,DRV_0422,1.14,24.0,76.9,23.11
DEL_00477,ORD_00477,DRV_0135,6.81,29.0,68.4,13.88
DEL_00478,ORD_00478,DRV_0315,6.09,17.0,55.9,16.8
DEL_00479,ORD_00479,DRV_0069,5.35,29.0,56.7,16.84
DEL_00480,ORD_00480,DRV_0198,8.67,23.0,86.1,36.24
DEL_00481,ORD_00481,DRV_0305,5.22,17.0,65.5,18.84
DEL_00482,ORD_00482,DRV_0206,3.27,26.0,73.7,26.6
DEL_00483,ORD_00483,DRV_0011,3.16,33.0,62.0,7.89
DEL_00484,ORD_00484,DRV_0357,3.37,13.0,52.5,18.81
DEL_00485,ORD_00485,DRV_0130,5.36,28.0,70.5,82.49
DEL_00486,ORD_00486,DRV_0223,2.16,24.0,55.2,23.17
DEL_00487,ORD_00487,DRV_0110,2.48,35.0,64.1,30.71
DEL_00488,ORD_00488,DRV_0027,1.74,26.0,39.4,45.18
DEL_00489,ORD_00489,DRV_0400,2.11,33.0,64.0,19.85
DEL_00490,ORD_00490,DRV_0320,3.84,21.0,75.2,27.86
DEL_00491,ORD_00491,DRV_0194,11.15,14.0,64.6,9.19
DEL_00492,ORD_00492,DRV_0433,1.68,38.0,50.9,32.85
DEL_00493,ORD_00493,DRV_0346,8.33,15.0,62.7,43.86
DEL_00494,ORD_00494,DRV_0016,2.61,41.0,52.0,16.74
DEL_00495,ORD_00495,DRV_0073,7.81,31.0,66.4,41.21
DEL_00496,ORD_00496,DRV_0436,3.34,23.0,52.9,14.27
DEL_00497,ORD_00497,DRV_0116,5.07,33.0,84.5,54.32
DEL_00498,ORD_00498,DRV_0201,5.18,26.0,55.0,4.25
DEL_00499,ORD_00499,DRV_0133,3.66,19.0,33.1,27.54
DEL_00500,ORD_00500,DRV_0164,3.59,15.0,52.2,20.62
DEL_00501,ORD_00501,DRV_0007,10.01,35.0,95.0,52.8
DEL_00502,ORD_00502,DRV_0061,4.46,16.0,35.8,12.15
DEL_00503,ORD_00503,DRV_0352,3.34,31.0,54.4,20.99
DEL_00504,ORD_00504,DRV_0413,13.84,24.0,118.5,43.82
DEL_00505,ORD_00505,DRV_0485,14.54,24.0,97.1,44.06
DEL_00506,ORD_00506,DRV_0120,18.4,16.0,108.3,32.27
DEL_00507,ORD_00507,DRV_0451,1.38,25.0,52.6,34.32
DEL_00508,ORD_00508,DRV_0414,0.57,33.0,45.9,24.33
DEL_00509,ORD_00509,DRV_0424,5.05,21.0,57.3,31.58
DEL_00510,ORD_00510,DRV_0031,10.38,38.0,97.7,38.4
DEL_00511,ORD_00511,DRV_0048,4.19,36.0,69.8,41.8
DEL_00512,ORD_00512,DRV_0091,9.37,24.0,84.2,22.59
DEL_00513,ORD_00513,DRV_0006,9.8,21.0,68.3,22.34
DEL_00514,ORD_00514,DRV_0446,2.58,13.0,44.1,14.56
DEL_00515,ORD_00515,DRV_0285,3.72,19.0,67.5,37.43
DEL_00516,ORD_00516,DRV_0393,0.98,12.0,33.7,18.9
DEL_00517,ORD_00517,DRV_0438,1.77,19.0,41.2,37.81
DEL_00518,ORD_00518,DRV_0084,2.15,32.0,72.1,6.76
DEL_00519,ORD_00519,DRV_0370,1.36,34.0,51.6,16.45
DEL_00520,ORD_00520,DRV_0139,4.96,14.0,38.4,35.47
DEL_00521,ORD_00521,DRV_0275,1.32,35.0,57.5,16.98
DEL_00522,ORD_00522,DRV_0487,8.14,27.0,72.0,20.22
DEL_00523,ORD_00523,DRV_0330,10.39,13.0,66.5,23.45
DEL_00524,ORD_00524,DRV_0133,9.44,28.0,91.5,45.38
DEL_00525,ORD_00525,DRV_0103,6.37,8.0,46.6,27.6
DEL_00526,ORD_00526,DRV_0471,0.5,20.0,30.7,23.8
DEL_00527,ORD_00527,DRV_0326,7.4,34.0,68.4,33.57
DEL_00528,ORD_00528,DRV_0095,7.88,36.0,90.8,18.86
DEL_00529,ORD_00529,DRV_0018,2.09,38.0,50.1,31.01
DEL_00530,ORD_00530,DRV_0021,6.7,19.0,71.5,21.05
DEL_00531,ORD_00531,DRV_0399,5.42,29.0,63.2,24.24
DEL_00532,ORD_00532,DRV_0443,3.31,14.0,57.5,31.66
DEL_00533,ORD_00533,DRV_0479,5.41,17.0,55.0,23.76
DEL_00534,ORD_00534,DRV_0458,9.33,18.0,63.8,17.27
DEL_00535,ORD_00535,DRV_0006,2.64,15.0,45.1,58.54
DEL_00536,ORD_00536,DRV_0024,2.6,34.0,59.5,29.08
DEL_00537,ORD_00537,DRV_0225,5.35,36.0,75.3,17.99
DEL_00538,ORD_00538,DRV_0060,3.29,18.0,51.3,22.74
DEL_00539,ORD_00539,DRV_0284,1.79,11.0,54.9,9.79
DEL_00540,ORD_00540,DRV_0220,7.98,19.0,65.5,20.48
DEL_00541,ORD_00541,DRV_0330,5.52,33.0,64.8,19.23
DEL_00542,ORD_00542,DRV_0279,0.73,14.0,42.0,23.99
DEL_00543,ORD_00543,DRV_0335,7.02,29.0,83.4,44.33
DEL_00544,ORD_00544,DRV_0046,6.57,10.0,63.5,15.44
DEL_00545,ORD_00545,DRV_0368,5.03,29.0,87.6,43.1
DEL_00546,ORD_00546,DRV_0293,3.59,27.0,51.3,28.51
DEL_00547,ORD_00547,DRV_0142,3.39,25.0,66.6,18.19
DEL_00548,ORD_00548,DRV_0304,6.39,21.0,76.3,54.15
DEL_00549,ORD_00549,DRV_0078,1.47,34.0,55.9,48.1
DEL_00550,ORD_00550,DRV_0199,5.7,19.0,60.4,17.18
DEL_00551,ORD_00551,DRV_0115,6.52,24.0,58.4,25.72
DEL_00552,ORD_00552,DRV_0036,7.79,28.0,75.3,21.13
DEL_00553,ORD_00553,DRV_0466,2.55,30.0,64.5,47.12
DEL_00554,ORD_00554,DRV_0060,2.96,16.0,54.9,34.47
DEL_00555,ORD_00555,DRV_0438,6.28,21.0,64.1,15.94
DEL_00556,ORD_00556,DRV_0245,2.51,19.0,44.4,27.13
DEL_00557,ORD_00557,DRV_0079,1.49,14.0,56.8,38.33
DEL_00558,ORD_00558,DRV_0369,3.8,28.0,60.1,30.46
DEL_00559,ORD_00559,DRV_0191,12.08,32.0,88.1,26.84
DEL_00560,ORD_00560,DRV_0097,4.53,28.0,76.4,17.81
DEL_00561,ORD_00561,DRV_0367,0.9,15.0,32.7,28.87
DEL_00562,ORD_00562,DRV_0304,4.95,27.0,51.5,14.57
DEL_00563,ORD_00563,DRV_0376,3.62,34.0,60.6,35.45
DEL_00564,ORD_00564,DRV_0150,1.9,7.0,35.1,22.18
DEL_00565,ORD_00565,DRV_0043,2.98,15.0,48.6,15.53
DEL_00566,ORD_00566,DRV_0297,10.37,39.0,102.4,6.62
DEL_00567,ORD_00567,DRV_0401,2.03,18.0,72.2,27.39
DEL_00568,ORD_00568,DRV_0319,11.14,30.0,86.9,32.75
DEL_00569,ORD_00569,DRV_0218,4.32,22.0,74.4,15.28
DEL_00570,ORD_00570,DRV_0207,3.34,20.0,45.7,27.67
DEL_00571,ORD_00571,DRV_0488,3.5,33.0,51.7,26.81
DEL_00572,ORD_00572,DRV_0146,3.66,28.0,71.6,18.98
DEL_00573,ORD_00573,DRV_0328,10.85,23.0,100.4,55.06
DEL_00574,ORD_00574,DRV_0259,0.68,10.0,20.2,21.76
DEL_00575,ORD_00575,DRV_0054,3.33,28.0,51.2,31.46
DEL_00576,ORD_00576,DRV_0119,3.63,14.0,44.5,13.77
DEL_00577,ORD_00577,DRV_0243,6.47,16.0,50.5,1.09
DEL_00578,ORD_00578,DRV_0142,4.17,14.0,31.4,34.15
DEL_00579,ORD_00579,DRV_0290,4.43,34.0,52.5,20.53
DEL_00580,ORD_00580,DRV_0127,11.5,32.0,120.5,27.28
DEL_00581,ORD_00581,DRV_0225,4.51,16.0,56.6,24.19
DEL_00582,ORD_00582,DRV_0382,3.17,12.0,55.2,10.05
DEL_00583,ORD_00583,DRV_0229,4.41,24.0,61.3,27.73
DEL_00584,ORD_00584,DRV_0241,4.62,27.0,70.9,21.61
DEL_00585,ORD_00585,DRV_0257,1.47,19.0,37.4,31.83
DEL_00586,ORD_00586,DRV_0245,8.43,20.0,83.9,17.49
DEL_00587,ORD_00587,DRV_0176,5.62,34.0,74.9,28.8
DEL_00588,ORD_00588,DRV_0355,2.15,19.0,41.3,67.56
DEL_00589,ORD_00589,DRV_0010,5.49,29.0,95.1,28.33
DEL_00590,ORD_00590,DRV_0083,1.24,12.0,19.4,43.87
DEL_00591,ORD_00591,DRV_0139,5.95,35.0,66.5,15.36
DEL_00592,ORD_00592,DRV_0119,6.75,12.0,66.5,40.18
DEL_00593,ORD_00593,DRV_0127,13.36,27.0,95.9,18.4
DEL_00594,ORD_00594,DRV_0099,2.15,27.0,39.4,22.28
DEL_00595,ORD_00595,DRV_0066,4.49,15.0,55.1,21.71
DEL_00596,ORD_00596,DRV_0259,3.98,11.0,45.0,4.37
DEL_00597,ORD_00597,DRV_0143,2.77,20.0,51.2,22.63
DEL_00598,ORD_00598,DRV_0059,2.23,10.0,35.1,27.64
DEL_00599,ORD_00599,DRV_0244,3.85,18.0,54.3,18.22
DEL_00600,ORD_00600,DRV_0361,4.66,12.0,44.9,18.42
DEL_00601,ORD_00601,DRV_0192,3.01,33.0,80.4,41.14
DEL_00602,ORD_00602,DRV_0431,5.44,27.0,72.1,20.77
DEL_00603,ORD_00603,DRV_0348,4.24,12.0,50.2,44.47
DEL_00604,ORD_00604,DRV_0130,2.08,13.0,19.8,29.29
DEL_00605,ORD_00605,DRV_0158,7.24,24.0,80.0,22.53
DEL_00606,ORD_00606,DRV_0166,6.89,21.0,70.4,24.6
DEL_00607,ORD_00607,DRV_0261,3.86,40.0,66.5,15.54
DEL_00608,ORD_00608,DRV_0390,0.52,30.0,49.6,15.25
DEL_00609,ORD_00609,DRV_0133,1.22,16.0,47.5,41.7
DEL_00610,ORD_00610,DRV_0012,8.65,30.0,64.9,22.36
DEL_00611,ORD_00611,DRV_0132,11.71,33.0,97.7,26.19
DEL_00612,ORD_00612,DRV_0408,8.13,31.0,79.1,16.33
DEL_00613,ORD_00613,DRV_0153,2.47,18.0,71.2,45.27
DEL_00614,ORD_00614,DRV_0282,6.98,17.0,76.0,21.84
DEL_00615,ORD_00615,DRV_0055,6.51,21.0,79.8,19.07
DEL_00616,ORD_00616,DRV_0256,6.58,33.0,89.2,43.6
DEL_00617,ORD_00617,DRV_0126,4.09,27.0,63.2,26.92
DEL_00618,ORD_00618,DRV_0046,4.58,17.0,44.6,24.76
DEL_00619,ORD_00619,DRV_0174,1.31,8.0,38.8,32.85
DEL_00620,ORD_00620,DRV_0299,15.89,41.0,109.4,17.83
DEL_00621,ORD_00621,DRV_0444,1.23,29.0,76.1,26.43
DEL_00622,ORD_00622,DRV_0417,2.99,28.0,46.0,44.08
DEL_00623,ORD_00623,DRV_0021,14.36,42.0,123.4,10.79
DEL_00624,ORD_00624,DRV_0471,3.5,21.0,68.1,28.77
DEL_00625,ORD_00625,DRV_0255,3.84,19.0,35.0,17.43
DEL_00626,ORD_00626,DRV_0485,4.25,32.0,59.2,36.07
DEL_00627,ORD_00627,DRV_0165,4.7,32.0,74.3,18.1
DEL_00628,ORD_00628,DRV_0268,1.9,22.0,44.3,22.81
DEL_00629,ORD_00629,DRV_0101,6.35,19.0,52.2,38.12
DEL_00630,ORD_00630,DRV_0149,6.15,26.0,72.6,13.99
DEL_00631,ORD_00631,DRV_0141,3.96,23.0,61.1,26.97
DEL_00632,ORD_00632,DRV_0491,5.78,21.0,63.6,16.47
DEL_00633,ORD_00633,DRV_0373,2.32,20.0,43.2,76.7
DEL_00634,ORD_00634,DRV_0033,10.39,21.0,71.8,24.77
DEL_00635,ORD_00635,DRV_0236,18.75,39.0,129.1,38.73
DEL_00636,ORD_00636,DRV_0198,3.1,32.0,59.5,10.74
DEL_00637,ORD_00637,DRV_0235,4.46,27.0,74.3,44.17
DEL_00638,ORD_00638,DRV_0332,1.88,24.0,45.5,53.47
DEL_00639,ORD_00639,DRV_0445,6.61,21.0,50.1,25.75
DEL_00640,ORD_00640,DRV_0486,3.13,35.0,64.5,17.19
DEL_00641,ORD_00641,DRV_0120,3.14,24.0,60.3,21.95
DEL_00642,ORD_00642,DRV_0158,6.4,38.0,66.5,24.68
DEL_00643,ORD_00643,DRV_0037,5.0,12.0,52.7,9.74
DEL_00644,ORD_00644,DRV_0338,2.38,24.0,25.8,24.39
DEL_00645,ORD_00645,DRV_0144,0.69,22.0,35.9,23.87
DEL_00646,ORD_00646,DRV_0045,3.27,9.0,34.9,23.0
DEL_00647,ORD_00647,DRV_0199,1.23,26.0,42.7,30.31
DEL_00648,ORD_00648,DRV_0238,7.3,27.0,66.4,51.48
DEL_00649,ORD_00649,DRV_0129,3.76,32.0,51.4,16.39
DEL_00650,ORD_00650,DRV_0181,2.97,10.0,42.8,36.26
DEL_00651,ORD_00651,DRV_0028,2.41,30.0,59.3,64.79
DEL_00652,ORD_00652,DRV_0437,5.09,24.0,45.8,25.35
DEL_00653,ORD_00653,DRV_0300,3.54,31.0,49.7,33.61
DEL_00654,ORD_00654,DRV_0067,7.23,20.0,73.5,47.26
DEL_00655,ORD_00655,DRV_0242,3.73,17.0,48.6,17.89
DEL_00656,ORD_00656,DRV_0363,7.09,15.0,55.7,28.6
DEL_00657,ORD_00657,DRV_0244,2.99,30.0,68.0,29.25
DEL_00658,ORD_00658,DRV_0167,5.0,32.0,87.3,18.25
DEL_00659,ORD_00659,DRV_0266,1.59,28.0,71.2,30.94
DEL_00660,ORD_00660,DRV_0051,3.97,12.0,53.8,39.35
DEL_00661,ORD_00661,DRV_0109,10.71,33.0,94.7,13.81
DEL_00662,ORD_00662,DRV_0398,1.69,22.0,28.4,6.19
DEL_00663,ORD_00663,DRV_0335,6.02,38.0,74.3,13.59
DEL_00664,ORD_00664,DRV_0134,10.83,21.0,76.7,25.35
DEL_00665,ORD_00665,DRV_0167,2.6,26.0,65.6,22.0
DEL_00666,ORD_00666,DRV_0493,3.37,26.0,56.3,50.16
DEL_00667,ORD_00667,DRV_0080,2.52,23.0,64.0,33.29
DEL_00668,ORD_00668,DRV_0495,6.98,37.0,74.8,15.45
DEL_00669,ORD_00669,DRV_0338,7.33,36.0,79.2,46.94
DEL_00670,ORD_00670,DRV_0099,9.2,27.0,107.0,26.45
DEL_00671,ORD_00671,DRV_0432,11.42,17.0,86.7,78.85
DEL_00672,ORD_00672,DRV_0153,1.48,30.0,63.1,26.54
DEL_00673,ORD_00673,DRV_0481,7.23,30.0,78.7,32.31
DEL_00674,ORD_00674,DRV_0376,9.6,16.0,90.7,12.37
DEL_00675,ORD_00675,DRV_0289,8.66,18.0,64.4,20.05
DEL_00676,ORD_00676,DRV_0083,2.28,15.0,45.6,18.33
DEL_00677,ORD_00677,DRV_0102,7.05,32.0,65.6,19.22
DEL_00678,ORD_00678,DRV_0331,7.1,20.0,64.4,18.07
DEL_00679,ORD_00679,DRV_0376,3.39,35.0,80.1,30.84
DEL_00680,ORD_00680,DRV_0231,5.03,39.0,76.7,33.66
DEL_00681,ORD_00681,DRV_0451,0.6,16.0,25.9,39.28
DEL_00682,ORD_00682,DRV_0252,5.91,32.0,65.3,13.68
DEL_00683,ORD_00683,DRV_0358,3.98,34.0,51.2,30.48
DEL_00684,ORD_00684,DRV_0321,4.55,20.0,48.9,16.99
DEL_00685,ORD_00685,DRV_0424,4.14,28.0,79.2,36.52
DEL_00686,ORD_00686,DRV_0025,3.86,38.0,64.9,25.46
DEL_00687,ORD_00687,DRV_0057,1.67,11.0,33.9,16.42
DEL_00688,ORD_00688,DRV_0416,2.91,22.0,61.9,56.85
DEL_00689,ORD_00689,DRV_0302,5.85,34.0,72.1,20.54
DEL_00690,ORD_00690,DRV_0100,8.98,35.0,82.7,42.65
DEL_00691,ORD_00691,DRV_0388,2.28,34.0,43.7,16.32
DEL_00692,ORD_00692,DRV_0119,5.28,13.0,52.5,29.1
DEL_00693,ORD_00693,DRV_0151,4.39,23.0,43.4,19.5
DEL_00694,ORD_00694,DRV_0080,8.62,33.0,72.3,36.58
DEL_00695,ORD_00695,DRV_0331,3.99,28.0,60.7,35.64
DEL_00696,ORD_00696,DRV_0150,10.59,26.0,70.8,30.76
DEL_00697,ORD_00697,DRV_0359,3.69,34.0,65.3,20.96
DEL_00698,ORD_00698,DRV_0126,3.57,26.0,71.5,30.55
DEL_00699,ORD_00699,DRV_0289,2.5,21.0,61.2,20.77
DEL_00700,ORD_00700,DRV_0041,6.72,26.0,66.5,23.79
DEL_00701,ORD_00701,DRV_0190,9.95,18.0,99.3,21.81
DEL_00702,ORD_00702,DRV_0422,3.15,14.0,40.8,21.38
DEL_00703,ORD_00703,DRV_0440,3.63,37.0,80.2,22.66
DEL_00704,ORD_00704,DRV_0063,2.46,19.0,51.3,113.31
DEL_00705,ORD_00705,DRV_0205,1.31,35.0,57.0,13.48
DEL_00706,ORD_00706,DRV_0341,2.66,31.0,56.2,27.35
DEL_00707,ORD_00707,DRV_0204,3.47,21.0,65.8,7.85
DEL_00708,ORD_00708,DRV_0439,8.37,29.0,84.8,13.65
DEL_00709,ORD_00709,DRV_0179,2.53,28.0,59.8,24.08
DEL_00710,ORD_00710,DRV_0346,3.62,21.0,45.8,20.9
DEL_00711,ORD_00711,DRV_0497,4.75,26.0,66.6,60.39
DEL_00712,ORD_00712,DRV_0321,1.95,11.0,34.3,21.65
DEL_00713,ORD_00713,DRV_0105,6.3,16.0,62.4,26.62
DEL_00714,ORD_00714,DRV_0313,3.54,24.0,56.4,23.44
DEL_00715,ORD_00715,DRV_0086,2.98,33.0,54.9,28.37
DEL_00716,ORD_00716,DRV_0411,9.55,40.0,84.2,27.29
DEL_00717,ORD_00717,DRV_0441,10.24,30.0,84.5,56.08
DEL_00718,ORD_00718,DRV_0439,2.21,17.0,54.3,45.93
DEL_00719,ORD_00719,DRV_0480,7.07,17.0,60.4,18.11
DEL_00720,ORD_00720,DRV_0328,12.27,18.0,95.8,8.8
DEL_00721,ORD_00721,DRV_0251,3.87,25.0,60.8,38.0
DEL_00722,ORD_00722,DRV_0482,5.15,19.0,50.3,25.08
DEL_00723,ORD_00723,DRV_0338,4.39,19.0,61.2,34.13
DEL_00724,ORD_00724,DRV_0004,7.18,39.0,81.1,27.52
DEL_00725,ORD_00725,DRV_0321,2.63,29.0,50.5,20.49
DEL_00726,ORD_00726,DRV_0184,2.62,18.0,58.3,22.92
DEL_00727,ORD_00727,DRV_0181,2.77,14.0,42.2,36.49
DEL_00728,ORD_00728,DRV_0300,2.21,33.0,61.0,25.22
DEL_00729,ORD_00729,DRV_0016,2.21,36.0,64.2,19.57
DEL_00730,ORD_00730,DRV_0094,3.97,24.0,51.8,18.05
DEL_00731,ORD_00731,DRV_0279,3.3,35.0,72.2,13.18
DEL_00732,ORD_00732,DRV_0415,5.46,17.0,89.8,36.2
DEL_00733,ORD_00733,DRV_0156,2.68,27.0,57.6,13.75
DEL_00734,ORD_00734,DRV_0434,5.34,17.0,56.9,46.34
DEL_00735,ORD_00735,DRV_0357,4.29,27.0,64.7,58.65
DEL_00736,ORD_00736,DRV_0016,12.2,30.0,93.5,56.16
DEL_00737,ORD_00737,DRV_0041,4.13,33.0,74.8,25.2
DEL_00738,ORD_00738,DRV_0137,5.67,38.0,63.2,27.71
DEL_00739,ORD_00739,DRV_0258,2.01,27.0,48.5,24.02
DEL_00740,ORD_00740,DRV_0366,2.29,29.0,62.4,20.03
DEL_00741,ORD_00741,DRV_0043,10.94,34.0,82.8,47.0
DEL_00742,ORD_00742,DRV_0066,6.24,18.0,59.5,37.03
DEL_00743,ORD_00743,DRV_0352,5.68,37.0,93.2,51.56
DEL_00744,ORD_00744,DRV_0208,4.11,29.0,43.9,25.71
DEL_00745,ORD_00745,DRV_0245,4.54,33.0,56.1,29.49
DEL_00746,ORD_00746,DRV_0243,3.9,38.0,77.9,25.02
DEL_00747,ORD_00747,DRV_0077,6.2,32.0,58.4,41.01
DEL_00748,ORD_00748,DRV_0433,4.36,7.0,24.6,18.87
DEL_00749,ORD_00749,DRV_0219,7.0,13.0,70.4,34.64
DEL_00750,ORD_00750,DRV_0381,2.38,21.0,52.1,24.91
DEL_00751,ORD_00751,DRV_0223,4.21,32.0,59.6,0.0
DEL_00752,ORD_00752,DRV_0353,1.77,15.0,44.1,26.01
DEL_00753,ORD_00753,DRV_0021,8.25,21.0,81.0,43.43
DEL_00754,ORD_00754,DRV_0147,5.92,21.0,78.8,42.63
DEL_00755,ORD_00755,DRV_0368,1.35,28.0,65.4,29.85
DEL_00756,ORD_00756,DRV_0313,5.62,37.0,73.2,53.83
DEL_00757,ORD_00757,DRV_0077,3.92,28.0,63.1,29.73
DEL_00758,ORD_00758,DRV_0316,8.39,32.0,95.4,12.82
DEL_00759,ORD_00759,DRV_0403,7.84,33.0,78.0,19.92
DEL_00760,ORD_00760,DRV_0355,9.73,16.0,87.9,36.34
DEL_00761,ORD_00761,DRV_0448,7.12,16.0,89.3,33.16
DEL_00762,ORD_00762,DRV_0035,4.08,30.0,40.8,20.08
DEL_00763,ORD_00763,DRV_0126,5.1,28.0,71.4,16.62
DEL_00764,ORD_00764,DRV_0417,2.98,41.0,72.9,23.03
DEL_00765,ORD_00765,DRV_0323,3.6,21.0,64.2,37.5
DEL_00766,ORD_00766,DRV_0496,6.51,28.0,81.5,37.52
DEL_00767,ORD_00767,DRV_0469,1.67,23.0,43.9,33.92
DEL_00768,ORD_00768,DRV_0232,5.61,18.0,63.8,26.11
DEL_00769,ORD_00769,DRV_0087,6.17,37.0,76.5,39.38
DEL_00770,ORD_00770,DRV_0304,6.73,17.0,57.4,17.52
DEL_00771,ORD_00771,DRV_0188,2.84,22.0,33.8,20.27
DEL_00772,ORD_00772,DRV_0493,10.69,12.0,67.0,44.3
DEL_00773,ORD_00773,DRV_0045,6.14,31.0,79.6,13.11
DEL_00774,ORD_00774,DRV_0331,8.0,17.0,86.7,16.29
DEL_00775,ORD_00775,DRV_0324,1.66,33.0,60.3,20.87
DEL_00776,ORD_00776,DRV_0452,1.21,21.0,47.2,26.56
DEL_00777,ORD_00777,DRV_0399,1.63,18.0,47.9,18.08
DEL_00778,ORD_00778,DRV_0348,4.58,8.0,49.4,18.75
DEL_00779,ORD_00779,DRV_0484,6.88,39.0,86.5,52.11
DEL_00780,ORD_00780,DRV_0072,3.48,34.0,47.0,11.94
DEL_00781,ORD_00781,DRV_0216,3.61,24.0,46.2,36.6
DEL_00782,ORD_00782,DRV_0098,0.81,14.0,33.7,10.28
DEL_00783,ORD_00783,DRV_0271,3.62,30.0,58.2,34.45
DEL_00784,ORD_00784,DRV_0407,3.52,27.0,67.3,9.84
DEL_00785,ORD_00785,DRV_0444,2.35,13.0,43.7,41.66
DEL_00786,ORD_00786,DRV_0091,3.05,20.0,65.1,15.11
DEL_00787,ORD_00787,DRV_0142,9.72,25.0,88.5,45.75
DEL_00788,ORD_00788,DRV_0117,4.85,27.0,72.0,42.18
DEL_00789,ORD_00789,DRV_0002,4.41,12.0,59.1,30.13
DEL_00790,ORD_00790,DRV_0381,2.96,9.0,47.9,20.7
DEL_00791,ORD_00791,DRV_0483,5.43,33.0,71.1,25.87
DEL_00792,ORD_00792,DRV_0043,15.33,35.0,129.9,41.53
DEL_00793,ORD_00793,DRV_0071,6.58,10.0,52.7,34.88
DEL_00794,ORD_00794,DRV_0144,3.46,33.0,70.5,63.3
DEL_00795,ORD_00795,DRV_0342,3.81,21.0,53.3,18.31
DEL_00796,ORD_00796,DRV_0246,7.59,25.0,59.3,20.15
DEL_00797,ORD_00797,DRV_0284,13.98,23.0,86.7,15.17
DEL_00798,ORD_00798,DRV_0416,1.55,34.0,39.8,58.86
DEL_00799,ORD_00799,DRV_0327,4.14,15.0,38.2,16.67
DEL_00800,ORD_00800,DRV_0214,3.79,36.0,71.5,16.15
DEL_00801,ORD_00801,DRV_0107,7.56,25.0,81.6,32.24
DEL_00802,ORD_00802,DRV_0386,4.26,29.0,58.1,17.91
DEL_00803,ORD_00803,DRV_0456,8.15,27.0,78.7,16.16
DEL_00804,ORD_00804,DRV_0263,1.24,27.0,44.7,25.21
DEL_00805,ORD_00805,DRV_0294,5.89,26.0,54.5,19.25
DEL_00806,ORD_00806,DRV_0176,7.56,28.0,103.0,29.05
DEL_00807,ORD_00807,DRV_0469,1.09,18.0,37.7,19.49
DEL_00808,ORD_00808,DRV_0107,5.8,34.0,93.1,28.6
DEL_00809,ORD_00809,DRV_0086,1.84,37.0,57.6,14.88
DEL_00810,ORD_00810,DRV_0227,3.83,11.0,74.1,11.18
DEL_00811,ORD_00811,DRV_0082,3.59,36.0,52.9,15.62
DEL_00812,ORD_00812,DRV_0329,1.9,36.0,51.6,22.87
DEL_00813,ORD_00813,DRV_0241,4.61,18.0,55.3,55.71
DEL_00814,ORD_00814,DRV_0002,3.57,16.0,54.6,1.65
DEL_00815,ORD_00815,DRV_0251,3.0,21.0,44.3,7.06
DEL_00816,ORD_00816,DRV_0042,11.65,23.0,80.2,46.78
DEL_00817,ORD_00817,DRV_0426,7.62,30.0,101.0,26.17
DEL_00818,ORD_00818,DRV_0081,5.45,22.0,46.6,47.95
DEL_00819,ORD_00819,DRV_0488,3.42,18.0,41.4,16.78
DEL_00820,ORD_00820,DRV_0404,1.33,35.0,69.9,21.44
DEL_00821,ORD_00821,DRV_0262,2.58,24.0,52.6,20.31
DEL_00822,ORD_00822,DRV_0395,2.68,29.0,68.1,33.64
DEL_00823,ORD_00823,DRV_0197,10.87,30.0,89.5,46.18
DEL_00824,ORD_00824,DRV_0248,1.2,24.0,47.6,17.24
DEL_00825,ORD_00825,DRV_0330,3.32,33.0,68.0,30.92
DEL_00826,ORD_00826,DRV_0471,5.89,14.0,62.3,33.28
DEL_00827,ORD_00827,DRV_0481,4.72,17.0,59.6,20.68
DEL_00828,ORD_00828,DRV_0296,3.51,30.0,59.9,21.14
DEL_00829,ORD_00829,DRV_0384,2.33,30.0,78.6,34.81
DEL_00830,ORD_00830,DRV_0036,5.75,41.0,76.3,33.57
DEL_00831,ORD_00831,DRV_0103,3.74,14.0,42.2,64.32
DEL_00832,ORD_00832,DRV_0435,10.91,17.0,82.2,34.26
DEL_00833,ORD_00833,DRV_0303,4.3,11.0,53.6,18.62
DEL_00834,ORD_00834,DRV_0098,11.86,16.0,75.3,23.47
DEL_00835,ORD_00835,DRV_0145,5.0,36.0,76.5,17.95
DEL_00836,ORD_00836,DRV_0282,3.16,28.0,65.0,17.73
DEL_00837,ORD_00837,DRV_0437,2.96,14.0,52.8,35.75
DEL_00838,ORD_00838,DRV_0127,4.19,26.0,54.5,18.09
DEL_00839,ORD_00839,DRV_0304,2.42,33.0,51.5,18.55
DEL_00840,ORD_00840,DRV_0283,2.21,18.0,61.2,28.06
DEL_00841,ORD_00841,DRV_0302,7.4,26.0,82.8,24.96
DEL_00842,ORD_00842,DRV_0067,5.58,21.0,49.1,26.52
DEL_00843,ORD_00843,DRV_0379,2.14,28.0,59.6,42.52
DEL_00844,ORD_00844,DRV_0147,6.35,32.0,86.0,36.04
DEL_00845,ORD_00845,DRV_0328,3.62,26.0,38.8,23.64
DEL_00846,ORD_00846,DRV_0081,5.62,19.0,76.0,35.52
DEL_00847,ORD_00847,DRV_0253,5.92,24.0,76.3,25.42
DEL_00848,ORD_00848,DRV_0242,2.74,28.0,45.4,41.15
DEL_00849,ORD_00849,DRV_0065,12.67,13.0,82.0,23.87
DEL_00850,ORD_00850,DRV_0071,2.8,24.0,64.9,11.37
DEL_00851,ORD_00851,DRV_0036,5.87,27.0,62.6,21.59
DEL_00852,ORD_00852,DRV_0067,2.56,17.0,47.7,21.37
DEL_00853,ORD_00853,DRV_0083,3.77,22.0,50.9,24.68
DEL_00854,ORD_00854,DRV_0170,3.95,24.0,70.5,36.74
DEL_00855,ORD_00855,DRV_0475,7.35,8.0,51.3,18.94
DEL_00856,ORD_00856,DRV_0067,4.91,26.0,51.6,72.03
DEL_00857,ORD_00857,DRV_0098,6.61,11.0,43.0,23.92
DEL_00858,ORD_00858,DRV_0325,4.67,37.0,88.8,29.91
DEL_00859,ORD_00859,DRV_0433,8.58,28.0,76.7,41.76
DEL_00860,ORD_00860,DRV_0293,6.0,29.0,85.8,42.97
DEL_00861,ORD_00861,DRV_0250,5.03,16.0,40.8,20.97
DEL_00862,ORD_00862,DRV_0302,5.62,29.0,57.9,19.11
DEL_00863,ORD_00863,DRV_0208,1.49,42.0,60.9,18.62
DEL_00864,ORD_00864,DRV_0312,2.02,34.0,60.0,22.11
DEL_00865,ORD_00865,DRV_0375,5.14,13.0,39.5,20.41
DEL_00866,ORD_00866,DRV_0063,4.48,28.0,73.2,22.13
DEL_00867,ORD_00867,DRV_0078,8.04,11.0,68.8,23.21
DEL_00868,ORD_00868,DRV_0030,0.5,13.0,31.1,38.95
DEL_00869,ORD_00869,DRV_0352,4.31,15.0,56.0,35.18
DEL_00870,ORD_00870,DRV_0251,1.63,29.0,43.3,32.08
DEL_00871,ORD_00871,DRV_0319,5.04,10.0,44.5,22.97
DEL_00872,ORD_00872,DRV_0115,5.39,29.0,67.5,15.14
DEL_00873,ORD_00873,DRV_0365,6.47,28.0,78.5,10.93
DEL_00874,ORD_00874,DRV_0332,2.13,26.0,73.5,30.16
DEL_00875,ORD_00875,DRV_0219,1.34,26.0,54.2,22.45
DEL_00876,ORD_00876,DRV_0154,6.1,39.0,84.4,20.94
DEL_00877,ORD_00877,DRV_0496,2.67,19.0,60.9,26.13
DEL_00878,ORD_00878,DRV_0221,2.52,27.0,48.0,14.23
DEL_00879,ORD_00879,DRV_0023,4.33,37.0,69.1,21.61
DEL_00880,ORD_00880,DRV_0369,1.72,21.0,49.0,24.91
DEL_00881,ORD_00881,DRV_0214,5.97,10.0,58.3,11.81
DEL_00882,ORD_00882,DRV_0148,1.93,16.0,34.5,20.97
DEL_00883,ORD_00883,DRV_0358,2.33,26.0,44.6,25.41
DEL_00884,ORD_00884,DRV_0302,3.24,20.0,50.1,40.26
DEL_00885,ORD_00885,DRV_0208,2.09,21.0,67.7,48.41
DEL_00886,ORD_00886,DRV_0159,7.13,17.0,67.5,18.99
DEL_00887,ORD_00887,DRV_0451,6.79,25.0,71.3,17.17
DEL_00888,ORD_00888,DRV_0405,4.58,19.0,65.2,27.85
DEL_00889,ORD_00889,DRV_0307,2.63,32.0,52.5,49.05
DEL_00890,ORD_00890,DRV_0167,2.21,35.0,51.7,31.31
DEL_00891,ORD_00891,DRV_0063,5.04,16.0,58.7,32.77
DEL_00892,ORD_00892,DRV_0325,2.22,12.0,35.1,78.79
DEL_00893,ORD_00893,DRV_0276,2.8,8.0,33.8,16.37
DEL_00894,ORD_00894,DRV_0375,1.47,41.0,50.7,28.17
DEL_00895,ORD_00895,DRV_0023,4.32,28.0,47.3,79.81
DEL_00896,ORD_00896,DRV_0224,2.23,17.0,36.9,21.17
DEL_00897,ORD_00897,DRV_0426,3.79,25.0,76.3,23.19
DEL_00898,ORD_00898,DRV_0201,2.47,41.0,58.1,40.61
DEL_00899,ORD_00899,DRV_0387,6.93,29.0,76.3,30.56
DEL_00900,ORD_00900,DRV_0283,5.16,39.0,77.5,53.07
DEL_00901,ORD_00901,DRV_0347,1.65,34.0,70.4,29.39
DEL_00902,ORD_00902,DRV_0458,7.32,22.0,90.2,21.18
DEL_00903,ORD_00903,DRV_0336,3.38,28.0,67.5,21.92
DEL_00904,ORD_00904,DRV_0408,7.48,16.0,79.7,16.77
DEL_00905,ORD_00905,DRV_0215,4.65,33.0,78.2,17.4
DEL_00906,ORD_00906,DRV_0265,3.41,9.0,44.5,20.51
DEL_00907,ORD_00907,DRV_0386,1.37,21.0,41.7,16.05
DEL_00908,ORD_00908,DRV_0390,1.62,35.0,70.1,21.42
DEL_00909,ORD_00909,DRV_0229,8.52,19.0,75.9,36.35
DEL_00910,ORD_00910,DRV_0227,2.33,20.0,58.4,32.1
DEL_00911,ORD_00911,DRV_0327,7.16,36.0,89.6,26.34
DEL_00912,ORD_00912,DRV_0335,7.62,13.0,48.6,27.28
DEL_00913,ORD_00913,DRV_0277,5.82,21.0,48.4,26.03
DEL_00914,ORD_00914,DRV_0230,1.45,24.0,38.9,45.55
DEL_00915,ORD_00915,DRV_0356,2.67,17.0,50.7,11.18
DEL_00916,ORD_00916,DRV_0215,11.25,12.0,77.2,31.92
DEL_00917,ORD_00917,DRV_0157,9.77,38.0,91.2,32.06
DEL_00918,ORD_00918,DRV_0013,2.12,38.0,45.1,18.75
DEL_00919,ORD_00919,DRV_0197,3.33,15.0,38.1,37.88
DEL_00920,ORD_00920,DRV_0111,7.02,25.0,86.9,56.96
DEL_00921,ORD_00921,DRV_0103,1.14,24.0,52.9,23.85
DEL_00922,ORD_00922,DRV_0103,6.83,26.0,97.1,41.49
DEL_00923,ORD_00923,DRV_0170,4.63,8.0,62.0,16.87
DEL_00924,ORD_00924,DRV_0109,18.35,19.0,126.2,27.28
DEL_00925,ORD_00925,DRV_0376,7.84,23.0,67.4,29.22
DEL_00926,ORD_00926,DRV_0126,1.05,41.0,64.7,24.21
DEL_00927,ORD_00927,DRV_0235,6.33,37.0,79.3,31.28
DEL_00928,ORD_00928,DRV_0385,9.01,14.0,85.0,27.07
DEL_00929,ORD_00929,DRV_0148,5.45,23.0,75.7,70.69
DEL_00930,ORD_00930,DRV_0171,5.25,30.0,70.1,25.14
DEL_00931,ORD_00931,DRV_0001,5.22,20.0,66.2,32.5
DEL_00932,ORD_00932,DRV_0483,7.69,34.0,105.7,24.3
DEL_00933,ORD_00933,DRV_0040,5.04,20.0,66.6,33.72
DEL_00934,ORD_00934,DRV_0237,4.22,15.0,61.7,36.43
DEL_00935,ORD_00935,DRV_0007,5.33,13.0,50.4,17.5
DEL_00936,ORD_00936,DRV_0163,1.37,39.0,53.5,76.85
DEL_00937,ORD_00937,DRV_0436,4.27,36.0,75.2,15.1
DEL_00938,ORD_00938,DRV_0290,3.09,32.0,48.8,12.12
DEL_00939,ORD_00939,DRV_0434,7.86,24.0,51.1,27.12
DEL_00940,ORD_00940,DRV_0325,2.26,14.0,42.9,55.64
DEL_00941,ORD_00941,DRV_0157,4.18,34.0,49.1,18.85
DEL_00942,ORD_00942,DRV_0114,2.46,24.0,48.5,57.57
DEL_00943,ORD_00943,DRV_0112,5.21,19.0,53.8,13.3
DEL_00944,ORD_00944,DRV_0475,10.79,38.0,87.2,18.95
DEL_00945,ORD_00945,DRV_0455,6.38,23.0,72.3,24.58
DEL_00946,ORD_00946,DRV_0257,6.44,30.0,71.1,25.75
DEL_00947,ORD_00947,DRV_0073,1.86,31.0,52.3,23.26
DEL_00948,ORD_00948,DRV_0495,5.15,16.0,43.8,34.05
DEL_00949,ORD_00949,DRV_0442,2.87,25.0,53.9,21.56
DEL_00950,ORD_00950,DRV_0193,3.73,28.0,76.3,22.04
DEL_00951,ORD_00951,DRV_0475,3.31,33.0,75.3,16.3
DEL_00952,ORD_00952,DRV_0273,2.3,26.0,59.1,22.76
DEL_00953,ORD_00953,DRV_0446,4.77,28.0,81.1,46.44
DEL_00954,ORD_00954,DRV_0224,5.22,12.0,50.9,12.63
DEL_00955,ORD_00955,DRV_0361,7.19,16.0,72.0,46.37
DEL_00956,ORD_00956,DRV_0094,8.22,20.0,80.5,16.34
DEL_00957,ORD_00957,DRV_0207,6.07,27.0,86.7,67.01
DEL_00958,ORD_00958,DRV_0170,1.83,30.0,68.7,16.96
DEL_00959,ORD_00959,DRV_0156,2.87,31.0,68.5,21.39
DEL_00960,ORD_00960,DRV_0244,4.37,26.0,63.5,38.93
DEL_00961,ORD_00961,DRV_0003,7.96,15.0,68.1,32.68
DEL_00962,ORD_00962,DRV_0220,5.42,20.0,48.7,50.2
DEL_00963,ORD_00963,DRV_0005,7.45,25.0,54.9,34.91
DEL_00964,ORD_00964,DRV_0194,9.18,26.0,81.0,26.45
DEL_00965,ORD_00965,DRV_0054,8.71,32.0,86.6,19.73
DEL_00966,ORD_00966,DRV_0422,2.44,24.0,42.1,14.99
DEL_00967,ORD_00967,DRV_0464,2.02,15.0,71.4,7.03
DEL_00968,ORD_00968,DRV_0300,5.97,16.0,67.8,4.2
DEL_00969,ORD_00969,DRV_0209,7.67,12.0,51.2,26.75
DEL_00970,ORD_00970,DRV_0076,1.49,24.0,54.8,11.96
DEL_00971,ORD_00971,DRV_0218,3.91,38.0,69.0,24.36
DEL_00972,ORD_00972,DRV_0441,7.52,13.0,50.5,25.7
DEL_00973,ORD_00973,DRV_0497,2.22,21.0,37.2,25.29
DEL_00974,ORD_00974,DRV_0118,4.82,21.0,71.7,23.8
DEL_00975,ORD_00975,DRV_0455,5.54,41.0,67.7,17.36
DEL_00976,ORD_00976,DRV_0280,1.28,17.0,33.5,23.19
DEL_00977,ORD_00977,DRV_0080,6.71,30.0,86.5,15.85
DEL_00978,ORD_00978,DRV_0466,7.39,34.0,87.0,41.96
DEL_00979,ORD_00979,DRV_0187,4.6,24.0,64.2,23.72
DEL_00980,ORD_00980,DRV_0008,1.19,25.0,42.7,17.92
DEL_00981,ORD_00981,DRV_0091,3.06,16.0,39.6,23.93
DEL_00982,ORD_00982,DRV_0346,7.89,38.0,88.9,50.94
DEL_00983,ORD_00983,DRV_0351,2.49,22.0,55.1,59.12
DEL_00984,ORD_00984,DRV_0210,8.77,12.0,73.5,23.16
DEL_00985,ORD_00985,DRV_0258,4.04,18.0,51.2,28.45
DEL_00986,ORD_00986,DRV_0041,6.82,33.0,97.1,58.61
DEL_00987,ORD_00987,DRV_0215,2.08,35.0,48.6,13.02
DEL_00988,ORD_00988,DRV_0184,10.8,35.0,72.8,36.01
DEL_00989,ORD_00989,DRV_0304,2.82,17.0,46.2,62.05
DEL_00990,ORD_00990,DRV_0241,3.77,16.0,58.3,21.88
DEL_00991,ORD_00991,DRV_0106,3.58,21.0,61.0,22.61
DEL_00992,ORD_00992,DRV_0022,0.62,17.0,40.1,18.12
DEL_00993,ORD_00993,DRV_0353,3.93,37.0,76.2,7.98
DEL_00994,ORD_00994,DRV_0245,2.4,40.0,58.0,59.8
DEL_00995,ORD_00995,DRV_0274,4.67,29.0,57.1,31.52
DEL_00996,ORD_00996,DRV_0079,5.34,13.0,46.1,23.33
DEL_00997,ORD_00997,DRV_0425,2.51,30.0,65.2,25.06
DEL_00998,ORD_00998,DRV_0323,2.57,26.0,68.8,20.09
DEL_00999,ORD_00999,DRV_0304,2.78,29.0,40.7,24.99
DEL_01000,ORD_01000,DRV_0378,4.82,40.0,63.8,35.54
DEL_01001,ORD_01001,DRV_0023,3.47,13.0,45.1,28.12
DEL_01002,ORD_01002,DRV_0111,2.57,32.0,68.3,23.09
DEL_01003,ORD_01003,DRV_0130,3.35,29.0,48.9,21.72
DEL_01004,ORD_01004,DRV_0362,7.81,29.0,80.2,28.67
DEL_01005,ORD_01005,DRV_0260,4.63,12.0,63.8,21.89
DEL_01006,ORD_01006,DRV_0154,3.13,24.0,47.0,22.74
DEL_01007,ORD_01007,DRV_0019,8.97,23.0,74.9,34.49
DEL_01008,ORD_01008,DRV_0049,5.79,31.0,94.0,91.54
DEL_01009,ORD_01009,DRV_0074,1.3,17.0,52.1,59.77
DEL_01010,ORD_01010,DRV_0214,6.68,24.0,82.6,26.67
DEL_01011,ORD_01011,DRV_0053,11.33,32.0,73.7,15.38
DEL_01012,ORD_01012,DRV_0390,6.93,25.0,63.2,37.78
DEL_01013,ORD_01013,DRV_0190,2.92,38.0,64.3,26.03
DEL_01014,ORD_01014,DRV_0129,4.04,26.0,49.8,18.17
DEL_01015,ORD_01015,DRV_0491,1.2,33.0,64.6,7.41
DEL_01016,ORD_01016,DRV_0144,6.44,21.0,65.8,24.91
DEL_01017,ORD_01017,DRV_0248,3.76,23.0,50.8,26.64
DEL_01018,ORD_01018,DRV_0180,2.75,30.0,66.8,20.5
DEL_01019,ORD_01019,DRV_0007,3.85,26.0,49.4,27.3
DEL_01020,ORD_01020,DRV_0344,1.32,27.0,42.7,11.41
DEL_01021,ORD_01021,DRV_0291,1.45,34.0,43.0,22.09
DEL_01022,ORD_01022,DRV_0206,1.82,29.0,48.8,30.33
DEL_01023,ORD_01023,DRV_0068,0.67,17.0,29.0,21.03
DEL_01024,ORD_01024,DRV_0361,2.99,27.0,65.3,26.33
DEL_01025,ORD_01025,DRV_0143,2.19,33.0,64.2,33.29
DEL_01026,ORD_01026,DRV_0108,8.01,29.0,71.4,16.22
DEL_01027,ORD_01027,DRV_0185,2.04,13.0,54.8,11.12
DEL_01028,ORD_01028,DRV_0240,6.05,20.0,67.8,19.27
DEL_01029,ORD_01029,DRV_0151,2.46,16.0,39.7,15.99
DEL_01030,ORD_01030,DRV_0211,4.75,32.0,53.6,13.75
DEL_01031,ORD_01031,DRV_0078,9.21,32.0,87.9,42.63
DEL_01032,ORD_01032,DRV_0475,1.83,16.0,39.5,29.94
DEL_01033,ORD_01033,DRV_0228,10.04,41.0,101.3,28.24
DEL_01034,ORD_01034,DRV_0247,6.69,23.0,73.9,10.03
DEL_01035,ORD_01035,DRV_0381,5.36,25.0,72.4,18.75
DEL_01036,ORD_01036,DRV_0102,4.63,12.0,58.4,19.55
DEL_01037,ORD_01037,DRV_0214,4.09,26.0,81.4,36.13
DEL_01038,ORD_01038,DRV_0139,7.54,36.0,73.6,34.35
DEL_01039,ORD_01039,DRV_0388,4.09,21.0,43.6,27.43
DEL_01040,ORD_01040,DRV_0186,3.54,12.0,55.3,12.38
DEL_01041,ORD_01041,DRV_0480,6.23,35.0,71.5,34.46
DEL_01042,ORD_01042,DRV_0168,2.45,37.0,77.8,36.91
DEL_01043,ORD_01043,DRV_0489,11.81,25.0,80.3,83.93
DEL_01044,ORD_01044,DRV_0058,5.28,26.0,60.8,41.09
DEL_01045,ORD_01045,DRV_0119,3.76,38.0,76.3,24.04
DEL_01046,ORD_01046,DRV_0088,3.71,17.0,38.8,30.87
DEL_01047,ORD_01047,DRV_0122,3.44,23.0,46.1,18.53
DEL_01048,ORD_01048,DRV_0482,5.76,24.0,51.4,19.24
DEL_01049,ORD_01049,DRV_0244,4.71,33.0,92.0,39.51
DEL_01050,ORD_01050,DRV_0067,3.96,28.0,66.4,31.13
DEL_01051,ORD_01051,DRV_0294,8.6,20.0,76.7,26.72
DEL_01052,ORD_01052,DRV_0130,9.53,25.0,77.4,22.12
DEL_01053,ORD_01053,DRV_0343,1.94,22.0,46.7,48.7
DEL_01054,ORD_01054,DRV_0040,3.67,12.0,37.0,12.56
DEL_01055,ORD_01055,DRV_0212,3.18,17.0,48.6,22.12
DEL_01056,ORD_01056,DRV_0056,2.92,26.0,50.2,12.57
DEL_01057,ORD_01057,DRV_0200,3.13,12.0,49.5,23.26
DEL_01058,ORD_01058,DRV_0291,2.04,11.0,48.0,21.08
DEL_01059,ORD_01059,DRV_0305,6.76,17.0,60.0,27.08
DEL_01060,ORD_01060,DRV_0107,3.67,38.0,66.8,14.78
DEL_01061,ORD_01061,DRV_0195,4.47,23.0,56.9,63.74
DEL_01062,ORD_01062,DRV_0352,6.82,15.0,56.4,27.99
DEL_01063,ORD_01063,DRV_0122,1.99,21.0,54.6,27.18
DEL_01064,ORD_01064,DRV_0095,4.75,25.0,73.2,74.74
DEL_01065,ORD_01065,DRV_0428,1.59,25.0,50.0,28.77
DEL_01066,ORD_01066,DRV_0494,1.62,38.0,52.9,32.47
DEL_01067,ORD_01067,DRV_0287,4.19,25.0,75.6,19.07
DEL_01068,ORD_01068,DRV_0125,4.04,20.0,66.3,36.28
DEL_01069,ORD_01069,DRV_0449,2.0,13.0,38.0,29.23
DEL_01070,ORD_01070,DRV_0332,7.99,8.0,69.1,20.81
DEL_01071,ORD_01071,DRV_0126,0.79,16.0,40.4,27.81
DEL_01072,ORD_01072,DRV_0402,1.96,25.0,36.2,25.79
DEL_01073,ORD_01073,DRV_0344,3.18,29.0,63.9,19.46
DEL_01074,ORD_01074,DRV_0036,2.64,31.0,50.1,30.34
DEL_01075,ORD_01075,DRV_0446,1.79,17.0,63.2,40.8
DEL_01076,ORD_01076,DRV_0413,13.31,38.0,106.1,22.8
DEL_01077,ORD_01077,DRV_0217,6.99,25.0,81.4,22.48
DEL_01078,ORD_01078,DRV_0407,3.59,13.0,41.7,31.09
DEL_01079,ORD_01079,DRV_0003,8.51,42.0,83.0,15.15
DEL_01080,ORD_01080,DRV_0030,7.79,41.0,103.2,25.69
DEL_01081,ORD_01081,DRV_0465,2.67,21.0,67.8,18.57
DEL_01082,ORD_01082,DRV_0255,3.73,32.0,89.9,29.94
DEL_01083,ORD_01083,DRV_0045,4.13,17.0,55.6,17.81
DEL_01084,ORD_01084,DRV_0177,6.8,25.0,89.4,14.08
DEL_01085,ORD_01085,DRV_0222,5.59,15.0,65.9,27.35
DEL_01086,ORD_01086,DRV_0113,3.77,21.0,69.3,23.08
DEL_01087,ORD_01087,DRV_0122,2.78,31.0,67.2,67.38
DEL_01088,ORD_01088,DRV_0275,4.0,30.0,68.5,24.73
DEL_01089,ORD_01089,DRV_0448,1.76,25.0,40.9,20.53
DEL_01090,ORD_01090,DRV_0389,2.23,24.0,57.8,17.59
DEL_01091,ORD_01091,DRV_0232,3.51,30.0,46.1,24.8
DEL_01092,ORD_01092,DRV_0312,3.86,17.0,45.8,17.15
DEL_01093,ORD_01093,DRV_0418,11.1,17.0,86.1,23.77
DEL_01094,ORD_01094,DRV_0249,2.29,35.0,60.9,33.38
DEL_01095,ORD_01095,DRV_0329,0.94,8.0,24.2,21.51
DEL_01096,ORD_01096,DRV_0103,2.93,39.0,68.1,30.82
DEL_01097,ORD_01097,DRV_0176,2.58,32.0,46.8,32.04
DEL_01098,ORD_01098,DRV_0236,3.44,13.0,44.5,47.12
DEL_01099,ORD_01099,DRV_0282,3.08,32.0,56.2,39.45
DEL_01100,ORD_01100,DRV_0245,3.8,21.0,50.5,14.99
DEL_01101,ORD_01101,DRV_0133,6.81,24.0,74.8,13.05
DEL_01102,ORD_01102,DRV_0344,4.6,23.0,49.0,8.1
DEL_01103,ORD_01103,DRV_0159,2.55,19.0,51.4,23.24
DEL_01104,ORD_01104,DRV_0280,0.89,14.0,35.5,19.11
DEL_01105,ORD_01105,DRV_0341,5.64,36.0,68.4,16.07
DEL_01106,ORD_01106,DRV_0022,6.98,26.0,58.0,34.17
DEL_01107,ORD_01107,DRV_0102,3.06,25.0,51.7,15.79
DEL_01108,ORD_01108,DRV_0150,10.31,33.0,87.3,20.95
DEL_01109,ORD_01109,DRV_0469,5.49,35.0,63.5,14.06
DEL_01110,ORD_01110,DRV_0057,4.49,19.0,51.6,40.85
DEL_01111,ORD_01111,DRV_0158,3.67,11.0,61.5,25.05
DEL_01112,ORD_01112,DRV_0369,7.07,31.0,76.8,39.04
DEL_01113,ORD_01113,DRV_0303,9.92,24.0,75.5,40.38
DEL_01114,ORD_01114,DRV_0458,9.59,24.0,106.1,25.52
DEL_01115,ORD_01115,DRV_0195,4.08,33.0,71.4,26.27
DEL_01116,ORD_01116,DRV_0167,9.55,24.0,89.3,37.55
DEL_01117,ORD_01117,DRV_0477,2.49,18.0,63.7,67.61
DEL_01118,ORD_01118,DRV_0345,6.42,16.0,64.2,34.62
DEL_01119,ORD_01119,DRV_0194,2.27,27.0,63.1,24.96
DEL_01120,ORD_01120,DRV_0461,5.97,22.0,59.5,7.82
DEL_01121,ORD_01121,DRV_0347,5.96,28.0,81.8,16.37
DEL_01122,ORD_01122,DRV_0413,3.06,33.0,61.0,44.11
DEL_01123,ORD_01123,DRV_0398,2.54,16.0,44.7,22.16
DEL_01124,ORD_01124,DRV_0260,8.98,17.0,59.6,82.63
DEL_01125,ORD_01125,DRV_0200,1.9,19.0,38.4,34.39
DEL_01126,ORD_01126,DRV_0005,1.48,24.0,59.1,24.53
DEL_01127,ORD_01127,DRV_0300,5.29,11.0,63.3,37.82
DEL_01128,ORD_01128,DRV_0091,4.0,36.0,68.0,10.71
DEL_01129,ORD_01129,DRV_0024,5.24,32.0,71.8,33.49
DEL_01130,ORD_01130,DRV_0236,2.65,35.0,71.5,40.02
DEL_01131,ORD_01131,DRV_0235,2.81,31.0,58.0,19.62
DEL_01132,ORD_01132,DRV_0226,4.08,28.0,48.7,43.72
DEL_01133,ORD_01133,DRV_0028,4.12,27.0,61.3,28.29
DEL_01134,ORD_01134,DRV_0152,3.93,25.0,72.8,15.4
DEL_01135,ORD_01135,DRV_0384,9.83,39.0,101.2,11.71
DEL_01136,ORD_01136,DRV_0246,10.34,33.0,85.6,21.48
DEL_01137,ORD_01137,DRV_0005,1.81,14.0,37.7,24.82
DEL_01138,ORD_01138,DRV_0013,5.29,22.0,69.4,24.38
DEL_01139,ORD_01139,DRV_0466,2.05,36.0,75.8,25.42
DEL_01140,ORD_01140,DRV_0055,11.53,37.0,96.0,32.41
DEL_01141,ORD_01141,DRV_0465,2.86,21.0,62.2,47.22
DEL_01142,ORD_01142,DRV_0286,3.45,32.0,57.3,24.3
DEL_01143,ORD_01143,DRV_0102,6.96,17.0,66.7,22.0
DEL_01144,ORD_01144,DRV_0339,2.22,27.0,37.0,8.38
DEL_01145,ORD_01145,DRV_0214,1.46,22.0,43.0,27.62
DEL_01146,ORD_01146,DRV_0433,2.19,37.0,62.0,19.17
DEL_01147,ORD_01147,DRV_0113,7.74,34.0,82.1,44.49
DEL_01148,ORD_01148,DRV_0338,3.24,27.0,57.3,16.06
DEL_01149,ORD_01149,DRV_0090,7.39,19.0,55.9,12.78
DEL_01150,ORD_01150,DRV_0271,4.2,31.0,54.4,54.01
DEL_01151,ORD_01151,DRV_0247,1.22,34.0,48.4,19.29
DEL_01152,ORD_01152,DRV_0476,2.61,17.0,35.1,13.26
DEL_01153,ORD_01153,DRV_0030,4.91,25.0,72.5,17.14
DEL_01154,ORD_01154,DRV_0028,0.73,19.0,25.3,36.2
DEL_01155,ORD_01155,DRV_0468,5.47,33.0,76.6,16.97
DEL_01156,ORD_01156,DRV_0388,1.47,24.0,38.9,26.59
DEL_01157,ORD_01157,DRV_0068,2.73,14.0,35.6,36.06
DEL_01158,ORD_01158,DRV_0357,9.91,40.0,98.0,60.64
DEL_01159,ORD_01159,DRV_0143,10.04,23.0,82.6,30.03
DEL_01160,ORD_01160,DRV_0034,5.83,13.0,54.3,72.46
DEL_01161,ORD_01161,DRV_0459,4.57,18.0,75.3,15.58
DEL_01162,ORD_01162,DRV_0471,2.85,33.0,76.3,18.21
DEL_01163,ORD_01163,DRV_0355,1.18,20.0,40.2,47.99
DEL_01164,ORD_01164,DRV_0427,1.07,21.0,52.6,21.27
DEL_01165,ORD_01165,DRV_0227,4.2,30.0,56.7,11.24
DEL_01166,ORD_01166,DRV_0203,3.4,31.0,70.6,24.7
DEL_01167,ORD_01167,DRV_0061,3.0,18.0,42.6,17.99
DEL_01168,ORD_01168,DRV_0191,8.54,20.0,93.6,20.54
DEL_01169,ORD_01169,DRV_0002,2.16,35.0,71.1,22.11
DEL_01170,ORD_01170,DRV_0118,16.61,23.0,103.0,34.53
DEL_01171,ORD_01171,DRV_0308,15.51,10.0,90.8,40.19
DEL_01172,ORD_01172,DRV_0052,6.86,32.0,58.5,45.38
DEL_01173,ORD_01173,DRV_0015,3.38,28.0,63.1,9.06
DEL_01174,ORD_01174,DRV_0424,0.96,22.0,31.0,46.88
DEL_01175,ORD_01175,DRV_0284,6.67,39.0,70.8,29.88
DEL_01176,ORD_01176,DRV_0479,13.88,25.0,100.5,48.69
DEL_01177,ORD_01177,DRV_0096,18.33,10.0,103.4,15.33
DEL_01178,ORD_01178,DRV_0098,2.27,20.0,47.1,35.63
DEL_01179,ORD_01179,DRV_0055,7.03,17.0,62.2,30.76
DEL_01180,ORD_01180,DRV_0434,1.74,19.0,31.6,41.02
DEL_01181,ORD_01181,DRV_0278,1.0,30.0,51.8,17.6
DEL_01182,ORD_01182,DRV_0413,8.4,10.0,59.9,27.13
DEL_01183,ORD_01183,DRV_0245,2.86,17.0,39.0,37.76
DEL_01184,ORD_01184,DRV_0328,3.42,19.0,56.8,45.64
DEL_01185,ORD_01185,DRV_0470,3.37,21.0,50.6,32.55
DEL_01186,ORD_01186,DRV_0396,0.5,24.0,35.0,69.03
DEL_01187,ORD_01187,DRV_0471,3.4,34.0,51.3,11.69
DEL_01188,ORD_01188,DRV_0038,9.5,17.0,77.9,25.91
DEL_01189,ORD_01189,DRV_0120,3.1,31.0,70.6,28.29
DEL_01190,ORD_01190,DRV_0258,4.8,37.0,72.9,24.29
DEL_01191,ORD_01191,DRV_0140,1.22,33.0,43.0,39.31
DEL_01192,ORD_01192,DRV_0183,6.62,27.0,52.3,17.27
DEL_01193,ORD_01193,DRV_0213,2.92,27.0,53.3,44.97
DEL_01194,ORD_01194,DRV_0126,2.13,13.0,36.0,63.83
DEL_01195,ORD_01195,DRV_0140,2.09,16.0,48.9,28.02
DEL_01196,ORD_01196,DRV_0109,13.23,23.0,107.4,37.74
DEL_01197,ORD_01197,DRV_0479,0.71,27.0,52.5,18.38
DEL_01198,ORD_01198,DRV_0009,5.97,28.0,71.1,17.46
DEL_01199,ORD_01199,DRV_0463,0.84,32.0,38.7,40.33
DEL_01200,ORD_01200,DRV_0032,6.02,35.0,58.7,29.16
DEL_01201,ORD_01201,DRV_0235,2.35,20.0,35.9,22.48
DEL_01202,ORD_01202,DRV_0073,5.95,29.0,52.6,29.08
DEL_01203,ORD_01203,DRV_0472,3.73,17.0,48.0,18.89
DEL_01204,ORD_01204,DRV_0136,4.97,17.0,47.7,20.75
DEL_01205,ORD_01205,DRV_0254,4.5,27.0,66.9,21.95
DEL_01206,ORD_01206,DRV_0116,4.44,20.0,54.3,18.23
DEL_01207,ORD_01207,DRV_0156,0.97,15.0,35.1,14.78
DEL_01208,ORD_01208,DRV_0440,2.04,35.0,77.4,69.6
DEL_01209,ORD_01209,DRV_0082,7.06,34.0,84.8,16.09
DEL_01210,ORD_01210,DRV_0107,2.76,32.0,55.5,38.88
DEL_01211,ORD_01211,DRV_0229,3.67,23.0,53.5,21.13
DEL_01212,ORD_01212,DRV_0292,1.88,25.0,56.9,27.72
DEL_01213,ORD_01213,DRV_0117,2.23,22.0,50.9,18.06
DEL_01214,ORD_01214,DRV_0421,11.91,30.0,82.4,16.03
DEL_01215,ORD_01215,DRV_0288,9.88,32.0,98.2,15.32
DEL_01216,ORD_01216,DRV_0213,6.01,17.0,58.5,52.89
DEL_01217,ORD_01217,DRV_0167,6.39,17.0,60.0,75.15
DEL_01218,ORD_01218,DRV_0049,5.13,18.0,57.4,12.69
DEL_01219,ORD_01219,DRV_0221,4.13,26.0,70.9,14.08
DEL_01220,ORD_01220,DRV_0402,12.38,17.0,89.1,36.99
DEL_01221,ORD_01221,DRV_0279,2.86,31.0,47.1,15.64
DEL_01222,ORD_01222,DRV_0289,2.34,35.0,58.1,42.36
DEL_01223,ORD_01223,DRV_0368,3.09,33.0,69.0,29.14
DEL_01224,ORD_01224,DRV_0457,3.06,20.0,57.0,66.96
DEL_01225,ORD_01225,DRV_0492,7.21,18.0,69.4,14.72
DEL_01226,ORD_01226,DRV_0179,2.44,32.0,61.4,22.61
DEL_01227,ORD_01227,DRV_0171,4.05,25.0,51.6,22.03
DEL_01228,ORD_01228,DRV_0486,5.37,10.0,39.2,23.9
DEL_01229,ORD_01229,DRV_0004,4.54,25.0,70.0,29.13
DEL_01230,ORD_01230,DRV_0336,1.67,25.0,47.1,23.98
DEL_01231,ORD_01231,DRV_0195,5.34,30.0,55.7,25.96
DEL_01232,ORD_01232,DRV_0456,4.77,14.0,53.4,18.98
DEL_01233,ORD_01233,DRV_0464,5.96,37.0,83.8,10.67
DEL_01234,ORD_01234,DRV_0381,5.68,9.0,66.7,22.1
DEL_01235,ORD_01235,DRV_0258,5.87,15.0,71.0,25.52
DEL_01236,ORD_01236,DRV_0045,0.56,10.0,25.7,72.59
DEL_01237,ORD_01237,DRV_0467,2.12,29.0,59.8,14.46
DEL_01238,ORD_01238,DRV_0344,7.69,7.0,65.8,23.48
DEL_01239,ORD_01239,DRV_0208,2.4,35.0,50.5,30.67
DEL_01240,ORD_01240,DRV_0115,8.0,21.0,80.6,11.42
DEL_01241,ORD_01241,DRV_0424,3.05,28.0,52.3,29.82
DEL_01242,ORD_01242,DRV_0130,2.64,17.0,41.4,11.37
DEL_01243,ORD_01243,DRV_0160,3.12,32.0,64.9,22.72
DEL_01244,ORD_01244,DRV_0001,20.0,21.0,101.8,21.6
DEL_01245,ORD_01245,DRV_0497,3.82,25.0,68.5,33.28
DEL_01246,ORD_01246,DRV_0274,6.78,34.0,72.1,34.18
DEL_01247,ORD_01247,DRV_0487,16.74,32.0,117.9,15.99
DEL_01248,ORD_01248,DRV_0448,5.52,15.0,81.3,11.4
DEL_01249,ORD_01249,DRV_0160,11.93,30.0,88.7,14.39
DEL_01250,ORD_01250,DRV_0265,7.59,15.0,59.4,47.21
DEL_01251,ORD_01251,DRV_0311,6.02,32.0,74.0,33.77
DEL_01252,ORD_01252,DRV_0323,1.63,19.0,62.9,44.45
DEL_01253,ORD_01253,DRV_0248,3.39,36.0,57.6,48.65
DEL_01254,ORD_01254,DRV_0024,5.53,20.0,64.5,23.58
DEL_01255,ORD_01255,DRV_0377,2.68,32.0,57.2,20.04
DEL_01256,ORD_01256,DRV_0267,5.8,25.0,93.5,35.13
DEL_01257,ORD_01257,DRV_0156,3.73,30.0,65.0,48.83
DEL_01258,ORD_01258,DRV_0272,2.18,33.0,49.9,3.53
DEL_01259,ORD_01259,DRV_0093,6.77,23.0,69.8,31.54
DEL_01260,ORD_01260,DRV_0361,5.11,18.0,42.9,19.29
DEL_01261,ORD_01261,DRV_0012,6.0,17.0,52.1,24.51
DEL_01262,ORD_01262,DRV_0238,4.59,16.0,57.1,21.3
DEL_01263,ORD_01263,DRV_0121,2.95,37.0,56.2,28.04
DEL_01264,ORD_01264,DRV_0452,3.99,19.0,44.6,15.72
DEL_01265,ORD_01265,DRV_0090,2.74,33.0,65.5,23.74
DEL_01266,ORD_01266,DRV_0388,10.7,15.0,83.3,28.9
DEL_01267,ORD_01267,DRV_0075,5.2,38.0,89.8,24.38
DEL_01268,ORD_01268,DRV_0322,4.07,24.0,51.1,46.7
DEL_01269,ORD_01269,DRV_0031,3.56,33.0,61.2,12.28
DEL_01270,ORD_01270,DRV_0440,2.07,38.0,57.5,31.51
DEL_01271,ORD_01271,DRV_0434,5.35,38.0,50.6,20.15
DEL_01272,ORD_01272,DRV_0195,1.75,29.0,58.7,5.58
DEL_01273,ORD_01273,DRV_0089,9.38,16.0,67.1,18.71
DEL_01274,ORD_01274,DRV_0098,6.54,22.0,79.5,23.39
DEL_01275,ORD_01275,DRV_0129,2.36,20.0,41.3,27.33
DEL_01276,ORD_01276,DRV_0453,9.51,33.0,86.4,16.13
DEL_01277,ORD_01277,DRV_0295,3.8,16.0,57.7,21.1
DEL_01278,ORD_01278,DRV_0436,6.26,25.0,78.4,48.14
DEL_01279,ORD_01279,DRV_0095,3.75,35.0,54.1,23.78
DEL_01280,ORD_01280,DRV_0164,3.83,6.0,36.2,16.52
DEL_01281,ORD_01281,DRV_0451,7.98,15.0,81.6,17.45
DEL_01282,ORD_01282,DRV_0230,4.13,8.0,43.0,22.16
DEL_01283,ORD_01283,DRV_0140,3.05,34.0,57.6,21.17
DEL_01284,ORD_01284,DRV_0317,2.64,38.0,52.3,18.4
DEL_01285,ORD_01285,DRV_0464,3.57,41.0,69.4,42.75
DEL_01286,ORD_01286,DRV_0328,12.95,33.0,102.0,16.88
DEL_01287,ORD_01287,DRV_0395,5.1,40.0,77.1,25.14
DEL_01288,ORD_01288,DRV_0109,2.24,27.0,56.3,25.85
DEL_01289,ORD_01289,DRV_0014,5.02,18.0,78.5,15.16
DEL_01290,ORD_01290,DRV_0475,9.42,26.0,85.0,10.58
DEL_01291,ORD_01291,DRV_0466,9.6,22.0,71.6,5.42
DEL_01292,ORD_01292,DRV_0438,5.53,40.0,69.4,15.08
DEL_01293,ORD_01293,DRV_0392,7.44,16.0,74.8,7.3
DEL_01294,ORD_01294,DRV_0161,4.12,17.0,43.2,25.62
DEL_01295,ORD_01295,DRV_0132,3.51,17.0,56.7,23.77
DEL_01296,ORD_01296,DRV_0113,2.4,19.0,38.8,18.91
DEL_01297,ORD_01297,DRV_0286,2.66,14.0,65.5,12.62
DEL_01298,ORD_01298,DRV_0340,4.11,18.0,58.2,28.21
DEL_01299,ORD_01299,DRV_0094,7.08,42.0,74.0,31.67
DEL_01300,ORD_01300,DRV_0347,4.31,43.0,74.7,20.61
DEL_01301,ORD_01301,DRV_0089,2.7,27.0,40.8,23.9
DEL_01302,ORD_01302,DRV_0310,8.23,38.0,84.6,32.83
DEL_01303,ORD_01303,DRV_0134,9.03,41.0,79.4,23.48
DEL_01304,ORD_01304,DRV_0261,2.86,33.0,78.9,28.69
DEL_01305,ORD_01305,DRV_0206,3.88,21.0,58.6,12.08
DEL_01306,ORD_01306,DRV_0307,1.66,28.0,54.5,27.22
DEL_01307,ORD_01307,DRV_0398,7.23,25.0,77.0,12.47
DEL_01308,ORD_01308,DRV_0034,1.05,20.0,46.8,34.37
DEL_01309,ORD_01309,DRV_0169,4.25,26.0,60.2,14.58
DEL_01310,ORD_01310,DRV_0345,4.91,27.0,68.6,18.56
DEL_01311,ORD_01311,DRV_0423,2.85,40.0,76.3,21.57
DEL_01312,ORD_01312,DRV_0146,2.71,18.0,32.5,17.01
DEL_01313,ORD_01313,DRV_0020,6.2,27.0,48.0,10.56
DEL_01314,ORD_01314,DRV_0107,5.28,15.0,59.7,56.47
DEL_01315,ORD_01315,DRV_0136,6.42,32.0,67.9,28.73
DEL_01316,ORD_01316,DRV_0026,1.41,17.0,35.4,21.14
DEL_01317,ORD_01317,DRV_0246,9.78,11.0,71.8,36.79
DEL_01318,ORD_01318,DRV_0341,10.24,10.0,60.3,20.92
DEL_01319,ORD_01319,DRV_0155,4.82,36.0,54.5,55.14
DEL_01320,ORD_01320,DRV_0416,3.46,31.0,60.9,18.53
DEL_01321,ORD_01321,DRV_0042,4.09,38.0,70.1,29.51
DEL_01322,ORD_01322,DRV_0178,8.99,29.0,102.8,24.78
DEL_01323,ORD_01323,DRV_0081,2.67,41.0,63.3,82.83
DEL_01324,ORD_01324,DRV_0177,1.33,34.0,62.1,47.69
DEL_01325,ORD_01325,DRV_0193,6.21,10.0,44.8,26.64
DEL_01326,ORD_01326,DRV_0191,4.28,16.0,43.9,33.87
DEL_01327,ORD_01327,DRV_0283,8.63,40.0,78.9,34.54
DEL_01328,ORD_01328,DRV_0246,4.51,37.0,85.8,42.65
DEL_01329,ORD_01329,DRV_0100,13.09,24.0,82.8,14.74
DEL_01330,ORD_01330,DRV_0459,13.6,32.0,95.0,14.17
DEL_01331,ORD_01331,DRV_0489,3.12,12.0,40.2,15.57
DEL_01332,ORD_01332,DRV_0489,1.0,13.0,53.8,28.26
DEL_01333,ORD_01333,DRV_0035,4.92,34.0,81.8,37.24
DEL_01334,ORD_01334,DRV_0294,1.64,23.0,47.7,21.87
DEL_01335,ORD_01335,DRV_0294,1.49,33.0,56.7,26.23
DEL_01336,ORD_01336,DRV_0042,7.5,16.0,64.8,36.23
DEL_01337,ORD_01337,DRV_0170,5.33,42.0,94.8,20.4
DEL_01338,ORD_01338,DRV_0433,2.77,9.0,48.5,40.81
DEL_01339,ORD_01339,DRV_0495,4.5,17.0,75.8,94.74
DEL_01340,ORD_01340,DRV_0057,4.72,23.0,46.4,14.08
DEL_01341,ORD_01341,DRV_0356,5.25,26.0,64.3,48.97
DEL_01342,ORD_01342,DRV_0054,8.35,21.0,78.4,20.86
DEL_01343,ORD_01343,DRV_0394,4.16,12.0,40.2,37.89
DEL_01344,ORD_01344,DRV_0188,1.11,10.0,51.9,29.22
DEL_01345,ORD_01345,DRV_0296,10.4,28.0,66.6,25.64
DEL_01346,ORD_01346,DRV_0385,4.27,21.0,47.4,70.0
DEL_01347,ORD_01347,DRV_0376,2.71,33.0,76.2,34.8
DEL_01348,ORD_01348,DRV_0086,1.7,20.0,39.9,25.95
DEL_01349,ORD_01349,DRV_0064,4.7,31.0,60.3,11.13
DEL_01350,ORD_01350,DRV_0081,3.78,26.0,59.0,41.12
DEL_01351,ORD_01351,DRV_0268,2.3,38.0,71.1,16.69
DEL_01352,ORD_01352,DRV_0492,7.71,34.0,65.7,26.87
DEL_01353,ORD_01353,DRV_0185,1.94,19.0,27.1,16.47
DEL_01354,ORD_01354,DRV_0461,1.83,19.0,41.6,28.3
DEL_01355,ORD_01355,DRV_0345,2.66,31.0,48.2,40.63
DEL_01356,ORD_01356,DRV_0026,0.91,30.0,46.4,31.81
DEL_01357,ORD_01357,DRV_0238,1.11,37.0,57.7,77.28
DEL_01358,ORD_01358,DRV_0296,1.98,33.0,58.0,22.29
DEL_01359,ORD_01359,DRV_0366,3.09,39.0,71.2,11.21
DEL_01360,ORD_01360,DRV_0487,1.98,18.0,68.6,11.36
DEL_01361,ORD_01361,DRV_0369,4.74,10.0,44.6,23.3
DEL_01362,ORD_01362,DRV_0299,2.19,25.0,46.9,32.97
DEL_01363,ORD_01363,DRV_0225,4.98,16.0,53.8,12.11
DEL_01364,ORD_01364,DRV_0328,2.41,29.0,57.6,17.42
DEL_01365,ORD_01365,DRV_0397,4.62,25.0,79.7,36.24
DEL_01366,ORD_01366,DRV_0090,9.85,11.0,61.4,16.28
DEL_01367,ORD_01367,DRV_0440,5.33,21.0,68.9,24.8
DEL_01368,ORD_01368,DRV_0017,1.01,12.0,36.7,28.42
DEL_01369,ORD_01369,DRV_0088,2.0,31.0,61.7,26.19
DEL_01370,ORD_01370,DRV_0024,1.24,30.0,61.1,9.97
DEL_01371,ORD_01371,DRV_0332,1.44,26.0,49.7,40.58
DEL_01372,ORD_01372,DRV_0223,7.45,19.0,73.8,18.92
DEL_01373,ORD_01373,DRV_0058,3.59,23.0,59.8,28.06
DEL_01374,ORD_01374,DRV_0464,3.82,33.0,56.0,40.77
DEL_01375,ORD_01375,DRV_0490,7.51,32.0,94.9,27.48
DEL_01376,ORD_01376,DRV_0189,2.19,6.0,23.1,22.94
DEL_01377,ORD_01377,DRV_0464,4.7,26.0,71.1,9.87
DEL_01378,ORD_01378,DRV_0222,6.24,39.0,87.6,14.1
DEL_01379,ORD_01379,DRV_0412,3.33,24.0,56.4,34.09
DEL_01380,ORD_01380,DRV_0451,10.75,33.0,82.9,26.14
DEL_01381,ORD_01381,DRV_0353,3.47,33.0,69.4,21.76
DEL_01382,ORD_01382,DRV_0051,1.8,27.0,51.2,15.6
DEL_01383,ORD_01383,DRV_0088,2.36,34.0,70.2,15.64
DEL_01384,ORD_01384,DRV_0222,4.46,24.0,43.7,13.56
DEL_01385,ORD_01385,DRV_0488,6.35,23.0,77.0,25.59
DEL_01386,ORD_01386,DRV_0496,1.93,16.0,37.4,17.7
DEL_01387,ORD_01387,DRV_0348,8.62,29.0,96.1,32.24
DEL_01388,ORD_01388,DRV_0367,1.84,12.0,35.6,7.32
DEL_01389,ORD_01389,DRV_0167,9.42,9.0,72.1,44.66
DEL_01390,ORD_01390,DRV_0194,2.53,16.0,36.2,26.37
DEL_01391,ORD_01391,DRV_0461,0.5,16.0,37.4,15.02
DEL_01392,ORD_01392,DRV_0101,5.87,11.0,72.0,24.15
DEL_01393,ORD_01393,DRV_0202,0.78,23.0,46.4,15.47
DEL_01394,ORD_01394,DRV_0424,20.0,25.0,105.6,27.53
DEL_01395,ORD_01395,DRV_0013,4.39,27.0,62.9,20.79
DEL_01396,ORD_01396,DRV_0147,1.5,40.0,48.6,27.74
DEL_01397,ORD_01397,DRV_0262,3.21,28.0,52.8,16.61
DEL_01398,ORD_01398,DRV_0146,1.35,12.0,22.0,16.67
DEL_01399,ORD_01399,DRV_0488,5.64,23.0,56.9,22.81
DEL_01400,ORD_01400,DRV_0009,1.0,34.0,58.8,25.89
DEL_01401,ORD_01401,DRV_0081,0.82,14.0,38.8,11.38
DEL_01402,ORD_01402,DRV_0068,10.81,22.0,88.5,28.95
DEL_01403,ORD_01403,DRV_0310,1.91,40.0,57.8,38.29
DEL_01404,ORD_01404,DRV_0126,4.81,28.0,58.1,49.66
DEL_01405,ORD_01405,DRV_0050,3.5,18.0,63.1,50.42
DEL_01406,ORD_01406,DRV_0070,2.8,22.0,38.8,33.39
DEL_01407,ORD_01407,DRV_0139,2.93,33.0,68.5,18.31
DEL_01408,ORD_01408,DRV_0439,6.37,21.0,61.4,25.82
DEL_01409,ORD_01409,DRV_0374,3.69,31.0,66.5,13.93
DEL_01410,ORD_01410,DRV_0170,1.65,14.0,38.3,30.85
DEL_01411,ORD_01411,DRV_0090,1.52,33.0,59.8,53.13
DEL_01412,ORD_01412,DRV_0139,8.7,12.0,87.1,25.87
DEL_01413,ORD_01413,DRV_0072,6.61,25.0,81.1,25.86
DEL_01414,ORD_01414,DRV_0245,10.63,33.0,112.2,29.56
DEL_01415,ORD_01415,DRV_0067,6.7,22.0,68.6,21.45
DEL_01416,ORD_01416,DRV_0130,1.9,26.0,42.2,30.73
DEL_01417,ORD_01417,DRV_0210,3.38,20.0,31.3,14.39
DEL_01418,ORD_01418,DRV_0194,8.81,22.0,77.9,12.48
DEL_01419,ORD_01419,DRV_0026,1.66,12.0,49.7,65.39
DEL_01420,ORD_01420,DRV_0332,1.07,40.0,69.6,16.73
DEL_01421,ORD_01421,DRV_0293,11.2,26.0,85.3,21.39
DEL_01422,ORD_01422,DRV_0218,10.86,24.0,80.2,30.88
DEL_01423,ORD_01423,DRV_0036,9.13,11.0,91.2,17.65
DEL_01424,ORD_01424,DRV_0016,8.69,22.0,90.6,24.77
DEL_01425,ORD_01425,DRV_0078,7.3,17.0,76.8,4.91
DEL_01426,ORD_01426,DRV_0322,9.24,12.0,83.3,54.81
DEL_01427,ORD_01427,DRV_0021,2.1,13.0,39.7,10.57
DEL_01428,ORD_01428,DRV_0135,3.28,20.0,64.3,23.65
DEL_01429,ORD_01429,DRV_0245,2.7,14.0,47.3,16.95
DEL_01430,ORD_01430,DRV_0395,5.37,13.0,63.7,18.56
DEL_01431,ORD_01431,DRV_0184,1.05,25.0,35.6,33.83
DEL_01432,ORD_01432,DRV_0172,9.23,20.0,76.6,42.06
DEL_01433,ORD_01433,DRV_0054,1.1,16.0,51.7,29.29
DEL_01434,ORD_01434,DRV_0093,7.35,32.0,74.3,15.54
DEL_01435,ORD_01435,DRV_0441,2.52,37.0,68.9,17.4
DEL_01436,ORD_01436,DRV_0314,5.28,17.0,60.8,20.35
DEL_01437,ORD_01437,DRV_0293,4.61,15.0,77.1,32.15
DEL_01438,ORD_01438,DRV_0376,0.7,39.0,54.1,18.18
DEL_01439,ORD_01439,DRV_0176,4.74,34.0,72.5,18.89
DEL_01440,ORD_01440,DRV_0190,1.83,25.0,53.6,23.12
DEL_01441,ORD_01441,DRV_0246,0.73,16.0,18.8,32.55
DEL_01442,ORD_01442,DRV_0295,4.3,14.0,67.7,55.71
DEL_01443,ORD_01443,DRV_0476,0.94,28.0,36.5,17.27
DEL_01444,ORD_01444,DRV_0192,10.77,36.0,88.2,33.73
DEL_01445,ORD_01445,DRV_0104,1.85,34.0,49.9,21.7
DEL_01446,ORD_01446,DRV_0068,4.5,16.0,57.9,20.36
DEL_01447,ORD_01447,DRV_0324,4.12,26.0,71.9,46.35
DEL_01448,ORD_01448,DRV_0155,7.41,23.0,65.8,11.69
DEL_01449,ORD_01449,DRV_0454,2.43,30.0,59.1,25.86
DEL_01450,ORD_01450,DRV_0226,2.68,34.0,59.3,29.75
DEL_01451,ORD_01451,DRV_0233,4.18,24.0,66.8,5.69
DEL_01452,ORD_01452,DRV_0104,1.95,20.0,58.7,12.51
DEL_01453,ORD_01453,DRV_0466,2.8,18.0,34.4,39.53
DEL_01454,ORD_01454,DRV_0316,2.12,20.0,47.6,24.02
DEL_01455,ORD_01455,DRV_0428,4.9,25.0,49.7,72.16
DEL_01456,ORD_01456,DRV_0240,6.39,27.0,73.4,43.72
DEL_01457,ORD_01457,DRV_0414,7.97,38.0,105.2,15.26
DEL_01458,ORD_01458,DRV_0481,7.62,31.0,59.9,37.21
DEL_01459,ORD_01459,DRV_0442,5.44,31.0,84.5,18.94
DEL_01460,ORD_01460,DRV_0212,5.39,36.0,66.6,19.85
DEL_01461,ORD_01461,DRV_0126,5.3,26.0,63.7,15.35
DEL_01462,ORD_01462,DRV_0123,3.75,19.0,63.7,43.05
DEL_01463,ORD_01463,DRV_0036,1.57,17.0,51.0,26.14
DEL_01464,ORD_01464,DRV_0238,9.49,26.0,76.9,10.04
DEL_01465,ORD_01465,DRV_0242,5.28,19.0,58.2,22.49
DEL_01466,ORD_01466,DRV_0133,6.53,22.0,57.4,30.57
DEL_01467,ORD_01467,DRV_0380,2.62,21.0,65.8,18.04
DEL_01468,ORD_01468,DRV_0227,13.45,27.0,97.0,26.35
DEL_01469,ORD_01469,DRV_0403,8.7,20.0,53.3,36.54
DEL_01470,ORD_01470,DRV_0396,2.96,12.0,51.8,25.64
DEL_01471,ORD_01471,DRV_0090,2.49,24.0,42.0,48.99
DEL_01472,ORD_01472,DRV_0255,6.47,16.0,62.2,25.63
DEL_01473,ORD_01473,DRV_0444,3.73,15.0,62.3,16.23
DEL_01474,ORD_01474,DRV_0083,4.86,10.0,41.3,21.31
DEL_01475,ORD_01475,DRV_0500,9.15,12.0,72.3,23.74
DEL_01476,ORD_01476,DRV_0139,4.79,23.0,78.2,14.18
DEL_01477,ORD_01477,DRV_0309,3.58,25.0,61.3,28.74
DEL_01478,ORD_01478,DRV_0020,5.46,40.0,93.7,54.68
DEL_01479,ORD_01479,DRV_0329,1.15,31.0,45.4,29.2
DEL_01480,ORD_01480,DRV_0084,4.64,33.0,79.3,51.95
DEL_01481,ORD_01481,DRV_0027,1.33,19.0,41.3,35.97
DEL_01482,ORD_01482,DRV_0058,6.12,32.0,56.9,31.46
DEL_01483,ORD_01483,DRV_0379,0.5,21.0,38.8,44.27
DEL_01484,ORD_01484,DRV_0389,3.71,17.0,42.1,37.72
DEL_01485,ORD_01485,DRV_0330,10.6,20.0,79.5,7.32
DEL_01486,ORD_01486,DRV_0393,8.28,37.0,69.6,28.4
DEL_01487,ORD_01487,DRV_0217,4.82,20.0,59.4,22.34
DEL_01488,ORD_01488,DRV_0333,11.23,7.0,71.5,14.98
DEL_01489,ORD_01489,DRV_0381,2.83,38.0,71.4,6.56
DEL_01490,ORD_01490,DRV_0125,1.88,18.0,55.0,24.83
DEL_01491,ORD_01491,DRV_0288,3.5,34.0,69.2,15.32
DEL_01492,ORD_01492,DRV_0200,3.46,13.0,54.3,38.22
DEL_01493,ORD_01493,DRV_0438,3.63,15.0,60.6,16.17
DEL_01494,ORD_01494,DRV_0429,4.23,36.0,70.4,45.9
DEL_01495,ORD_01495,DRV_0283,0.97,35.0,64.9,50.27
DEL_01496,ORD_01496,DRV_0214,2.31,21.0,39.3,21.04
DEL_01497,ORD_01497,DRV_0156,2.81,31.0,56.4,53.98
DEL_01498,ORD_01498,DRV_0018,11.08,11.0,80.8,38.52
DEL_01499,ORD_01499,DRV_0343,2.78,38.0,53.4,13.49
DEL_01500,ORD_01500,DRV_0105,2.98,22.0,48.2,24.03
DEL_01501,ORD_01501,DRV_0159,6.34,22.0,55.5,19.74
DEL_01502,ORD_01502,DRV_0041,3.53,28.0,50.8,24.03
DEL_01503,ORD_01503,DRV_0290,12.87,5.0,82.2,25.07
DEL_01504,ORD_01504,DRV_0007,6.73,35.0,86.1,11.46
DEL_01505,ORD_01505,DRV_0005,6.09,18.0,57.4,23.01
DEL_01506,ORD_01506,DRV_0021,1.11,16.0,45.0,28.98
DEL_01507,ORD_01507,DRV_0134,4.99,18.0,53.0,14.84
DEL_01508,ORD_01508,DRV_0429,4.45,19.0,63.2,31.58
DEL_01509,ORD_01509,DRV_0120,7.57,21.0,74.3,26.84
DEL_01510,ORD_01510,DRV_0242,6.19,22.0,86.5,18.05
DEL_01511,ORD_01511,DRV_0419,5.56,28.0,60.6,24.99
DEL_01512,ORD_01512,DRV_0106,5.16,29.0,81.8,22.64
DEL_01513,ORD_01513,DRV_0343,2.79,17.0,41.9,23.61
DEL_01514,ORD_01514,DRV_0131,1.89,33.0,60.4,40.7
DEL_01515,ORD_01515,DRV_0417,5.28,34.0,54.9,6.74
DEL_01516,ORD_01516,DRV_0038,1.97,18.0,54.1,17.99
DEL_01517,ORD_01517,DRV_0087,4.21,15.0,53.1,28.56
DEL_01518,ORD_01518,DRV_0336,9.93,22.0,67.5,34.38
DEL_01519,ORD_01519,DRV_0473,11.17,22.0,80.8,12.73
DEL_01520,ORD_01520,DRV_0113,3.52,34.0,61.1,29.3
DEL_01521,ORD_01521,DRV_0251,7.98,16.0,85.0,10.24
DEL_01522,ORD_01522,DRV_0400,4.16,36.0,72.6,31.47
DEL_01523,ORD_01523,DRV_0345,1.89,10.0,29.2,49.81
DEL_01524,ORD_01524,DRV_0362,4.2,35.0,92.4,5.7
DEL_01525,ORD_01525,DRV_0071,15.71,32.0,117.1,19.9
DEL_01526,ORD_01526,DRV_0264,5.93,34.0,86.4,58.98
DEL_01527,ORD_01527,DRV_0387,2.19,26.0,57.9,22.14
DEL_01528,ORD_01528,DRV_0069,5.23,9.0,49.9,24.85
DEL_01529,ORD_01529,DRV_0384,6.91,13.0,80.8,39.03
DEL_01530,ORD_01530,DRV_0255,7.92,25.0,76.5,11.56
DEL_01531,ORD_01531,DRV_0275,3.48,22.0,63.6,19.23
DEL_01532,ORD_01532,DRV_0391,11.35,25.0,99.6,33.24
DEL_01533,ORD_01533,DRV_0498,3.87,20.0,50.4,11.56
DEL_01534,ORD_01534,DRV_0086,5.27,41.0,70.1,16.41
DEL_01535,ORD_01535,DRV_0218,1.15,23.0,61.2,36.74
DEL_01536,ORD_01536,DRV_0050,9.42,22.0,76.9,31.15
DEL_01537,ORD_01537,DRV_0473,1.61,31.0,61.4,23.68
DEL_01538,ORD_01538,DRV_0134,6.59,17.0,54.6,4.87
DEL_01539,ORD_01539,DRV_0389,2.98,41.0,58.1,25.43
DEL_01540,ORD_01540,DRV_0230,1.62,29.0,58.0,21.21
DEL_01541,ORD_01541,DRV_0061,3.12,33.0,53.5,25.66
DEL_01542,ORD_01542,DRV_0252,1.1,25.0,31.1,20.26
DEL_01543,ORD_01543,DRV_0230,2.5,21.0,47.8,34.03
DEL_01544,ORD_01544,DRV_0470,2.71,34.0,61.3,21.42
DEL_01545,ORD_01545,DRV_0351,1.68,27.0,45.1,63.81
DEL_01546,ORD_01546,DRV_0058,5.09,35.0,57.7,19.06
DEL_01547,ORD_01547,DRV_0406,4.02,18.0,65.3,22.83
DEL_01548,ORD_01548,DRV_0185,5.07,16.0,58.0,24.32
DEL_01549,ORD_01549,DRV_0203,2.78,23.0,43.5,92.26
DEL_01550,ORD_01550,DRV_0032,3.58,33.0,74.2,23.54
DEL_01551,ORD_01551,DRV_0145,1.53,7.0,21.5,22.34
DEL_01552,ORD_01552,DRV_0442,2.59,25.0,67.0,50.14
DEL_01553,ORD_01553,DRV_0169,1.61,36.0,50.6,28.99
DEL_01554,ORD_01554,DRV_0022,3.29,16.0,43.5,20.33
DEL_01555,ORD_01555,DRV_0336,2.59,31.0,56.7,23.87
DEL_01556,ORD_01556,DRV_0298,6.59,17.0,63.3,68.09
DEL_01557,ORD_01557,DRV_0079,6.97,18.0,79.3,28.94
DEL_01558,ORD_01558,DRV_0136,4.69,30.0,73.1,53.29
DEL_01559,ORD_01559,DRV_0302,6.84,18.0,50.1,45.51
DEL_01560,ORD_01560,DRV_0176,4.97,19.0,54.9,16.73
DEL_01561,ORD_01561,DRV_0371,2.86,20.0,57.8,24.7
DEL_01562,ORD_01562,DRV_0387,4.39,18.0,74.3,16.82
DEL_01563,ORD_01563,DRV_0077,10.23,21.0,75.4,27.04
DEL_01564,ORD_01564,DRV_0030,7.6,41.0,107.5,125.62
DEL_01565,ORD_01565,DRV_0284,4.22,18.0,66.6,32.05
DEL_01566,ORD_01566,DRV_0329,1.08,24.0,46.2,26.4
DEL_01567,ORD_01567,DRV_0460,12.28,26.0,84.7,19.89
DEL_01568,ORD_01568,DRV_0153,3.76,34.0,66.7,30.64
DEL_01569,ORD_01569,DRV_0421,8.24,35.0,78.0,42.43
DEL_01570,ORD_01570,DRV_0213,4.12,33.0,48.7,26.08
DEL_01571,ORD_01571,DRV_0179,0.86,11.0,36.5,36.31
DEL_01572,ORD_01572,DRV_0295,9.0,31.0,76.0,20.55
DEL_01573,ORD_01573,DRV_0487,5.06,17.0,71.3,32.14
DEL_01574,ORD_01574,DRV_0083,1.17,30.0,39.8,22.7
DEL_01575,ORD_01575,DRV_0200,3.49,30.0,62.0,16.49
DEL_01576,ORD_01576,DRV_0486,5.1,35.0,67.2,26.87
DEL_01577,ORD_01577,DRV_0323,4.72,27.0,52.6,37.48
DEL_01578,ORD_01578,DRV_0470,7.6,32.0,85.1,34.55
DEL_01579,ORD_01579,DRV_0129,5.06,37.0,69.9,53.74
DEL_01580,ORD_01580,DRV_0294,4.29,24.0,46.6,43.31
DEL_01581,ORD_01581,DRV_0436,1.83,16.0,50.5,61.2
DEL_01582,ORD_01582,DRV_0191,11.56,30.0,84.3,65.78
DEL_01583,ORD_01583,DRV_0052,3.4,20.0,34.2,20.45
DEL_01584,ORD_01584,DRV_0083,2.73,30.0,58.3,17.97
DEL_01585,ORD_01585,DRV_0341,2.0,20.0,49.5,23.37
DEL_01586,ORD_01586,DRV_0188,2.51,24.0,35.1,17.86
DEL_01587,ORD_01587,DRV_0013,7.21,24.0,62.5,27.36
DEL_01588,ORD_01588,DRV_0219,1.4,28.0,61.2,28.49
DEL_01589,ORD_01589,DRV_0017,3.15,18.0,46.4,22.66
DEL_01590,ORD_01590,DRV_0242,0.84,14.0,33.6,31.45
DEL_01591,ORD_01591,DRV_0340,2.3,31.0,55.7,13.02
DEL_01592,ORD_01592,DRV_0158,2.67,22.0,45.9,40.69
DEL_01593,ORD_01593,DRV_0166,2.48,20.0,44.6,14.86
DEL_01594,ORD_01594,DRV_0139,1.99,40.0,82.4,33.13
DEL_01595,ORD_01595,DRV_0411,9.62,28.0,78.5,42.8
DEL_01596,ORD_01596,DRV_0294,2.68,16.0,54.1,15.07
DEL_01597,ORD_01597,DRV_0028,7.0,30.0,81.6,29.61
DEL_01598,ORD_01598,DRV_0410,2.94,24.0,67.8,11.71
DEL_01599,ORD_01599,DRV_0359,1.62,39.0,63.1,23.74
DEL_01600,ORD_01600,DRV_0161,6.29,32.0,84.7,24.1
DEL_01601,ORD_01601,DRV_0416,8.12,18.0,63.9,25.44
DEL_01602,ORD_01602,DRV_0182,1.6,11.0,39.8,14.26
DEL_01603,ORD_01603,DRV_0409,5.88,29.0,67.8,22.34
DEL_01604,ORD_01604,DRV_0280,3.4,28.0,66.3,41.48
DEL_01605,ORD_01605,DRV_0424,12.68,20.0,80.9,29.47
DEL_01606,ORD_01606,DRV_0155,7.7,9.0,62.2,37.24
DEL_01607,ORD_01607,DRV_0302,10.41,32.0,94.7,48.85
DEL_01608,ORD_01608,DRV_0214,2.98,34.0,46.8,46.56
DEL_01609,ORD_01609,DRV_0340,10.81,33.0,97.3,44.25
DEL_01610,ORD_01610,DRV_0353,6.72,27.0,78.1,38.79
DEL_01611,ORD_01611,DRV_0069,4.63,22.0,57.7,21.38
DEL_01612,ORD_01612,DRV_0477,6.29,21.0,79.7,16.87
DEL_01613,ORD_01613,DRV_0325,1.97,40.0,71.2,21.0
DEL_01614,ORD_01614,DRV_0494,4.66,28.0,61.0,4.2
DEL_01615,ORD_01615,DRV_0295,3.38,35.0,52.6,12.77
DEL_01616,ORD_01616,DRV_0209,8.2,31.0,93.6,25.62
DEL_01617,ORD_01617,DRV_0157,0.64,14.0,33.5,56.18
DEL_01618,ORD_01618,DRV_0075,4.58,26.0,65.8,26.84
DEL_01619,ORD_01619,DRV_0342,3.09,17.0,54.0,8.74
DEL_01620,ORD_01620,DRV_0287,11.43,36.0,108.3,7.57
DEL_01621,ORD_01621,DRV_0231,3.74,32.0,68.2,12.89
DEL_01622,ORD_01622,DRV_0065,3.48,24.0,50.8,25.17
DEL_01623,ORD_01623,DRV_0271,4.62,14.0,42.8,39.95
DEL_01624,ORD_01624,DRV_0083,6.4,28.0,95.1,22.35
DEL_01625,ORD_01625,DRV_0074,1.02,10.0,29.4,17.01
DEL_01626,ORD_01626,DRV_0265,1.51,28.0,64.7,17.81
DEL_01627,ORD_01627,DRV_0269,11.46,37.0,99.4,50.39
DEL_01628,ORD_01628,DRV_0376,4.76,15.0,63.2,22.07
DEL_01629,ORD_01629,DRV_0301,16.55,34.0,125.6,24.76
DEL_01630,ORD_01630,DRV_0090,2.16,33.0,66.3,33.1
DEL_01631,ORD_01631,DRV_0390,5.91,39.0,80.9,11.83
DEL_01632,ORD_01632,DRV_0360,4.82,29.0,56.3,26.42
DEL_01633,ORD_01633,DRV_0300,9.5,27.0,72.1,25.26
DEL_01634,ORD_01634,DRV_0002,1.28,33.0,81.1,36.86
DEL_01635,ORD_01635,DRV_0413,11.51,35.0,84.8,11.51
DEL_01636,ORD_01636,DRV_0176,4.51,31.0,75.5,39.1
DEL_01637,ORD_01637,DRV_0125,3.96,28.0,56.8,23.75
DEL_01638,ORD_01638,DRV_0268,5.84,20.0,63.3,21.27
DEL_01639,ORD_01639,DRV_0215,3.83,17.0,59.6,22.82
DEL_01640,ORD_01640,DRV_0370,4.61,20.0,50.2,11.25
DEL_01641,ORD_01641,DRV_0067,8.71,27.0,85.4,26.64
DEL_01642,ORD_01642,DRV_0178,1.96,36.0,60.6,25.05
DEL_01643,ORD_01643,DRV_0267,5.71,28.0,66.1,37.72
DEL_01644,ORD_01644,DRV_0005,5.84,19.0,73.2,49.71
DEL_01645,ORD_01645,DRV_0301,11.9,22.0,84.7,18.79
DEL_01646,ORD_01646,DRV_0202,3.3,27.0,58.4,23.18
DEL_01647,ORD_01647,DRV_0117,0.5,30.0,27.3,8.21
DEL_01648,ORD_01648,DRV_0431,2.96,32.0,66.6,30.24
DEL_01649,ORD_01649,DRV_0390,2.42,21.0,49.9,11.62
DEL_01650,ORD_01650,DRV_0336,10.62,13.0,83.2,16.04
DEL_01651,ORD_01651,DRV_0479,0.5,24.0,37.4,17.1
DEL_01652,ORD_01652,DRV_0471,7.92,24.0,53.8,16.13
DEL_01653,ORD_01653,DRV_0350,5.3,19.0,69.9,25.55
DEL_01654,ORD_01654,DRV_0232,1.56,21.0,70.4,48.08
DEL_01655,ORD_01655,DRV_0084,5.51,24.0,85.5,24.86
DEL_01656,ORD_01656,DRV_0089,0.88,31.0,52.1,29.36
DEL_01657,ORD_01657,DRV_0227,6.6,24.0,78.3,27.15
DEL_01658,ORD_01658,DRV_0453,3.88,25.0,61.6,33.79
DEL_01659,ORD_01659,DRV_0447,0.58,28.0,43.2,10.57
DEL_01660,ORD_01660,DRV_0111,1.45,33.0,46.5,13.44
DEL_01661,ORD_01661,DRV_0323,6.74,40.0,64.1,22.21
DEL_01662,ORD_01662,DRV_0431,12.24,10.0,96.2,18.34
DEL_01663,ORD_01663,DRV_0418,12.46,35.0,102.1,12.32
DEL_01664,ORD_01664,DRV_0012,8.14,40.0,102.3,51.66
DEL_01665,ORD_01665,DRV_0027,1.15,15.0,38.7,6.22
DEL_01666,ORD_01666,DRV_0453,8.97,19.0,76.3,9.27
DEL_01667,ORD_01667,DRV_0105,13.42,21.0,88.7,27.88
DEL_01668,ORD_01668,DRV_0086,10.55,18.0,86.2,52.3
DEL_01669,ORD_01669,DRV_0452,5.32,24.0,63.8,18.66
DEL_01670,ORD_01670,DRV_0373,1.77,35.0,65.6,54.64
DEL_01671,ORD_01671,DRV_0156,8.69,17.0,61.0,21.46
DEL_01672,ORD_01672,DRV_0199,4.11,18.0,55.2,28.05
DEL_01673,ORD_01673,DRV_0496,4.08,33.0,62.4,19.3
DEL_01674,ORD_01674,DRV_0429,4.27,30.0,61.9,16.37
DEL_01675,ORD_01675,DRV_0482,4.31,24.0,72.0,35.86
DEL_01676,ORD_01676,DRV_0386,1.65,14.0,41.8,10.23
DEL_01677,ORD_01677,DRV_0137,3.28,13.0,35.8,24.78
DEL_01678,ORD_01678,DRV_0463,11.49,29.0,83.6,43.37
DEL_01679,ORD_01679,DRV_0031,4.22,10.0,59.3,17.23
DEL_01680,ORD_01680,DRV_0164,3.13,26.0,61.8,20.13
DEL_01681,ORD_01681,DRV_0113,2.15,18.0,46.0,8.96
DEL_01682,ORD_01682,DRV_0361,2.07,16.0,30.5,47.93
DEL_01683,ORD_01683,DRV_0271,6.76,32.0,98.8,21.18
DEL_01684,ORD_01684,DRV_0353,5.22,27.0,46.8,51.36
DEL_01685,ORD_01685,DRV_0446,4.86,26.0,65.3,23.92
DEL_01686,ORD_01686,DRV_0287,6.61,21.0,55.8,27.75
DEL_01687,ORD_01687,DRV_0411,7.95,16.0,59.3,37.19
DEL_01688,ORD_01688,DRV_0258,4.41,31.0,69.5,44.94
DEL_01689,ORD_01689,DRV_0201,7.25,30.0,75.8,22.47
DEL_01690,ORD_01690,DRV_0299,2.68,31.0,29.1,33.14
DEL_01691,ORD_01691,DRV_0371,8.69,21.0,90.7,43.06
DEL_01692,ORD_01692,DRV_0379,3.76,28.0,60.0,23.83
DEL_01693,ORD_01693,DRV_0001,12.38,29.0,90.0,31.11
DEL_01694,ORD_01694,DRV_0211,4.13,38.0,62.9,122.87
DEL_01695,ORD_01695,DRV_0265,1.81,35.0,74.9,16.8
DEL_01696,ORD_01696,DRV_0188,5.26,21.0,47.7,27.73
DEL_01697,ORD_01697,DRV_0386,3.95,15.0,64.5,56.2
DEL_01698,ORD_01698,DRV_0357,1.45,34.0,52.9,12.0
DEL_01699,ORD_01699,DRV_0241,12.75,36.0,105.3,19.16
DEL_01700,ORD_01700,DRV_0442,3.81,19.0,58.7,24.89
DEL_01701,ORD_01701,DRV_0193,1.43,18.0,48.2,24.96
DEL_01702,ORD_01702,DRV_0110,3.9,33.0,49.6,15.01
DEL_01703,ORD_01703,DRV_0396,2.73,36.0,42.8,75.06
DEL_01704,ORD_01704,DRV_0439,3.06,26.0,63.8,33.27
DEL_01705,ORD_01705,DRV_0474,5.61,37.0,61.2,26.82
DEL_01706,ORD_01706,DRV_0394,2.42,37.0,62.8,45.9
DEL_01707,ORD_01707,DRV_0499,7.9,20.0,63.7,20.47
DEL_01708,ORD_01708,DRV_0111,2.67,14.0,55.8,7.75
DEL_01709,ORD_01709,DRV_0065,2.07,16.0,52.9,27.93
DEL_01710,ORD_01710,DRV_0065,4.63,16.0,41.1,15.56
DEL_01711,ORD_01711,DRV_0317,1.11,33.0,66.4,21.87
DEL_01712,ORD_01712,DRV_0235,3.9,33.0,69.8,46.49
DEL_01713,ORD_01713,DRV_0095,3.53,17.0,34.3,42.22
DEL_01714,ORD_01714,DRV_0459,3.25,17.0,43.6,27.17
DEL_01715,ORD_01715,DRV_0197,1.68,25.0,42.2,26.48
DEL_01716,ORD_01716,DRV_0291,2.42,29.0,54.3,41.22
DEL_01717,ORD_01717,DRV_0395,7.95,19.0,89.8,34.41
DEL_01718,ORD_01718,DRV_0196,2.08,27.0,52.4,39.5
DEL_01719,ORD_01719,DRV_0038,8.91,28.0,111.0,24.05
DEL_01720,ORD_01720,DRV_0370,6.93,16.0,68.6,20.32
DEL_01721,ORD_01721,DRV_0039,3.58,26.0,73.0,25.04
DEL_01722,ORD_01722,DRV_0149,9.06,28.0,65.8,15.1
DEL_01723,ORD_01723,DRV_0376,5.78,33.0,77.9,20.55
DEL_01724,ORD_01724,DRV_0164,3.68,17.0,47.1,13.72
DEL_01725,ORD_01725,DRV_0366,2.25,35.0,60.1,22.1
DEL_01726,ORD_01726,DRV_0220,4.07,17.0,58.1,29.03
DEL_01727,ORD_01727,DRV_0456,10.91,29.0,81.5,22.3
DEL_01728,ORD_01728,DRV_0276,4.03,37.0,87.1,27.76
DEL_01729,ORD_01729,DRV_0043,12.63,24.0,111.1,20.43
DEL_01730,ORD_01730,DRV_0238,3.02,24.0,62.7,13.22
DEL_01731,ORD_01731,DRV_0405,7.52,15.0,66.3,50.25
DEL_01732,ORD_01732,DRV_0163,10.8,14.0,84.1,27.44
DEL_01733,ORD_01733,DRV_0320,3.38,13.0,50.2,10.7
DEL_01734,ORD_01734,DRV_0107,2.27,32.0,54.7,19.55
DEL_01735,ORD_01735,DRV_0288,0.5,32.0,65.4,51.31
DEL_01736,ORD_01736,DRV_0292,3.7,17.0,52.1,43.03
DEL_01737,ORD_01737,DRV_0105,6.54,40.0,88.0,30.2
DEL_01738,ORD_01738,DRV_0069,2.21,24.0,61.3,16.3
DEL_01739,ORD_01739,DRV_0109,2.86,16.0,29.8,24.41
DEL_01740,ORD_01740,DRV_0180,5.22,30.0,62.1,61.85
DEL_01741,ORD_01741,DRV_0132,7.25,31.0,56.7,23.63
DEL_01742,ORD_01742,DRV_0007,5.16,31.0,64.0,28.15
DEL_01743,ORD_01743,DRV_0482,2.11,22.0,66.5,41.18
DEL_01744,ORD_01744,DRV_0340,2.86,15.0,37.8,19.54
DEL_01745,ORD_01745,DRV_0499,2.25,29.0,51.9,22.37
DEL_01746,ORD_01746,DRV_0455,4.88,35.0,66.8,13.82
DEL_01747,ORD_01747,DRV_0500,2.64,34.0,67.6,15.52
DEL_01748,ORD_01748,DRV_0408,2.33,26.0,48.3,20.43
DEL_01749,ORD_01749,DRV_0149,2.25,22.0,54.2,23.64
DEL_01750,ORD_01750,DRV_0185,11.88,27.0,84.6,62.1
DEL_01751,ORD_01751,DRV_0457,5.08,33.0,67.8,51.51
DEL_01752,ORD_01752,DRV_0403,9.42,15.0,74.3,10.99
DEL_01753,ORD_01753,DRV_0468,8.93,25.0,68.5,24.73
DEL_01754,ORD_01754,DRV_0156,9.14,11.0,57.6,52.38
DEL_01755,ORD_01755,DRV_0416,8.05,6.0,69.6,29.53
DEL_01756,ORD_01756,DRV_0290,12.76,24.0,82.8,21.5
DEL_01757,ORD_01757,DRV_0245,4.97,33.0,56.8,33.77
DEL_01758,ORD_01758,DRV_0272,5.06,41.0,57.2,33.82
DEL_01759,ORD_01759,DRV_0038,5.19,26.0,72.9,20.2
DEL_01760,ORD_01760,DRV_0115,1.17,15.0,42.1,32.51
DEL_01761,ORD_01761,DRV_0498,2.84,31.0,74.6,31.14
DEL_01762,ORD_01762,DRV_0337,8.27,15.0,55.7,53.41
DEL_01763,ORD_01763,DRV_0459,3.74,19.0,61.1,14.17
DEL_01764,ORD_01764,DRV_0119,8.18,27.0,82.2,28.97
DEL_01765,ORD_01765,DRV_0132,4.03,12.0,51.9,20.36
DEL_01766,ORD_01766,DRV_0056,10.83,38.0,117.0,43.22
DEL_01767,ORD_01767,DRV_0424,9.63,26.0,101.4,28.1
DEL_01768,ORD_01768,DRV_0120,2.17,10.0,37.8,17.1
DEL_01769,ORD_01769,DRV_0050,1.26,18.0,36.9,39.45
DEL_01770,ORD_01770,DRV_0365,1.58,19.0,50.4,14.25
DEL_01771,ORD_01771,DRV_0373,1.23,32.0,41.9,47.65
DEL_01772,ORD_01772,DRV_0424,5.76,23.0,67.2,31.86
DEL_01773,ORD_01773,DRV_0362,5.46,22.0,68.7,22.92
DEL_01774,ORD_01774,DRV_0082,5.51,23.0,71.5,21.79
DEL_01775,ORD_01775,DRV_0370,4.92,29.0,62.5,45.68
DEL_01776,ORD_01776,DRV_0049,6.21,29.0,87.1,25.4
DEL_01777,ORD_01777,DRV_0048,2.07,12.0,29.7,29.8
DEL_01778,ORD_01778,DRV_0134,11.7,26.0,99.1,15.39
DEL_01779,ORD_01779,DRV_0238,6.47,32.0,79.2,33.13
DEL_01780,ORD_01780,DRV_0480,1.86,32.0,61.5,22.01
DEL_01781,ORD_01781,DRV_0382,2.59,17.0,40.8,11.71
DEL_01782,ORD_01782,DRV_0389,5.79,31.0,62.1,46.53
DEL_01783,ORD_01783,DRV_0335,10.2,29.0,76.8,43.18
DEL_01784,ORD_01784,DRV_0173,2.57,13.0,39.5,24.82
DEL_01785,ORD_01785,DRV_0400,2.12,14.0,60.1,40.48
DEL_01786,ORD_01786,DRV_0368,7.78,32.0,71.8,29.15
DEL_01787,ORD_01787,DRV_0145,8.05,15.0,59.1,49.21
DEL_01788,ORD_01788,DRV_0187,3.8,12.0,29.5,17.54
DEL_01789,ORD_01789,DRV_0120,2.22,30.0,73.1,22.4
DEL_01790,ORD_01790,DRV_0184,3.02,30.0,44.4,32.66
DEL_01791,ORD_01791,DRV_0357,12.81,20.0,83.7,21.52
DEL_01792,ORD_01792,DRV_0363,14.21,13.0,77.3,9.83
DEL_01793,ORD_01793,DRV_0079,7.64,29.0,65.9,19.58
DEL_01794,ORD_01794,DRV_0163,6.33,24.0,70.2,20.67
DEL_01795,ORD_01795,DRV_0008,3.85,31.0,55.7,29.49
DEL_01796,ORD_01796,DRV_0099,8.57,20.0,70.7,20.21
DEL_01797,ORD_01797,DRV_0317,2.53,25.0,63.1,19.08
DEL_01798,ORD_01798,DRV_0356,3.4,22.0,57.1,22.59
DEL_01799,ORD_01799,DRV_0027,3.12,35.0,64.6,14.29
DEL_01800,ORD_01800,DRV_0462,3.06,30.0,54.0,14.64
DEL_01801,ORD_01801,DRV_0375,1.51,38.0,61.6,23.9
DEL_01802,ORD_01802,DRV_0471,0.93,28.0,60.5,21.72
DEL_01803,ORD_01803,DRV_0276,3.88,20.0,56.9,33.82
DEL_01804,ORD_01804,DRV_0313,10.22,20.0,74.1,18.72
DEL_01805,ORD_01805,DRV_0454,8.33,30.0,66.8,17.74
DEL_01806,ORD_01806,DRV_0472,5.5,27.0,52.7,35.57
DEL_01807,ORD_01807,DRV_0279,4.26,21.0,54.6,29.48
DEL_01808,ORD_01808,DRV_0356,13.28,28.0,111.1,31.46
DEL_01809,ORD_01809,DRV_0204,5.98,32.0,85.9,11.49
DEL_01810,ORD_01810,DRV_0386,2.93,27.0,68.8,26.73
DEL_01811,ORD_01811,DRV_0411,4.38,19.0,64.2,13.25
DEL_01812,ORD_01812,DRV_0160,9.61,18.0,86.4,20.93
DEL_01813,ORD_01813,DRV_0477,0.91,21.0,38.1,20.38
DEL_01814,ORD_01814,DRV_0178,8.81,31.0,92.4,19.99
DEL_01815,ORD_01815,DRV_0192,4.29,18.0,42.9,26.07
DEL_01816,ORD_01816,DRV_0494,3.79,8.0,48.6,16.16
DEL_01817,ORD_01817,DRV_0040,2.53,24.0,52.3,38.22
DEL_01818,ORD_01818,DRV_0360,5.4,14.0,59.9,25.63
DEL_01819,ORD_01819,DRV_0236,5.68,19.0,62.6,29.41
DEL_01820,ORD_01820,DRV_0033,4.5,20.0,63.2,20.91
DEL_01821,ORD_01821,DRV_0029,2.69,23.0,44.8,25.38
DEL_01822,ORD_01822,DRV_0033,6.36,36.0,79.6,19.9
DEL_01823,ORD_01823,DRV_0100,10.46,17.0,92.3,20.6
DEL_01824,ORD_01824,DRV_0145,10.12,23.0,101.4,28.4
DEL_01825,ORD_01825,DRV_0330,2.9,33.0,65.9,53.71
DEL_01826,ORD_01826,DRV_0065,2.76,23.0,56.8,75.1
DEL_01827,ORD_01827,DRV_0122,4.76,31.0,65.0,22.01
DEL_01828,ORD_01828,DRV_0043,1.73,31.0,48.1,50.59
DEL_01829,ORD_01829,DRV_0447,5.92,20.0,52.9,17.0
DEL_01830,ORD_01830,DRV_0373,2.87,25.0,53.8,16.13
DEL_01831,ORD_01831,DRV_0209,2.55,31.0,43.0,27.94
DEL_01832,ORD_01832,DRV_0490,8.45,39.0,73.6,49.8
DEL_01833,ORD_01833,DRV_0476,1.88,14.0,28.0,42.7
DEL_01834,ORD_01834,DRV_0230,6.51,29.0,93.3,15.69
DEL_01835,ORD_01835,DRV_0127,0.89,32.0,50.2,34.74
DEL_01836,ORD_01836,DRV_0356,11.31,23.0,110.1,40.04
DEL_01837,ORD_01837,DRV_0186,4.43,23.0,64.0,46.32
DEL_01838,ORD_01838,DRV_0237,1.38,21.0,41.4,5.14
DEL_01839,ORD_01839,DRV_0091,4.3,33.0,66.2,23.83
DEL_01840,ORD_01840,DRV_0043,12.33,18.0,91.1,2.6
DEL_01841,ORD_01841,DRV_0421,1.72,9.0,39.8,45.19
DEL_01842,ORD_01842,DRV_0046,6.56,16.0,69.0,18.81
DEL_01843,ORD_01843,DRV_0025,5.15,18.0,65.1,41.98
DEL_01844,ORD_01844,DRV_0354,2.83,19.0,47.4,14.7
DEL_01845,ORD_01845,DRV_0195,4.48,30.0,82.8,39.04
DEL_01846,ORD_01846,DRV_0349,4.47,27.0,51.0,9.04
DEL_01847,ORD_01847,DRV_0099,0.78,9.0,45.2,43.57
DEL_01848,ORD_01848,DRV_0491,2.3,34.0,58.8,29.23
DEL_01849,ORD_01849,DRV_0256,3.16,18.0,57.3,65.66
DEL_01850,ORD_01850,DRV_0361,10.03,32.0,79.5,30.35
DEL_01851,ORD_01851,DRV_0435,14.79,28.0,87.9,32.42
DEL_01852,ORD_01852,DRV_0330,1.38,18.0,37.8,12.4
DEL_01853,ORD_01853,DRV_0373,7.15,28.0,66.9,14.12
DEL_01854,ORD_01854,DRV_0294,1.26,10.0,35.6,5.97
DEL_01855,ORD_01855,DRV_0246,12.94,15.0,85.2,26.26
DEL_01856,ORD_01856,DRV_0166,5.57,17.0,38.5,27.66
DEL_01857,ORD_01857,DRV_0257,3.75,27.0,61.6,5.79
DEL_01858,ORD_01858,DRV_0310,3.14,33.0,55.5,21.34
DEL_01859,ORD_01859,DRV_0449,4.23,36.0,71.4,29.85
DEL_01860,ORD_01860,DRV_0352,2.53,29.0,48.9,22.01
DEL_01861,ORD_01861,DRV_0278,3.44,21.0,45.1,34.25
DEL_01862,ORD_01862,DRV_0189,1.73,10.0,29.8,27.1
DEL_01863,ORD_01863,DRV_0186,6.06,22.0,66.1,22.55
DEL_01864,ORD_01864,DRV_0182,3.21,31.0,72.0,13.83
DEL_01865,ORD_01865,DRV_0275,4.67,25.0,68.6,24.9
DEL_01866,ORD_01866,DRV_0227,9.23,22.0,81.2,24.58
DEL_01867,ORD_01867,DRV_0454,6.55,18.0,66.8,63.05
DEL_01868,ORD_01868,DRV_0034,2.22,35.0,61.8,49.36
DEL_01869,ORD_01869,DRV_0207,6.18,14.0,62.8,25.75
DEL_01870,ORD_01870,DRV_0044,4.87,24.0,54.9,14.21
DEL_01871,ORD_01871,DRV_0373,0.75,25.0,58.0,30.27
DEL_01872,ORD_01872,DRV_0490,6.26,21.0,64.2,19.29
DEL_01873,ORD_01873,DRV_0499,4.42,28.0,70.1,29.8
DEL_01874,ORD_01874,DRV_0245,3.01,15.0,53.8,26.19
DEL_01875,ORD_01875,DRV_0254,6.7,17.0,65.6,25.84
DEL_01876,ORD_01876,DRV_0109,2.46,31.0,54.3,21.96
DEL_01877,ORD_01877,DRV_0323,6.31,20.0,44.8,22.06
DEL_01878,ORD_01878,DRV_0114,9.48,20.0,84.3,32.86
DEL_01879,ORD_01879,DRV_0436,1.91,19.0,39.6,19.06
DEL_01880,ORD_01880,DRV_0485,6.09,35.0,93.1,23.45
DEL_01881,ORD_01881,DRV_0278,0.5,45.0,58.0,27.85
DEL_01882,ORD_01882,DRV_0237,3.91,15.0,47.7,18.73
DEL_01883,ORD_01883,DRV_0029,4.99,34.0,59.7,12.69
DEL_01884,ORD_01884,DRV_0398,2.92,15.0,48.4,45.8
DEL_01885,ORD_01885,DRV_0222,4.15,20.0,44.9,27.45
DEL_01886,ORD_01886,DRV_0318,2.97,24.0,52.4,13.69
DEL_01887,ORD_01887,DRV_0271,1.99,12.0,42.2,29.78
DEL_01888,ORD_01888,DRV_0242,7.31,16.0,74.1,22.32
DEL_01889,ORD_01889,DRV_0477,1.3,12.0,20.0,30.12
DEL_01890,ORD_01890,DRV_0398,5.57,33.0,81.8,28.57
DEL_01891,ORD_01891,DRV_0371,3.29,22.0,44.7,28.04
DEL_01892,ORD_01892,DRV_0451,4.15,32.0,50.1,21.2
DEL_01893,ORD_01893,DRV_0406,5.38,43.0,88.4,19.67
DEL_01894,ORD_01894,DRV_0097,8.59,24.0,77.1,19.62
DEL_01895,ORD_01895,DRV_0343,2.94,26.0,52.3,22.38
DEL_01896,ORD_01896,DRV_0381,1.75,22.0,57.9,10.14
DEL_01897,ORD_01897,DRV_0376,4.33,20.0,61.8,7.87
DEL_01898,ORD_01898,DRV_0263,4.36,29.0,75.9,46.39
DEL_01899,ORD_01899,DRV_0340,10.89,40.0,107.3,23.01
DEL_01900,ORD_01900,DRV_0007,1.82,17.0,36.8,32.04
DEL_01901,ORD_01901,DRV_0273,6.53,24.0,49.5,20.68
DEL_01902,ORD_01902,DRV_0288,5.11,37.0,74.8,18.39
DEL_01903,ORD_01903,DRV_0381,8.18,25.0,68.8,32.69
DEL_01904,ORD_01904,DRV_0335,1.76,13.0,47.7,27.63
DEL_01905,ORD_01905,DRV_0205,4.05,20.0,43.2,36.08
DEL_01906,ORD_01906,DRV_0184,9.05,33.0,86.1,23.61
DEL_01907,ORD_01907,DRV_0318,0.65,28.0,43.4,15.07
DEL_01908,ORD_01908,DRV_0058,1.51,27.0,59.0,33.62
DEL_01909,ORD_01909,DRV_0111,6.29,21.0,96.7,30.37
DEL_01910,ORD_01910,DRV_0186,1.37,37.0,66.6,39.76
DEL_01911,ORD_01911,DRV_0131,4.26,21.0,59.5,27.39
DEL_01912,ORD_01912,DRV_0089,2.19,28.0,50.8,16.05
DEL_01913,ORD_01913,DRV_0497,5.0,16.0,47.7,27.78
DEL_01914,ORD_01914,DRV_0480,12.3,30.0,106.9,28.4
DEL_01915,ORD_01915,DRV_0336,2.59,10.0,48.6,75.71
DEL_01916,ORD_01916,DRV_0118,2.34,43.0,56.0,19.65
DEL_01917,ORD_01917,DRV_0257,8.66,41.0,95.3,19.87
DEL_01918,ORD_01918,DRV_0110,1.87,31.0,61.9,25.41
DEL_01919,ORD_01919,DRV_0067,1.41,19.0,42.2,11.01
DEL_01920,ORD_01920,DRV_0148,2.12,29.0,41.8,30.02
DEL_01921,ORD_01921,DRV_0220,5.84,20.0,66.4,53.77
DEL_01922,ORD_01922,DRV_0214,2.22,16.0,57.5,19.34
DEL_01923,ORD_01923,DRV_0484,5.19,33.0,73.8,10.92
DEL_01924,ORD_01924,DRV_0062,6.36,13.0,49.9,50.89
DEL_01925,ORD_01925,DRV_0056,3.36,35.0,60.0,24.53
DEL_01926,ORD_01926,DRV_0489,3.22,28.0,58.3,14.76
DEL_01927,ORD_01927,DRV_0437,4.06,28.0,55.3,26.49
DEL_01928,ORD_01928,DRV_0449,12.68,16.0,94.9,18.18
DEL_01929,ORD_01929,DRV_0312,2.92,30.0,61.5,50.69
DEL_01930,ORD_01930,DRV_0334,4.22,36.0,67.1,22.74
DEL_01931,ORD_01931,DRV_0429,10.81,33.0,74.1,27.21
DEL_01932,ORD_01932,DRV_0335,11.36,24.0,93.9,23.14
DEL_01933,ORD_01933,DRV_0096,2.73,25.0,46.7,42.33
DEL_01934,ORD_01934,DRV_0146,1.85,20.0,33.4,47.99
DEL_01935,ORD_01935,DRV_0048,7.4,36.0,80.3,22.66
DEL_01936,ORD_01936,DRV_0294,3.97,26.0,51.8,43.26
DEL_01937,ORD_01937,DRV_0278,10.61,33.0,113.8,20.69
DEL_01938,ORD_01938,DRV_0464,1.2,24.0,58.7,29.29
DEL_01939,ORD_01939,DRV_0203,1.85,34.0,42.3,13.65
DEL_01940,ORD_01940,DRV_0199,4.28,24.0,67.7,39.75
DEL_01941,ORD_01941,DRV_0329,4.61,24.0,68.9,22.69
DEL_01942,ORD_01942,DRV_0385,2.43,24.0,45.0,17.01
DEL_01943,ORD_01943,DRV_0426,4.81,28.0,86.5,31.68
DEL_01944,ORD_01944,DRV_0381,7.74,27.0,62.2,33.45
DEL_01945,ORD_01945,DRV_0124,4.44,27.0,68.4,45.51
DEL_01946,ORD_01946,DRV_0200,7.64,25.0,69.6,39.5
DEL_01947,ORD_01947,DRV_0075,3.32,23.0,66.2,76.35
DEL_01948,ORD_01948,DRV_0453,8.33,40.0,85.2,32.59
DEL_01949,ORD_01949,DRV_0157,5.71,30.0,64.0,19.19
DEL_01950,ORD_01950,DRV_0134,2.08,30.0,73.5,23.76
DEL_01951,ORD_01951,DRV_0312,5.63,17.0,40.4,21.03
DEL_01952,ORD_01952,DRV_0120,4.24,10.0,46.6,21.65
DEL_01953,ORD_01953,DRV_0012,4.79,11.0,41.0,30.7
DEL_01954,ORD_01954,DRV_0235,4.22,19.0,58.9,9.43
DEL_01955,ORD_01955,DRV_0295,2.78,12.0,42.4,14.9
DEL_01956,ORD_01956,DRV_0455,12.57,28.0,105.8,14.39
DEL_01957,ORD_01957,DRV_0108,5.18,36.0,78.9,19.36
DEL_01958,ORD_01958,DRV_0396,4.43,28.0,63.1,20.0
DEL_01959,ORD_01959,DRV_0033,1.63,38.0,65.2,55.44
DEL_01960,ORD_01960,DRV_0120,6.09,39.0,77.6,34.67
DEL_01961,ORD_01961,DRV_0256,0.93,19.0,43.9,55.28
DEL_01962,ORD_01962,DRV_0083,6.57,17.0,58.8,22.9
DEL_01963,ORD_01963,DRV_0181,1.84,18.0,46.0,38.84
DEL_01964,ORD_01964,DRV_0228,1.9,36.0,57.6,17.4
DEL_01965,ORD_01965,DRV_0275,1.4,27.0,42.2,17.01
DEL_01966,ORD_01966,DRV_0186,14.73,20.0,90.5,19.82
DEL_01967,ORD_01967,DRV_0341,9.42,25.0,82.6,50.66
DEL_01968,ORD_01968,DRV_0211,2.83,25.0,64.1,15.91
DEL_01969,ORD_01969,DRV_0249,4.66,36.0,64.9,47.23
DEL_01970,ORD_01970,DRV_0384,5.93,26.0,55.1,34.38
DEL_01971,ORD_01971,DRV_0043,1.99,36.0,69.4,31.05
DEL_01972,ORD_01972,DRV_0073,0.5,32.0,51.0,16.3
DEL_01973,ORD_01973,DRV_0429,2.83,18.0,50.0,26.38
DEL_01974,ORD_01974,DRV_0342,1.61,12.0,33.2,55.44
DEL_01975,ORD_01975,DRV_0019,2.72,27.0,48.2,19.59
DEL_01976,ORD_01976,DRV_0165,4.63,17.0,53.8,31.44
DEL_01977,ORD_01977,DRV_0267,0.92,25.0,60.7,14.93
DEL_01978,ORD_01978,DRV_0440,3.66,39.0,69.5,27.12
DEL_01979,ORD_01979,DRV_0128,3.86,19.0,54.5,9.72
DEL_01980,ORD_01980,DRV_0409,5.53,15.0,65.2,15.94
DEL_01981,ORD_01981,DRV_0355,4.51,9.0,57.7,32.19
DEL_01982,ORD_01982,DRV_0453,4.89,31.0,60.1,43.35
DEL_01983,ORD_01983,DRV_0301,4.09,41.0,56.8,26.47
DEL_01984,ORD_01984,DRV_0318,5.99,28.0,76.4,27.35
DEL_01985,ORD_01985,DRV_0351,5.42,30.0,83.9,21.8
DEL_01986,ORD_01986,DRV_0142,1.4,35.0,51.0,49.92
DEL_01987,ORD_01987,DRV_0461,7.48,20.0,54.5,29.96
DEL_01988,ORD_01988,DRV_0034,3.59,34.0,70.2,7.26
DEL_01989,ORD_01989,DRV_0098,7.94,23.0,70.6,16.37
DEL_01990,ORD_01990,DRV_0210,4.77,27.0,61.1,26.81
DEL_01991,ORD_01991,DRV_0316,8.04,29.0,69.2,18.4
DEL_01992,ORD_01992,DRV_0320,6.98,23.0,64.1,10.94
DEL_01993,ORD_01993,DRV_0198,2.13,34.0,47.0,3.62
DEL_01994,ORD_01994,DRV_0435,2.42,38.0,59.7,19.09
DEL_01995,ORD_01995,DRV_0256,8.79,11.0,87.7,33.95
DEL_01996,ORD_01996,DRV_0042,6.37,32.0,56.0,24.58
DEL_01997,ORD_01997,DRV_0405,9.11,22.0,80.6,25.91
DEL_01998,ORD_01998,DRV_0104,1.91,40.0,61.9,8.53
DEL_01999,ORD_01999,DRV_0389,3.01,36.0,75.8,47.93
DEL_02000,ORD_02000,DRV_0322,3.61,17.0,83.5,76.44
DEL_02001,ORD_02001,DRV_0454,5.59,35.0,62.3,22.36
DEL_02002,ORD_02002,DRV_0370,2.58,25.0,40.5,20.45
DEL_02003,ORD_02003,DRV_0189,7.41,37.0,97.3,39.83
DEL_02004,ORD_02004,DRV_0392,5.0,34.0,67.9,31.48
DEL_02005,ORD_02005,DRV_0322,5.0,21.0,53.1,36.07
DEL_02006,ORD_02006,DRV_0343,5.09,11.0,69.4,27.83
DEL_02007,ORD_02007,DRV_0062,3.59,27.0,47.4,11.86
DEL_02008,ORD_02008,DRV_0404,5.27,31.0,60.7,25.08
DEL_02009,ORD_02009,DRV_0388,6.17,11.0,50.8,27.19
DEL_02010,ORD_02010,DRV_0143,3.13,33.0,52.2,76.37
DEL_02011,ORD_02011,DRV_0222,2.58,36.0,59.5,17.35
DEL_02012,ORD_02012,DRV_0440,3.9,38.0,75.4,20.26
DEL_02013,ORD_02013,DRV_0020,3.93,30.0,78.4,26.3
DEL_02014,ORD_02014,DRV_0280,6.87,29.0,66.9,37.41
DEL_02015,ORD_02015,DRV_0265,3.24,19.0,50.8,20.97
DEL_02016,ORD_02016,DRV_0248,7.25,28.0,81.2,29.45
DEL_02017,ORD_02017,DRV_0116,8.2,17.0,66.9,21.19
DEL_02018,ORD_02018,DRV_0405,4.08,37.0,49.5,19.61
DEL_02019,ORD_02019,DRV_0486,4.92,21.0,61.2,15.61
DEL_02020,ORD_02020,DRV_0255,7.17,23.0,70.8,19.7
DEL_02021,ORD_02021,DRV_0297,8.96,33.0,101.5,35.3
DEL_02022,ORD_02022,DRV_0013,4.58,28.0,54.8,21.85
DEL_02023,ORD_02023,DRV_0389,2.68,33.0,49.6,27.06
DEL_02024,ORD_02024,DRV_0448,7.09,17.0,64.2,24.03
DEL_02025,ORD_02025,DRV_0046,4.13,34.0,58.8,22.28
DEL_02026,ORD_02026,DRV_0334,2.42,19.0,36.2,18.94
DEL_02027,ORD_02027,DRV_0242,8.99,28.0,75.5,14.65
DEL_02028,ORD_02028,DRV_0071,5.09,26.0,71.1,20.94
DEL_02029,ORD_02029,DRV_0454,9.55,38.0,103.3,110.02
DEL_02030,ORD_02030,DRV_0059,6.73,31.0,55.4,16.65
DEL_02031,ORD_02031,DRV_0204,4.21,18.0,47.5,30.92
DEL_02032,ORD_02032,DRV_0494,7.71,8.0,48.0,20.88
DEL_02033,ORD_02033,DRV_0051,7.11,18.0,66.3,16.35
DEL_02034,ORD_02034,DRV_0016,2.21,16.0,52.1,20.05
DEL_02035,ORD_02035,DRV_0051,6.64,40.0,68.6,24.87
DEL_02036,ORD_02036,DRV_0224,11.93,16.0,74.0,25.94
DEL_02037,ORD_02037,DRV_0128,4.27,17.0,65.1,21.78
DEL_02038,ORD_02038,DRV_0170,7.09,25.0,79.2,40.58
DEL_02039,ORD_02039,DRV_0267,13.51,33.0,97.4,20.86
DEL_02040,ORD_02040,DRV_0068,3.67,35.0,73.3,48.91
DEL_02041,ORD_02041,DRV_0121,5.35,27.0,65.1,43.71
DEL_02042,ORD_02042,DRV_0477,5.15,21.0,59.1,10.75
DEL_02043,ORD_02043,DRV_0180,4.73,24.0,59.1,36.08
DEL_02044,ORD_02044,DRV_0226,13.39,41.0,122.3,38.36
DEL_02045,ORD_02045,DRV_0457,1.54,24.0,37.0,27.51
DEL_02046,ORD_02046,DRV_0394,4.34,27.0,53.6,21.2
DEL_02047,ORD_02047,DRV_0328,4.06,19.0,61.2,46.96
DEL_02048,ORD_02048,DRV_0191,4.12,36.0,66.9,14.84
DEL_02049,ORD_02049,DRV_0420,2.25,31.0,60.4,33.13
DEL_02050,ORD_02050,DRV_0480,8.38,28.0,91.4,31.82
DEL_02051,ORD_02051,DRV_0301,6.64,30.0,77.1,21.09
DEL_02052,ORD_02052,DRV_0251,2.81,22.0,45.8,35.5
DEL_02053,ORD_02053,DRV_0006,3.26,22.0,58.1,24.19
DEL_02054,ORD_02054,DRV_0262,2.04,11.0,55.3,38.19
DEL_02055,ORD_02055,DRV_0091,3.52,25.0,51.5,24.49
DEL_02056,ORD_02056,DRV_0194,5.32,29.0,57.9,21.08
DEL_02057,ORD_02057,DRV_0329,1.69,33.0,47.3,30.55
DEL_02058,ORD_02058,DRV_0064,3.78,18.0,71.0,25.35
DEL_02059,ORD_02059,DRV_0294,12.59,37.0,136.3,26.11
DEL_02060,ORD_02060,DRV_0453,1.23,28.0,62.3,19.7
DEL_02061,ORD_02061,DRV_0226,3.0,24.0,59.0,9.67
DEL_02062,ORD_02062,DRV_0445,5.51,24.0,53.2,59.87
DEL_02063,ORD_02063,DRV_0334,3.66,35.0,59.6,22.1
DEL_02064,ORD_02064,DRV_0458,1.62,17.0,39.5,40.26
DEL_02065,ORD_02065,DRV_0063,5.32,12.0,51.2,19.22
DEL_02066,ORD_02066,DRV_0367,4.12,29.0,77.6,28.15
DEL_02067,ORD_02067,DRV_0497,2.98,24.0,55.6,28.47
DEL_02068,ORD_02068,DRV_0071,3.56,31.0,45.3,31.5
DEL_02069,ORD_02069,DRV_0020,3.6,31.0,54.2,42.68
DEL_02070,ORD_02070,DRV_0459,2.44,31.0,85.9,42.36
DEL_02071,ORD_02071,DRV_0333,8.66,7.0,56.1,22.62
DEL_02072,ORD_02072,DRV_0245,9.33,27.0,92.8,23.59
DEL_02073,ORD_02073,DRV_0064,0.6,12.0,35.1,44.06
DEL_02074,ORD_02074,DRV_0465,4.36,33.0,52.9,21.84
DEL_02075,ORD_02075,DRV_0293,10.34,38.0,95.4,20.32
DEL_02076,ORD_02076,DRV_0364,3.36,36.0,69.5,39.79
DEL_02077,ORD_02077,DRV_0420,7.77,23.0,78.0,17.75
DEL_02078,ORD_02078,DRV_0225,6.85,41.0,81.9,8.75
DEL_02079,ORD_02079,DRV_0266,2.39,37.0,68.4,34.08
DEL_02080,ORD_02080,DRV_0162,4.17,15.0,64.4,19.22
DEL_02081,ORD_02081,DRV_0045,4.48,12.0,56.2,18.82
DEL_02082,ORD_02082,DRV_0319,3.06,18.0,39.6,25.79
DEL_02083,ORD_02083,DRV_0269,5.96,31.0,91.1,18.59
DEL_02084,ORD_02084,DRV_0025,6.91,21.0,51.4,10.96
DEL_02085,ORD_02085,DRV_0383,4.86,21.0,36.8,43.55
DEL_02086,ORD_02086,DRV_0300,7.32,34.0,78.3,36.04
DEL_02087,ORD_02087,DRV_0225,4.95,24.0,76.0,43.21
DEL_02088,ORD_02088,DRV_0074,4.44,31.0,57.1,22.41
DEL_02089,ORD_02089,DRV_0116,1.05,15.0,41.4,12.48
DEL_02090,ORD_02090,DRV_0152,1.74,33.0,44.0,32.85
DEL_02091,ORD_02091,DRV_0069,11.44,26.0,85.5,19.28
DEL_02092,ORD_02092,DRV_0202,6.35,28.0,64.7,32.99
DEL_02093,ORD_02093,DRV_0487,10.17,29.0,78.4,11.64
DEL_02094,ORD_02094,DRV_0303,3.99,15.0,44.8,44.14
DEL_02095,ORD_02095,DRV_0091,15.92,16.0,86.3,17.19
DEL_02096,ORD_02096,DRV_0050,4.28,17.0,69.2,21.55
DEL_02097,ORD_02097,DRV_0372,4.01,23.0,63.9,24.2
DEL_02098,ORD_02098,DRV_0420,1.2,25.0,51.1,27.6
DEL_02099,ORD_02099,DRV_0289,7.4,32.0,82.0,25.03
DEL_02100,ORD_02100,DRV_0092,10.06,15.0,68.4,20.57
DEL_02101,ORD_02101,DRV_0360,13.06,29.0,102.4,23.79
DEL_02102,ORD_02102,DRV_0235,4.6,21.0,50.0,32.55
DEL_02103,ORD_02103,DRV_0387,2.74,12.0,45.0,26.28
DEL_02104,ORD_02104,DRV_0415,4.18,29.0,60.3,25.69
DEL_02105,ORD_02105,DRV_0316,6.26,18.0,71.8,16.84
DEL_02106,ORD_02106,DRV_0029,3.69,9.0,27.2,19.72
DEL_02107,ORD_02107,DRV_0172,4.06,40.0,96.2,29.28
DEL_02108,ORD_02108,DRV_0173,4.46,24.0,55.5,29.3
DEL_02109,ORD_02109,DRV_0372,4.65,23.0,72.0,29.42
DEL_02110,ORD_02110,DRV_0498,1.81,38.0,68.4,14.04
DEL_02111,ORD_02111,DRV_0236,5.3,31.0,82.7,22.03
DEL_02112,ORD_02112,DRV_0042,2.55,35.0,70.2,40.11
DEL_02113,ORD_02113,DRV_0149,4.93,12.0,39.7,50.37
DEL_02114,ORD_02114,DRV_0288,1.35,25.0,38.1,37.84
DEL_02115,ORD_02115,DRV_0412,8.94,19.0,72.8,43.85
DEL_02116,ORD_02116,DRV_0213,4.53,16.0,62.6,32.57
DEL_02117,ORD_02117,DRV_0175,3.94,31.0,81.5,18.81
DEL_02118,ORD_02118,DRV_0099,8.31,18.0,61.8,27.9
DEL_02119,ORD_02119,DRV_0478,6.26,39.0,82.7,43.4
DEL_02120,ORD_02120,DRV_0120,3.67,20.0,68.7,47.3
DEL_02121,ORD_02121,DRV_0303,9.56,21.0,90.1,20.97
DEL_02122,ORD_02122,DRV_0017,4.54,20.0,63.6,24.23
DEL_02123,ORD_02123,DRV_0029,4.33,32.0,88.9,43.62
DEL_02124,ORD_02124,DRV_0048,5.01,18.0,69.3,22.83
DEL_02125,ORD_02125,DRV_0386,13.68,34.0,99.7,46.44
DEL_02126,ORD_02126,DRV_0289,1.24,36.0,63.8,21.2
DEL_02127,ORD_02127,DRV_0128,14.37,20.0,101.3,32.8
DEL_02128,ORD_02128,DRV_0447,8.14,23.0,77.4,10.41
DEL_02129,ORD_02129,DRV_0068,3.75,35.0,65.7,31.01
DEL_02130,ORD_02130,DRV_0497,3.35,39.0,64.1,30.89
DEL_02131,ORD_02131,DRV_0039,5.45,19.0,60.0,53.59
DEL_02132,ORD_02132,DRV_0473,6.13,24.0,59.7,26.31
DEL_02133,ORD_02133,DRV_0133,9.16,32.0,104.3,86.77
DEL_02134,ORD_02134,DRV_0119,4.35,24.0,58.2,18.48
DEL_02135,ORD_02135,DRV_0324,4.35,32.0,77.6,39.98
DEL_02136,ORD_02136,DRV_0052,0.73,32.0,67.1,16.21
DEL_02137,ORD_02137,DRV_0436,3.2,23.0,69.4,15.44
DEL_02138,ORD_02138,DRV_0413,11.54,22.0,95.0,25.1
DEL_02139,ORD_02139,DRV_0421,6.42,27.0,72.9,21.32
DEL_02140,ORD_02140,DRV_0136,6.34,19.0,63.5,12.5
DEL_02141,ORD_02141,DRV_0404,3.43,17.0,40.7,12.65
DEL_02142,ORD_02142,DRV_0247,3.14,16.0,41.0,51.91
DEL_02143,ORD_02143,DRV_0169,6.45,8.0,65.2,14.05
DEL_02144,ORD_02144,DRV_0070,5.58,35.0,64.8,18.48
DEL_02145,ORD_02145,DRV_0036,6.47,30.0,64.8,11.98
DEL_02146,ORD_02146,DRV_0288,4.93,17.0,72.5,39.1
DEL_02147,ORD_02147,DRV_0005,5.58,23.0,48.5,20.34
DEL_02148,ORD_02148,DRV_0360,1.75,33.0,44.6,20.58
DEL_02149,ORD_02149,DRV_0148,12.46,33.0,101.9,25.88
DEL_02150,ORD_02150,DRV_0237,3.53,36.0,54.0,12.2
DEL_02151,ORD_02151,DRV_0068,5.05,15.0,60.7,32.27
DEL_02152,ORD_02152,DRV_0231,0.79,20.0,31.8,18.23
DEL_02153,ORD_02153,DRV_0150,3.1,32.0,61.4,23.48
DEL_02154,ORD_02154,DRV_0481,4.81,34.0,72.8,24.54
DEL_02155,ORD_02155,DRV_0415,6.24,39.0,88.1,2.35
DEL_02156,ORD_02156,DRV_0425,1.02,31.0,45.4,33.29
DEL_02157,ORD_02157,DRV_0221,4.81,35.0,77.4,28.68
DEL_02158,ORD_02158,DRV_0261,9.19,22.0,77.5,15.2
DEL_02159,ORD_02159,DRV_0266,5.85,15.0,63.6,32.09
DEL_02160,ORD_02160,DRV_0459,9.72,21.0,70.3,43.25
DEL_02161,ORD_02161,DRV_0114,6.24,27.0,66.3,17.35
DEL_02162,ORD_02162,DRV_0165,3.35,20.0,52.0,53.5
DEL_02163,ORD_02163,DRV_0056,4.13,14.0,35.3,26.01
DEL_02164,ORD_02164,DRV_0342,5.14,14.0,65.7,24.24
DEL_02165,ORD_02165,DRV_0408,6.63,26.0,52.7,21.24
DEL_02166,ORD_02166,DRV_0469,6.9,26.0,76.3,12.9
DEL_02167,ORD_02167,DRV_0356,3.64,26.0,67.4,34.78
DEL_02168,ORD_02168,DRV_0250,3.59,23.0,66.4,20.42
DEL_02169,ORD_02169,DRV_0243,3.21,21.0,58.0,33.22
DEL_02170,ORD_02170,DRV_0400,1.52,37.0,55.4,35.73
DEL_02171,ORD_02171,DRV_0002,7.9,21.0,71.0,19.29
DEL_02172,ORD_02172,DRV_0143,3.68,16.0,34.3,41.97
DEL_02173,ORD_02173,DRV_0169,2.13,31.0,61.5,34.22
DEL_02174,ORD_02174,DRV_0063,6.19,16.0,58.2,16.82
DEL_02175,ORD_02175,DRV_0433,6.58,32.0,83.6,13.01
DEL_02176,ORD_02176,DRV_0154,1.83,24.0,56.2,25.51
DEL_02177,ORD_02177,DRV_0350,9.06,23.0,72.7,19.35
DEL_02178,ORD_02178,DRV_0255,8.33,19.0,55.2,26.72
DEL_02179,ORD_02179,DRV_0066,5.03,28.0,68.9,33.34
DEL_02180,ORD_02180,DRV_0374,4.9,29.0,76.0,21.74
DEL_02181,ORD_02181,DRV_0285,7.85,26.0,70.0,15.56
DEL_02182,ORD_02182,DRV_0454,3.48,18.0,52.8,41.45
DEL_02183,ORD_02183,DRV_0188,9.11,18.0,84.9,24.86
DEL_02184,ORD_02184,DRV_0193,1.06,20.0,33.0,52.33
DEL_02185,ORD_02185,DRV_0296,5.35,33.0,69.6,21.98
DEL_02186,ORD_02186,DRV_0011,4.42,34.0,68.9,21.77
DEL_02187,ORD_02187,DRV_0180,1.74,21.0,44.9,38.77
DEL_02188,ORD_02188,DRV_0382,8.0,16.0,60.6,18.59
DEL_02189,ORD_02189,DRV_0343,3.16,8.0,47.5,16.77
DEL_02190,ORD_02190,DRV_0090,7.37,24.0,60.7,51.26
DEL_02191,ORD_02191,DRV_0223,6.43,28.0,63.6,25.14
DEL_02192,ORD_02192,DRV_0335,2.59,13.0,43.6,26.38
DEL_02193,ORD_02193,DRV_0457,1.09,35.0,63.5,26.11
DEL_02194,ORD_02194,DRV_0448,5.81,23.0,60.4,54.99
DEL_02195,ORD_02195,DRV_0226,6.57,16.0,46.8,16.86
DEL_02196,ORD_02196,DRV_0103,5.42,19.0,71.2,26.24
DEL_02197,ORD_02197,DRV_0337,2.6,38.0,72.9,60.94
DEL_02198,ORD_02198,DRV_0355,13.55,17.0,89.4,24.21
DEL_02199,ORD_02199,DRV_0356,4.45,22.0,64.2,40.19
DEL_02200,ORD_02200,DRV_0387,1.23,24.0,66.6,52.89
DEL_02201,ORD_02201,DRV_0232,8.09,23.0,78.5,9.56
DEL_02202,ORD_02202,DRV_0267,2.82,39.0,74.9,23.7
DEL_02203,ORD_02203,DRV_0284,6.76,37.0,65.6,18.51
DEL_02204,ORD_02204,DRV_0190,2.49,27.0,55.3,31.79
DEL_02205,ORD_02205,DRV_0048,4.55,21.0,61.9,18.48
DEL_02206,ORD_02206,DRV_0284,1.99,8.0,45.9,15.42
DEL_02207,ORD_02207,DRV_0302,4.3,21.0,81.6,26.53
DEL_02208,ORD_02208,DRV_0448,2.68,34.0,62.8,36.68
DEL_02209,ORD_02209,DRV_0055,3.85,17.0,48.8,28.9
DEL_02210,ORD_02210,DRV_0339,3.19,24.0,60.2,53.59
DEL_02211,ORD_02211,DRV_0119,8.26,23.0,88.5,35.16
DEL_02212,ORD_02212,DRV_0002,10.05,11.0,77.3,16.64
DEL_02213,ORD_02213,DRV_0224,3.09,41.0,50.3,24.23
DEL_02214,ORD_02214,DRV_0236,8.77,16.0,65.1,20.39
DEL_02215,ORD_02215,DRV_0203,13.15,21.0,92.8,26.9
DEL_02216,ORD_02216,DRV_0144,1.86,10.0,42.8,23.08
DEL_02217,ORD_02217,DRV_0011,4.1,23.0,50.4,42.25
DEL_02218,ORD_02218,DRV_0259,3.45,34.0,60.3,21.49
DEL_02219,ORD_02219,DRV_0439,12.82,14.0,72.9,19.89
DEL_02220,ORD_02220,DRV_0298,5.29,35.0,62.9,25.46
DEL_02221,ORD_02221,DRV_0157,13.13,16.0,87.0,3.75
DEL_02222,ORD_02222,DRV_0197,7.19,20.0,92.5,48.26
DEL_02223,ORD_02223,DRV_0092,7.73,23.0,64.0,22.24
DEL_02224,ORD_02224,DRV_0415,4.47,26.0,59.9,8.4
DEL_02225,ORD_02225,DRV_0333,6.23,20.0,59.8,38.16
DEL_02226,ORD_02226,DRV_0153,5.9,36.0,65.5,10.1
DEL_02227,ORD_02227,DRV_0376,6.33,17.0,48.9,41.88
DEL_02228,ORD_02228,DRV_0134,0.97,26.0,48.8,25.91
DEL_02229,ORD_02229,DRV_0444,11.42,21.0,85.8,13.26
DEL_02230,ORD_02230,DRV_0116,6.46,35.0,83.5,22.68
DEL_02231,ORD_02231,DRV_0067,4.1,32.0,61.3,33.76
DEL_02232,ORD_02232,DRV_0150,7.89,26.0,97.3,24.02
DEL_02233,ORD_02233,DRV_0256,4.23,41.0,57.9,25.95
DEL_02234,ORD_02234,DRV_0041,8.87,15.0,50.4,29.63
DEL_02235,ORD_02235,DRV_0181,3.11,27.0,62.3,34.01
DEL_02236,ORD_02236,DRV_0188,11.68,26.0,78.8,27.27
DEL_02237,ORD_02237,DRV_0039,5.27,8.0,43.9,14.83
DEL_02238,ORD_02238,DRV_0311,11.61,28.0,93.6,39.52
DEL_02239,ORD_02239,DRV_0480,14.36,17.0,93.6,27.59
DEL_02240,ORD_02240,DRV_0414,3.44,34.0,63.0,39.29
DEL_02241,ORD_02241,DRV_0327,0.5,45.0,52.2,30.01
DEL_02242,ORD_02242,DRV_0217,0.5,21.0,42.6,112.96
DEL_02243,ORD_02243,DRV_0130,1.89,35.0,67.8,18.55
DEL_02244,ORD_02244,DRV_0264,1.66,17.0,52.1,26.41
DEL_02245,ORD_02245,DRV_0114,3.4,32.0,52.2,18.18
DEL_02246,ORD_02246,DRV_0063,8.72,17.0,73.7,10.98
DEL_02247,ORD_02247,DRV_0443,3.81,30.0,55.4,28.61
DEL_02248,ORD_02248,DRV_0097,5.88,17.0,59.9,13.46
DEL_02249,ORD_02249,DRV_0412,7.38,15.0,67.1,12.73
DEL_02250,ORD_02250,DRV_0330,6.93,24.0,65.6,21.89
DEL_02251,ORD_02251,DRV_0422,1.81,20.0,24.5,37.65
DEL_02252,ORD_02252,DRV_0018,2.25,38.0,41.5,54.8
DEL_02253,ORD_02253,DRV_0446,2.61,25.0,47.4,38.58
DEL_02254,ORD_02254,DRV_0205,2.46,35.0,90.5,81.37
DEL_02255,ORD_02255,DRV_0213,5.01,29.0,59.4,13.22
DEL_02256,ORD_02256,DRV_0097,2.59,18.0,43.6,29.24
DEL_02257,ORD_02257,DRV_0279,3.84,13.0,40.1,10.43
DEL_02258,ORD_02258,DRV_0449,5.4,28.0,72.9,19.91
DEL_02259,ORD_02259,DRV_0236,0.59,23.0,39.8,20.45
DEL_02260,ORD_02260,DRV_0380,2.91,15.0,42.1,13.49
DEL_02261,ORD_02261,DRV_0168,2.54,18.0,58.4,25.28
DEL_02262,ORD_02262,DRV_0060,4.47,20.0,63.7,30.98
DEL_02263,ORD_02263,DRV_0085,5.05,25.0,64.4,34.13
DEL_02264,ORD_02264,DRV_0261,9.08,17.0,72.6,0.43
DEL_02265,ORD_02265,DRV_0355,8.06,34.0,69.1,15.93
DEL_02266,ORD_02266,DRV_0402,3.09,17.0,57.5,40.23
DEL_02267,ORD_02267,DRV_0166,3.61,11.0,48.7,39.44
DEL_02268,ORD_02268,DRV_0228,3.82,28.0,62.7,18.91
DEL_02269,ORD_02269,DRV_0367,7.29,22.0,89.8,31.35
DEL_02270,ORD_02270,DRV_0413,9.72,21.0,69.4,50.71
DEL_02271,ORD_02271,DRV_0410,6.26,20.0,46.3,42.4
DEL_02272,ORD_02272,DRV_0060,5.13,31.0,75.8,15.01
DEL_02273,ORD_02273,DRV_0164,1.38,27.0,40.1,17.79
DEL_02274,ORD_02274,DRV_0230,4.24,22.0,42.1,34.25
DEL_02275,ORD_02275,DRV_0370,7.84,33.0,79.0,28.62
DEL_02276,ORD_02276,DRV_0082,4.33,17.0,65.8,19.29
DEL_02277,ORD_02277,DRV_0157,4.23,20.0,46.9,38.22
DEL_02278,ORD_02278,DRV_0415,1.44,14.0,58.9,16.57
DEL_02279,ORD_02279,DRV_0191,10.11,23.0,78.2,45.69
DEL_02280,ORD_02280,DRV_0362,1.57,31.0,50.5,23.69
DEL_02281,ORD_02281,DRV_0397,10.32,38.0,101.9,15.1
DEL_02282,ORD_02282,DRV_0244,5.12,31.0,71.8,33.41
DEL_02283,ORD_02283,DRV_0374,12.1,37.0,90.3,30.35
DEL_02284,ORD_02284,DRV_0242,7.37,20.0,63.8,7.49
DEL_02285,ORD_02285,DRV_0222,7.95,23.0,71.0,18.9
DEL_02286,ORD_02286,DRV_0455,3.96,29.0,71.3,20.4
DEL_02287,ORD_02287,DRV_0379,4.42,18.0,45.7,14.9
DEL_02288,ORD_02288,DRV_0168,3.98,38.0,63.9,28.36
DEL_02289,ORD_02289,DRV_0121,2.52,11.0,38.7,25.43
DEL_02290,ORD_02290,DRV_0454,5.14,29.0,63.4,59.46
DEL_02291,ORD_02291,DRV_0002,2.16,17.0,49.3,23.93
DEL_02292,ORD_02292,DRV_0118,3.0,11.0,51.9,18.84
DEL_02293,ORD_02293,DRV_0136,2.94,38.0,81.0,46.76
DEL_02294,ORD_02294,DRV_0330,3.13,26.0,67.9,23.23
DEL_02295,ORD_02295,DRV_0127,2.63,23.0,42.0,31.76
DEL_02296,ORD_02296,DRV_0241,1.28,36.0,71.0,14.6
DEL_02297,ORD_02297,DRV_0374,2.09,30.0,49.7,14.86
DEL_02298,ORD_02298,DRV_0108,5.95,39.0,71.1,65.6
DEL_02299,ORD_02299,DRV_0299,3.49,26.0,49.2,63.52
DEL_02300,ORD_02300,DRV_0433,3.78,15.0,51.5,50.65
DEL_02301,ORD_02301,DRV_0112,9.77,29.0,88.3,32.69
DEL_02302,ORD_02302,DRV_0406,12.91,35.0,100.1,46.52
DEL_02303,ORD_02303,DRV_0458,10.87,14.0,88.3,15.65
DEL_02304,ORD_02304,DRV_0500,10.33,22.0,62.1,46.04
DEL_02305,ORD_02305,DRV_0163,7.13,19.0,65.2,19.13
DEL_02306,ORD_02306,DRV_0275,8.74,25.0,66.7,21.05
DEL_02307,ORD_02307,DRV_0388,9.15,39.0,102.9,26.39
DEL_02308,ORD_02308,DRV_0019,9.41,38.0,93.6,13.9
DEL_02309,ORD_02309,DRV_0233,2.04,35.0,46.1,45.4
DEL_02310,ORD_02310,DRV_0020,4.01,24.0,46.0,32.29
DEL_02311,ORD_02311,DRV_0241,5.0,16.0,66.6,20.53
DEL_02312,ORD_02312,DRV_0260,1.58,39.0,53.2,39.83
DEL_02313,ORD_02313,DRV_0049,1.22,36.0,53.0,52.56
DEL_02314,ORD_02314,DRV_0154,5.43,19.0,48.2,3.87
DEL_02315,ORD_02315,DRV_0003,2.34,15.0,32.6,19.84
DEL_02316,ORD_02316,DRV_0308,5.98,24.0,45.8,19.87
DEL_02317,ORD_02317,DRV_0478,6.19,24.0,60.2,40.04
DEL_02318,ORD_02318,DRV_0384,4.06,36.0,86.1,22.88
DEL_02319,ORD_02319,DRV_0292,4.13,18.0,46.4,20.0
DEL_02320,ORD_02320,DRV_0169,3.02,16.0,50.6,11.51
DEL_02321,ORD_02321,DRV_0198,1.74,16.0,59.5,20.63
DEL_02322,ORD_02322,DRV_0179,5.58,37.0,52.8,43.85
DEL_02323,ORD_02323,DRV_0103,4.07,20.0,61.7,24.74
DEL_02324,ORD_02324,DRV_0219,2.05,42.0,68.6,13.29
DEL_02325,ORD_02325,DRV_0016,3.74,18.0,34.0,66.25
DEL_02326,ORD_02326,DRV_0047,8.14,29.0,76.0,31.63
DEL_02327,ORD_02327,DRV_0336,1.21,27.0,50.2,10.11
DEL_02328,ORD_02328,DRV_0046,4.54,29.0,71.0,29.68
DEL_02329,ORD_02329,DRV_0100,1.93,21.0,51.2,21.6
DEL_02330,ORD_02330,DRV_0183,3.73,18.0,54.9,14.86
DEL_02331,ORD_02331,DRV_0354,0.8,20.0,46.1,90.84
DEL_02332,ORD_02332,DRV_0487,1.33,18.0,61.1,25.12
DEL_02333,ORD_02333,DRV_0216,1.22,22.0,37.7,22.18
DEL_02334,ORD_02334,DRV_0380,12.01,23.0,81.3,32.28
DEL_02335,ORD_02335,DRV_0423,5.38,33.0,85.9,30.22
DEL_02336,ORD_02336,DRV_0134,2.33,19.0,51.8,13.32
DEL_02337,ORD_02337,DRV_0340,2.42,23.0,54.5,35.5
DEL_02338,ORD_02338,DRV_0317,6.91,31.0,76.9,20.29
DEL_02339,ORD_02339,DRV_0009,6.1,23.0,69.8,13.76
DEL_02340,ORD_02340,DRV_0497,4.23,22.0,62.2,21.99
DEL_02341,ORD_02341,DRV_0213,10.24,21.0,71.5,22.81
DEL_02342,ORD_02342,DRV_0139,2.42,6.0,42.8,14.66
DEL_02343,ORD_02343,DRV_0496,1.26,28.0,36.8,57.52
DEL_02344,ORD_02344,DRV_0222,9.84,29.0,92.9,10.51
DEL_02345,ORD_02345,DRV_0321,3.06,33.0,66.7,45.72
DEL_02346,ORD_02346,DRV_0091,1.3,33.0,35.9,19.06
DEL_02347,ORD_02347,DRV_0378,4.37,32.0,93.9,23.85
DEL_02348,ORD_02348,DRV_0315,4.95,14.0,34.2,16.66
DEL_02349,ORD_02349,DRV_0112,4.25,29.0,62.6,46.64
DEL_02350,ORD_02350,DRV_0113,9.47,27.0,96.3,26.63
DEL_02351,ORD_02351,DRV_0198,12.52,30.0,100.8,34.74
DEL_02352,ORD_02352,DRV_0374,3.09,21.0,42.5,35.25
DEL_02353,ORD_02353,DRV_0491,7.49,18.0,56.5,21.99
DEL_02354,ORD_02354,DRV_0263,3.39,45.0,85.0,21.3
DEL_02355,ORD_02355,DRV_0368,9.77,19.0,88.9,41.4
DEL_02356,ORD_02356,DRV_0378,1.56,39.0,55.3,7.94
DEL_02357,ORD_02357,DRV_0317,4.76,29.0,79.8,47.37
DEL_02358,ORD_02358,DRV_0313,6.45,28.0,65.6,26.19
DEL_02359,ORD_02359,DRV_0342,6.55,29.0,75.2,15.1
DEL_02360,ORD_02360,DRV_0162,3.25,15.0,39.5,19.37
DEL_02361,ORD_02361,DRV_0084,4.0,24.0,63.9,25.18
DEL_02362,ORD_02362,DRV_0045,6.13,39.0,70.4,37.59
DEL_02363,ORD_02363,DRV_0045,4.85,30.0,58.6,22.69
DEL_02364,ORD_02364,DRV_0271,4.66,36.0,65.2,13.58
DEL_02365,ORD_02365,DRV_0495,3.17,35.0,66.2,69.02
DEL_02366,ORD_02366,DRV_0393,2.17,24.0,43.7,52.53
DEL_02367,ORD_02367,DRV_0210,8.5,25.0,93.9,67.73
DEL_02368,ORD_02368,DRV_0174,2.03,18.0,52.2,12.83
DEL_02369,ORD_02369,DRV_0247,9.51,20.0,73.7,29.9
DEL_02370,ORD_02370,DRV_0174,10.66,21.0,92.3,22.75
DEL_02371,ORD_02371,DRV_0036,7.28,27.0,72.6,27.05
DEL_02372,ORD_02372,DRV_0302,3.34,26.0,71.5,56.93
DEL_02373,ORD_02373,DRV_0298,1.16,31.0,52.8,31.46
DEL_02374,ORD_02374,DRV_0158,6.49,36.0,68.3,17.78
DEL_02375,ORD_02375,DRV_0139,1.63,32.0,68.0,74.88
DEL_02376,ORD_02376,DRV_0374,2.69,26.0,38.1,39.91
DEL_02377,ORD_02377,DRV_0033,3.12,27.0,59.9,27.62
DEL_02378,ORD_02378,DRV_0251,2.19,26.0,44.8,32.55
DEL_02379,ORD_02379,DRV_0382,2.51,33.0,52.1,23.31
DEL_02380,ORD_02380,DRV_0366,4.8,31.0,66.1,40.41
DEL_02381,ORD_02381,DRV_0424,15.3,35.0,98.2,11.99
DEL_02382,ORD_02382,DRV_0326,6.12,31.0,62.0,23.66
DEL_02383,ORD_02383,DRV_0171,8.55,22.0,72.4,29.08
DEL_02384,ORD_02384,DRV_0110,2.95,20.0,53.6,48.77
DEL_02385,ORD_02385,DRV_0167,13.29,14.0,73.0,15.7
DEL_02386,ORD_02386,DRV_0125,12.42,19.0,91.5,45.15
DEL_02387,ORD_02387,DRV_0214,3.36,34.0,69.0,33.24
DEL_02388,ORD_02388,DRV_0295,12.95,30.0,79.9,34.58
DEL_02389,ORD_02389,DRV_0181,2.46,9.0,39.4,28.51
DEL_02390,ORD_02390,DRV_0083,3.85,19.0,65.2,19.2
DEL_02391,ORD_02391,DRV_0470,4.11,28.0,46.7,21.05
DEL_02392,ORD_02392,DRV_0415,3.22,31.0,63.2,17.61
DEL_02393,ORD_02393,DRV_0362,0.97,31.0,65.1,25.82
DEL_02394,ORD_02394,DRV_0319,1.06,27.0,34.9,23.04
DEL_02395,ORD_02395,DRV_0025,3.61,33.0,61.2,15.57
DEL_02396,ORD_02396,DRV_0246,8.97,13.0,66.1,15.03
DEL_02397,ORD_02397,DRV_0041,4.19,35.0,67.0,17.15
DEL_02398,ORD_02398,DRV_0434,2.64,16.0,58.3,29.23
DEL_02399,ORD_02399,DRV_0059,7.48,39.0,81.5,26.21
DEL_02400,ORD_02400,DRV_0177,6.41,13.0,40.7,27.19
DEL_02401,ORD_02401,DRV_0030,5.37,28.0,58.8,51.86
DEL_02402,ORD_02402,DRV_0045,2.55,33.0,69.6,18.19
DEL_02403,ORD_02403,DRV_0452,4.55,33.0,67.8,18.11
DEL_02404,ORD_02404,DRV_0309,0.5,24.0,49.5,14.8
DEL_02405,ORD_02405,DRV_0154,9.21,17.0,80.7,38.62
DEL_02406,ORD_02406,DRV_0455,6.52,33.0,78.1,21.35
DEL_02407,ORD_02407,DRV_0040,2.99,30.0,48.5,19.68
DEL_02408,ORD_02408,DRV_0496,4.79,15.0,59.3,22.77
DEL_02409,ORD_02409,DRV_0140,3.64,19.0,60.3,35.09
DEL_02410,ORD_02410,DRV_0257,4.71,11.0,40.8,27.03
DEL_02411,ORD_02411,DRV_0070,15.41,16.0,90.6,26.87
DEL_02412,ORD_02412,DRV_0385,9.38,22.0,80.7,37.01
DEL_02413,ORD_02413,DRV_0136,7.82,25.0,74.7,16.2
DEL_02414,ORD_02414,DRV_0236,7.85,36.0,80.0,10.03
DEL_02415,ORD_02415,DRV_0112,9.87,33.0,80.4,34.13
DEL_02416,ORD_02416,DRV_0033,10.05,40.0,107.8,19.66
DEL_02417,ORD_02417,DRV_0196,7.02,21.0,75.2,28.09
DEL_02418,ORD_02418,DRV_0371,4.42,24.0,57.4,33.9
DEL_02419,ORD_02419,DRV_0178,1.95,27.0,35.7,63.18
DEL_02420,ORD_02420,DRV_0360,5.79,6.0,39.0,52.46
DEL_02421,ORD_02421,DRV_0134,4.0,11.0,57.7,59.32
DEL_02422,ORD_02422,DRV_0493,2.12,33.0,49.7,0.1
DEL_02423,ORD_02423,DRV_0444,4.84,30.0,53.3,17.28
DEL_02424,ORD_02424,DRV_0191,1.44,37.0,60.6,38.83
DEL_02425,ORD_02425,DRV_0436,3.4,35.0,68.7,18.46
DEL_02426,ORD_02426,DRV_0387,8.01,19.0,76.7,19.89
DEL_02427,ORD_02427,DRV_0335,4.43,32.0,71.6,47.58
DEL_02428,ORD_02428,DRV_0454,6.59,25.0,56.1,27.76
DEL_02429,ORD_02429,DRV_0006,6.39,21.0,64.9,29.13
DEL_02430,ORD_02430,DRV_0293,4.18,39.0,77.7,36.27
DEL_02431,ORD_02431,DRV_0179,7.2,18.0,59.0,7.21
DEL_02432,ORD_02432,DRV_0283,4.56,13.0,53.4,31.78
DEL_02433,ORD_02433,DRV_0106,1.75,28.0,52.1,32.43
DEL_02434,ORD_02434,DRV_0489,4.06,35.0,44.5,5.93
DEL_02435,ORD_02435,DRV_0430,13.15,42.0,99.6,17.75
DEL_02436,ORD_02436,DRV_0246,2.4,43.0,64.7,14.98
DEL_02437,ORD_02437,DRV_0325,12.64,20.0,85.4,38.91
DEL_02438,ORD_02438,DRV_0379,0.5,36.0,37.9,36.57
DEL_02439,ORD_02439,DRV_0231,1.39,27.0,62.5,19.1
DEL_02440,ORD_02440,DRV_0401,2.22,34.0,53.6,31.75
DEL_02441,ORD_02441,DRV_0215,1.56,32.0,65.4,17.35
DEL_02442,ORD_02442,DRV_0273,8.17,28.0,66.1,16.62
DEL_02443,ORD_02443,DRV_0105,1.21,18.0,63.0,27.96
DEL_02444,ORD_02444,DRV_0374,2.41,14.0,57.0,51.19
DEL_02445,ORD_02445,DRV_0023,7.15,15.0,69.5,45.22
DEL_02446,ORD_02446,DRV_0295,5.34,25.0,48.8,22.88
DEL_02447,ORD_02447,DRV_0161,4.24,32.0,71.3,20.42
DEL_02448,ORD_02448,DRV_0194,3.85,30.0,57.4,13.74
DEL_02449,ORD_02449,DRV_0266,6.94,15.0,60.0,25.61
DEL_02450,ORD_02450,DRV_0083,1.7,32.0,58.2,19.6
DEL_02451,ORD_02451,DRV_0168,2.27,37.0,64.1,30.14
DEL_02452,ORD_02452,DRV_0329,6.02,21.0,72.8,29.34
DEL_02453,ORD_02453,DRV_0143,2.4,39.0,58.3,8.04
DEL_02454,ORD_02454,DRV_0043,4.66,42.0,75.8,37.0
DEL_02455,ORD_02455,DRV_0344,3.47,33.0,50.5,29.45
DEL_02456,ORD_02456,DRV_0012,2.7,16.0,42.8,19.25
DEL_02457,ORD_02457,DRV_0022,4.13,18.0,49.5,18.45
DEL_02458,ORD_02458,DRV_0018,0.63,24.0,44.4,9.03
DEL_02459,ORD_02459,DRV_0450,5.89,34.0,93.7,27.34
DEL_02460,ORD_02460,DRV_0062,5.75,31.0,78.9,27.47
DEL_02461,ORD_02461,DRV_0189,10.12,28.0,87.6,27.5
DEL_02462,ORD_02462,DRV_0444,2.14,34.0,42.7,15.96
DEL_02463,ORD_02463,DRV_0079,9.04,11.0,84.2,7.7
DEL_02464,ORD_02464,DRV_0490,2.22,24.0,51.4,34.01
DEL_02465,ORD_02465,DRV_0167,7.34,18.0,56.0,30.21
DEL_02466,ORD_02466,DRV_0457,1.54,36.0,58.5,21.04
DEL_02467,ORD_02467,DRV_0150,2.4,22.0,63.5,33.5
DEL_02468,ORD_02468,DRV_0465,2.56,33.0,70.0,72.07
DEL_02469,ORD_02469,DRV_0398,4.72,25.0,72.8,33.36
DEL_02470,ORD_02470,DRV_0223,5.51,15.0,74.4,36.04
DEL_02471,ORD_02471,DRV_0105,1.15,38.0,60.7,46.61
DEL_02472,ORD_02472,DRV_0254,5.09,20.0,66.8,46.3
DEL_02473,ORD_02473,DRV_0007,4.68,29.0,57.7,10.67
DEL_02474,ORD_02474,DRV_0495,5.45,40.0,95.5,23.54
DEL_02475,ORD_02475,DRV_0163,5.52,32.0,67.6,28.6
DEL_02476,ORD_02476,DRV_0290,10.64,26.0,80.2,26.69
DEL_02477,ORD_02477,DRV_0195,2.74,40.0,49.3,20.33
DEL_02478,ORD_02478,DRV_0319,9.25,22.0,78.8,33.45
DEL_02479,ORD_02479,DRV_0130,5.98,33.0,69.8,36.29
DEL_02480,ORD_02480,DRV_0109,3.44,16.0,50.6,42.06
DEL_02481,ORD_02481,DRV_0219,2.97,34.0,51.0,20.25
DEL_02482,ORD_02482,DRV_0429,6.83,29.0,72.0,43.71
DEL_02483,ORD_02483,DRV_0319,2.23,37.0,66.3,24.51
DEL_02484,ORD_02484,DRV_0130,6.18,32.0,62.1,24.76
DEL_02485,ORD_02485,DRV_0244,3.0,23.0,45.5,35.64
DEL_02486,ORD_02486,DRV_0438,7.0,40.0,89.1,31.93
DEL_02487,ORD_02487,DRV_0307,2.65,16.0,36.4,23.23
DEL_02488,ORD_02488,DRV_0297,3.85,15.0,50.2,31.38
DEL_02489,ORD_02489,DRV_0389,3.13,24.0,52.0,22.06
DEL_02490,ORD_02490,DRV_0085,10.19,34.0,97.1,13.97
DEL_02491,ORD_02491,DRV_0255,12.47,29.0,96.2,17.43
DEL_02492,ORD_02492,DRV_0327,3.19,35.0,37.8,22.65
DEL_02493,ORD_02493,DRV_0409,5.4,33.0,100.1,23.8
DEL_02494,ORD_02494,DRV_0237,4.46,26.0,67.8,17.69
DEL_02495,ORD_02495,DRV_0001,2.96,21.0,56.6,44.32
DEL_02496,ORD_02496,DRV_0265,2.16,37.0,63.5,44.32
DEL_02497,ORD_02497,DRV_0194,1.91,32.0,66.4,20.8
DEL_02498,ORD_02498,DRV_0451,2.49,15.0,38.7,29.39
DEL_02499,ORD_02499,DRV_0364,3.29,29.0,63.0,20.87
DEL_02500,ORD_02500,DRV_0357,3.63,27.0,76.6,33.11
DEL_02501,ORD_02501,DRV_0122,0.86,32.0,57.3,57.45
DEL_02502,ORD_02502,DRV_0364,7.94,16.0,56.2,27.09
DEL_02503,ORD_02503,DRV_0004,9.54,23.0,90.4,53.41
DEL_02504,ORD_02504,DRV_0149,10.62,30.0,75.9,36.3
DEL_02505,ORD_02505,DRV_0061,1.4,25.0,30.4,23.13
DEL_02506,ORD_02506,DRV_0282,3.83,31.0,57.6,20.85
DEL_02507,ORD_02507,DRV_0117,8.36,35.0,82.1,26.81
DEL_02508,ORD_02508,DRV_0172,0.68,41.0,58.6,35.87
DEL_02509,ORD_02509,DRV_0421,1.76,16.0,42.7,21.96
DEL_02510,ORD_02510,DRV_0334,7.14,9.0,71.5,26.92
DEL_02511,ORD_02511,DRV_0238,3.45,20.0,56.3,23.01
DEL_02512,ORD_02512,DRV_0138,3.88,25.0,74.5,15.18
DEL_02513,ORD_02513,DRV_0218,2.57,22.0,49.5,28.81
DEL_02514,ORD_02514,DRV_0458,5.28,29.0,70.3,77.62
DEL_02515,ORD_02515,DRV_0485,4.85,16.0,53.9,38.32
DEL_02516,ORD_02516,DRV_0082,1.95,9.0,37.3,32.01
DEL_02517,ORD_02517,DRV_0219,8.94,27.0,94.5,25.55
DEL_02518,ORD_02518,DRV_0337,0.5,17.0,59.2,28.8
DEL_02519,ORD_02519,DRV_0202,5.71,26.0,77.9,48.68
DEL_02520,ORD_02520,DRV_0075,4.85,33.0,70.4,19.21
DEL_02521,ORD_02521,DRV_0047,10.78,34.0,83.6,19.9
DEL_02522,ORD_02522,DRV_0344,3.17,23.0,53.0,21.67
DEL_02523,ORD_02523,DRV_0339,2.78,13.0,43.6,20.86
DEL_02524,ORD_02524,DRV_0236,8.3,21.0,65.6,18.13
DEL_02525,ORD_02525,DRV_0464,2.52,18.0,55.5,14.23
DEL_02526,ORD_02526,DRV_0151,1.72,23.0,38.8,22.17
DEL_02527,ORD_02527,DRV_0376,7.6,34.0,75.0,44.76
DEL_02528,ORD_02528,DRV_0123,7.35,15.0,65.6,22.73
DEL_02529,ORD_02529,DRV_0460,6.35,25.0,78.4,31.29
DEL_02530,ORD_02530,DRV_0246,2.31,31.0,72.8,21.74
DEL_02531,ORD_02531,DRV_0254,8.77,28.0,63.3,34.29
DEL_02532,ORD_02532,DRV_0054,4.72,9.0,40.4,22.75
DEL_02533,ORD_02533,DRV_0187,4.7,45.0,64.7,19.07
DEL_02534,ORD_02534,DRV_0403,12.78,24.0,71.4,28.67
DEL_02535,ORD_02535,DRV_0281,1.61,26.0,40.8,23.0
DEL_02536,ORD_02536,DRV_0067,7.09,26.0,67.2,16.15
DEL_02537,ORD_02537,DRV_0141,11.35,26.0,96.6,22.85
DEL_02538,ORD_02538,DRV_0021,1.76,17.0,48.2,32.58
DEL_02539,ORD_02539,DRV_0022,5.47,35.0,73.9,20.35
DEL_02540,ORD_02540,DRV_0175,2.52,28.0,66.2,29.08
DEL_02541,ORD_02541,DRV_0191,6.17,30.0,81.1,19.79
DEL_02542,ORD_02542,DRV_0285,5.75,19.0,62.7,16.17
DEL_02543,ORD_02543,DRV_0305,6.94,37.0,63.4,20.26
DEL_02544,ORD_02544,DRV_0363,2.51,18.0,28.3,28.18
DEL_02545,ORD_02545,DRV_0281,5.36,20.0,44.4,35.49
DEL_02546,ORD_02546,DRV_0407,7.17,20.0,68.7,24.61
DEL_02547,ORD_02547,DRV_0332,2.9,20.0,44.8,24.62
DEL_02548,ORD_02548,DRV_0305,5.71,32.0,64.7,17.41
DEL_02549,ORD_02549,DRV_0407,3.49,23.0,68.1,64.98
DEL_02550,ORD_02550,DRV_0261,8.53,29.0,95.7,24.0
DEL_02551,ORD_02551,DRV_0157,1.45,20.0,46.4,20.33
DEL_02552,ORD_02552,DRV_0261,5.32,31.0,85.1,27.45
DEL_02553,ORD_02553,DRV_0039,10.27,38.0,76.2,36.11
DEL_02554,ORD_02554,DRV_0483,3.59,20.0,50.2,36.85
DEL_02555,ORD_02555,DRV_0419,1.23,14.0,30.3,54.29
DEL_02556,ORD_02556,DRV_0337,5.2,19.0,66.2,23.86
DEL_02557,ORD_02557,DRV_0030,10.07,17.0,87.9,49.42
DEL_02558,ORD_02558,DRV_0440,4.24,32.0,84.8,21.49
DEL_02559,ORD_02559,DRV_0258,4.45,19.0,55.2,4.34
DEL_02560,ORD_02560,DRV_0271,1.28,33.0,38.5,16.88
DEL_02561,ORD_02561,DRV_0051,8.32,20.0,101.4,18.65
DEL_02562,ORD_02562,DRV_0279,3.78,17.0,75.3,35.04
DEL_02563,ORD_02563,DRV_0234,8.29,31.0,87.7,14.99
DEL_02564,ORD_02564,DRV_0026,7.31,28.0,90.1,28.19
DEL_02565,ORD_02565,DRV_0011,2.42,12.0,38.0,32.58
DEL_02566,ORD_02566,DRV_0384,5.76,37.0,78.9,11.97
DEL_02567,ORD_02567,DRV_0024,7.39,8.0,80.5,15.19
DEL_02568,ORD_02568,DRV_0393,9.42,39.0,71.4,21.57
DEL_02569,ORD_02569,DRV_0462,3.36,32.0,50.2,21.56
DEL_02570,ORD_02570,DRV_0216,4.54,31.0,63.9,38.98
DEL_02571,ORD_02571,DRV_0327,0.76,12.0,28.0,35.51
DEL_02572,ORD_02572,DRV_0138,10.81,25.0,94.6,30.93
DEL_02573,ORD_02573,DRV_0225,6.65,26.0,56.0,31.38
DEL_02574,ORD_02574,DRV_0353,5.93,15.0,70.3,24.67
DEL_02575,ORD_02575,DRV_0110,0.72,11.0,30.8,8.83
DEL_02576,ORD_02576,DRV_0475,6.24,27.0,68.9,24.68
DEL_02577,ORD_02577,DRV_0328,5.18,27.0,74.5,32.62
DEL_02578,ORD_02578,DRV_0206,4.18,36.0,79.8,10.62
DEL_02579,ORD_02579,DRV_0071,5.54,26.0,74.7,20.68
DEL_02580,ORD_02580,DRV_0210,4.68,41.0,77.2,26.82
DEL_02581,ORD_02581,DRV_0185,6.4,34.0,87.4,23.64
DEL_02582,ORD_02582,DRV_0090,5.38,19.0,61.3,48.02
DEL_02583,ORD_02583,DRV_0247,3.96,27.0,68.5,23.46
DEL_02584,ORD_02584,DRV_0383,6.16,28.0,60.3,16.1
DEL_02585,ORD_02585,DRV_0233,2.78,19.0,43.9,20.7
DEL_02586,ORD_02586,DRV_0379,5.41,39.0,69.7,30.57
DEL_02587,ORD_02587,DRV_0399,5.75,24.0,69.8,63.34
DEL_02588,ORD_02588,DRV_0033,5.8,36.0,54.2,39.06
DEL_02589,ORD_02589,DRV_0395,5.7,34.0,51.4,33.33
DEL_02590,ORD_02590,DRV_0147,7.73,18.0,60.4,18.99
DEL_02591,ORD_02591,DRV_0170,6.25,42.0,77.7,25.15
DEL_02592,ORD_02592,DRV_0466,7.41,35.0,61.3,12.69
DEL_02593,ORD_02593,DRV_0214,3.19,16.0,37.3,23.78
DEL_02594,ORD_02594,DRV_0314,3.74,34.0,73.0,58.3
DEL_02595,ORD_02595,DRV_0228,9.77,44.0,83.7,27.44
DEL_02596,ORD_02596,DRV_0146,1.98,36.0,55.6,24.51
DEL_02597,ORD_02597,DRV_0146,7.15,38.0,66.9,15.87
DEL_02598,ORD_02598,DRV_0022,9.03,32.0,77.1,6.66
DEL_02599,ORD_02599,DRV_0089,4.26,15.0,65.1,32.97
DEL_02600,ORD_02600,DRV_0374,2.22,36.0,49.7,24.16
DEL_02601,ORD_02601,DRV_0180,4.61,36.0,68.0,22.18
DEL_02602,ORD_02602,DRV_0300,1.18,31.0,48.0,16.73
DEL_02603,ORD_02603,DRV_0415,3.44,20.0,50.6,13.88
DEL_02604,ORD_02604,DRV_0265,3.91,10.0,31.5,17.03
DEL_02605,ORD_02605,DRV_0050,5.97,15.0,62.7,30.75
DEL_02606,ORD_02606,DRV_0230,3.13,33.0,64.0,28.53
DEL_02607,ORD_02607,DRV_0375,3.79,33.0,57.3,19.35
DEL_02608,ORD_02608,DRV_0061,9.26,25.0,92.8,31.84
DEL_02609,ORD_02609,DRV_0019,2.42,16.0,54.5,18.81
DEL_02610,ORD_02610,DRV_0308,9.42,27.0,84.8,14.94
DEL_02611,ORD_02611,DRV_0311,5.56,35.0,64.9,8.67
DEL_02612,ORD_02612,DRV_0025,7.68,38.0,85.1,9.34
DEL_02613,ORD_02613,DRV_0207,2.19,28.0,71.9,27.37
DEL_02614,ORD_02614,DRV_0325,4.28,32.0,94.5,19.75
DEL_02615,ORD_02615,DRV_0075,4.28,32.0,58.6,57.0
DEL_02616,ORD_02616,DRV_0141,4.06,25.0,50.8,29.58
DEL_02617,ORD_02617,DRV_0418,4.92,33.0,63.8,50.59
DEL_02618,ORD_02618,DRV_0328,3.03,31.0,60.3,47.7
DEL_02619,ORD_02619,DRV_0281,2.93,19.0,63.4,34.19
DEL_02620,ORD_02620,DRV_0091,3.14,14.0,45.9,35.18
DEL_02621,ORD_02621,DRV_0075,7.79,12.0,66.7,5.99
DEL_02622,ORD_02622,DRV_0064,1.81,6.0,44.0,19.99
DEL_02623,ORD_02623,DRV_0082,3.05,17.0,53.2,17.19
DEL_02624,ORD_02624,DRV_0250,6.87,28.0,85.8,39.98
DEL_02625,ORD_02625,DRV_0138,10.07,30.0,99.6,24.02
DEL_02626,ORD_02626,DRV_0097,9.93,11.0,74.9,30.09
DEL_02627,ORD_02627,DRV_0100,7.39,21.0,69.4,17.93
DEL_02628,ORD_02628,DRV_0273,8.94,13.0,70.2,23.66
DEL_02629,ORD_02629,DRV_0241,3.7,14.0,40.7,42.35
DEL_02630,ORD_02630,DRV_0005,3.12,18.0,39.5,125.3
DEL_02631,ORD_02631,DRV_0215,0.56,21.0,53.0,24.68
DEL_02632,ORD_02632,DRV_0067,3.2,38.0,62.9,20.39
DEL_02633,ORD_02633,DRV_0487,3.48,19.0,52.8,17.83
DEL_02634,ORD_02634,DRV_0357,0.9,17.0,37.5,24.95
DEL_02635,ORD_02635,DRV_0394,2.16,31.0,45.9,27.28
DEL_02636,ORD_02636,DRV_0155,12.51,35.0,101.1,16.2
DEL_02637,ORD_02637,DRV_0440,4.19,38.0,64.2,22.4
DEL_02638,ORD_02638,DRV_0391,2.21,26.0,39.4,24.93
DEL_02639,ORD_02639,DRV_0369,3.85,29.0,53.0,19.91
DEL_02640,ORD_02640,DRV_0029,5.13,17.0,75.7,42.9
DEL_02641,ORD_02641,DRV_0305,4.31,18.0,55.2,45.17
DEL_02642,ORD_02642,DRV_0423,2.69,15.0,39.4,23.15
DEL_02643,ORD_02643,DRV_0454,6.99,31.0,65.3,27.55
DEL_02644,ORD_02644,DRV_0009,15.37,25.0,111.6,43.09
DEL_02645,ORD_02645,DRV_0200,8.44,24.0,90.0,15.12
DEL_02646,ORD_02646,DRV_0445,3.81,14.0,50.7,26.35
DEL_02647,ORD_02647,DRV_0334,4.06,34.0,78.4,18.89
DEL_02648,ORD_02648,DRV_0438,6.19,19.0,86.5,28.85
DEL_02649,ORD_02649,DRV_0230,4.92,7.0,38.7,25.08
DEL_02650,ORD_02650,DRV_0393,8.22,24.0,77.4,13.73
DEL_02651,ORD_02651,DRV_0316,9.11,38.0,105.3,41.05
DEL_02652,ORD_02652,DRV_0308,1.26,13.0,37.1,38.95
DEL_02653,ORD_02653,DRV_0377,5.92,19.0,69.4,13.98
DEL_02654,ORD_02654,DRV_0331,0.56,10.0,25.6,60.42
DEL_02655,ORD_02655,DRV_0267,11.16,18.0,76.5,24.52
DEL_02656,ORD_02656,DRV_0360,3.55,21.0,53.6,8.85
DEL_02657,ORD_02657,DRV_0163,1.32,32.0,47.3,27.78
DEL_02658,ORD_02658,DRV_0075,5.23,25.0,55.5,37.31
DEL_02659,ORD_02659,DRV_0292,9.8,21.0,74.0,21.14
DEL_02660,ORD_02660,DRV_0183,9.64,39.0,84.1,23.48
DEL_02661,ORD_02661,DRV_0387,5.87,25.0,68.6,21.94
DEL_02662,ORD_02662,DRV_0109,3.1,25.0,37.1,28.57
DEL_02663,ORD_02663,DRV_0339,3.72,18.0,52.8,21.92
DEL_02664,ORD_02664,DRV_0200,1.97,17.0,50.3,40.8
DEL_02665,ORD_02665,DRV_0181,4.73,19.0,54.9,27.26
DEL_02666,ORD_02666,DRV_0028,4.94,26.0,58.5,31.74
DEL_02667,ORD_02667,DRV_0053,1.61,38.0,48.8,5.46
DEL_02668,ORD_02668,DRV_0248,7.95,17.0,79.7,21.1
DEL_02669,ORD_02669,DRV_0310,0.5,32.0,54.0,13.09
DEL_02670,ORD_02670,DRV_0437,6.23,16.0,64.5,26.29
DEL_02671,ORD_02671,DRV_0321,7.47,16.0,72.3,46.08
DEL_02672,ORD_02672,DRV_0309,8.32,23.0,63.7,9.22
DEL_02673,ORD_02673,DRV_0040,4.56,24.0,62.8,25.12
DEL_02674,ORD_02674,DRV_0222,4.89,28.0,81.0,56.19
DEL_02675,ORD_02675,DRV_0297,7.74,35.0,79.5,44.07
DEL_02676,ORD_02676,DRV_0166,5.19,26.0,70.2,29.1
DEL_02677,ORD_02677,DRV_0331,2.68,15.0,48.2,60.07
DEL_02678,ORD_02678,DRV_0029,5.17,29.0,46.5,31.95
DEL_02679,ORD_02679,DRV_0415,11.79,31.0,113.2,13.7
DEL_02680,ORD_02680,DRV_0189,3.2,30.0,57.2,44.56
DEL_02681,ORD_02681,DRV_0202,2.77,16.0,48.6,16.96
DEL_02682,ORD_02682,DRV_0483,3.81,26.0,66.7,37.67
DEL_02683,ORD_02683,DRV_0296,5.48,30.0,61.1,9.01
DEL_02684,ORD_02684,DRV_0477,2.39,40.0,53.5,26.64
DEL_02685,ORD_02685,DRV_0485,1.23,38.0,63.9,15.3
DEL_02686,ORD_02686,DRV_0130,5.14,38.0,89.3,18.79
DEL_02687,ORD_02687,DRV_0048,4.74,18.0,61.6,15.2
DEL_02688,ORD_02688,DRV_0257,1.25,20.0,65.6,27.77
DEL_02689,ORD_02689,DRV_0315,1.7,17.0,39.9,22.58
DEL_02690,ORD_02690,DRV_0416,4.48,29.0,74.1,16.83
DEL_02691,ORD_02691,DRV_0088,3.23,13.0,66.1,20.34
DEL_02692,ORD_02692,DRV_0258,2.38,26.0,47.5,20.72
DEL_02693,ORD_02693,DRV_0059,3.29,24.0,67.5,41.3
DEL_02694,ORD_02694,DRV_0387,2.51,21.0,41.6,18.14
DEL_02695,ORD_02695,DRV_0457,3.88,31.0,57.9,16.74
DEL_02696,ORD_02696,DRV_0049,6.97,37.0,69.0,22.27
DEL_02697,ORD_02697,DRV_0216,7.7,24.0,94.4,50.05
DEL_02698,ORD_02698,DRV_0076,2.59,32.0,72.5,23.58
DEL_02699,ORD_02699,DRV_0034,4.83,25.0,62.9,4.32
DEL_02700,ORD_02700,DRV_0248,4.8,27.0,67.9,31.25
DEL_02701,ORD_02701,DRV_0318,1.42,33.0,52.4,24.28
DEL_02702,ORD_02702,DRV_0290,0.77,18.0,54.6,39.5
DEL_02703,ORD_02703,DRV_0023,9.13,27.0,73.6,17.57
DEL_02704,ORD_02704,DRV_0019,6.15,18.0,61.3,21.57
DEL_02705,ORD_02705,DRV_0436,8.96,22.0,60.5,15.18
DEL_02706,ORD_02706,DRV_0316,7.58,22.0,72.5,39.74
DEL_02707,ORD_02707,DRV_0383,6.16,13.0,56.8,31.69
DEL_02708,ORD_02708,DRV_0096,7.65,37.0,91.0,42.97
DEL_02709,ORD_02709,DRV_0251,3.88,11.0,56.2,39.52
DEL_02710,ORD_02710,DRV_0241,6.49,17.0,61.0,19.43
DEL_02711,ORD_02711,DRV_0412,7.49,27.0,62.7,64.36
DEL_02712,ORD_02712,DRV_0346,6.3,31.0,76.9,55.45
DEL_02713,ORD_02713,DRV_0305,2.36,26.0,54.0,22.26
DEL_02714,ORD_02714,DRV_0045,1.89,22.0,56.3,16.17
DEL_02715,ORD_02715,DRV_0076,5.98,26.0,60.4,14.17
DEL_02716,ORD_02716,DRV_0107,2.47,40.0,70.7,36.82
DEL_02717,ORD_02717,DRV_0479,2.54,42.0,55.4,55.1
DEL_02718,ORD_02718,DRV_0060,3.25,12.0,52.6,73.02
DEL_02719,ORD_02719,DRV_0459,3.6,30.0,58.3,21.55
DEL_02720,ORD_02720,DRV_0440,3.35,39.0,85.7,23.14
DEL_02721,ORD_02721,DRV_0488,3.17,24.0,69.5,28.58
DEL_02722,ORD_02722,DRV_0498,3.9,29.0,74.5,11.65
DEL_02723,ORD_02723,DRV_0132,1.65,26.0,51.1,53.86
DEL_02724,ORD_02724,DRV_0402,1.22,28.0,34.3,24.56
DEL_02725,ORD_02725,DRV_0157,10.53,32.0,104.5,13.88
DEL_02726,ORD_02726,DRV_0495,2.17,32.0,59.3,33.83
DEL_02727,ORD_02727,DRV_0376,0.5,17.0,44.8,9.29
DEL_02728,ORD_02728,DRV_0423,2.83,19.0,46.7,38.79
DEL_02729,ORD_02729,DRV_0055,0.87,22.0,50.1,10.28
DEL_02730,ORD_02730,DRV_0186,1.34,17.0,49.9,21.88
DEL_02731,ORD_02731,DRV_0175,4.11,24.0,46.0,24.96
DEL_02732,ORD_02732,DRV_0031,1.47,22.0,57.4,16.01
DEL_02733,ORD_02733,DRV_0371,9.05,20.0,75.5,38.44
DEL_02734,ORD_02734,DRV_0412,6.59,38.0,69.1,18.94
DEL_02735,ORD_02735,DRV_0155,0.53,26.0,56.2,37.96
DEL_02736,ORD_02736,DRV_0245,7.68,17.0,66.9,52.23
DEL_02737,ORD_02737,DRV_0030,4.3,40.0,56.5,11.34
DEL_02738,ORD_02738,DRV_0049,1.72,35.0,61.0,5.89
DEL_02739,ORD_02739,DRV_0170,3.16,26.0,71.0,19.35
DEL_02740,ORD_02740,DRV_0075,4.93,26.0,58.7,33.39
DEL_02741,ORD_02741,DRV_0206,8.25,32.0,68.4,35.45
DEL_02742,ORD_02742,DRV_0324,1.79,34.0,46.1,17.51
DEL_02743,ORD_02743,DRV_0356,4.18,17.0,44.5,10.83
DEL_02744,ORD_02744,DRV_0385,7.46,15.0,74.6,34.39
DEL_02745,ORD_02745,DRV_0428,5.05,18.0,51.2,24.5
DEL_02746,ORD_02746,DRV_0359,10.53,36.0,102.4,48.12
DEL_02747,ORD_02747,DRV_0421,3.01,24.0,51.9,28.24
DEL_02748,ORD_02748,DRV_0161,3.09,24.0,67.6,28.27
DEL_02749,ORD_02749,DRV_0149,0.65,17.0,33.7,7.47
DEL_02750,ORD_02750,DRV_0088,3.94,24.0,66.8,28.62
DEL_02751,ORD_02751,DRV_0168,5.81,25.0,79.0,30.97
DEL_02752,ORD_02752,DRV_0189,7.99,19.0,79.6,41.08
DEL_02753,ORD_02753,DRV_0114,4.28,24.0,66.0,22.07
DEL_02754,ORD_02754,DRV_0013,8.34,25.0,78.2,18.89
DEL_02755,ORD_02755,DRV_0369,6.1,25.0,57.7,22.92
DEL_02756,ORD_02756,DRV_0482,12.22,37.0,99.7,37.29
DEL_02757,ORD_02757,DRV_0166,5.16,19.0,65.8,26.66
DEL_02758,ORD_02758,DRV_0157,6.51,29.0,80.0,22.95
DEL_02759,ORD_02759,DRV_0181,5.89,23.0,67.6,11.43
DEL_02760,ORD_02760,DRV_0320,8.0,34.0,71.5,29.3
DEL_02761,ORD_02761,DRV_0292,5.33,40.0,79.2,40.09
DEL_02762,ORD_02762,DRV_0104,0.5,34.0,69.2,16.81
DEL_02763,ORD_02763,DRV_0111,3.41,34.0,71.0,21.6
DEL_02764,ORD_02764,DRV_0261,1.66,10.0,47.4,20.64
DEL_02765,ORD_02765,DRV_0148,2.89,25.0,51.0,20.46
DEL_02766,ORD_02766,DRV_0477,3.26,14.0,40.4,23.81
DEL_02767,ORD_02767,DRV_0139,8.58,27.0,80.3,23.96
DEL_02768,ORD_02768,DRV_0328,7.1,20.0,44.2,27.21
DEL_02769,ORD_02769,DRV_0412,14.85,18.0,98.1,46.12
DEL_02770,ORD_02770,DRV_0433,4.19,33.0,51.0,29.59
DEL_02771,ORD_02771,DRV_0169,2.02,28.0,41.0,24.38
DEL_02772,ORD_02772,DRV_0402,2.27,36.0,53.9,19.09
DEL_02773,ORD_02773,DRV_0158,7.69,26.0,72.7,46.07
DEL_02774,ORD_02774,DRV_0384,2.75,20.0,47.5,31.27
DEL_02775,ORD_02775,DRV_0398,1.18,7.0,21.5,21.71
DEL_02776,ORD_02776,DRV_0056,5.95,36.0,105.2,74.6
DEL_02777,ORD_02777,DRV_0073,7.4,25.0,52.8,11.74
DEL_02778,ORD_02778,DRV_0458,1.07,28.0,41.6,19.7
DEL_02779,ORD_02779,DRV_0248,2.97,23.0,80.6,29.53
DEL_02780,ORD_02780,DRV_0473,2.76,35.0,56.3,29.92
DEL_02781,ORD_02781,DRV_0180,4.41,30.0,43.9,27.56
DEL_02782,ORD_02782,DRV_0091,2.74,30.0,67.5,33.53
DEL_02783,ORD_02783,DRV_0194,3.98,25.0,42.0,29.75
DEL_02784,ORD_02784,DRV_0195,5.01,31.0,77.4,11.4
DEL_02785,ORD_02785,DRV_0285,1.08,32.0,60.0,22.18
DEL_02786,ORD_02786,DRV_0384,3.63,24.0,61.0,53.45
DEL_02787,ORD_02787,DRV_0248,3.15,34.0,47.9,21.94
DEL_02788,ORD_02788,DRV_0229,3.63,17.0,60.6,8.28
DEL_02789,ORD_02789,DRV_0283,3.63,19.0,58.0,19.5
DEL_02790,ORD_02790,DRV_0324,0.93,33.0,35.2,19.32
DEL_02791,ORD_02791,DRV_0163,11.68,33.0,111.9,41.62
DEL_02792,ORD_02792,DRV_0091,4.57,9.0,36.0,31.09
DEL_02793,ORD_02793,DRV_0211,7.83,19.0,61.2,52.89
DEL_02794,ORD_02794,DRV_0266,2.24,31.0,58.1,12.81
DEL_02795,ORD_02795,DRV_0127,9.09,29.0,70.6,29.67
DEL_02796,ORD_02796,DRV_0282,4.5,22.0,70.0,49.71
DEL_02797,ORD_02797,DRV_0071,6.33,31.0,68.7,43.36
DEL_02798,ORD_02798,DRV_0091,1.35,32.0,45.2,34.5
DEL_02799,ORD_02799,DRV_0094,3.27,27.0,59.7,9.82
DEL_02800,ORD_02800,DRV_0076,4.74,25.0,69.2,22.98
DEL_02801,ORD_02801,DRV_0104,11.72,35.0,91.9,43.27
DEL_02802,ORD_02802,DRV_0445,5.83,27.0,65.1,20.47
DEL_02803,ORD_02803,DRV_0197,1.82,26.0,52.1,30.06
DEL_02804,ORD_02804,DRV_0184,2.0,25.0,45.1,29.9
DEL_02805,ORD_02805,DRV_0077,1.19,34.0,72.5,29.13
DEL_02806,ORD_02806,DRV_0448,2.39,40.0,50.3,35.1
DEL_02807,ORD_02807,DRV_0297,9.18,16.0,68.2,12.11
DEL_02808,ORD_02808,DRV_0388,5.58,30.0,63.8,24.73
DEL_02809,ORD_02809,DRV_0322,6.36,19.0,68.1,30.89
DEL_02810,ORD_02810,DRV_0421,9.2,17.0,69.2,10.29
DEL_02811,ORD_02811,DRV_0034,6.46,21.0,65.2,20.74
DEL_02812,ORD_02812,DRV_0122,1.48,18.0,46.3,28.3
DEL_02813,ORD_02813,DRV_0306,7.37,8.0,53.7,10.61
DEL_02814,ORD_02814,DRV_0454,13.28,15.0,89.4,12.02
DEL_02815,ORD_02815,DRV_0346,1.51,19.0,66.4,36.92
DEL_02816,ORD_02816,DRV_0203,5.05,33.0,67.0,5.18
DEL_02817,ORD_02817,DRV_0298,8.99,20.0,59.1,30.88
DEL_02818,ORD_02818,DRV_0129,7.67,40.0,91.6,13.86
DEL_02819,ORD_02819,DRV_0290,13.36,32.0,104.6,28.57
DEL_02820,ORD_02820,DRV_0213,9.22,25.0,77.9,28.38
DEL_02821,ORD_02821,DRV_0138,2.65,40.0,71.8,16.04
DEL_02822,ORD_02822,DRV_0261,8.29,16.0,78.7,36.69
DEL_02823,ORD_02823,DRV_0346,4.27,17.0,57.2,24.45
DEL_02824,ORD_02824,DRV_0172,3.54,23.0,59.6,92.22
DEL_02825,ORD_02825,DRV_0147,2.73,22.0,76.9,54.7
DEL_02826,ORD_02826,DRV_0149,8.41,39.0,82.2,14.81
DEL_02827,ORD_02827,DRV_0377,1.67,34.0,35.6,23.63
DEL_02828,ORD_02828,DRV_0418,4.9,21.0,57.4,23.69
DEL_02829,ORD_02829,DRV_0029,2.77,21.0,46.5,51.21
DEL_02830,ORD_02830,DRV_0102,4.44,10.0,50.3,14.21
DEL_02831,ORD_02831,DRV_0463,3.83,19.0,41.6,37.53
DEL_02832,ORD_02832,DRV_0296,4.55,26.0,42.8,14.68
DEL_02833,ORD_02833,DRV_0464,5.61,22.0,47.6,22.34
DEL_02834,ORD_02834,DRV_0371,2.5,32.0,52.6,11.86
DEL_02835,ORD_02835,DRV_0254,1.68,31.0,79.2,38.58
DEL_02836,ORD_02836,DRV_0274,2.45,31.0,53.3,13.78
DEL_02837,ORD_02837,DRV_0379,4.92,40.0,89.6,19.37
DEL_02838,ORD_02838,DRV_0049,4.46,30.0,81.3,13.12
DEL_02839,ORD_02839,DRV_0189,2.47,36.0,72.6,12.59
DEL_02840,ORD_02840,DRV_0065,4.87,30.0,84.0,23.91
DEL_02841,ORD_02841,DRV_0459,8.72,11.0,63.3,29.34
DEL_02842,ORD_02842,DRV_0164,4.5,37.0,76.0,23.21
DEL_02843,ORD_02843,DRV_0224,2.34,38.0,54.9,28.77
DEL_02844,ORD_02844,DRV_0476,1.38,20.0,50.2,42.2
DEL_02845,ORD_02845,DRV_0326,4.45,29.0,85.1,17.74
DEL_02846,ORD_02846,DRV_0007,2.18,41.0,70.6,34.88
DEL_02847,ORD_02847,DRV_0061,3.43,31.0,48.5,33.55
DEL_02848,ORD_02848,DRV_0192,5.7,37.0,63.5,31.15
DEL_02849,ORD_02849,DRV_0360,5.35,13.0,53.1,25.51
DEL_02850,ORD_02850,DRV_0088,8.94,19.0,92.6,11.58
DEL_02851,ORD_02851,DRV_0458,0.99,40.0,57.2,29.3
DEL_02852,ORD_02852,DRV_0158,3.76,35.0,68.5,84.51
DEL_02853,ORD_02853,DRV_0273,3.85,31.0,57.2,33.24
DEL_02854,ORD_02854,DRV_0428,4.95,32.0,50.9,24.44
DEL_02855,ORD_02855,DRV_0456,1.84,30.0,71.2,24.06
DEL_02856,ORD_02856,DRV_0332,2.63,31.0,33.2,16.43
DEL_02857,ORD_02857,DRV_0282,1.69,19.0,40.7,26.45
DEL_02858,ORD_02858,DRV_0145,5.21,21.0,58.6,30.44
DEL_02859,ORD_02859,DRV_0163,2.54,20.0,57.6,35.36
DEL_02860,ORD_02860,DRV_0174,7.59,30.0,69.8,43.14
DEL_02861,ORD_02861,DRV_0108,6.93,15.0,62.3,65.51
DEL_02862,ORD_02862,DRV_0389,8.2,25.0,75.3,109.17
DEL_02863,ORD_02863,DRV_0301,3.19,24.0,58.2,22.11
DEL_02864,ORD_02864,DRV_0331,3.21,20.0,61.1,37.08
DEL_02865,ORD_02865,DRV_0144,3.38,17.0,56.7,18.38
DEL_02866,ORD_02866,DRV_0058,2.36,17.0,60.3,35.33
DEL_02867,ORD_02867,DRV_0298,1.58,25.0,53.2,50.7
DEL_02868,ORD_02868,DRV_0350,2.09,21.0,60.4,28.13
DEL_02869,ORD_02869,DRV_0188,10.14,32.0,107.2,7.13
DEL_02870,ORD_02870,DRV_0440,2.96,26.0,62.6,32.35
DEL_02871,ORD_02871,DRV_0488,11.77,19.0,83.7,22.06
DEL_02872,ORD_02872,DRV_0390,2.84,34.0,54.0,27.05
DEL_02873,ORD_02873,DRV_0020,4.81,34.0,74.9,22.02
DEL_02874,ORD_02874,DRV_0212,5.32,13.0,49.9,35.3
DEL_02875,ORD_02875,DRV_0024,4.35,34.0,47.9,39.72
DEL_02876,ORD_02876,DRV_0091,2.85,23.0,64.7,21.03
DEL_02877,ORD_02877,DRV_0451,0.82,38.0,55.5,21.94
DEL_02878,ORD_02878,DRV_0216,4.07,22.0,63.9,31.78
DEL_02879,ORD_02879,DRV_0052,2.34,18.0,44.2,16.72
DEL_02880,ORD_02880,DRV_0138,2.95,31.0,41.1,24.38
DEL_02881,ORD_02881,DRV_0153,2.81,33.0,63.3,32.77
DEL_02882,ORD_02882,DRV_0220,10.13,31.0,100.4,84.31
DEL_02883,ORD_02883,DRV_0466,2.0,30.0,55.6,23.11
DEL_02884,ORD_02884,DRV_0362,11.6,24.0,95.7,8.1
DEL_02885,ORD_02885,DRV_0173,13.15,17.0,107.5,18.28
DEL_02886,ORD_02886,DRV_0462,7.43,32.0,66.6,6.58
DEL_02887,ORD_02887,DRV_0001,0.5,31.0,41.8,13.22
DEL_02888,ORD_02888,DRV_0468,1.53,10.0,42.1,25.65
DEL_02889,ORD_02889,DRV_0495,8.42,27.0,73.5,74.68
DEL_02890,ORD_02890,DRV_0025,1.89,35.0,43.0,16.35
DEL_02891,ORD_02891,DRV_0204,4.61,35.0,64.4,20.04
DEL_02892,ORD_02892,DRV_0368,2.81,19.0,65.8,35.39
DEL_02893,ORD_02893,DRV_0359,8.86,32.0,96.2,26.1
DEL_02894,ORD_02894,DRV_0494,4.41,23.0,58.1,26.21
DEL_02895,ORD_02895,DRV_0201,4.86,40.0,65.5,32.56
DEL_02896,ORD_02896,DRV_0393,16.47,27.0,108.6,72.4
DEL_02897,ORD_02897,DRV_0426,11.72,17.0,81.3,26.48
DEL_02898,ORD_02898,DRV_0191,4.39,11.0,42.8,27.05
DEL_02899,ORD_02899,DRV_0361,0.63,35.0,41.0,53.02
DEL_02900,ORD_02900,DRV_0409,6.67,19.0,78.8,17.8
DEL_02901,ORD_02901,DRV_0478,14.23,26.0,96.7,13.43
DEL_02902,ORD_02902,DRV_0304,0.82,14.0,41.0,15.89
DEL_02903,ORD_02903,DRV_0439,7.18,11.0,63.2,12.62
DEL_02904,ORD_02904,DRV_0232,9.15,18.0,81.6,42.61
DEL_02905,ORD_02905,DRV_0220,4.38,26.0,66.2,74.72
DEL_02906,ORD_02906,DRV_0066,4.71,24.0,70.0,17.76
DEL_02907,ORD_02907,DRV_0473,4.46,29.0,68.2,23.51
DEL_02908,ORD_02908,DRV_0466,1.75,20.0,42.5,13.46
DEL_02909,ORD_02909,DRV_0024,17.28,34.0,99.3,18.2
DEL_02910,ORD_02910,DRV_0082,1.28,20.0,32.8,29.98
DEL_02911,ORD_02911,DRV_0091,7.24,16.0,69.2,35.39
DEL_02912,ORD_02912,DRV_0172,6.93,29.0,74.1,34.0
DEL_02913,ORD_02913,DRV_0440,1.91,23.0,50.7,40.5
DEL_02914,ORD_02914,DRV_0035,4.65,35.0,64.3,17.06
DEL_02915,ORD_02915,DRV_0034,1.61,28.0,42.8,18.67
DEL_02916,ORD_02916,DRV_0486,6.01,19.0,59.2,15.25
DEL_02917,ORD_02917,DRV_0262,9.48,30.0,93.7,56.09
DEL_02918,ORD_02918,DRV_0177,4.78,24.0,51.7,55.53
DEL_02919,ORD_02919,DRV_0144,6.96,39.0,86.2,46.97
DEL_02920,ORD_02920,DRV_0215,2.09,34.0,56.2,21.29
DEL_02921,ORD_02921,DRV_0476,2.07,33.0,74.9,19.61
DEL_02922,ORD_02922,DRV_0141,4.52,31.0,64.7,13.26
DEL_02923,ORD_02923,DRV_0268,1.49,39.0,53.7,18.53
DEL_02924,ORD_02924,DRV_0139,1.92,35.0,64.8,19.76
DEL_02925,ORD_02925,DRV_0047,2.74,34.0,82.6,17.79
DEL_02926,ORD_02926,DRV_0060,6.03,14.0,70.7,28.45
DEL_02927,ORD_02927,DRV_0049,2.05,32.0,62.3,52.35
DEL_02928,ORD_02928,DRV_0052,4.27,25.0,54.0,53.23
DEL_02929,ORD_02929,DRV_0061,7.19,33.0,81.2,15.47
DEL_02930,ORD_02930,DRV_0214,3.01,33.0,62.7,27.58
DEL_02931,ORD_02931,DRV_0095,3.07,20.0,44.6,14.96
DEL_02932,ORD_02932,DRV_0120,6.06,41.0,66.0,40.83
DEL_02933,ORD_02933,DRV_0475,4.91,16.0,60.9,32.0
DEL_02934,ORD_02934,DRV_0219,3.28,6.0,43.5,32.98
DEL_02935,ORD_02935,DRV_0040,2.29,30.0,43.9,116.43
DEL_02936,ORD_02936,DRV_0346,2.69,36.0,43.0,40.11
DEL_02937,ORD_02937,DRV_0327,7.28,18.0,75.0,35.11
DEL_02938,ORD_02938,DRV_0459,3.01,35.0,80.5,43.14
DEL_02939,ORD_02939,DRV_0437,18.42,21.0,115.2,37.44
DEL_02940,ORD_02940,DRV_0317,2.46,31.0,50.8,28.1
DEL_02941,ORD_02941,DRV_0406,6.43,31.0,76.1,41.87
DEL_02942,ORD_02942,DRV_0232,6.62,21.0,72.7,13.93
DEL_02943,ORD_02943,DRV_0211,5.53,23.0,65.8,12.89
DEL_02944,ORD_02944,DRV_0038,1.38,21.0,32.3,21.68
DEL_02945,ORD_02945,DRV_0468,8.19,24.0,81.5,18.87
DEL_02946,ORD_02946,DRV_0317,4.18,26.0,69.6,17.9
DEL_02947,ORD_02947,DRV_0211,9.81,25.0,93.8,11.68
DEL_02948,ORD_02948,DRV_0083,3.49,34.0,71.1,24.73
DEL_02949,ORD_02949,DRV_0356,3.45,26.0,62.6,13.85
DEL_02950,ORD_02950,DRV_0118,5.72,32.0,74.6,14.89
DEL_02951,ORD_02951,DRV_0303,4.19,16.0,36.2,39.43
DEL_02952,ORD_02952,DRV_0027,1.47,22.0,57.7,56.05
DEL_02953,ORD_02953,DRV_0209,7.29,26.0,72.9,25.12
DEL_02954,ORD_02954,DRV_0402,1.25,17.0,50.9,21.83
DEL_02955,ORD_02955,DRV_0125,8.05,8.0,55.6,51.65
DEL_02956,ORD_02956,DRV_0276,2.17,35.0,76.3,20.45
DEL_02957,ORD_02957,DRV_0492,13.55,18.0,82.8,15.55
DEL_02958,ORD_02958,DRV_0298,1.43,23.0,50.4,36.0
DEL_02959,ORD_02959,DRV_0297,1.57,10.0,40.2,17.63
DEL_02960,ORD_02960,DRV_0072,2.1,15.0,45.4,67.96
DEL_02961,ORD_02961,DRV_0058,7.88,13.0,71.4,24.25
DEL_02962,ORD_02962,DRV_0296,6.15,18.0,51.0,30.55
DEL_02963,ORD_02963,DRV_0459,8.3,13.0,55.4,31.93
DEL_02964,ORD_02964,DRV_0119,6.5,20.0,71.8,71.63
DEL_02965,ORD_02965,DRV_0414,4.15,17.0,46.3,23.74
DEL_02966,ORD_02966,DRV_0396,9.39,25.0,82.4,24.17
DEL_02967,ORD_02967,DRV_0374,11.65,25.0,67.7,26.65
DEL_02968,ORD_02968,DRV_0062,1.95,34.0,47.5,43.44
DEL_02969,ORD_02969,DRV_0446,9.05,23.0,86.7,15.99
DEL_02970,ORD_02970,DRV_0087,8.96,21.0,92.9,50.67
DEL_02971,ORD_02971,DRV_0326,2.22,20.0,59.2,17.96
DEL_02972,ORD_02972,DRV_0099,2.74,22.0,62.0,13.46
DEL_02973,ORD_02973,DRV_0399,7.57,19.0,68.9,32.31
DEL_02974,ORD_02974,DRV_0124,3.02,37.0,67.2,37.25
DEL_02975,ORD_02975,DRV_0486,4.87,18.0,64.1,22.58
DEL_02976,ORD_02976,DRV_0476,5.1,34.0,74.6,32.43
DEL_02977,ORD_02977,DRV_0007,2.08,27.0,58.2,16.59
DEL_02978,ORD_02978,DRV_0134,2.08,10.0,35.7,27.01
DEL_02979,ORD_02979,DRV_0283,1.81,10.0,36.5,23.87
DEL_02980,ORD_02980,DRV_0002,6.25,30.0,64.6,32.58
DEL_02981,ORD_02981,DRV_0390,1.43,36.0,65.1,9.16
DEL_02982,ORD_02982,DRV_0317,8.0,16.0,76.0,19.15
DEL_02983,ORD_02983,DRV_0160,2.92,16.0,61.6,28.03
DEL_02984,ORD_02984,DRV_0157,4.83,19.0,76.0,42.54
DEL_02985,ORD_02985,DRV_0226,1.74,32.0,57.5,28.0
DEL_02986,ORD_02986,DRV_0321,13.72,16.0,93.6,42.31
DEL_02987,ORD_02987,DRV_0143,6.58,25.0,74.9,29.82
DEL_02988,ORD_02988,DRV_0394,6.41,18.0,63.7,3.22
DEL_02989,ORD_02989,DRV_0266,6.82,18.0,80.5,51.32
DEL_02990,ORD_02990,DRV_0266,6.06,19.0,87.7,27.15
DEL_02991,ORD_02991,DRV_0037,1.95,19.0,49.5,14.81
DEL_02992,ORD_02992,DRV_0288,2.37,12.0,40.9,46.81
DEL_02993,ORD_02993,DRV_0292,4.09,17.0,64.4,30.55
DEL_02994,ORD_02994,DRV_0320,6.21,9.0,35.8,49.5
DEL_02995,ORD_02995,DRV_0473,7.28,33.0,63.5,13.28
DEL_02996,ORD_02996,DRV_0399,2.52,27.0,68.7,13.66
DEL_02997,ORD_02997,DRV_0073,3.84,26.0,66.5,21.93
DEL_02998,ORD_02998,DRV_0016,10.96,27.0,83.3,17.31
DEL_02999,ORD_02999,DRV_0361,12.15,20.0,80.1,34.07
DEL_03000,ORD_03000,DRV_0083,3.38,23.0,48.9,21.09
DEL_03001,ORD_03001,DRV_0174,8.22,14.0,73.5,27.55
DEL_03002,ORD_03002,DRV_0378,1.27,11.0,24.1,25.85
DEL_03003,ORD_03003,DRV_0428,3.45,38.0,64.6,21.81
DEL_03004,ORD_03004,DRV_0076,9.09,36.0,88.3,24.63
DEL_03005,ORD_03005,DRV_0291,10.35,30.0,97.9,42.65
DEL_03006,ORD_03006,DRV_0381,5.71,28.0,65.4,36.56
DEL_03007,ORD_03007,DRV_0051,0.74,38.0,65.2,32.99
DEL_03008,ORD_03008,DRV_0363,0.68,18.0,47.5,22.28
DEL_03009,ORD_03009,DRV_0186,5.42,27.0,73.5,25.92
DEL_03010,ORD_03010,DRV_0005,5.75,20.0,61.8,22.89
DEL_03011,ORD_03011,DRV_0422,14.5,25.0,114.1,26.12
DEL_03012,ORD_03012,DRV_0262,2.58,15.0,52.3,45.56
DEL_03013,ORD_03013,DRV_0179,1.7,37.0,48.3,32.29
DEL_03014,ORD_03014,DRV_0142,3.94,20.0,66.9,21.61
DEL_03015,ORD_03015,DRV_0432,3.24,34.0,53.7,11.16
DEL_03016,ORD_03016,DRV_0268,6.68,31.0,90.0,33.5
DEL_03017,ORD_03017,DRV_0114,7.43,35.0,92.7,65.81
DEL_03018,ORD_03018,DRV_0470,3.85,28.0,71.1,12.93
DEL_03019,ORD_03019,DRV_0493,7.2,20.0,65.1,10.08
DEL_03020,ORD_03020,DRV_0180,2.06,20.0,53.5,57.18
DEL_03021,ORD_03021,DRV_0489,5.18,25.0,54.9,10.76
DEL_03022,ORD_03022,DRV_0370,0.5,31.0,49.0,29.57
DEL_03023,ORD_03023,DRV_0068,2.54,16.0,40.3,17.63
DEL_03024,ORD_03024,DRV_0107,6.3,23.0,66.2,15.36
DEL_03025,ORD_03025,DRV_0059,11.8,17.0,82.6,48.48
DEL_03026,ORD_03026,DRV_0274,2.29,12.0,37.9,28.8
DEL_03027,ORD_03027,DRV_0437,5.27,31.0,59.2,36.71
DEL_03028,ORD_03028,DRV_0031,2.21,7.0,37.8,10.86
DEL_03029,ORD_03029,DRV_0035,3.31,22.0,30.1,36.57
DEL_03030,ORD_03030,DRV_0260,5.94,14.0,40.8,29.18
DEL_03031,ORD_03031,DRV_0009,1.9,9.0,55.6,23.25
DEL_03032,ORD_03032,DRV_0109,3.31,26.0,57.8,86.24
DEL_03033,ORD_03033,DRV_0143,4.89,39.0,83.5,40.19
DEL_03034,ORD_03034,DRV_0042,5.13,30.0,41.4,24.88
DEL_03035,ORD_03035,DRV_0187,4.55,17.0,48.8,53.27
DEL_03036,ORD_03036,DRV_0085,4.89,33.0,71.5,36.38
DEL_03037,ORD_03037,DRV_0352,2.65,21.0,64.1,19.01
DEL_03038,ORD_03038,DRV_0201,2.37,30.0,56.4,13.06
DEL_03039,ORD_03039,DRV_0368,1.95,20.0,33.0,51.89
DEL_03040,ORD_03040,DRV_0288,2.17,12.0,38.9,25.48
DEL_03041,ORD_03041,DRV_0336,2.03,23.0,56.2,36.16
DEL_03042,ORD_03042,DRV_0301,4.6,31.0,66.3,57.17
DEL_03043,ORD_03043,DRV_0261,2.21,16.0,35.5,1.88
DEL_03044,ORD_03044,DRV_0490,4.9,36.0,54.4,29.09
DEL_03045,ORD_03045,DRV_0159,3.9,41.0,65.7,52.93
DEL_03046,ORD_03046,DRV_0153,5.49,15.0,57.5,23.49
DEL_03047,ORD_03047,DRV_0184,4.39,26.0,61.7,9.95
DEL_03048,ORD_03048,DRV_0257,4.1,32.0,69.0,21.82
DEL_03049,ORD_03049,DRV_0317,7.97,13.0,62.6,58.19
DEL_03050,ORD_03050,DRV_0067,7.51,14.0,78.0,32.4
DEL_03051,ORD_03051,DRV_0213,5.24,21.0,65.4,45.4
DEL_03052,ORD_03052,DRV_0220,7.42,20.0,67.0,16.05
DEL_03053,ORD_03053,DRV_0323,2.18,27.0,51.0,12.11
DEL_03054,ORD_03054,DRV_0426,3.37,24.0,45.5,31.31
DEL_03055,ORD_03055,DRV_0352,3.45,18.0,48.5,17.68
DEL_03056,ORD_03056,DRV_0224,5.02,35.0,67.7,28.35
DEL_03057,ORD_03057,DRV_0497,1.34,27.0,45.9,42.14
DEL_03058,ORD_03058,DRV_0094,5.2,35.0,89.6,18.17
DEL_03059,ORD_03059,DRV_0059,6.24,25.0,68.9,33.15
DEL_03060,ORD_03060,DRV_0178,6.11,13.0,56.9,52.47
DEL_03061,ORD_03061,DRV_0461,1.25,20.0,35.6,17.28
DEL_03062,ORD_03062,DRV_0290,1.45,16.0,46.3,72.08
DEL_03063,ORD_03063,DRV_0112,2.61,28.0,44.2,19.68
DEL_03064,ORD_03064,DRV_0324,12.03,25.0,85.9,44.79
DEL_03065,ORD_03065,DRV_0182,5.28,18.0,76.8,3.96
DEL_03066,ORD_03066,DRV_0466,1.51,31.0,50.9,21.06
DEL_03067,ORD_03067,DRV_0224,5.5,16.0,56.5,15.73
DEL_03068,ORD_03068,DRV_0398,4.56,26.0,51.0,22.83
DEL_03069,ORD_03069,DRV_0160,5.98,36.0,77.1,49.93
DEL_03070,ORD_03070,DRV_0454,4.06,19.0,39.0,22.56
DEL_03071,ORD_03071,DRV_0363,4.19,27.0,67.0,14.99
DEL_03072,ORD_03072,DRV_0337,2.58,30.0,66.6,47.67
DEL_03073,ORD_03073,DRV_0264,13.91,35.0,103.4,19.96
DEL_03074,ORD_03074,DRV_0163,3.27,22.0,36.2,17.79
DEL_03075,ORD_03075,DRV_0280,3.76,30.0,38.8,87.05
DEL_03076,ORD_03076,DRV_0003,2.94,25.0,55.6,17.3
DEL_03077,ORD_03077,DRV_0081,0.68,27.0,39.0,20.6
DEL_03078,ORD_03078,DRV_0292,1.37,20.0,40.7,9.95
DEL_03079,ORD_03079,DRV_0179,4.66,23.0,66.7,40.59
DEL_03080,ORD_03080,DRV_0360,3.18,42.0,74.5,11.67
DEL_03081,ORD_03081,DRV_0337,1.11,42.0,42.3,17.43
DEL_03082,ORD_03082,DRV_0441,6.5,9.0,49.1,35.97
DEL_03083,ORD_03083,DRV_0315,6.38,25.0,58.1,22.71
DEL_03084,ORD_03084,DRV_0094,5.75,31.0,70.1,20.47
DEL_03085,ORD_03085,DRV_0217,4.44,31.0,61.1,15.82
DEL_03086,ORD_03086,DRV_0022,10.63,19.0,82.3,30.09
DEL_03087,ORD_03087,DRV_0421,3.02,7.0,35.4,25.96
DEL_03088,ORD_03088,DRV_0459,4.43,16.0,52.0,35.2
DEL_03089,ORD_03089,DRV_0126,1.77,18.0,36.7,18.08
DEL_03090,ORD_03090,DRV_0268,1.23,14.0,42.5,26.18
DEL_03091,ORD_03091,DRV_0405,9.74,38.0,85.9,25.22
DEL_03092,ORD_03092,DRV_0143,5.74,11.0,45.8,10.61
DEL_03093,ORD_03093,DRV_0268,5.29,18.0,41.4,35.78
DEL_03094,ORD_03094,DRV_0342,13.5,15.0,93.8,37.21
DEL_03095,ORD_03095,DRV_0103,1.02,26.0,60.3,13.8
DEL_03096,ORD_03096,DRV_0056,1.5,30.0,70.0,22.85
DEL_03097,ORD_03097,DRV_0227,12.07,38.0,102.8,41.51
DEL_03098,ORD_03098,DRV_0106,4.53,29.0,58.7,16.09
DEL_03099,ORD_03099,DRV_0144,4.46,18.0,55.8,43.33
DEL_03100,ORD_03100,DRV_0033,3.3,30.0,55.2,12.67
DEL_03101,ORD_03101,DRV_0117,4.32,39.0,57.2,94.11
DEL_03102,ORD_03102,DRV_0171,5.53,34.0,83.8,8.99
DEL_03103,ORD_03103,DRV_0305,9.21,34.0,74.7,24.51
DEL_03104,ORD_03104,DRV_0334,11.02,34.0,92.6,24.49
DEL_03105,ORD_03105,DRV_0018,6.99,25.0,81.6,12.88
DEL_03106,ORD_03106,DRV_0236,13.46,31.0,101.8,21.34
DEL_03107,ORD_03107,DRV_0400,2.56,25.0,42.1,8.03
DEL_03108,ORD_03108,DRV_0168,8.05,33.0,68.9,32.04
DEL_03109,ORD_03109,DRV_0451,5.48,17.0,56.9,33.86
DEL_03110,ORD_03110,DRV_0363,5.14,22.0,49.8,60.61
DEL_03111,ORD_03111,DRV_0446,2.76,20.0,47.1,33.4
DEL_03112,ORD_03112,DRV_0346,4.07,30.0,55.8,40.6
DEL_03113,ORD_03113,DRV_0335,3.09,30.0,62.9,34.49
DEL_03114,ORD_03114,DRV_0356,0.63,24.0,50.8,24.27
DEL_03115,ORD_03115,DRV_0155,5.05,20.0,42.6,30.01
DEL_03116,ORD_03116,DRV_0240,12.28,32.0,109.4,11.02
DEL_03117,ORD_03117,DRV_0118,2.69,18.0,52.1,21.78
DEL_03118,ORD_03118,DRV_0376,5.22,14.0,55.0,17.09
DEL_03119,ORD_03119,DRV_0383,2.03,34.0,72.1,15.99
DEL_03120,ORD_03120,DRV_0081,7.52,29.0,77.8,30.87
DEL_03121,ORD_03121,DRV_0398,9.42,22.0,92.8,23.84
DEL_03122,ORD_03122,DRV_0450,0.8,22.0,37.1,14.69
DEL_03123,ORD_03123,DRV_0411,3.79,17.0,67.2,24.71
DEL_03124,ORD_03124,DRV_0310,3.2,35.0,64.9,25.57
DEL_03125,ORD_03125,DRV_0495,3.7,30.0,83.4,38.01
DEL_03126,ORD_03126,DRV_0344,7.23,22.0,54.8,33.6
DEL_03127,ORD_03127,DRV_0444,3.65,35.0,62.0,28.71
DEL_03128,ORD_03128,DRV_0168,8.41,22.0,92.7,25.05
DEL_03129,ORD_03129,DRV_0173,0.62,29.0,57.1,21.24
DEL_03130,ORD_03130,DRV_0355,4.84,21.0,65.5,37.79
DEL_03131,ORD_03131,DRV_0324,5.13,16.0,70.6,18.77
DEL_03132,ORD_03132,DRV_0218,1.64,21.0,35.9,29.75
DEL_03133,ORD_03133,DRV_0228,11.33,38.0,108.5,13.63
DEL_03134,ORD_03134,DRV_0452,3.35,29.0,66.4,7.92
DEL_03135,ORD_03135,DRV_0191,6.5,32.0,64.2,33.35
DEL_03136,ORD_03136,DRV_0226,2.51,30.0,44.6,28.04
DEL_03137,ORD_03137,DRV_0461,2.14,26.0,59.3,35.5
DEL_03138,ORD_03138,DRV_0168,7.08,32.0,74.8,19.06
DEL_03139,ORD_03139,DRV_0297,2.33,39.0,65.8,16.32
DEL_03140,ORD_03140,DRV_0189,3.72,26.0,49.3,32.49
DEL_03141,ORD_03141,DRV_0193,2.7,35.0,60.2,24.61
DEL_03142,ORD_03142,DRV_0001,6.82,14.0,79.4,11.97
DEL_03143,ORD_03143,DRV_0009,3.15,36.0,60.2,23.9
DEL_03144,ORD_03144,DRV_0075,1.8,11.0,55.3,13.61
DEL_03145,ORD_03145,DRV_0336,5.54,29.0,61.0,48.79
DEL_03146,ORD_03146,DRV_0349,10.6,16.0,72.1,31.54
DEL_03147,ORD_03147,DRV_0484,7.47,35.0,86.6,31.29
DEL_03148,ORD_03148,DRV_0143,7.6,25.0,88.2,20.88
DEL_03149,ORD_03149,DRV_0315,2.77,15.0,53.8,66.56
DEL_03150,ORD_03150,DRV_0487,4.9,32.0,54.1,22.77
DEL_03151,ORD_03151,DRV_0194,3.33,18.0,41.2,33.26
DEL_03152,ORD_03152,DRV_0010,1.95,16.0,47.3,20.77
DEL_03153,ORD_03153,DRV_0433,5.61,22.0,52.3,35.9
DEL_03154,ORD_03154,DRV_0139,5.22,13.0,81.7,38.75
DEL_03155,ORD_03155,DRV_0030,3.94,35.0,51.4,16.22
DEL_03156,ORD_03156,DRV_0279,8.94,14.0,75.1,17.67
DEL_03157,ORD_03157,DRV_0278,1.26,20.0,64.2,146.4
DEL_03158,ORD_03158,DRV_0435,6.29,25.0,57.6,26.0
DEL_03159,ORD_03159,DRV_0042,5.7,31.0,77.1,17.52
DEL_03160,ORD_03160,DRV_0228,0.96,18.0,25.0,25.91
DEL_03161,ORD_03161,DRV_0285,5.58,6.0,47.9,30.5
DEL_03162,ORD_03162,DRV_0429,1.2,28.0,56.4,22.42
DEL_03163,ORD_03163,DRV_0480,3.19,34.0,63.7,14.2
DEL_03164,ORD_03164,DRV_0417,3.47,38.0,66.0,14.31
DEL_03165,ORD_03165,DRV_0423,2.61,34.0,86.7,28.87
DEL_03166,ORD_03166,DRV_0201,2.51,25.0,35.0,35.71
DEL_03167,ORD_03167,DRV_0321,2.67,32.0,54.3,25.67
DEL_03168,ORD_03168,DRV_0210,4.65,36.0,70.0,32.05
DEL_03169,ORD_03169,DRV_0178,8.23,30.0,80.6,28.6
DEL_03170,ORD_03170,DRV_0368,5.96,28.0,63.2,38.95
DEL_03171,ORD_03171,DRV_0086,6.76,19.0,64.5,26.38
DEL_03172,ORD_03172,DRV_0048,10.2,31.0,93.6,43.38
DEL_03173,ORD_03173,DRV_0293,9.04,26.0,76.8,54.48
DEL_03174,ORD_03174,DRV_0206,6.63,20.0,52.0,26.36
DEL_03175,ORD_03175,DRV_0342,1.53,16.0,42.8,27.33
DEL_03176,ORD_03176,DRV_0417,3.13,19.0,60.2,48.15
DEL_03177,ORD_03177,DRV_0390,0.87,19.0,36.2,13.35
DEL_03178,ORD_03178,DRV_0347,1.44,34.0,61.0,28.75
DEL_03179,ORD_03179,DRV_0326,3.4,31.0,60.9,30.79
DEL_03180,ORD_03180,DRV_0311,4.51,21.0,55.8,26.17
DEL_03181,ORD_03181,DRV_0428,8.28,11.0,57.7,22.81
DEL_03182,ORD_03182,DRV_0306,6.87,11.0,44.9,17.37
DEL_03183,ORD_03183,DRV_0310,9.7,20.0,70.9,23.89
DEL_03184,ORD_03184,DRV_0191,1.98,26.0,59.1,15.52
DEL_03185,ORD_03185,DRV_0361,9.48,15.0,62.5,33.1
DEL_03186,ORD_03186,DRV_0016,5.85,27.0,74.1,13.8
DEL_03187,ORD_03187,DRV_0128,7.54,17.0,52.3,28.32
DEL_03188,ORD_03188,DRV_0303,4.99,33.0,82.1,20.15
DEL_03189,ORD_03189,DRV_0185,5.79,20.0,63.1,25.67
DEL_03190,ORD_03190,DRV_0130,4.43,34.0,55.2,38.65
DEL_03191,ORD_03191,DRV_0165,3.6,29.0,63.5,24.43
DEL_03192,ORD_03192,DRV_0093,4.63,38.0,65.8,20.66
DEL_03193,ORD_03193,DRV_0279,5.61,28.0,63.6,20.42
DEL_03194,ORD_03194,DRV_0213,11.66,18.0,87.9,23.85
DEL_03195,ORD_03195,DRV_0141,2.67,29.0,41.9,25.84
DEL_03196,ORD_03196,DRV_0115,2.72,26.0,44.8,69.42
DEL_03197,ORD_03197,DRV_0321,3.22,19.0,54.5,16.0
DEL_03198,ORD_03198,DRV_0477,10.02,20.0,76.4,38.51
DEL_03199,ORD_03199,DRV_0304,8.32,23.0,70.8,30.84
DEL_03200,ORD_03200,DRV_0007,5.1,24.0,62.2,21.86
DEL_03201,ORD_03201,DRV_0415,4.04,9.0,26.3,55.32
DEL_03202,ORD_03202,DRV_0447,2.07,31.0,48.9,18.98
DEL_03203,ORD_03203,DRV_0429,1.29,10.0,28.8,24.19
DEL_03204,ORD_03204,DRV_0056,3.65,17.0,63.6,29.47
DEL_03205,ORD_03205,DRV_0192,1.92,32.0,59.2,56.48
DEL_03206,ORD_03206,DRV_0022,8.03,19.0,60.9,23.58
DEL_03207,ORD_03207,DRV_0319,4.85,23.0,63.8,15.86
DEL_03208,ORD_03208,DRV_0080,4.25,26.0,68.5,25.51
DEL_03209,ORD_03209,DRV_0284,1.7,14.0,38.5,13.94
DEL_03210,ORD_03210,DRV_0428,3.25,30.0,59.7,28.01
DEL_03211,ORD_03211,DRV_0103,4.32,35.0,76.1,13.82
DEL_03212,ORD_03212,DRV_0217,10.09,23.0,81.3,13.39
DEL_03213,ORD_03213,DRV_0142,4.5,14.0,50.8,42.94
DEL_03214,ORD_03214,DRV_0498,6.08,35.0,97.1,28.63
DEL_03215,ORD_03215,DRV_0085,2.5,18.0,51.5,18.05
DEL_03216,ORD_03216,DRV_0403,3.89,29.0,65.5,46.48
DEL_03217,ORD_03217,DRV_0444,1.48,21.0,48.0,23.91
DEL_03218,ORD_03218,DRV_0077,9.04,20.0,84.3,37.22
DEL_03219,ORD_03219,DRV_0258,7.83,35.0,75.4,22.84
DEL_03220,ORD_03220,DRV_0307,11.43,26.0,89.3,24.66
DEL_03221,ORD_03221,DRV_0228,4.3,39.0,66.7,24.35
DEL_03222,ORD_03222,DRV_0078,0.89,29.0,59.4,38.36
DEL_03223,ORD_03223,DRV_0162,4.01,11.0,64.2,41.16
DEL_03224,ORD_03224,DRV_0082,2.54,32.0,75.8,36.88
DEL_03225,ORD_03225,DRV_0216,4.84,11.0,57.1,24.21
DEL_03226,ORD_03226,DRV_0478,4.44,18.0,64.7,52.67
DEL_03227,ORD_03227,DRV_0051,3.64,38.0,65.6,25.61
DEL_03228,ORD_03228,DRV_0403,2.44,38.0,56.7,15.34
DEL_03229,ORD_03229,DRV_0164,7.9,12.0,72.5,28.3
DEL_03230,ORD_03230,DRV_0251,2.14,33.0,53.4,52.2
DEL_03231,ORD_03231,DRV_0213,4.96,13.0,43.6,20.93
DEL_03232,ORD_03232,DRV_0211,10.85,37.0,102.8,28.69
DEL_03233,ORD_03233,DRV_0374,7.57,12.0,60.4,58.42
DEL_03234,ORD_03234,DRV_0410,2.31,18.0,67.3,21.48
DEL_03235,ORD_03235,DRV_0163,5.15,26.0,73.3,21.81
DEL_03236,ORD_03236,DRV_0319,1.41,20.0,48.6,24.75
DEL_03237,ORD_03237,DRV_0360,2.07,19.0,45.8,33.41
DEL_03238,ORD_03238,DRV_0388,3.52,32.0,46.4,21.17
DEL_03239,ORD_03239,DRV_0085,3.8,31.0,72.7,52.24
DEL_03240,ORD_03240,DRV_0003,7.28,27.0,91.7,13.9
DEL_03241,ORD_03241,DRV_0005,3.73,33.0,53.5,20.36
DEL_03242,ORD_03242,DRV_0235,4.34,33.0,60.8,25.03
DEL_03243,ORD_03243,DRV_0413,7.09,27.0,80.0,33.66
DEL_03244,ORD_03244,DRV_0375,2.4,29.0,54.1,31.05
DEL_03245,ORD_03245,DRV_0275,10.64,24.0,74.1,23.46
DEL_03246,ORD_03246,DRV_0371,9.36,32.0,84.3,23.05
DEL_03247,ORD_03247,DRV_0401,4.68,34.0,75.6,17.06
DEL_03248,ORD_03248,DRV_0290,6.68,25.0,73.4,53.11
DEL_03249,ORD_03249,DRV_0020,4.67,36.0,69.7,31.28
DEL_03250,ORD_03250,DRV_0412,4.06,26.0,60.0,34.49
DEL_03251,ORD_03251,DRV_0329,5.22,19.0,47.5,26.03
DEL_03252,ORD_03252,DRV_0195,7.97,32.0,90.5,35.07
DEL_03253,ORD_03253,DRV_0394,7.48,27.0,74.5,9.27
DEL_03254,ORD_03254,DRV_0149,2.65,14.0,40.9,27.58
DEL_03255,ORD_03255,DRV_0489,4.21,21.0,45.5,17.6
DEL_03256,ORD_03256,DRV_0116,1.79,30.0,59.6,13.6
DEL_03257,ORD_03257,DRV_0004,6.13,28.0,73.9,35.87
DEL_03258,ORD_03258,DRV_0022,6.73,34.0,88.5,32.4
DEL_03259,ORD_03259,DRV_0327,5.81,12.0,66.8,53.65
DEL_03260,ORD_03260,DRV_0190,17.64,27.0,113.0,21.68
DEL_03261,ORD_03261,DRV_0012,4.93,30.0,62.0,21.76
DEL_03262,ORD_03262,DRV_0395,0.82,39.0,33.6,31.07
DEL_03263,ORD_03263,DRV_0406,4.42,18.0,42.9,36.31
DEL_03264,ORD_03264,DRV_0413,2.25,40.0,67.6,19.39
DEL_03265,ORD_03265,DRV_0189,7.15,12.0,61.0,16.11
DEL_03266,ORD_03266,DRV_0317,8.12,31.0,85.8,13.6
DEL_03267,ORD_03267,DRV_0027,3.67,33.0,75.8,27.3
DEL_03268,ORD_03268,DRV_0431,4.41,33.0,86.0,28.62
DEL_03269,ORD_03269,DRV_0340,5.35,22.0,65.4,25.29
DEL_03270,ORD_03270,DRV_0142,5.23,17.0,63.6,17.7
DEL_03271,ORD_03271,DRV_0007,8.14,24.0,92.8,29.31
DEL_03272,ORD_03272,DRV_0399,5.09,33.0,57.1,33.08
DEL_03273,ORD_03273,DRV_0430,4.25,13.0,60.9,22.38
DEL_03274,ORD_03274,DRV_0412,3.69,18.0,40.9,22.57
DEL_03275,ORD_03275,DRV_0427,1.59,22.0,65.1,24.46
DEL_03276,ORD_03276,DRV_0010,2.13,14.0,43.4,42.3
DEL_03277,ORD_03277,DRV_0179,2.03,22.0,33.6,25.89
DEL_03278,ORD_03278,DRV_0003,15.42,41.0,109.2,11.75
DEL_03279,ORD_03279,DRV_0460,4.17,33.0,49.6,29.72
DEL_03280,ORD_03280,DRV_0461,6.69,26.0,89.2,21.49
DEL_03281,ORD_03281,DRV_0103,6.14,17.0,81.2,31.05
DEL_03282,ORD_03282,DRV_0300,0.92,12.0,46.2,21.22
DEL_03283,ORD_03283,DRV_0054,3.84,9.0,37.3,39.01
DEL_03284,ORD_03284,DRV_0162,5.73,14.0,59.2,47.34
DEL_03285,ORD_03285,DRV_0449,0.65,32.0,53.8,18.78
DEL_03286,ORD_03286,DRV_0230,3.84,39.0,84.5,11.97
DEL_03287,ORD_03287,DRV_0345,7.05,16.0,65.6,33.7
DEL_03288,ORD_03288,DRV_0211,3.41,20.0,47.0,24.14
DEL_03289,ORD_03289,DRV_0281,6.42,20.0,62.8,19.17
DEL_03290,ORD_03290,DRV_0447,2.31,31.0,49.1,25.1
DEL_03291,ORD_03291,DRV_0070,3.24,26.0,69.3,56.49
DEL_03292,ORD_03292,DRV_0301,6.7,9.0,54.3,22.18
DEL_03293,ORD_03293,DRV_0068,3.95,29.0,61.0,28.36
DEL_03294,ORD_03294,DRV_0282,1.79,20.0,44.3,19.34
DEL_03295,ORD_03295,DRV_0282,7.08,16.0,59.6,52.57
DEL_03296,ORD_03296,DRV_0154,5.2,29.0,54.9,5.34
DEL_03297,ORD_03297,DRV_0462,2.39,35.0,67.5,9.67
DEL_03298,ORD_03298,DRV_0446,6.62,28.0,58.6,22.32
DEL_03299,ORD_03299,DRV_0224,3.57,23.0,60.2,24.46
DEL_03300,ORD_03300,DRV_0368,9.43,19.0,80.1,18.27
DEL_03301,ORD_03301,DRV_0348,8.1,30.0,85.0,53.32
DEL_03302,ORD_03302,DRV_0189,4.44,9.0,52.2,29.46
DEL_03303,ORD_03303,DRV_0386,5.92,19.0,55.0,19.53
DEL_03304,ORD_03304,DRV_0041,9.08,24.0,76.9,35.85
DEL_03305,ORD_03305,DRV_0173,4.41,16.0,36.5,18.18
DEL_03306,ORD_03306,DRV_0469,0.86,32.0,69.1,55.87
DEL_03307,ORD_03307,DRV_0238,5.88,25.0,74.8,15.58
DEL_03308,ORD_03308,DRV_0270,7.25,6.0,56.6,19.95
DEL_03309,ORD_03309,DRV_0165,7.43,31.0,94.6,31.76
DEL_03310,ORD_03310,DRV_0130,2.27,20.0,59.4,61.32
DEL_03311,ORD_03311,DRV_0005,9.51,29.0,94.5,45.45
DEL_03312,ORD_03312,DRV_0358,15.86,24.0,108.9,23.36
DEL_03313,ORD_03313,DRV_0130,7.34,38.0,76.6,32.89
DEL_03314,ORD_03314,DRV_0385,3.53,14.0,47.4,16.22
DEL_03315,ORD_03315,DRV_0176,5.44,33.0,89.7,15.69
DEL_03316,ORD_03316,DRV_0022,6.42,20.0,68.7,14.08
DEL_03317,ORD_03317,DRV_0041,6.86,28.0,70.3,16.36
DEL_03318,ORD_03318,DRV_0153,4.95,12.0,45.5,24.28
DEL_03319,ORD_03319,DRV_0046,1.98,19.0,53.2,18.57
DEL_03320,ORD_03320,DRV_0350,6.76,18.0,59.1,32.54
DEL_03321,ORD_03321,DRV_0009,2.76,33.0,66.6,32.12
DEL_03322,ORD_03322,DRV_0445,3.51,25.0,60.8,15.98
DEL_03323,ORD_03323,DRV_0101,2.4,18.0,30.8,15.2
DEL_03324,ORD_03324,DRV_0047,1.83,20.0,48.3,37.22
DEL_03325,ORD_03325,DRV_0330,3.41,37.0,51.1,20.15
DEL_03326,ORD_03326,DRV_0207,5.25,45.0,86.6,22.22
DEL_03327,ORD_03327,DRV_0241,3.0,26.0,56.5,24.28
DEL_03328,ORD_03328,DRV_0003,2.32,15.0,69.2,34.37
DEL_03329,ORD_03329,DRV_0264,4.33,35.0,75.8,10.92
DEL_03330,ORD_03330,DRV_0409,1.01,27.0,55.8,34.49
DEL_03331,ORD_03331,DRV_0036,0.5,23.0,59.1,4.53
DEL_03332,ORD_03332,DRV_0299,7.61,21.0,60.5,13.42
DEL_03333,ORD_03333,DRV_0243,1.55,15.0,31.8,36.76
DEL_03334,ORD_03334,DRV_0238,4.6,21.0,64.4,52.67
DEL_03335,ORD_03335,DRV_0434,7.67,38.0,84.0,14.62
DEL_03336,ORD_03336,DRV_0319,4.67,16.0,42.4,25.38
DEL_03337,ORD_03337,DRV_0469,2.49,27.0,55.0,24.71
DEL_03338,ORD_03338,DRV_0418,4.4,25.0,41.1,20.92
DEL_03339,ORD_03339,DRV_0219,2.72,12.0,37.0,13.72
DEL_03340,ORD_03340,DRV_0201,3.3,22.0,56.0,29.61
DEL_03341,ORD_03341,DRV_0394,1.25,39.0,51.9,21.87
DEL_03342,ORD_03342,DRV_0027,0.51,20.0,39.0,23.93
DEL_03343,ORD_03343,DRV_0089,3.14,17.0,32.0,64.03
DEL_03344,ORD_03344,DRV_0269,1.72,15.0,54.1,30.19
DEL_03345,ORD_03345,DRV_0307,5.83,21.0,82.8,15.86
DEL_03346,ORD_03346,DRV_0324,4.26,18.0,84.9,12.95
DEL_03347,ORD_03347,DRV_0124,3.31,10.0,52.4,24.74
DEL_03348,ORD_03348,DRV_0400,11.28,22.0,82.3,68.44
DEL_03349,ORD_03349,DRV_0396,5.19,40.0,79.0,34.84
DEL_03350,ORD_03350,DRV_0281,4.77,17.0,53.6,8.7
DEL_03351,ORD_03351,DRV_0496,9.28,32.0,93.3,18.49
DEL_03352,ORD_03352,DRV_0255,2.14,33.0,53.2,32.27
DEL_03353,ORD_03353,DRV_0433,2.94,28.0,55.9,31.02
DEL_03354,ORD_03354,DRV_0400,1.95,12.0,32.1,26.79
DEL_03355,ORD_03355,DRV_0359,4.21,35.0,62.0,23.13
DEL_03356,ORD_03356,DRV_0002,13.25,32.0,108.8,31.65
DEL_03357,ORD_03357,DRV_0329,2.97,21.0,72.0,45.64
DEL_03358,ORD_03358,DRV_0123,3.89,35.0,92.1,6.35
DEL_03359,ORD_03359,DRV_0236,1.54,32.0,73.7,30.14
DEL_03360,ORD_03360,DRV_0383,7.7,12.0,61.1,26.44
DEL_03361,ORD_03361,DRV_0077,10.34,32.0,66.3,31.36
DEL_03362,ORD_03362,DRV_0078,3.01,18.0,56.4,24.32
DEL_03363,ORD_03363,DRV_0332,15.75,29.0,122.1,15.66
DEL_03364,ORD_03364,DRV_0163,0.94,26.0,40.4,60.64
DEL_03365,ORD_03365,DRV_0150,3.65,29.0,76.8,28.88
DEL_03366,ORD_03366,DRV_0469,2.96,31.0,75.4,17.11
DEL_03367,ORD_03367,DRV_0048,4.43,25.0,57.2,47.25
DEL_03368,ORD_03368,DRV_0114,6.9,34.0,70.8,35.4
DEL_03369,ORD_03369,DRV_0064,9.96,19.0,90.6,44.23
DEL_03370,ORD_03370,DRV_0451,2.64,32.0,50.0,15.33
DEL_03371,ORD_03371,DRV_0150,5.28,24.0,50.5,26.89
DEL_03372,ORD_03372,DRV_0073,4.83,20.0,43.9,26.1
DEL_03373,ORD_03373,DRV_0047,7.48,24.0,71.6,56.61
DEL_03374,ORD_03374,DRV_0296,3.24,23.0,52.3,17.79
DEL_03375,ORD_03375,DRV_0362,2.53,20.0,44.2,60.07
DEL_03376,ORD_03376,DRV_0181,2.79,18.0,50.3,20.73
DEL_03377,ORD_03377,DRV_0374,6.34,18.0,71.0,33.41
DEL_03378,ORD_03378,DRV_0259,1.19,22.0,41.5,27.23
DEL_03379,ORD_03379,DRV_0095,2.87,24.0,44.8,25.93
DEL_03380,ORD_03380,DRV_0101,3.95,20.0,41.2,22.12
DEL_03381,ORD_03381,DRV_0390,5.18,33.0,77.2,29.48
DEL_03382,ORD_03382,DRV_0398,5.04,12.0,36.2,23.61
DEL_03383,ORD_03383,DRV_0083,2.01,28.0,44.3,9.34
DEL_03384,ORD_03384,DRV_0442,1.51,33.0,41.6,23.66
DEL_03385,ORD_03385,DRV_0082,5.5,17.0,54.6,11.86
DEL_03386,ORD_03386,DRV_0121,2.67,11.0,70.7,44.29
DEL_03387,ORD_03387,DRV_0391,3.9,19.0,68.9,27.76
DEL_03388,ORD_03388,DRV_0484,2.21,11.0,44.4,20.54
DEL_03389,ORD_03389,DRV_0413,2.18,32.0,79.2,34.75
DEL_03390,ORD_03390,DRV_0003,5.93,33.0,67.4,38.89
DEL_03391,ORD_03391,DRV_0013,4.57,24.0,61.1,29.37
DEL_03392,ORD_03392,DRV_0164,3.51,19.0,52.7,26.66
DEL_03393,ORD_03393,DRV_0105,4.13,20.0,62.6,48.14
DEL_03394,ORD_03394,DRV_0345,2.97,33.0,69.4,18.58
DEL_03395,ORD_03395,DRV_0348,4.3,20.0,54.3,68.15
DEL_03396,ORD_03396,DRV_0166,3.43,34.0,57.0,30.7
DEL_03397,ORD_03397,DRV_0075,10.08,24.0,77.3,33.54
DEL_03398,ORD_03398,DRV_0060,2.85,24.0,42.7,29.88
DEL_03399,ORD_03399,DRV_0233,2.35,34.0,49.8,21.59
DEL_03400,ORD_03400,DRV_0382,8.08,26.0,79.3,29.4
DEL_03401,ORD_03401,DRV_0073,3.57,31.0,43.4,49.82
DEL_03402,ORD_03402,DRV_0278,8.49,13.0,78.9,26.63
DEL_03403,ORD_03403,DRV_0149,6.02,28.0,55.2,53.18
DEL_03404,ORD_03404,DRV_0123,2.14,37.0,64.6,21.94
DEL_03405,ORD_03405,DRV_0467,4.39,23.0,67.2,25.49
DEL_03406,ORD_03406,DRV_0289,1.71,18.0,49.1,36.02
DEL_03407,ORD_03407,DRV_0004,9.62,25.0,82.7,30.99
DEL_03408,ORD_03408,DRV_0481,2.33,19.0,41.4,18.63
DEL_03409,ORD_03409,DRV_0237,0.5,13.0,62.1,18.25
DEL_03410,ORD_03410,DRV_0208,1.94,19.0,38.7,29.63
DEL_03411,ORD_03411,DRV_0172,10.88,23.0,72.1,15.47
DEL_03412,ORD_03412,DRV_0385,5.34,42.0,79.8,35.86
DEL_03413,ORD_03413,DRV_0446,4.38,25.0,37.5,40.23
DEL_03414,ORD_03414,DRV_0207,1.06,15.0,31.8,19.37
DEL_03415,ORD_03415,DRV_0150,11.38,28.0,91.3,30.45
DEL_03416,ORD_03416,DRV_0224,8.85,23.0,72.0,20.88
DEL_03417,ORD_03417,DRV_0059,1.93,17.0,38.9,22.62
DEL_03418,ORD_03418,DRV_0293,0.99,19.0,53.9,34.42
DEL_03419,ORD_03419,DRV_0151,6.69,25.0,55.5,21.47
DEL_03420,ORD_03420,DRV_0161,7.64,22.0,66.2,14.58
DEL_03421,ORD_03421,DRV_0113,5.5,17.0,57.1,19.06
DEL_03422,ORD_03422,DRV_0232,8.77,10.0,61.8,37.45
DEL_03423,ORD_03423,DRV_0406,4.95,21.0,50.4,38.38
DEL_03424,ORD_03424,DRV_0448,2.67,22.0,45.9,14.91
DEL_03425,ORD_03425,DRV_0488,9.23,17.0,75.7,56.5
DEL_03426,ORD_03426,DRV_0383,2.59,36.0,60.3,18.42
DEL_03427,ORD_03427,DRV_0446,4.17,17.0,50.2,43.45
DEL_03428,ORD_03428,DRV_0374,5.41,21.0,69.3,21.57
DEL_03429,ORD_03429,DRV_0438,3.94,24.0,45.6,27.31
DEL_03430,ORD_03430,DRV_0186,9.87,20.0,93.7,26.29
DEL_03431,ORD_03431,DRV_0239,8.31,23.0,88.1,24.31
DEL_03432,ORD_03432,DRV_0247,2.7,24.0,63.3,55.62
DEL_03433,ORD_03433,DRV_0140,9.83,41.0,83.9,48.46
DEL_03434,ORD_03434,DRV_0112,1.01,18.0,37.7,15.27
DEL_03435,ORD_03435,DRV_0402,0.96,22.0,47.7,16.96
DEL_03436,ORD_03436,DRV_0480,17.93,24.0,105.8,33.16
DEL_03437,ORD_03437,DRV_0195,8.3,13.0,66.1,27.27
DEL_03438,ORD_03438,DRV_0444,1.82,35.0,67.6,28.25
DEL_03439,ORD_03439,DRV_0125,3.54,33.0,53.0,13.23
DEL_03440,ORD_03440,DRV_0356,3.55,37.0,63.9,46.18
DEL_03441,ORD_03441,DRV_0239,7.45,25.0,72.3,24.77
DEL_03442,ORD_03442,DRV_0494,6.33,20.0,75.9,29.17
DEL_03443,ORD_03443,DRV_0001,9.45,38.0,110.9,6.77
DEL_03444,ORD_03444,DRV_0121,2.52,16.0,42.7,8.97
DEL_03445,ORD_03445,DRV_0089,7.79,20.0,67.5,22.28
DEL_03446,ORD_03446,DRV_0020,2.31,37.0,54.7,34.81
DEL_03447,ORD_03447,DRV_0273,5.46,16.0,47.3,12.53
DEL_03448,ORD_03448,DRV_0177,5.48,18.0,45.6,28.25
DEL_03449,ORD_03449,DRV_0406,3.93,32.0,63.6,20.93
DEL_03450,ORD_03450,DRV_0114,2.3,17.0,52.7,19.17
DEL_03451,ORD_03451,DRV_0417,5.86,28.0,57.7,14.72
DEL_03452,ORD_03452,DRV_0282,7.67,16.0,45.4,15.04
DEL_03453,ORD_03453,DRV_0027,14.69,36.0,105.0,36.81
DEL_03454,ORD_03454,DRV_0188,4.07,34.0,56.7,31.31
DEL_03455,ORD_03455,DRV_0418,3.63,23.0,63.9,16.42
DEL_03456,ORD_03456,DRV_0087,9.56,29.0,70.1,31.68
DEL_03457,ORD_03457,DRV_0080,9.19,28.0,89.4,63.43
DEL_03458,ORD_03458,DRV_0462,1.31,41.0,56.5,13.05
DEL_03459,ORD_03459,DRV_0180,7.86,30.0,78.4,15.01
DEL_03460,ORD_03460,DRV_0055,7.24,12.0,51.6,6.22
DEL_03461,ORD_03461,DRV_0247,3.81,15.0,65.6,90.83
DEL_03462,ORD_03462,DRV_0500,4.96,17.0,60.2,38.65
DEL_03463,ORD_03463,DRV_0317,1.4,36.0,51.1,12.58
DEL_03464,ORD_03464,DRV_0434,7.68,23.0,58.3,4.52
DEL_03465,ORD_03465,DRV_0233,6.74,39.0,85.3,63.13
DEL_03466,ORD_03466,DRV_0447,10.01,19.0,94.0,13.0
DEL_03467,ORD_03467,DRV_0448,2.52,33.0,51.1,67.44
DEL_03468,ORD_03468,DRV_0270,2.84,12.0,65.1,23.48
DEL_03469,ORD_03469,DRV_0382,3.97,31.0,72.7,34.93
DEL_03470,ORD_03470,DRV_0109,1.15,27.0,51.9,45.99
DEL_03471,ORD_03471,DRV_0474,3.31,29.0,71.1,36.22
DEL_03472,ORD_03472,DRV_0238,9.37,25.0,86.6,22.73
DEL_03473,ORD_03473,DRV_0378,5.75,19.0,60.4,66.99
DEL_03474,ORD_03474,DRV_0307,1.2,31.0,61.0,30.69
DEL_03475,ORD_03475,DRV_0369,2.62,29.0,65.6,21.85
DEL_03476,ORD_03476,DRV_0155,2.48,28.0,61.1,22.34
DEL_03477,ORD_03477,DRV_0168,11.35,19.0,80.5,19.25
DEL_03478,ORD_03478,DRV_0068,6.29,18.0,60.2,20.22
DEL_03479,ORD_03479,DRV_0265,9.38,27.0,98.1,13.84
DEL_03480,ORD_03480,DRV_0440,0.89,17.0,28.0,34.16
DEL_03481,ORD_03481,DRV_0475,4.14,19.0,63.4,12.92
DEL_03482,ORD_03482,DRV_0235,2.46,18.0,33.6,28.22
DEL_03483,ORD_03483,DRV_0039,2.81,24.0,62.3,36.4
DEL_03484,ORD_03484,DRV_0143,3.46,24.0,57.7,22.45
DEL_03485,ORD_03485,DRV_0345,3.72,21.0,69.8,51.98
DEL_03486,ORD_03486,DRV_0018,3.32,26.0,50.6,26.54
DEL_03487,ORD_03487,DRV_0052,1.47,32.0,49.6,34.35
DEL_03488,ORD_03488,DRV_0445,11.51,25.0,91.5,34.22
DEL_03489,ORD_03489,DRV_0222,4.65,32.0,73.2,22.5
DEL_03490,ORD_03490,DRV_0293,13.74,27.0,97.4,20.1
DEL_03491,ORD_03491,DRV_0080,8.98,21.0,61.4,42.39
DEL_03492,ORD_03492,DRV_0181,2.88,21.0,49.1,12.0
DEL_03493,ORD_03493,DRV_0140,8.95,19.0,89.7,25.7
DEL_03494,ORD_03494,DRV_0209,1.66,15.0,38.1,23.01
DEL_03495,ORD_03495,DRV_0409,2.9,23.0,61.9,10.78
DEL_03496,ORD_03496,DRV_0335,3.57,29.0,51.5,28.26
DEL_03497,ORD_03497,DRV_0281,4.36,24.0,61.2,20.1
DEL_03498,ORD_03498,DRV_0405,3.02,16.0,71.3,21.47
DEL_03499,ORD_03499,DRV_0122,3.98,13.0,49.3,19.76
DEL_03500,ORD_03500,DRV_0211,5.3,12.0,54.8,18.27
DEL_03501,ORD_03501,DRV_0344,4.12,29.0,64.7,21.59
DEL_03502,ORD_03502,DRV_0135,3.67,11.0,71.3,11.23
DEL_03503,ORD_03503,DRV_0460,8.19,34.0,95.4,19.79
DEL_03504,ORD_03504,DRV_0177,8.84,16.0,81.6,21.97
DEL_03505,ORD_03505,DRV_0039,5.95,33.0,69.9,28.86
DEL_03506,ORD_03506,DRV_0075,2.27,26.0,49.8,28.14
DEL_03507,ORD_03507,DRV_0353,1.68,12.0,37.3,29.26
DEL_03508,ORD_03508,DRV_0049,4.3,12.0,60.9,35.17
DEL_03509,ORD_03509,DRV_0217,2.66,11.0,31.9,12.38
DEL_03510,ORD_03510,DRV_0246,5.33,23.0,67.8,14.26
DEL_03511,ORD_03511,DRV_0231,1.99,17.0,41.9,18.56
DEL_03512,ORD_03512,DRV_0418,8.96,21.0,83.2,13.3
DEL_03513,ORD_03513,DRV_0255,11.84,37.0,109.3,14.31
DEL_03514,ORD_03514,DRV_0203,4.43,22.0,47.1,28.66
DEL_03515,ORD_03515,DRV_0144,3.57,18.0,70.4,35.73
DEL_03516,ORD_03516,DRV_0352,12.65,29.0,89.7,20.06
DEL_03517,ORD_03517,DRV_0399,6.79,21.0,56.3,16.58
DEL_03518,ORD_03518,DRV_0296,11.08,27.0,86.6,62.64
DEL_03519,ORD_03519,DRV_0463,4.3,12.0,56.2,33.93
DEL_03520,ORD_03520,DRV_0007,2.32,32.0,52.1,8.09
DEL_03521,ORD_03521,DRV_0101,4.45,16.0,29.0,30.32
DEL_03522,ORD_03522,DRV_0296,8.21,29.0,73.5,15.18
DEL_03523,ORD_03523,DRV_0450,6.69,33.0,69.3,20.54
DEL_03524,ORD_03524,DRV_0326,3.87,30.0,69.4,12.5
DEL_03525,ORD_03525,DRV_0228,1.75,16.0,36.6,12.3
DEL_03526,ORD_03526,DRV_0103,3.63,14.0,40.7,23.35
DEL_03527,ORD_03527,DRV_0486,1.78,16.0,37.7,31.65
DEL_03528,ORD_03528,DRV_0092,12.57,21.0,89.2,32.84
DEL_03529,ORD_03529,DRV_0278,0.65,36.0,55.0,24.64
DEL_03530,ORD_03530,DRV_0357,2.52,33.0,53.8,35.98
DEL_03531,ORD_03531,DRV_0187,3.57,23.0,46.6,39.36
DEL_03532,ORD_03532,DRV_0389,6.44,33.0,50.7,60.88
DEL_03533,ORD_03533,DRV_0146,5.18,18.0,56.6,14.52
DEL_03534,ORD_03534,DRV_0267,0.99,23.0,39.9,33.85
DEL_03535,ORD_03535,DRV_0119,2.77,29.0,62.9,32.55
DEL_03536,ORD_03536,DRV_0264,3.26,24.0,44.6,33.56
DEL_03537,ORD_03537,DRV_0276,3.28,26.0,52.4,19.87
DEL_03538,ORD_03538,DRV_0203,4.98,33.0,79.4,19.39
DEL_03539,ORD_03539,DRV_0059,9.73,29.0,83.3,38.29
DEL_03540,ORD_03540,DRV_0347,1.38,18.0,47.6,17.38
DEL_03541,ORD_03541,DRV_0477,4.83,16.0,61.7,29.11
DEL_03542,ORD_03542,DRV_0153,1.73,13.0,23.8,23.66
DEL_03543,ORD_03543,DRV_0186,7.6,23.0,60.0,18.44
DEL_03544,ORD_03544,DRV_0115,5.79,12.0,79.6,19.59
DEL_03545,ORD_03545,DRV_0275,1.03,10.0,42.5,37.77
DEL_03546,ORD_03546,DRV_0381,7.26,31.0,86.7,48.0
DEL_03547,ORD_03547,DRV_0386,4.73,31.0,76.6,38.27
DEL_03548,ORD_03548,DRV_0362,1.14,30.0,43.9,39.77
DEL_03549,ORD_03549,DRV_0487,3.99,33.0,63.3,47.29
DEL_03550,ORD_03550,DRV_0236,5.76,35.0,67.2,19.18
DEL_03551,ORD_03551,DRV_0442,19.35,13.0,110.6,27.6
DEL_03552,ORD_03552,DRV_0066,1.93,32.0,60.6,36.59
DEL_03553,ORD_03553,DRV_0263,0.9,17.0,55.0,15.03
DEL_03554,ORD_03554,DRV_0051,2.77,19.0,47.2,23.07
DEL_03555,ORD_03555,DRV_0351,5.19,25.0,59.8,27.11
DEL_03556,ORD_03556,DRV_0417,5.21,14.0,46.6,25.82
DEL_03557,ORD_03557,DRV_0331,4.37,33.0,52.5,21.88
DEL_03558,ORD_03558,DRV_0232,4.26,19.0,58.4,18.89
DEL_03559,ORD_03559,DRV_0360,3.82,26.0,55.8,49.3
DEL_03560,ORD_03560,DRV_0494,3.6,31.0,70.5,30.07
DEL_03561,ORD_03561,DRV_0013,10.11,25.0,78.9,23.99
DEL_03562,ORD_03562,DRV_0394,2.16,29.0,66.0,31.15
DEL_03563,ORD_03563,DRV_0369,2.99,30.0,63.1,13.9
DEL_03564,ORD_03564,DRV_0315,1.36,19.0,53.6,55.09
DEL_03565,ORD_03565,DRV_0294,5.4,18.0,56.6,19.82
DEL_03566,ORD_03566,DRV_0020,8.04,19.0,65.2,48.17
DEL_03567,ORD_03567,DRV_0213,4.49,21.0,81.7,29.71
DEL_03568,ORD_03568,DRV_0270,10.45,24.0,94.6,16.11
DEL_03569,ORD_03569,DRV_0472,3.97,14.0,63.5,35.01
DEL_03570,ORD_03570,DRV_0040,1.32,20.0,39.6,28.96
DEL_03571,ORD_03571,DRV_0135,6.08,18.0,68.2,11.21
DEL_03572,ORD_03572,DRV_0453,0.88,39.0,47.9,18.0
DEL_03573,ORD_03573,DRV_0262,2.36,24.0,60.3,25.33
DEL_03574,ORD_03574,DRV_0424,3.68,12.0,43.2,19.6
DEL_03575,ORD_03575,DRV_0181,2.23,17.0,34.6,67.89
DEL_03576,ORD_03576,DRV_0227,15.86,32.0,113.6,86.27
DEL_03577,ORD_03577,DRV_0265,4.4,26.0,79.9,14.82
DEL_03578,ORD_03578,DRV_0106,4.28,25.0,53.8,30.81
DEL_03579,ORD_03579,DRV_0321,5.84,39.0,81.6,12.38
DEL_03580,ORD_03580,DRV_0487,2.15,17.0,51.7,41.05
DEL_03581,ORD_03581,DRV_0404,6.33,27.0,59.9,17.61
DEL_03582,ORD_03582,DRV_0390,7.24,9.0,59.6,23.72
DEL_03583,ORD_03583,DRV_0096,5.94,17.0,65.8,12.98
DEL_03584,ORD_03584,DRV_0461,16.4,30.0,114.6,15.43
DEL_03585,ORD_03585,DRV_0295,2.82,24.0,44.6,17.96
DEL_03586,ORD_03586,DRV_0488,3.95,26.0,56.5,26.8
DEL_03587,ORD_03587,DRV_0123,1.32,22.0,54.5,20.15
DEL_03588,ORD_03588,DRV_0277,3.63,12.0,35.0,16.23
DEL_03589,ORD_03589,DRV_0037,4.14,18.0,44.9,24.98
DEL_03590,ORD_03590,DRV_0268,5.47,27.0,71.4,13.1
DEL_03591,ORD_03591,DRV_0198,4.2,38.0,71.9,28.24
DEL_03592,ORD_03592,DRV_0255,2.15,33.0,54.2,21.36
DEL_03593,ORD_03593,DRV_0015,5.86,31.0,65.2,56.92
DEL_03594,ORD_03594,DRV_0405,5.31,35.0,73.0,44.27
DEL_03595,ORD_03595,DRV_0085,3.73,28.0,57.6,15.36
DEL_03596,ORD_03596,DRV_0092,2.95,35.0,71.7,20.39
DEL_03597,ORD_03597,DRV_0100,2.35,24.0,77.9,20.27
DEL_03598,ORD_03598,DRV_0465,9.47,15.0,57.0,31.24
DEL_03599,ORD_03599,DRV_0174,6.99,20.0,61.1,21.1
DEL_03600,ORD_03600,DRV_0455,6.82,34.0,77.5,19.63
DEL_03601,ORD_03601,DRV_0215,4.13,24.0,56.2,23.19
DEL_03602,ORD_03602,DRV_0365,7.88,20.0,77.9,23.08
DEL_03603,ORD_03603,DRV_0086,4.9,33.0,67.6,25.18
DEL_03604,ORD_03604,DRV_0394,4.02,22.0,63.4,46.27
DEL_03605,ORD_03605,DRV_0082,2.31,40.0,73.9,26.63
DEL_03606,ORD_03606,DRV_0322,4.18,30.0,56.6,30.94
DEL_03607,ORD_03607,DRV_0374,0.51,28.0,49.4,19.25
DEL_03608,ORD_03608,DRV_0460,7.71,14.0,78.4,14.55
DEL_03609,ORD_03609,DRV_0493,2.07,22.0,46.2,9.03
DEL_03610,ORD_03610,DRV_0117,2.49,20.0,28.7,57.18
DEL_03611,ORD_03611,DRV_0167,3.22,27.0,45.7,13.35
DEL_03612,ORD_03612,DRV_0242,2.33,18.0,67.7,25.39
DEL_03613,ORD_03613,DRV_0278,5.62,20.0,68.6,15.86
DEL_03614,ORD_03614,DRV_0491,8.46,33.0,96.9,48.81
DEL_03615,ORD_03615,DRV_0342,8.78,15.0,52.0,17.12
DEL_03616,ORD_03616,DRV_0426,3.63,21.0,52.9,10.66
DEL_03617,ORD_03617,DRV_0470,2.61,21.0,51.8,34.5
DEL_03618,ORD_03618,DRV_0134,8.1,34.0,80.5,22.46
DEL_03619,ORD_03619,DRV_0366,1.75,25.0,45.8,15.66
DEL_03620,ORD_03620,DRV_0180,7.4,33.0,79.4,34.29
DEL_03621,ORD_03621,DRV_0165,5.79,32.0,77.1,21.74
DEL_03622,ORD_03622,DRV_0212,5.51,32.0,62.2,14.6
DEL_03623,ORD_03623,DRV_0006,2.68,29.0,66.5,17.49
DEL_03624,ORD_03624,DRV_0073,6.98,19.0,50.1,17.59
DEL_03625,ORD_03625,DRV_0413,4.38,29.0,74.9,30.14
DEL_03626,ORD_03626,DRV_0357,7.15,30.0,72.4,19.85
DEL_03627,ORD_03627,DRV_0453,1.2,33.0,34.4,12.71
DEL_03628,ORD_03628,DRV_0435,0.69,22.0,53.7,30.62
DEL_03629,ORD_03629,DRV_0077,13.78,17.0,82.7,41.84
DEL_03630,ORD_03630,DRV_0283,1.13,37.0,50.2,44.08
DEL_03631,ORD_03631,DRV_0215,9.37,12.0,73.7,9.61
DEL_03632,ORD_03632,DRV_0165,6.56,29.0,53.0,26.82
DEL_03633,ORD_03633,DRV_0174,7.03,22.0,53.5,21.75
DEL_03634,ORD_03634,DRV_0098,0.84,15.0,30.9,10.7
DEL_03635,ORD_03635,DRV_0025,6.1,32.0,72.0,19.91
DEL_03636,ORD_03636,DRV_0421,4.28,12.0,55.4,24.21
DEL_03637,ORD_03637,DRV_0151,1.76,32.0,46.4,69.36
DEL_03638,ORD_03638,DRV_0220,2.81,33.0,67.3,18.45
DEL_03639,ORD_03639,DRV_0154,3.8,24.0,47.6,28.36
DEL_03640,ORD_03640,DRV_0076,3.5,20.0,54.2,31.97
DEL_03641,ORD_03641,DRV_0376,11.6,19.0,64.3,17.6
DEL_03642,ORD_03642,DRV_0436,3.35,20.0,70.6,22.07
DEL_03643,ORD_03643,DRV_0231,8.61,17.0,70.3,14.73
DEL_03644,ORD_03644,DRV_0003,5.28,31.0,65.1,29.74
DEL_03645,ORD_03645,DRV_0073,1.09,17.0,36.9,15.37
DEL_03646,ORD_03646,DRV_0111,1.64,28.0,64.3,28.39
DEL_03647,ORD_03647,DRV_0335,1.25,21.0,31.3,13.79
DEL_03648,ORD_03648,DRV_0072,5.24,36.0,54.0,23.97
DEL_03649,ORD_03649,DRV_0412,6.09,40.0,55.0,85.49
DEL_03650,ORD_03650,DRV_0255,2.73,19.0,53.6,19.39
DEL_03651,ORD_03651,DRV_0218,6.68,25.0,69.3,20.65
DEL_03652,ORD_03652,DRV_0208,5.22,33.0,81.4,22.52
DEL_03653,ORD_03653,DRV_0249,7.34,27.0,93.0,33.93
DEL_03654,ORD_03654,DRV_0290,5.32,18.0,76.5,28.74
DEL_03655,ORD_03655,DRV_0340,6.36,29.0,70.5,19.51
DEL_03656,ORD_03656,DRV_0065,2.99,40.0,62.4,11.07
DEL_03657,ORD_03657,DRV_0472,4.44,37.0,63.3,16.75
DEL_03658,ORD_03658,DRV_0285,2.48,27.0,45.5,37.72
DEL_03659,ORD_03659,DRV_0004,11.8,26.0,101.3,24.68
DEL_03660,ORD_03660,DRV_0196,6.49,36.0,88.5,11.45
DEL_03661,ORD_03661,DRV_0119,5.12,38.0,69.8,46.03
DEL_03662,ORD_03662,DRV_0190,1.26,26.0,59.3,24.62
DEL_03663,ORD_03663,DRV_0166,8.42,40.0,77.4,13.58
DEL_03664,ORD_03664,DRV_0451,9.43,27.0,81.7,63.16
DEL_03665,ORD_03665,DRV_0232,1.79,36.0,42.6,67.91
DEL_03666,ORD_03666,DRV_0130,4.16,30.0,71.9,9.3
DEL_03667,ORD_03667,DRV_0477,4.81,14.0,41.5,40.11
DEL_03668,ORD_03668,DRV_0369,2.12,38.0,68.6,25.0
DEL_03669,ORD_03669,DRV_0092,3.16,19.0,58.7,16.84
DEL_03670,ORD_03670,DRV_0332,2.88,20.0,46.5,37.76
DEL_03671,ORD_03671,DRV_0125,8.13,40.0,85.8,26.05
DEL_03672,ORD_03672,DRV_0300,10.89,37.0,104.2,32.34
DEL_03673,ORD_03673,DRV_0207,3.76,36.0,69.5,20.98
DEL_03674,ORD_03674,DRV_0114,5.91,24.0,58.1,32.56
DEL_03675,ORD_03675,DRV_0361,1.08,28.0,44.8,20.32
DEL_03676,ORD_03676,DRV_0351,9.21,18.0,72.4,32.75
DEL_03677,ORD_03677,DRV_0373,6.07,23.0,80.8,61.22
DEL_03678,ORD_03678,DRV_0101,4.79,31.0,54.8,8.55
DEL_03679,ORD_03679,DRV_0032,4.06,13.0,50.3,30.97
DEL_03680,ORD_03680,DRV_0470,2.48,25.0,61.7,5.48
DEL_03681,ORD_03681,DRV_0131,8.14,11.0,41.0,47.94
DEL_03682,ORD_03682,DRV_0017,6.33,30.0,87.7,18.28
DEL_03683,ORD_03683,DRV_0477,7.33,31.0,65.9,19.18
DEL_03684,ORD_03684,DRV_0248,4.62,8.0,34.1,38.38
DEL_03685,ORD_03685,DRV_0375,8.89,39.0,74.7,23.73
DEL_03686,ORD_03686,DRV_0396,2.62,24.0,54.0,24.1
DEL_03687,ORD_03687,DRV_0064,10.29,35.0,106.3,23.03
DEL_03688,ORD_03688,DRV_0447,8.55,27.0,75.7,13.13
DEL_03689,ORD_03689,DRV_0078,5.25,40.0,80.5,23.2
DEL_03690,ORD_03690,DRV_0200,2.13,25.0,63.4,25.56
DEL_03691,ORD_03691,DRV_0041,8.32,29.0,70.5,32.07
DEL_03692,ORD_03692,DRV_0258,2.53,15.0,52.6,8.09
DEL_03693,ORD_03693,DRV_0181,3.62,33.0,70.8,38.26
DEL_03694,ORD_03694,DRV_0290,1.56,17.0,51.8,29.19
DEL_03695,ORD_03695,DRV_0125,2.16,8.0,41.0,16.6
DEL_03696,ORD_03696,DRV_0344,4.92,41.0,78.3,28.85
DEL_03697,ORD_03697,DRV_0112,10.86,28.0,92.3,81.3
DEL_03698,ORD_03698,DRV_0468,5.75,17.0,45.2,29.81
DEL_03699,ORD_03699,DRV_0235,5.96,25.0,58.2,46.73
DEL_03700,ORD_03700,DRV_0500,5.64,29.0,100.9,48.79
DEL_03701,ORD_03701,DRV_0202,6.34,20.0,83.7,34.41
DEL_03702,ORD_03702,DRV_0040,6.78,16.0,52.7,44.25
DEL_03703,ORD_03703,DRV_0199,8.19,31.0,92.1,34.58
DEL_03704,ORD_03704,DRV_0449,9.65,16.0,90.0,14.13
DEL_03705,ORD_03705,DRV_0311,2.98,18.0,58.8,29.88
DEL_03706,ORD_03706,DRV_0126,7.87,28.0,76.9,39.21
DEL_03707,ORD_03707,DRV_0074,10.97,31.0,99.7,46.15
DEL_03708,ORD_03708,DRV_0179,3.28,19.0,55.8,31.39
DEL_03709,ORD_03709,DRV_0005,2.33,25.0,57.3,16.41
DEL_03710,ORD_03710,DRV_0312,8.48,14.0,51.9,28.17
DEL_03711,ORD_03711,DRV_0118,10.49,19.0,77.0,50.33
DEL_03712,ORD_03712,DRV_0232,3.55,37.0,55.3,34.11
DEL_03713,ORD_03713,DRV_0149,9.58,14.0,59.6,12.02
DEL_03714,ORD_03714,DRV_0314,9.52,18.0,73.2,24.73
DEL_03715,ORD_03715,DRV_0201,3.9,6.0,31.3,18.33
DEL_03716,ORD_03716,DRV_0349,2.81,37.0,59.9,26.1
DEL_03717,ORD_03717,DRV_0031,3.06,27.0,37.3,25.07
DEL_03718,ORD_03718,DRV_0237,5.0,17.0,67.0,44.87
DEL_03719,ORD_03719,DRV_0430,2.61,33.0,66.0,23.41
DEL_03720,ORD_03720,DRV_0155,2.05,19.0,40.7,39.13
DEL_03721,ORD_03721,DRV_0198,2.88,26.0,51.9,17.77
DEL_03722,ORD_03722,DRV_0107,7.97,25.0,70.0,18.94
DEL_03723,ORD_03723,DRV_0159,4.22,31.0,57.2,40.95
DEL_03724,ORD_03724,DRV_0169,2.49,14.0,70.5,17.09
DEL_03725,ORD_03725,DRV_0301,5.08,12.0,59.2,25.99
DEL_03726,ORD_03726,DRV_0420,5.55,41.0,95.3,32.46
DEL_03727,ORD_03727,DRV_0258,1.82,21.0,45.1,12.17
DEL_03728,ORD_03728,DRV_0062,0.53,32.0,62.6,21.88
DEL_03729,ORD_03729,DRV_0149,1.1,11.0,34.7,19.32
DEL_03730,ORD_03730,DRV_0162,3.21,18.0,38.2,62.06
DEL_03731,ORD_03731,DRV_0086,9.44,27.0,97.4,36.16
DEL_03732,ORD_03732,DRV_0013,11.12,24.0,106.3,45.18
DEL_03733,ORD_03733,DRV_0275,0.97,44.0,63.6,45.95
DEL_03734,ORD_03734,DRV_0417,6.01,16.0,53.3,18.57
DEL_03735,ORD_03735,DRV_0124,2.5,39.0,70.1,29.31
DEL_03736,ORD_03736,DRV_0358,2.77,20.0,65.3,22.87
DEL_03737,ORD_03737,DRV_0104,3.46,17.0,42.5,36.14
DEL_03738,ORD_03738,DRV_0049,3.06,30.0,61.8,9.32
DEL_03739,ORD_03739,DRV_0003,2.67,37.0,70.8,22.43
DEL_03740,ORD_03740,DRV_0422,7.27,23.0,73.0,15.45
DEL_03741,ORD_03741,DRV_0250,4.33,33.0,52.9,13.77
DEL_03742,ORD_03742,DRV_0253,3.47,20.0,77.3,77.21
DEL_03743,ORD_03743,DRV_0211,2.71,30.0,49.7,24.0
DEL_03744,ORD_03744,DRV_0071,7.83,21.0,66.8,35.4
DEL_03745,ORD_03745,DRV_0271,2.2,31.0,41.0,35.2
DEL_03746,ORD_03746,DRV_0038,2.2,34.0,57.8,11.7
DEL_03747,ORD_03747,DRV_0153,3.65,33.0,65.3,33.88
DEL_03748,ORD_03748,DRV_0317,8.21,19.0,81.6,26.22
DEL_03749,ORD_03749,DRV_0470,10.52,15.0,69.6,12.18
DEL_03750,ORD_03750,DRV_0215,4.0,23.0,55.5,14.39
DEL_03751,ORD_03751,DRV_0434,2.33,23.0,58.2,44.4
DEL_03752,ORD_03752,DRV_0010,11.24,42.0,92.5,20.85
DEL_03753,ORD_03753,DRV_0100,13.92,33.0,94.2,55.19
DEL_03754,ORD_03754,DRV_0357,5.62,26.0,73.8,8.75
DEL_03755,ORD_03755,DRV_0434,9.44,16.0,81.4,44.3
DEL_03756,ORD_03756,DRV_0379,2.76,10.0,38.7,21.56
DEL_03757,ORD_03757,DRV_0490,2.37,15.0,43.7,30.29
DEL_03758,ORD_03758,DRV_0298,4.63,34.0,60.9,36.64
DEL_03759,ORD_03759,DRV_0234,4.27,21.0,63.4,31.72
DEL_03760,ORD_03760,DRV_0199,11.79,23.0,92.5,24.37
DEL_03761,ORD_03761,DRV_0436,3.41,21.0,57.8,43.94
DEL_03762,ORD_03762,DRV_0174,3.97,18.0,42.8,13.22
DEL_03763,ORD_03763,DRV_0217,6.68,20.0,48.8,13.58
DEL_03764,ORD_03764,DRV_0040,6.36,17.0,65.4,26.35
DEL_03765,ORD_03765,DRV_0186,1.73,32.0,47.2,32.15
DEL_03766,ORD_03766,DRV_0489,7.92,18.0,78.2,18.7
DEL_03767,ORD_03767,DRV_0280,2.67,21.0,58.8,2.45
DEL_03768,ORD_03768,DRV_0069,10.41,13.0,82.9,18.28
DEL_03769,ORD_03769,DRV_0249,5.38,18.0,72.5,27.42
DEL_03770,ORD_03770,DRV_0085,4.37,22.0,57.7,31.71
DEL_03771,ORD_03771,DRV_0168,12.15,10.0,84.7,39.36
DEL_03772,ORD_03772,DRV_0404,2.05,31.0,51.5,9.44
DEL_03773,ORD_03773,DRV_0029,1.63,24.0,73.4,31.69
DEL_03774,ORD_03774,DRV_0037,9.44,8.0,60.5,30.49
DEL_03775,ORD_03775,DRV_0020,8.35,28.0,87.4,29.79
DEL_03776,ORD_03776,DRV_0146,12.94,20.0,76.9,40.5
DEL_03777,ORD_03777,DRV_0260,8.82,30.0,79.7,33.29
DEL_03778,ORD_03778,DRV_0139,5.03,24.0,88.1,13.1
DEL_03779,ORD_03779,DRV_0255,2.74,17.0,45.7,40.4
DEL_03780,ORD_03780,DRV_0448,6.33,14.0,58.8,34.94
DEL_03781,ORD_03781,DRV_0086,3.27,16.0,68.4,19.34
DEL_03782,ORD_03782,DRV_0052,1.33,24.0,42.0,19.76
DEL_03783,ORD_03783,DRV_0299,2.34,26.0,39.9,11.39
DEL_03784,ORD_03784,DRV_0142,2.59,32.0,52.7,33.26
DEL_03785,ORD_03785,DRV_0122,5.91,24.0,48.5,13.21
DEL_03786,ORD_03786,DRV_0429,1.25,25.0,47.7,11.93
DEL_03787,ORD_03787,DRV_0412,1.45,20.0,29.6,30.29
DEL_03788,ORD_03788,DRV_0388,2.98,37.0,69.1,28.83
DEL_03789,ORD_03789,DRV_0400,2.43,43.0,73.6,41.4
DEL_03790,ORD_03790,DRV_0422,5.05,23.0,46.6,22.74
DEL_03791,ORD_03791,DRV_0447,3.36,24.0,59.1,63.45
DEL_03792,ORD_03792,DRV_0151,3.51,19.0,42.1,20.32
DEL_03793,ORD_03793,DRV_0333,7.23,35.0,69.7,17.82
DEL_03794,ORD_03794,DRV_0148,7.98,25.0,77.6,13.34
DEL_03795,ORD_03795,DRV_0453,2.65,31.0,49.2,12.39
DEL_03796,ORD_03796,DRV_0083,5.97,15.0,52.7,28.26
DEL_03797,ORD_03797,DRV_0149,2.2,40.0,65.0,11.52
DEL_03798,ORD_03798,DRV_0170,7.08,29.0,68.6,19.59
DEL_03799,ORD_03799,DRV_0325,1.97,31.0,56.7,24.58
DEL_03800,ORD_03800,DRV_0270,8.41,20.0,72.6,32.1
DEL_03801,ORD_03801,DRV_0228,0.78,25.0,41.1,28.75
DEL_03802,ORD_03802,DRV_0326,2.07,9.0,43.5,14.65
DEL_03803,ORD_03803,DRV_0005,2.94,26.0,60.3,33.56
DEL_03804,ORD_03804,DRV_0152,3.42,20.0,35.2,28.97
DEL_03805,ORD_03805,DRV_0221,1.72,28.0,68.2,38.02
DEL_03806,ORD_03806,DRV_0157,2.77,25.0,58.6,33.0
DEL_03807,ORD_03807,DRV_0258,3.68,39.0,67.4,31.71
DEL_03808,ORD_03808,DRV_0006,0.81,33.0,49.0,16.31
DEL_03809,ORD_03809,DRV_0290,5.26,34.0,75.4,15.53
DEL_03810,ORD_03810,DRV_0204,5.32,20.0,62.8,18.84
DEL_03811,ORD_03811,DRV_0278,8.3,33.0,92.8,23.21
DEL_03812,ORD_03812,DRV_0388,16.75,24.0,103.8,16.79
DEL_03813,ORD_03813,DRV_0493,2.06,20.0,39.9,15.34
DEL_03814,ORD_03814,DRV_0369,9.27,20.0,80.5,18.28
DEL_03815,ORD_03815,DRV_0134,1.48,17.0,38.8,16.19
DEL_03816,ORD_03816,DRV_0323,3.51,21.0,63.3,16.65
DEL_03817,ORD_03817,DRV_0077,5.44,32.0,62.2,28.94
DEL_03818,ORD_03818,DRV_0447,5.42,37.0,94.7,17.48
DEL_03819,ORD_03819,DRV_0471,8.06,33.0,89.0,25.99
DEL_03820,ORD_03820,DRV_0483,3.21,17.0,33.8,29.83
DEL_03821,ORD_03821,DRV_0346,4.58,36.0,65.0,8.64
DEL_03822,ORD_03822,DRV_0116,4.88,19.0,57.8,16.06
DEL_03823,ORD_03823,DRV_0201,10.25,21.0,87.6,34.66
DEL_03824,ORD_03824,DRV_0087,4.22,19.0,42.4,18.56
DEL_03825,ORD_03825,DRV_0068,3.13,28.0,65.6,51.5
DEL_03826,ORD_03826,DRV_0418,7.35,30.0,82.8,19.46
DEL_03827,ORD_03827,DRV_0101,4.21,30.0,87.1,13.6
DEL_03828,ORD_03828,DRV_0456,8.24,33.0,72.5,23.09
DEL_03829,ORD_03829,DRV_0162,8.24,39.0,86.2,15.84
DEL_03830,ORD_03830,DRV_0313,0.99,17.0,26.7,18.81
DEL_03831,ORD_03831,DRV_0421,15.8,18.0,109.7,33.1
DEL_03832,ORD_03832,DRV_0390,1.58,18.0,35.6,37.08
DEL_03833,ORD_03833,DRV_0071,4.84,33.0,71.2,20.56
DEL_03834,ORD_03834,DRV_0173,2.69,23.0,56.7,16.73
DEL_03835,ORD_03835,DRV_0169,2.56,30.0,31.2,25.38
DEL_03836,ORD_03836,DRV_0103,1.93,37.0,68.3,29.15
DEL_03837,ORD_03837,DRV_0228,7.59,17.0,76.6,15.4
DEL_03838,ORD_03838,DRV_0133,3.29,11.0,50.2,21.79
DEL_03839,ORD_03839,DRV_0060,9.05,21.0,77.4,72.62
DEL_03840,ORD_03840,DRV_0451,3.22,21.0,45.7,19.13
DEL_03841,ORD_03841,DRV_0145,3.17,35.0,78.0,43.14
DEL_03842,ORD_03842,DRV_0211,2.13,28.0,52.9,39.46
DEL_03843,ORD_03843,DRV_0109,3.89,20.0,67.7,28.03
DEL_03844,ORD_03844,DRV_0193,0.8,39.0,61.7,42.86
DEL_03845,ORD_03845,DRV_0357,8.86,19.0,79.1,26.9
DEL_03846,ORD_03846,DRV_0183,5.46,36.0,75.2,42.86
DEL_03847,ORD_03847,DRV_0009,4.3,17.0,58.8,19.25
DEL_03848,ORD_03848,DRV_0132,0.86,34.0,67.8,14.52
DEL_03849,ORD_03849,DRV_0426,2.26,37.0,69.8,26.18
DEL_03850,ORD_03850,DRV_0430,0.62,16.0,29.1,25.32
DEL_03851,ORD_03851,DRV_0074,1.71,31.0,66.8,20.82
DEL_03852,ORD_03852,DRV_0096,4.0,18.0,63.5,25.1
DEL_03853,ORD_03853,DRV_0129,5.65,16.0,55.3,133.93
DEL_03854,ORD_03854,DRV_0343,2.23,28.0,64.1,57.63
DEL_03855,ORD_03855,DRV_0371,2.0,32.0,48.7,34.48
DEL_03856,ORD_03856,DRV_0401,6.72,25.0,74.2,22.71
DEL_03857,ORD_03857,DRV_0372,4.46,11.0,62.5,25.11
DEL_03858,ORD_03858,DRV_0222,7.24,15.0,70.0,28.96
DEL_03859,ORD_03859,DRV_0128,10.07,24.0,93.0,15.49
DEL_03860,ORD_03860,DRV_0347,5.15,18.0,53.7,61.35
DEL_03861,ORD_03861,DRV_0335,2.92,23.0,59.9,45.3
DEL_03862,ORD_03862,DRV_0374,3.54,31.0,58.4,20.46
DEL_03863,ORD_03863,DRV_0486,3.82,32.0,61.7,69.63
DEL_03864,ORD_03864,DRV_0007,3.48,23.0,70.7,20.86
DEL_03865,ORD_03865,DRV_0225,5.5,25.0,85.3,82.94
DEL_03866,ORD_03866,DRV_0389,4.38,34.0,47.3,26.98
DEL_03867,ORD_03867,DRV_0436,2.05,38.0,65.0,13.35
DEL_03868,ORD_03868,DRV_0116,1.52,24.0,45.3,26.95
DEL_03869,ORD_03869,DRV_0103,3.98,29.0,67.0,59.64
DEL_03870,ORD_03870,DRV_0226,0.51,29.0,56.3,35.99
DEL_03871,ORD_03871,DRV_0053,8.37,16.0,65.1,28.72
DEL_03872,ORD_03872,DRV_0375,2.61,19.0,35.5,24.51
DEL_03873,ORD_03873,DRV_0003,11.13,17.0,71.6,23.29
DEL_03874,ORD_03874,DRV_0318,9.33,24.0,82.2,25.64
DEL_03875,ORD_03875,DRV_0032,9.47,32.0,89.8,18.11
DEL_03876,ORD_03876,DRV_0258,2.98,35.0,64.4,23.06
DEL_03877,ORD_03877,DRV_0080,1.61,38.0,60.5,31.55
DEL_03878,ORD_03878,DRV_0124,5.39,6.0,58.6,27.14
DEL_03879,ORD_03879,DRV_0337,6.25,26.0,55.2,45.47
DEL_03880,ORD_03880,DRV_0309,1.54,22.0,46.2,11.08
DEL_03881,ORD_03881,DRV_0396,16.26,43.0,118.2,57.31
DEL_03882,ORD_03882,DRV_0380,2.07,35.0,51.3,21.2
DEL_03883,ORD_03883,DRV_0389,2.93,15.0,38.2,17.17
DEL_03884,ORD_03884,DRV_0260,6.56,15.0,60.3,22.7
DEL_03885,ORD_03885,DRV_0312,6.16,36.0,73.5,6.92
DEL_03886,ORD_03886,DRV_0336,3.43,34.0,61.8,43.75
DEL_03887,ORD_03887,DRV_0210,3.32,15.0,63.5,15.54
DEL_03888,ORD_03888,DRV_0448,3.23,32.0,65.6,51.2
DEL_03889,ORD_03889,DRV_0045,8.33,25.0,52.0,31.0
DEL_03890,ORD_03890,DRV_0444,5.22,10.0,41.7,18.05
DEL_03891,ORD_03891,DRV_0404,2.51,33.0,64.0,36.72
DEL_03892,ORD_03892,DRV_0309,4.07,15.0,59.3,38.77
DEL_03893,ORD_03893,DRV_0329,7.44,33.0,79.8,19.84
DEL_03894,ORD_03894,DRV_0272,2.95,16.0,56.1,31.59
DEL_03895,ORD_03895,DRV_0227,5.75,18.0,78.5,30.75
DEL_03896,ORD_03896,DRV_0349,2.88,19.0,53.5,18.1
DEL_03897,ORD_03897,DRV_0113,1.71,20.0,57.4,71.38
DEL_03898,ORD_03898,DRV_0030,3.28,38.0,51.0,25.26
DEL_03899,ORD_03899,DRV_0276,5.1,32.0,55.4,18.11
DEL_03900,ORD_03900,DRV_0362,16.04,18.0,111.9,66.75
DEL_03901,ORD_03901,DRV_0214,4.28,32.0,59.0,25.39
DEL_03902,ORD_03902,DRV_0087,3.68,34.0,61.6,26.14
DEL_03903,ORD_03903,DRV_0436,2.75,29.0,65.7,23.43
DEL_03904,ORD_03904,DRV_0292,4.93,38.0,93.9,26.6
DEL_03905,ORD_03905,DRV_0022,3.94,31.0,60.4,27.31
DEL_03906,ORD_03906,DRV_0385,3.34,30.0,52.7,14.38
DEL_03907,ORD_03907,DRV_0021,2.57,24.0,45.2,47.81
DEL_03908,ORD_03908,DRV_0176,0.62,17.0,47.7,39.77
DEL_03909,ORD_03909,DRV_0491,5.66,22.0,81.4,20.75
DEL_03910,ORD_03910,DRV_0467,3.27,27.0,71.8,60.16
DEL_03911,ORD_03911,DRV_0456,1.59,21.0,48.6,32.88
DEL_03912,ORD_03912,DRV_0261,3.62,7.0,36.5,19.4
DEL_03913,ORD_03913,DRV_0376,3.3,17.0,52.6,25.57
DEL_03914,ORD_03914,DRV_0168,0.55,14.0,21.9,20.26
DEL_03915,ORD_03915,DRV_0221,1.24,16.0,23.3,30.46
DEL_03916,ORD_03916,DRV_0082,1.32,30.0,63.9,24.59
DEL_03917,ORD_03917,DRV_0477,11.89,14.0,66.4,37.35
DEL_03918,ORD_03918,DRV_0079,5.42,12.0,43.9,28.07
DEL_03919,ORD_03919,DRV_0498,2.58,19.0,65.2,16.35
DEL_03920,ORD_03920,DRV_0301,3.43,17.0,52.3,21.84
DEL_03921,ORD_03921,DRV_0159,4.0,21.0,43.9,55.82
DEL_03922,ORD_03922,DRV_0143,6.85,38.0,80.9,25.57
DEL_03923,ORD_03923,DRV_0314,8.11,22.0,69.4,12.8
DEL_03924,ORD_03924,DRV_0437,9.64,15.0,76.3,20.5
DEL_03925,ORD_03925,DRV_0045,1.44,18.0,66.8,12.94
DEL_03926,ORD_03926,DRV_0451,3.53,36.0,59.7,14.69
DEL_03927,ORD_03927,DRV_0236,2.88,26.0,43.3,24.6
DEL_03928,ORD_03928,DRV_0492,1.67,13.0,55.6,21.84
DEL_03929,ORD_03929,DRV_0170,10.04,8.0,76.3,33.04
DEL_03930,ORD_03930,DRV_0225,8.87,32.0,100.8,68.86
DEL_03931,ORD_03931,DRV_0408,6.99,17.0,48.9,17.68
DEL_03932,ORD_03932,DRV_0294,9.21,18.0,78.4,15.0
DEL_03933,ORD_03933,DRV_0307,2.94,20.0,41.4,32.3
DEL_03934,ORD_03934,DRV_0280,5.0,23.0,73.4,28.63
DEL_03935,ORD_03935,DRV_0461,9.12,11.0,64.0,26.47
DEL_03936,ORD_03936,DRV_0091,7.41,28.0,78.7,44.73
DEL_03937,ORD_03937,DRV_0417,8.06,16.0,72.3,23.69
DEL_03938,ORD_03938,DRV_0147,6.08,31.0,67.0,21.8
DEL_03939,ORD_03939,DRV_0281,5.14,22.0,59.0,20.96
DEL_03940,ORD_03940,DRV_0070,3.04,17.0,69.6,47.88
DEL_03941,ORD_03941,DRV_0481,8.31,22.0,84.4,38.83
DEL_03942,ORD_03942,DRV_0473,9.72,38.0,105.5,51.95
DEL_03943,ORD_03943,DRV_0471,2.64,18.0,70.6,22.66
DEL_03944,ORD_03944,DRV_0049,4.04,27.0,50.8,14.68
DEL_03945,ORD_03945,DRV_0017,1.17,10.0,46.3,34.34
DEL_03946,ORD_03946,DRV_0149,2.63,32.0,56.5,23.72
DEL_03947,ORD_03947,DRV_0043,6.94,25.0,69.7,22.46
DEL_03948,ORD_03948,DRV_0212,10.91,28.0,88.1,45.98
DEL_03949,ORD_03949,DRV_0204,5.44,33.0,82.3,27.41
DEL_03950,ORD_03950,DRV_0205,5.3,27.0,75.9,15.66
DEL_03951,ORD_03951,DRV_0338,15.19,36.0,103.3,16.79
DEL_03952,ORD_03952,DRV_0406,5.19,28.0,72.6,41.16
DEL_03953,ORD_03953,DRV_0063,5.89,22.0,69.5,18.05
DEL_03954,ORD_03954,DRV_0024,9.24,42.0,81.6,33.09
DEL_03955,ORD_03955,DRV_0033,4.7,26.0,71.4,6.59
DEL_03956,ORD_03956,DRV_0451,8.07,26.0,74.3,50.89
DEL_03957,ORD_03957,DRV_0209,6.55,32.0,66.0,14.49
DEL_03958,ORD_03958,DRV_0487,2.18,38.0,62.1,59.81
DEL_03959,ORD_03959,DRV_0480,0.5,34.0,63.1,13.16
DEL_03960,ORD_03960,DRV_0273,1.49,37.0,70.8,28.3
DEL_03961,ORD_03961,DRV_0176,4.66,20.0,73.0,40.96
DEL_03962,ORD_03962,DRV_0044,8.91,39.0,85.5,25.33
DEL_03963,ORD_03963,DRV_0153,4.15,21.0,34.2,18.44
DEL_03964,ORD_03964,DRV_0456,4.13,20.0,59.6,17.41
DEL_03965,ORD_03965,DRV_0363,3.49,18.0,68.6,12.23
DEL_03966,ORD_03966,DRV_0355,3.05,32.0,61.6,32.84
DEL_03967,ORD_03967,DRV_0188,19.41,30.0,129.5,20.08
DEL_03968,ORD_03968,DRV_0285,5.1,16.0,72.9,34.85
DEL_03969,ORD_03969,DRV_0012,2.99,27.0,61.1,35.08
DEL_03970,ORD_03970,DRV_0356,5.0,34.0,74.0,23.18
DEL_03971,ORD_03971,DRV_0383,5.35,13.0,63.7,51.37
DEL_03972,ORD_03972,DRV_0137,2.23,30.0,49.4,16.57
DEL_03973,ORD_03973,DRV_0474,10.17,27.0,101.2,21.69
DEL_03974,ORD_03974,DRV_0086,3.45,26.0,54.6,23.53
DEL_03975,ORD_03975,DRV_0053,10.01,33.0,81.2,2.73
DEL_03976,ORD_03976,DRV_0061,3.11,32.0,74.3,74.3
DEL_03977,ORD_03977,DRV_0415,2.62,20.0,58.0,15.78
DEL_03978,ORD_03978,DRV_0113,11.86,25.0,100.0,27.61
DEL_03979,ORD_03979,DRV_0304,10.36,41.0,93.6,42.34
DEL_03980,ORD_03980,DRV_0108,3.4,22.0,60.2,41.17
DEL_03981,ORD_03981,DRV_0478,3.03,13.0,50.3,46.42
DEL_03982,ORD_03982,DRV_0335,6.61,16.0,68.7,26.3
DEL_03983,ORD_03983,DRV_0303,1.82,24.0,58.6,35.3
DEL_03984,ORD_03984,DRV_0417,5.83,14.0,68.0,33.48
DEL_03985,ORD_03985,DRV_0067,9.35,33.0,82.6,13.04
DEL_03986,ORD_03986,DRV_0482,3.51,39.0,78.1,23.55
DEL_03987,ORD_03987,DRV_0320,9.58,32.0,77.0,23.01
DEL_03988,ORD_03988,DRV_0122,8.69,20.0,67.7,56.99
DEL_03989,ORD_03989,DRV_0254,6.05,38.0,74.3,12.94
DEL_03990,ORD_03990,DRV_0401,15.38,36.0,133.3,17.54
DEL_03991,ORD_03991,DRV_0300,1.85,29.0,40.2,12.0
DEL_03992,ORD_03992,DRV_0005,1.85,25.0,38.4,33.02
DEL_03993,ORD_03993,DRV_0350,9.46,26.0,74.1,19.62
DEL_03994,ORD_03994,DRV_0446,1.82,24.0,55.7,9.38
DEL_03995,ORD_03995,DRV_0235,4.07,15.0,47.0,22.81
DEL_03996,ORD_03996,DRV_0499,4.96,11.0,44.2,29.44
DEL_03997,ORD_03997,DRV_0447,9.19,27.0,98.9,17.27
DEL_03998,ORD_03998,DRV_0335,4.68,23.0,61.0,30.82
DEL_03999,ORD_03999,DRV_0039,1.57,39.0,36.2,19.28
DEL_04000,ORD_04000,DRV_0200,6.58,15.0,74.3,13.4
DEL_04001,ORD_04001,DRV_0170,6.93,35.0,86.5,4.68
DEL_04002,ORD_04002,DRV_0358,4.56,37.0,78.5,14.6
DEL_04003,ORD_04003,DRV_0348,3.61,11.0,49.5,22.42
DEL_04004,ORD_04004,DRV_0021,8.33,18.0,89.0,49.72
DEL_04005,ORD_04005,DRV_0175,5.79,16.0,66.7,47.31
DEL_04006,ORD_04006,DRV_0074,4.25,30.0,60.5,25.74
DEL_04007,ORD_04007,DRV_0284,9.15,24.0,61.1,60.78
DEL_04008,ORD_04008,DRV_0149,4.23,21.0,58.5,34.13
DEL_04009,ORD_04009,DRV_0113,4.51,36.0,65.2,26.22
DEL_04010,ORD_04010,DRV_0284,2.59,37.0,65.2,72.02
DEL_04011,ORD_04011,DRV_0086,8.68,10.0,70.0,30.95
DEL_04012,ORD_04012,DRV_0102,4.12,32.0,86.3,23.47
DEL_04013,ORD_04013,DRV_0019,3.14,36.0,53.9,42.33
DEL_04014,ORD_04014,DRV_0063,7.32,28.0,79.9,15.5
DEL_04015,ORD_04015,DRV_0116,2.44,18.0,46.9,11.24
DEL_04016,ORD_04016,DRV_0180,4.86,21.0,47.5,22.0
DEL_04017,ORD_04017,DRV_0038,4.68,38.0,80.0,19.93
DEL_04018,ORD_04018,DRV_0302,8.7,38.0,79.5,37.65
DEL_04019,ORD_04019,DRV_0408,4.31,18.0,57.3,19.31
DEL_04020,ORD_04020,DRV_0092,8.19,36.0,84.7,36.14
DEL_04021,ORD_04021,DRV_0173,5.56,15.0,55.3,34.34
DEL_04022,ORD_04022,DRV_0205,3.7,28.0,64.6,22.65
DEL_04023,ORD_04023,DRV_0009,16.35,23.0,106.1,29.98
DEL_04024,ORD_04024,DRV_0009,4.8,33.0,75.5,23.71
DEL_04025,ORD_04025,DRV_0021,8.42,20.0,66.1,16.12
DEL_04026,ORD_04026,DRV_0024,3.87,37.0,54.1,37.19
DEL_04027,ORD_04027,DRV_0095,0.5,33.0,40.4,17.38
DEL_04028,ORD_04028,DRV_0192,6.04,37.0,93.8,19.95
DEL_04029,ORD_04029,DRV_0349,1.28,20.0,42.4,44.75
DEL_04030,ORD_04030,DRV_0296,4.09,16.0,43.0,38.8
DEL_04031,ORD_04031,DRV_0458,4.2,33.0,74.4,24.26
DEL_04032,ORD_04032,DRV_0180,1.03,33.0,46.3,32.11
DEL_04033,ORD_04033,DRV_0388,4.6,22.0,70.1,24.94
DEL_04034,ORD_04034,DRV_0131,3.99,41.0,72.4,42.77
DEL_04035,ORD_04035,DRV_0397,3.67,35.0,55.7,30.14
DEL_04036,ORD_04036,DRV_0021,3.15,20.0,62.3,23.07
DEL_04037,ORD_04037,DRV_0008,3.95,13.0,55.0,38.95
DEL_04038,ORD_04038,DRV_0376,6.13,17.0,65.1,27.41
DEL_04039,ORD_04039,DRV_0201,10.77,28.0,79.4,26.32
DEL_04040,ORD_04040,DRV_0366,5.63,16.0,54.4,18.44
DEL_04041,ORD_04041,DRV_0385,6.96,32.0,63.5,39.76
DEL_04042,ORD_04042,DRV_0014,2.27,26.0,35.5,35.1
DEL_04043,ORD_04043,DRV_0332,11.95,20.0,74.0,12.39
DEL_04044,ORD_04044,DRV_0036,1.6,37.0,61.7,9.63
DEL_04045,ORD_04045,DRV_0406,7.84,32.0,85.3,26.66
DEL_04046,ORD_04046,DRV_0373,1.76,21.0,34.7,30.0
DEL_04047,ORD_04047,DRV_0164,0.64,39.0,43.3,9.76
DEL_04048,ORD_04048,DRV_0045,1.24,29.0,57.3,34.51
DEL_04049,ORD_04049,DRV_0144,14.19,23.0,108.6,32.97
DEL_04050,ORD_04050,DRV_0011,3.42,12.0,47.3,32.55
DEL_04051,ORD_04051,DRV_0323,5.8,41.0,61.9,28.49
DEL_04052,ORD_04052,DRV_0354,3.77,23.0,60.5,40.38
DEL_04053,ORD_04053,DRV_0409,1.96,26.0,55.1,23.94
DEL_04054,ORD_04054,DRV_0346,6.92,28.0,80.8,24.75
DEL_04055,ORD_04055,DRV_0451,5.23,20.0,66.2,35.93
DEL_04056,ORD_04056,DRV_0212,3.53,23.0,45.0,34.73
DEL_04057,ORD_04057,DRV_0415,3.97,25.0,47.2,24.85
DEL_04058,ORD_04058,DRV_0113,2.16,34.0,68.3,62.31
DEL_04059,ORD_04059,DRV_0449,7.78,16.0,65.6,51.41
DEL_04060,ORD_04060,DRV_0346,3.44,37.0,77.1,13.46
DEL_04061,ORD_04061,DRV_0345,5.38,21.0,65.4,22.47
DEL_04062,ORD_04062,DRV_0011,2.47,17.0,35.7,23.65
DEL_04063,ORD_04063,DRV_0336,1.22,7.0,45.8,35.01
DEL_04064,ORD_04064,DRV_0340,5.2,26.0,58.4,51.5
DEL_04065,ORD_04065,DRV_0362,5.02,15.0,86.0,30.61
DEL_04066,ORD_04066,DRV_0372,4.56,27.0,53.1,21.85
DEL_04067,ORD_04067,DRV_0166,6.17,35.0,73.3,13.86
DEL_04068,ORD_04068,DRV_0258,3.27,22.0,52.9,15.16
DEL_04069,ORD_04069,DRV_0054,3.35,18.0,38.9,4.7
DEL_04070,ORD_04070,DRV_0093,11.58,6.0,70.8,32.34
DEL_04071,ORD_04071,DRV_0263,2.72,10.0,42.0,40.15
DEL_04072,ORD_04072,DRV_0433,3.68,39.0,60.4,11.7
DEL_04073,ORD_04073,DRV_0296,7.79,32.0,67.1,26.36
DEL_04074,ORD_04074,DRV_0045,6.57,15.0,37.4,42.96
DEL_04075,ORD_04075,DRV_0438,4.17,29.0,61.0,12.89
DEL_04076,ORD_04076,DRV_0217,3.78,14.0,45.7,56.04
DEL_04077,ORD_04077,DRV_0189,3.02,26.0,52.8,67.44
DEL_04078,ORD_04078,DRV_0388,6.29,24.0,70.8,22.83
DEL_04079,ORD_04079,DRV_0107,5.52,37.0,88.4,33.18
DEL_04080,ORD_04080,DRV_0290,2.09,29.0,53.7,32.57
DEL_04081,ORD_04081,DRV_0473,6.23,15.0,47.9,35.27
DEL_04082,ORD_04082,DRV_0008,6.32,25.0,99.4,32.58
DEL_04083,ORD_04083,DRV_0032,4.65,19.0,51.0,19.93
DEL_04084,ORD_04084,DRV_0402,4.21,19.0,41.0,84.39
DEL_04085,ORD_04085,DRV_0168,13.18,28.0,94.2,13.83
DEL_04086,ORD_04086,DRV_0331,4.14,24.0,65.8,23.68
DEL_04087,ORD_04087,DRV_0440,3.57,27.0,77.6,17.58
DEL_04088,ORD_04088,DRV_0037,5.75,34.0,63.3,9.67
DEL_04089,ORD_04089,DRV_0231,3.08,9.0,46.4,27.69
DEL_04090,ORD_04090,DRV_0183,4.71,25.0,58.5,21.63
DEL_04091,ORD_04091,DRV_0292,5.97,17.0,73.4,26.73
DEL_04092,ORD_04092,DRV_0246,11.68,24.0,85.3,29.14
DEL_04093,ORD_04093,DRV_0010,4.79,17.0,53.8,54.19
DEL_04094,ORD_04094,DRV_0070,6.23,31.0,97.3,24.45
DEL_04095,ORD_04095,DRV_0237,3.36,20.0,38.7,30.61
DEL_04096,ORD_04096,DRV_0464,6.92,6.0,65.3,9.55
DEL_04097,ORD_04097,DRV_0118,7.32,19.0,59.6,24.27
DEL_04098,ORD_04098,DRV_0217,7.12,28.0,81.6,23.39
DEL_04099,ORD_04099,DRV_0191,4.42,25.0,83.7,26.36
DEL_04100,ORD_04100,DRV_0418,4.77,22.0,41.6,59.57
DEL_04101,ORD_04101,DRV_0351,4.67,24.0,76.0,13.61
DEL_04102,ORD_04102,DRV_0239,2.11,22.0,37.0,21.18
DEL_04103,ORD_04103,DRV_0328,5.91,26.0,69.5,28.3
DEL_04104,ORD_04104,DRV_0401,2.0,12.0,43.2,8.81
DEL_04105,ORD_04105,DRV_0379,4.93,21.0,71.8,34.84
DEL_04106,ORD_04106,DRV_0317,4.39,20.0,49.7,12.52
DEL_04107,ORD_04107,DRV_0206,8.31,12.0,67.5,18.29
DEL_04108,ORD_04108,DRV_0222,4.23,26.0,76.6,26.05
DEL_04109,ORD_04109,DRV_0146,10.23,19.0,81.3,11.78
DEL_04110,ORD_04110,DRV_0189,3.89,21.0,59.5,27.95
DEL_04111,ORD_04111,DRV_0238,2.05,20.0,38.8,27.69
DEL_04112,ORD_04112,DRV_0292,0.96,29.0,48.1,60.25
DEL_04113,ORD_04113,DRV_0469,10.67,11.0,52.9,17.69
DEL_04114,ORD_04114,DRV_0437,1.82,12.0,47.0,42.25
DEL_04115,ORD_04115,DRV_0223,4.47,16.0,53.5,7.17
DEL_04116,ORD_04116,DRV_0246,2.32,37.0,59.6,26.04
DEL_04117,ORD_04117,DRV_0247,7.18,25.0,84.4,29.04
DEL_04118,ORD_04118,DRV_0417,4.0,28.0,56.9,31.0
DEL_04119,ORD_04119,DRV_0407,0.5,26.0,42.7,21.09
DEL_04120,ORD_04120,DRV_0448,10.53,32.0,105.7,22.32
DEL_04121,ORD_04121,DRV_0038,2.67,12.0,35.7,15.61
DEL_04122,ORD_04122,DRV_0453,4.56,13.0,39.2,21.88
DEL_04123,ORD_04123,DRV_0207,4.36,24.0,69.2,19.82
DEL_04124,ORD_04124,DRV_0414,1.85,31.0,55.0,27.21
DEL_04125,ORD_04125,DRV_0400,7.62,29.0,77.0,3.23
DEL_04126,ORD_04126,DRV_0438,1.88,22.0,51.7,18.42
DEL_04127,ORD_04127,DRV_0187,10.6,21.0,85.6,49.59
DEL_04128,ORD_04128,DRV_0360,4.76,31.0,64.0,21.3
DEL_04129,ORD_04129,DRV_0477,3.81,22.0,58.5,13.56
DEL_04130,ORD_04130,DRV_0092,4.37,29.0,65.5,22.85
DEL_04131,ORD_04131,DRV_0006,3.55,24.0,52.8,37.28
DEL_04132,ORD_04132,DRV_0133,5.52,11.0,64.3,24.55
DEL_04133,ORD_04133,DRV_0486,1.94,19.0,52.7,45.58
DEL_04134,ORD_04134,DRV_0473,11.12,34.0,99.4,13.12
DEL_04135,ORD_04135,DRV_0092,4.29,21.0,71.5,7.41
DEL_04136,ORD_04136,DRV_0001,4.56,20.0,42.5,26.93
DEL_04137,ORD_04137,DRV_0270,3.43,31.0,57.6,54.46
DEL_04138,ORD_04138,DRV_0083,5.73,7.0,69.0,15.3
DEL_04139,ORD_04139,DRV_0287,5.89,32.0,78.2,30.89
DEL_04140,ORD_04140,DRV_0179,6.18,25.0,83.9,10.01
DEL_04141,ORD_04141,DRV_0377,1.98,11.0,28.8,19.0
DEL_04142,ORD_04142,DRV_0335,1.53,35.0,52.7,21.31
DEL_04143,ORD_04143,DRV_0147,8.16,24.0,78.3,45.33
DEL_04144,ORD_04144,DRV_0102,9.57,33.0,96.9,17.85
DEL_04145,ORD_04145,DRV_0288,2.15,18.0,46.7,23.77
DEL_04146,ORD_04146,DRV_0313,2.7,29.0,53.5,24.41
DEL_04147,ORD_04147,DRV_0031,1.44,15.0,47.8,22.6
DEL_04148,ORD_04148,DRV_0314,5.32,40.0,67.9,19.79
DEL_04149,ORD_04149,DRV_0485,3.3,19.0,60.6,14.99
DEL_04150,ORD_04150,DRV_0154,1.8,26.0,42.7,28.77
DEL_04151,ORD_04151,DRV_0048,1.09,18.0,40.2,10.49
DEL_04152,ORD_04152,DRV_0379,2.74,35.0,57.2,40.57
DEL_04153,ORD_04153,DRV_0041,3.81,36.0,57.1,15.19
DEL_04154,ORD_04154,DRV_0153,1.41,19.0,35.8,21.55
DEL_04155,ORD_04155,DRV_0431,2.09,22.0,46.8,4.44
DEL_04156,ORD_04156,DRV_0182,10.17,24.0,79.3,28.94
DEL_04157,ORD_04157,DRV_0232,1.49,20.0,45.5,35.15
DEL_04158,ORD_04158,DRV_0121,2.94,25.0,67.8,22.13
DEL_04159,ORD_04159,DRV_0185,2.86,13.0,36.5,8.03
DEL_04160,ORD_04160,DRV_0456,7.08,17.0,58.7,45.62
DEL_04161,ORD_04161,DRV_0317,0.64,17.0,52.6,13.41
DEL_04162,ORD_04162,DRV_0388,6.74,28.0,55.9,36.57
DEL_04163,ORD_04163,DRV_0415,14.28,36.0,100.7,19.31
DEL_04164,ORD_04164,DRV_0120,4.44,35.0,52.8,27.61
DEL_04165,ORD_04165,DRV_0352,7.01,19.0,83.4,20.33
DEL_04166,ORD_04166,DRV_0226,8.33,13.0,55.4,61.63
DEL_04167,ORD_04167,DRV_0112,4.23,19.0,58.1,51.27
DEL_04168,ORD_04168,DRV_0195,2.58,11.0,45.0,26.6
DEL_04169,ORD_04169,DRV_0297,3.96,33.0,58.5,38.82
DEL_04170,ORD_04170,DRV_0026,5.97,14.0,64.9,31.62
DEL_04171,ORD_04171,DRV_0452,2.85,28.0,59.7,25.01
DEL_04172,ORD_04172,DRV_0194,0.5,29.0,53.2,39.79
DEL_04173,ORD_04173,DRV_0019,2.11,38.0,59.1,26.68
DEL_04174,ORD_04174,DRV_0343,4.86,15.0,72.3,28.88
DEL_04175,ORD_04175,DRV_0025,4.71,16.0,52.4,23.35
DEL_04176,ORD_04176,DRV_0047,2.01,19.0,42.7,20.12
DEL_04177,ORD_04177,DRV_0199,2.94,27.0,64.7,71.72
DEL_04178,ORD_04178,DRV_0264,1.07,32.0,70.5,24.32
DEL_04179,ORD_04179,DRV_0003,3.68,23.0,68.3,18.04
DEL_04180,ORD_04180,DRV_0471,3.05,36.0,58.5,32.71
DEL_04181,ORD_04181,DRV_0239,3.34,18.0,57.9,40.8
DEL_04182,ORD_04182,DRV_0289,13.77,45.0,105.6,23.91
DEL_04183,ORD_04183,DRV_0368,4.47,34.0,74.2,14.9
DEL_04184,ORD_04184,DRV_0412,1.52,32.0,50.4,32.04
DEL_04185,ORD_04185,DRV_0022,5.22,31.0,65.3,12.57
DEL_04186,ORD_04186,DRV_0355,3.38,27.0,64.3,30.13
DEL_04187,ORD_04187,DRV_0354,2.4,11.0,43.8,20.27
DEL_04188,ORD_04188,DRV_0030,3.91,28.0,55.2,28.06
DEL_04189,ORD_04189,DRV_0047,9.26,12.0,68.7,30.04
DEL_04190,ORD_04190,DRV_0420,1.08,29.0,59.5,33.15
DEL_04191,ORD_04191,DRV_0315,0.61,14.0,22.1,25.01
DEL_04192,ORD_04192,DRV_0270,2.49,32.0,75.3,7.76
DEL_04193,ORD_04193,DRV_0329,3.6,10.0,56.5,16.83
DEL_04194,ORD_04194,DRV_0470,3.24,40.0,47.6,21.48
DEL_04195,ORD_04195,DRV_0476,3.14,23.0,66.1,21.69
DEL_04196,ORD_04196,DRV_0361,2.55,35.0,73.5,44.31
DEL_04197,ORD_04197,DRV_0270,7.42,12.0,66.9,19.73
DEL_04198,ORD_04198,DRV_0463,4.77,27.0,60.1,26.34
DEL_04199,ORD_04199,DRV_0440,8.32,17.0,65.0,26.29
DEL_04200,ORD_04200,DRV_0485,0.7,38.0,69.1,26.36
DEL_04201,ORD_04201,DRV_0152,3.05,21.0,53.0,37.68
DEL_04202,ORD_04202,DRV_0226,4.51,24.0,84.6,30.71
DEL_04203,ORD_04203,DRV_0248,1.55,31.0,40.5,32.26
DEL_04204,ORD_04204,DRV_0305,3.26,27.0,44.5,54.9
DEL_04205,ORD_04205,DRV_0171,5.52,38.0,94.5,44.58
DEL_04206,ORD_04206,DRV_0237,9.76,29.0,84.1,23.98
DEL_04207,ORD_04207,DRV_0236,9.61,25.0,100.0,15.17
DEL_04208,ORD_04208,DRV_0259,8.84,19.0,79.6,37.04
DEL_04209,ORD_04209,DRV_0279,10.56,29.0,97.5,20.4
DEL_04210,ORD_04210,DRV_0148,0.5,19.0,37.0,24.83
DEL_04211,ORD_04211,DRV_0109,0.98,10.0,40.8,27.32
DEL_04212,ORD_04212,DRV_0143,2.97,24.0,47.2,20.76
DEL_04213,ORD_04213,DRV_0299,1.69,33.0,53.5,33.51
DEL_04214,ORD_04214,DRV_0464,4.88,18.0,56.0,14.31
DEL_04215,ORD_04215,DRV_0071,12.99,27.0,84.0,20.8
DEL_04216,ORD_04216,DRV_0417,0.83,19.0,47.5,27.23
DEL_04217,ORD_04217,DRV_0311,2.63,11.0,54.9,37.23
DEL_04218,ORD_04218,DRV_0126,3.66,29.0,66.2,30.3
DEL_04219,ORD_04219,DRV_0467,1.07,18.0,29.0,31.04
DEL_04220,ORD_04220,DRV_0082,6.42,39.0,72.4,22.13
DEL_04221,ORD_04221,DRV_0041,4.06,36.0,77.1,22.44
DEL_04222,ORD_04222,DRV_0402,2.84,38.0,58.9,23.75
DEL_04223,ORD_04223,DRV_0387,5.29,38.0,83.3,21.93
DEL_04224,ORD_04224,DRV_0259,6.96,36.0,92.9,57.61
DEL_04225,ORD_04225,DRV_0356,4.6,16.0,73.3,61.11
DEL_04226,ORD_04226,DRV_0144,4.72,26.0,58.0,11.72
DEL_04227,ORD_04227,DRV_0171,3.98,12.0,55.1,29.56
DEL_04228,ORD_04228,DRV_0279,4.9,18.0,64.6,22.87
DEL_04229,ORD_04229,DRV_0471,7.96,16.0,68.1,22.14
DEL_04230,ORD_04230,DRV_0143,13.33,16.0,100.2,38.42
DEL_04231,ORD_04231,DRV_0457,16.37,21.0,134.4,23.4
DEL_04232,ORD_04232,DRV_0127,4.74,34.0,59.7,51.72
DEL_04233,ORD_04233,DRV_0058,4.78,34.0,64.6,35.79
DEL_04234,ORD_04234,DRV_0168,8.36,40.0,83.0,32.63
DEL_04235,ORD_04235,DRV_0118,1.99,20.0,46.1,29.48
DEL_04236,ORD_04236,DRV_0166,11.32,23.0,100.7,47.56
DEL_04237,ORD_04237,DRV_0373,4.52,21.0,44.3,33.68
DEL_04238,ORD_04238,DRV_0082,1.45,41.0,66.8,20.98
DEL_04239,ORD_04239,DRV_0358,0.93,41.0,52.7,26.48
DEL_04240,ORD_04240,DRV_0134,2.52,23.0,65.8,25.05
DEL_04241,ORD_04241,DRV_0364,3.01,23.0,79.0,32.47
DEL_04242,ORD_04242,DRV_0485,4.72,41.0,90.8,23.19
DEL_04243,ORD_04243,DRV_0046,8.81,23.0,82.2,20.65
DEL_04244,ORD_04244,DRV_0262,5.5,41.0,69.2,32.01
DEL_04245,ORD_04245,DRV_0469,7.15,17.0,66.4,28.25
DEL_04246,ORD_04246,DRV_0123,6.13,36.0,71.9,21.65
DEL_04247,ORD_04247,DRV_0222,1.39,21.0,42.8,24.06
DEL_04248,ORD_04248,DRV_0092,3.78,29.0,59.6,16.09
DEL_04249,ORD_04249,DRV_0404,1.72,20.0,59.6,10.68
DEL_04250,ORD_04250,DRV_0019,4.06,14.0,51.6,16.3
DEL_04251,ORD_04251,DRV_0270,3.57,35.0,51.7,39.16
DEL_04252,ORD_04252,DRV_0065,3.3,17.0,40.7,20.07
DEL_04253,ORD_04253,DRV_0219,8.6,21.0,72.7,57.88
DEL_04254,ORD_04254,DRV_0500,5.22,23.0,46.5,27.85
DEL_04255,ORD_04255,DRV_0352,10.51,20.0,82.2,15.62
DEL_04256,ORD_04256,DRV_0157,3.11,19.0,57.6,30.36
DEL_04257,ORD_04257,DRV_0415,2.27,30.0,57.1,23.81
DEL_04258,ORD_04258,DRV_0153,1.7,17.0,48.9,29.36
DEL_04259,ORD_04259,DRV_0247,7.43,12.0,69.0,45.45
DEL_04260,ORD_04260,DRV_0199,2.83,18.0,41.5,16.92
DEL_04261,ORD_04261,DRV_0231,3.97,26.0,56.6,23.13
DEL_04262,ORD_04262,DRV_0302,0.7,34.0,58.4,28.09
DEL_04263,ORD_04263,DRV_0436,9.84,12.0,65.8,14.07
DEL_04264,ORD_04264,DRV_0016,7.3,16.0,52.6,8.15
DEL_04265,ORD_04265,DRV_0108,1.45,43.0,53.5,19.78
DEL_04266,ORD_04266,DRV_0395,6.02,35.0,76.8,86.27
DEL_04267,ORD_04267,DRV_0274,4.71,32.0,80.3,25.09
DEL_04268,ORD_04268,DRV_0364,10.13,14.0,84.1,57.34
DEL_04269,ORD_04269,DRV_0184,3.18,22.0,53.9,27.06
DEL_04270,ORD_04270,DRV_0490,4.46,21.0,66.8,9.58
DEL_04271,ORD_04271,DRV_0184,9.52,25.0,69.3,50.22
DEL_04272,ORD_04272,DRV_0441,4.01,26.0,70.1,33.49
DEL_04273,ORD_04273,DRV_0069,4.63,19.0,56.4,23.42
DEL_04274,ORD_04274,DRV_0250,4.82,15.0,67.5,36.02
DEL_04275,ORD_04275,DRV_0376,9.14,25.0,77.2,82.2
DEL_04276,ORD_04276,DRV_0450,2.22,11.0,39.3,27.97
DEL_04277,ORD_04277,DRV_0458,10.24,23.0,101.5,26.8
DEL_04278,ORD_04278,DRV_0218,4.7,27.0,59.1,20.25
DEL_04279,ORD_04279,DRV_0088,16.63,22.0,115.8,77.54
DEL_04280,ORD_04280,DRV_0346,11.59,28.0,84.7,27.89
DEL_04281,ORD_04281,DRV_0272,4.86,28.0,57.8,24.36
DEL_04282,ORD_04282,DRV_0217,4.11,16.0,52.3,27.68
DEL_04283,ORD_04283,DRV_0358,2.77,23.0,63.7,21.47
DEL_04284,ORD_04284,DRV_0390,3.55,26.0,47.8,22.01
DEL_04285,ORD_04285,DRV_0180,1.49,29.0,51.9,27.28
DEL_04286,ORD_04286,DRV_0125,0.52,28.0,39.0,24.2
DEL_04287,ORD_04287,DRV_0376,10.67,22.0,69.3,35.92
DEL_04288,ORD_04288,DRV_0183,5.53,20.0,59.2,17.25
DEL_04289,ORD_04289,DRV_0332,6.35,30.0,79.1,29.24
DEL_04290,ORD_04290,DRV_0329,3.99,24.0,51.1,34.46
DEL_04291,ORD_04291,DRV_0433,3.05,22.0,44.3,18.53
DEL_04292,ORD_04292,DRV_0490,5.94,28.0,85.6,47.06
DEL_04293,ORD_04293,DRV_0200,1.85,33.0,59.3,16.02
DEL_04294,ORD_04294,DRV_0184,12.34,31.0,81.8,23.7
DEL_04295,ORD_04295,DRV_0479,5.15,33.0,74.9,33.81
DEL_04296,ORD_04296,DRV_0297,5.11,27.0,73.8,27.29
DEL_04297,ORD_04297,DRV_0224,7.1,20.0,59.1,32.38
DEL_04298,ORD_04298,DRV_0455,8.42,18.0,61.3,21.07
DEL_04299,ORD_04299,DRV_0480,3.37,20.0,50.8,37.25
DEL_04300,ORD_04300,DRV_0362,1.51,39.0,64.2,15.2
DEL_04301,ORD_04301,DRV_0440,3.19,32.0,55.4,35.95
DEL_04302,ORD_04302,DRV_0377,1.73,33.0,41.1,30.82
DEL_04303,ORD_04303,DRV_0089,4.02,16.0,59.8,13.46
DEL_04304,ORD_04304,DRV_0225,2.41,27.0,55.4,23.05
DEL_04305,ORD_04305,DRV_0499,5.86,21.0,57.0,37.93
DEL_04306,ORD_04306,DRV_0447,1.54,27.0,29.7,7.48
DEL_04307,ORD_04307,DRV_0118,11.31,24.0,80.7,42.82
DEL_04308,ORD_04308,DRV_0156,5.39,9.0,59.7,23.61
DEL_04309,ORD_04309,DRV_0459,5.64,14.0,56.8,18.0
DEL_04310,ORD_04310,DRV_0159,4.61,14.0,62.2,17.13
DEL_04311,ORD_04311,DRV_0183,8.09,31.0,69.2,50.45
DEL_04312,ORD_04312,DRV_0436,4.4,27.0,67.2,15.17
DEL_04313,ORD_04313,DRV_0202,3.74,26.0,80.3,30.08
DEL_04314,ORD_04314,DRV_0066,4.66,27.0,61.3,38.5
DEL_04315,ORD_04315,DRV_0046,4.24,18.0,66.4,27.02
DEL_04316,ORD_04316,DRV_0364,2.71,38.0,67.1,27.62
DEL_04317,ORD_04317,DRV_0260,10.09,22.0,81.0,20.78
DEL_04318,ORD_04318,DRV_0406,4.98,25.0,69.2,5.57
DEL_04319,ORD_04319,DRV_0429,3.85,42.0,81.4,29.71
DEL_04320,ORD_04320,DRV_0244,1.94,12.0,37.2,21.1
DEL_04321,ORD_04321,DRV_0156,0.66,24.0,59.7,38.58
DEL_04322,ORD_04322,DRV_0394,6.83,16.0,64.3,18.1
DEL_04323,ORD_04323,DRV_0450,3.29,31.0,50.0,22.83
DEL_04324,ORD_04324,DRV_0249,2.93,34.0,63.2,32.45
DEL_04325,ORD_04325,DRV_0433,7.51,34.0,67.0,15.6
DEL_04326,ORD_04326,DRV_0095,0.5,28.0,40.0,29.63
DEL_04327,ORD_04327,DRV_0255,0.73,33.0,33.9,80.96
DEL_04328,ORD_04328,DRV_0362,3.04,28.0,56.3,24.27
DEL_04329,ORD_04329,DRV_0471,4.48,10.0,41.2,38.16
DEL_04330,ORD_04330,DRV_0336,2.59,22.0,68.7,24.65
DEL_04331,ORD_04331,DRV_0201,4.07,25.0,44.9,17.8
DEL_04332,ORD_04332,DRV_0307,3.01,27.0,45.6,18.49
DEL_04333,ORD_04333,DRV_0427,4.99,19.0,36.1,17.67
DEL_04334,ORD_04334,DRV_0134,2.23,22.0,45.2,22.08
DEL_04335,ORD_04335,DRV_0377,5.6,22.0,68.6,14.48
DEL_04336,ORD_04336,DRV_0153,1.23,35.0,57.0,21.75
DEL_04337,ORD_04337,DRV_0255,2.93,17.0,47.4,36.65
DEL_04338,ORD_04338,DRV_0260,6.64,18.0,60.9,12.58
DEL_04339,ORD_04339,DRV_0240,11.35,21.0,83.8,15.28
DEL_04340,ORD_04340,DRV_0460,9.1,33.0,103.2,33.4
DEL_04341,ORD_04341,DRV_0152,1.89,33.0,84.1,53.48
DEL_04342,ORD_04342,DRV_0440,4.33,29.0,70.1,18.06
DEL_04343,ORD_04343,DRV_0091,6.64,21.0,78.2,18.66
DEL_04344,ORD_04344,DRV_0240,4.64,11.0,52.2,23.18
DEL_04345,ORD_04345,DRV_0183,1.99,19.0,42.3,12.45
DEL_04346,ORD_04346,DRV_0310,1.64,17.0,61.5,11.72
DEL_04347,ORD_04347,DRV_0259,1.86,29.0,65.3,21.96
DEL_04348,ORD_04348,DRV_0460,10.53,28.0,90.8,41.85
DEL_04349,ORD_04349,DRV_0431,5.55,15.0,41.9,24.87
DEL_04350,ORD_04350,DRV_0500,4.34,30.0,57.6,21.03
DEL_04351,ORD_04351,DRV_0286,7.67,24.0,62.5,39.06
DEL_04352,ORD_04352,DRV_0076,4.6,14.0,63.6,21.58
DEL_04353,ORD_04353,DRV_0297,4.91,28.0,62.7,26.58
DEL_04354,ORD_04354,DRV_0362,3.85,18.0,52.2,10.58
DEL_04355,ORD_04355,DRV_0183,0.94,30.0,40.8,18.94
DEL_04356,ORD_04356,DRV_0059,2.2,31.0,50.0,24.45
DEL_04357,ORD_04357,DRV_0040,3.07,16.0,31.5,41.98
DEL_04358,ORD_04358,DRV_0045,6.74,30.0,79.7,22.98
DEL_04359,ORD_04359,DRV_0406,7.46,14.0,61.5,20.66
DEL_04360,ORD_04360,DRV_0015,1.05,17.0,54.5,47.85
DEL_04361,ORD_04361,DRV_0220,2.59,26.0,59.0,48.48
DEL_04362,ORD_04362,DRV_0273,3.96,10.0,31.0,39.67
DEL_04363,ORD_04363,DRV_0187,1.6,37.0,58.6,21.47
DEL_04364,ORD_04364,DRV_0364,6.46,16.0,48.3,47.56
DEL_04365,ORD_04365,DRV_0496,8.21,13.0,62.2,32.15
DEL_04366,ORD_04366,DRV_0025,18.88,22.0,100.1,19.53
DEL_04367,ORD_04367,DRV_0299,3.8,23.0,43.7,25.3
DEL_04368,ORD_04368,DRV_0192,3.94,29.0,48.4,38.14
DEL_04369,ORD_04369,DRV_0179,9.3,30.0,85.4,26.24
DEL_04370,ORD_04370,DRV_0061,8.57,38.0,83.7,22.8
DEL_04371,ORD_04371,DRV_0429,6.14,26.0,66.8,50.0
DEL_04372,ORD_04372,DRV_0131,2.82,31.0,51.1,20.14
DEL_04373,ORD_04373,DRV_0249,2.67,11.0,28.7,33.34
DEL_04374,ORD_04374,DRV_0164,3.55,13.0,46.9,14.81
DEL_04375,ORD_04375,DRV_0479,4.51,16.0,51.9,14.47
DEL_04376,ORD_04376,DRV_0207,5.49,20.0,68.7,14.37
DEL_04377,ORD_04377,DRV_0238,5.9,15.0,52.7,12.28
DEL_04378,ORD_04378,DRV_0192,4.75,37.0,64.1,18.39
DEL_04379,ORD_04379,DRV_0028,3.13,26.0,49.8,46.21
DEL_04380,ORD_04380,DRV_0107,0.97,32.0,52.1,14.17
DEL_04381,ORD_04381,DRV_0223,6.51,15.0,50.1,34.02
DEL_04382,ORD_04382,DRV_0380,4.54,22.0,70.9,22.45
DEL_04383,ORD_04383,DRV_0429,4.26,12.0,40.9,15.91
DEL_04384,ORD_04384,DRV_0084,3.57,22.0,63.2,27.07
DEL_04385,ORD_04385,DRV_0498,15.27,24.0,107.1,16.31
DEL_04386,ORD_04386,DRV_0237,9.62,25.0,95.7,17.06
DEL_04387,ORD_04387,DRV_0149,6.75,30.0,55.7,14.51
DEL_04388,ORD_04388,DRV_0283,5.7,19.0,48.0,34.73
DEL_04389,ORD_04389,DRV_0339,4.7,30.0,62.7,48.39
DEL_04390,ORD_04390,DRV_0100,2.16,13.0,54.8,27.27
DEL_04391,ORD_04391,DRV_0332,3.26,7.0,36.5,51.74
DEL_04392,ORD_04392,DRV_0035,8.95,15.0,62.5,13.47
DEL_04393,ORD_04393,DRV_0432,4.43,19.0,55.1,60.19
DEL_04394,ORD_04394,DRV_0097,9.77,18.0,79.0,25.93
DEL_04395,ORD_04395,DRV_0356,4.72,9.0,41.2,18.5
DEL_04396,ORD_04396,DRV_0233,0.78,15.0,54.4,19.78
DEL_04397,ORD_04397,DRV_0407,6.56,33.0,69.1,20.97
DEL_04398,ORD_04398,DRV_0448,4.59,24.0,68.2,20.33
DEL_04399,ORD_04399,DRV_0013,16.07,30.0,111.3,29.33
DEL_04400,ORD_04400,DRV_0246,3.82,36.0,84.6,4.23
DEL_04401,ORD_04401,DRV_0414,3.52,22.0,56.8,26.04
DEL_04402,ORD_04402,DRV_0458,3.45,28.0,64.2,35.06
DEL_04403,ORD_04403,DRV_0489,2.92,29.0,62.5,21.81
DEL_04404,ORD_04404,DRV_0404,8.87,34.0,76.5,15.01
DEL_04405,ORD_04405,DRV_0262,20.0,24.0,118.2,37.42
DEL_04406,ORD_04406,DRV_0223,5.0,26.0,66.5,17.78
DEL_04407,ORD_04407,DRV_0403,6.76,28.0,65.8,22.5
DEL_04408,ORD_04408,DRV_0451,3.67,28.0,55.8,31.62
DEL_04409,ORD_04409,DRV_0074,12.66,34.0,117.5,21.77
DEL_04410,ORD_04410,DRV_0266,5.98,15.0,42.9,22.69
DEL_04411,ORD_04411,DRV_0184,3.61,35.0,63.1,21.17
DEL_04412,ORD_04412,DRV_0277,8.62,27.0,82.8,15.7
DEL_04413,ORD_04413,DRV_0383,4.63,15.0,53.9,19.54
DEL_04414,ORD_04414,DRV_0056,0.97,19.0,27.6,23.79
DEL_04415,ORD_04415,DRV_0057,1.97,30.0,43.7,34.88
DEL_04416,ORD_04416,DRV_0386,1.61,23.0,44.0,41.76
DEL_04417,ORD_04417,DRV_0493,9.41,36.0,96.0,29.62
DEL_04418,ORD_04418,DRV_0295,2.77,36.0,62.5,23.0
DEL_04419,ORD_04419,DRV_0061,1.73,18.0,40.8,24.62
DEL_04420,ORD_04420,DRV_0173,5.85,17.0,47.7,23.14
DEL_04421,ORD_04421,DRV_0478,5.5,33.0,79.7,19.27
DEL_04422,ORD_04422,DRV_0110,8.74,24.0,79.3,67.24
DEL_04423,ORD_04423,DRV_0412,10.24,15.0,62.1,13.97
DEL_04424,ORD_04424,DRV_0146,3.85,11.0,49.5,48.25
DEL_04425,ORD_04425,DRV_0014,11.66,30.0,105.5,13.92
DEL_04426,ORD_04426,DRV_0183,9.14,23.0,85.3,44.91
DEL_04427,ORD_04427,DRV_0315,0.95,20.0,45.9,94.36
DEL_04428,ORD_04428,DRV_0365,6.51,15.0,53.1,10.25
DEL_04429,ORD_04429,DRV_0147,2.5,15.0,67.2,27.66
DEL_04430,ORD_04430,DRV_0232,2.31,19.0,36.9,27.12
DEL_04431,ORD_04431,DRV_0484,11.27,12.0,72.4,43.15
DEL_04432,ORD_04432,DRV_0297,8.85,20.0,63.9,30.21
DEL_04433,ORD_04433,DRV_0140,9.46,22.0,64.3,28.49
DEL_04434,ORD_04434,DRV_0148,4.48,24.0,60.6,25.58
DEL_04435,ORD_04435,DRV_0418,1.24,40.0,66.0,35.33
DEL_04436,ORD_04436,DRV_0381,1.32,19.0,62.6,8.61
DEL_04437,ORD_04437,DRV_0036,2.22,15.0,46.0,31.12
DEL_04438,ORD_04438,DRV_0277,9.29,28.0,102.0,19.24
DEL_04439,ORD_04439,DRV_0056,3.45,31.0,69.6,65.0
DEL_04440,ORD_04440,DRV_0467,11.17,21.0,88.9,17.85
DEL_04441,ORD_04441,DRV_0041,2.83,33.0,57.7,40.98
DEL_04442,ORD_04442,DRV_0383,12.87,22.0,87.5,13.58
DEL_04443,ORD_04443,DRV_0169,8.29,37.0,88.1,6.88
DEL_04444,ORD_04444,DRV_0171,2.38,33.0,64.9,25.95
DEL_04445,ORD_04445,DRV_0106,4.83,25.0,62.2,27.11
DEL_04446,ORD_04446,DRV_0227,8.77,19.0,84.3,53.3
DEL_04447,ORD_04447,DRV_0456,5.04,16.0,41.3,14.21
DEL_04448,ORD_04448,DRV_0086,3.49,20.0,46.1,23.6
DEL_04449,ORD_04449,DRV_0491,3.37,18.0,67.5,45.13
DEL_04450,ORD_04450,DRV_0294,2.82,35.0,61.6,31.45
DEL_04451,ORD_04451,DRV_0146,2.74,23.0,64.9,17.97
DEL_04452,ORD_04452,DRV_0264,4.11,35.0,68.2,18.27
DEL_04453,ORD_04453,DRV_0247,2.09,26.0,57.6,16.85
DEL_04454,ORD_04454,DRV_0450,3.25,24.0,47.0,7.76
DEL_04455,ORD_04455,DRV_0148,6.87,39.0,85.3,10.2
DEL_04456,ORD_04456,DRV_0453,2.33,22.0,71.7,27.19
DEL_04457,ORD_04457,DRV_0441,1.87,15.0,47.0,29.11
DEL_04458,ORD_04458,DRV_0362,1.82,31.0,55.0,30.86
DEL_04459,ORD_04459,DRV_0222,3.42,14.0,57.5,47.86
DEL_04460,ORD_04460,DRV_0146,2.0,16.0,34.5,32.7
DEL_04461,ORD_04461,DRV_0108,3.98,31.0,78.7,19.52
DEL_04462,ORD_04462,DRV_0444,5.79,39.0,75.8,24.54
DEL_04463,ORD_04463,DRV_0215,2.7,22.0,45.9,33.37
DEL_04464,ORD_04464,DRV_0245,1.33,17.0,24.4,37.7
DEL_04465,ORD_04465,DRV_0130,10.9,11.0,81.1,29.98
DEL_04466,ORD_04466,DRV_0426,3.88,34.0,61.1,29.98
DEL_04467,ORD_04467,DRV_0064,4.39,33.0,59.7,11.25
DEL_04468,ORD_04468,DRV_0300,7.12,25.0,59.5,14.16
DEL_04469,ORD_04469,DRV_0435,1.82,23.0,36.4,34.01
DEL_04470,ORD_04470,DRV_0357,2.83,9.0,59.5,27.54
DEL_04471,ORD_04471,DRV_0362,4.42,32.0,65.9,13.64
DEL_04472,ORD_04472,DRV_0224,5.7,22.0,69.7,10.95
DEL_04473,ORD_04473,DRV_0065,4.12,21.0,49.4,21.27
DEL_04474,ORD_04474,DRV_0487,4.78,27.0,67.5,31.27
DEL_04475,ORD_04475,DRV_0065,4.13,32.0,59.0,33.84
DEL_04476,ORD_04476,DRV_0374,3.9,29.0,72.3,7.09
DEL_04477,ORD_04477,DRV_0380,0.53,19.0,38.5,12.91
DEL_04478,ORD_04478,DRV_0182,6.12,9.0,53.1,15.52
DEL_04479,ORD_04479,DRV_0497,1.38,18.0,29.8,33.22
DEL_04480,ORD_04480,DRV_0108,12.46,28.0,101.0,44.82
DEL_04481,ORD_04481,DRV_0351,3.17,20.0,51.3,41.52
DEL_04482,ORD_04482,DRV_0423,3.61,27.0,72.0,25.96
DEL_04483,ORD_04483,DRV_0392,4.86,12.0,44.5,20.72
DEL_04484,ORD_04484,DRV_0323,9.52,10.0,60.3,18.38
DEL_04485,ORD_04485,DRV_0111,4.59,30.0,72.8,52.72
DEL_04486,ORD_04486,DRV_0076,1.16,33.0,76.0,14.12
DEL_04487,ORD_04487,DRV_0250,4.0,41.0,81.8,25.7
DEL_04488,ORD_04488,DRV_0241,2.06,18.0,51.5,21.7
DEL_04489,ORD_04489,DRV_0226,2.11,22.0,45.0,24.77
DEL_04490,ORD_04490,DRV_0305,2.22,14.0,48.6,16.65
DEL_04491,ORD_04491,DRV_0473,5.72,31.0,66.7,38.55
DEL_04492,ORD_04492,DRV_0164,6.02,30.0,64.7,33.94
DEL_04493,ORD_04493,DRV_0263,6.88,17.0,49.3,23.1
DEL_04494,ORD_04494,DRV_0015,2.86,25.0,53.0,27.99
DEL_04495,ORD_04495,DRV_0341,4.71,25.0,87.3,16.36
DEL_04496,ORD_04496,DRV_0153,6.33,13.0,65.6,37.61
DEL_04497,ORD_04497,DRV_0496,11.36,9.0,74.5,23.86
DEL_04498,ORD_04498,DRV_0441,1.24,22.0,52.3,70.06
DEL_04499,ORD_04499,DRV_0038,4.74,18.0,50.0,32.17
DEL_04500,ORD_04500,DRV_0037,2.0,16.0,63.4,12.04
DEL_04501,ORD_04501,DRV_0122,5.58,40.0,81.3,24.35
DEL_04502,ORD_04502,DRV_0272,1.49,24.0,57.1,14.36
DEL_04503,ORD_04503,DRV_0257,4.83,28.0,63.8,22.9
DEL_04504,ORD_04504,DRV_0175,2.95,17.0,44.6,26.48
DEL_04505,ORD_04505,DRV_0436,1.17,23.0,45.5,31.51
DEL_04506,ORD_04506,DRV_0293,3.18,28.0,53.4,68.96
DEL_04507,ORD_04507,DRV_0301,3.94,16.0,56.9,18.94
DEL_04508,ORD_04508,DRV_0142,10.09,42.0,107.8,60.37
DEL_04509,ORD_04509,DRV_0441,4.58,35.0,49.3,59.1
DEL_04510,ORD_04510,DRV_0162,2.99,18.0,41.7,29.0
DEL_04511,ORD_04511,DRV_0450,2.06,10.0,36.9,19.78
DEL_04512,ORD_04512,DRV_0415,10.07,23.0,111.8,40.23
DEL_04513,ORD_04513,DRV_0339,3.61,11.0,54.1,17.97
DEL_04514,ORD_04514,DRV_0467,8.53,30.0,64.3,40.29
DEL_04515,ORD_04515,DRV_0428,3.58,35.0,74.2,63.8
DEL_04516,ORD_04516,DRV_0023,3.36,18.0,52.5,35.36
DEL_04517,ORD_04517,DRV_0350,3.89,12.0,48.6,26.17
DEL_04518,ORD_04518,DRV_0337,7.03,18.0,70.3,23.46
DEL_04519,ORD_04519,DRV_0066,3.54,24.0,65.3,12.98
DEL_04520,ORD_04520,DRV_0395,5.36,36.0,75.2,26.45
DEL_04521,ORD_04521,DRV_0433,12.88,20.0,85.9,31.38
DEL_04522,ORD_04522,DRV_0462,2.65,9.0,56.4,20.8
DEL_04523,ORD_04523,DRV_0489,3.67,17.0,44.7,12.98
DEL_04524,ORD_04524,DRV_0058,7.98,20.0,75.5,24.84
DEL_04525,ORD_04525,DRV_0029,7.19,21.0,59.1,18.34
DEL_04526,ORD_04526,DRV_0083,3.76,24.0,73.9,21.64
DEL_04527,ORD_04527,DRV_0476,8.78,15.0,60.8,77.81
DEL_04528,ORD_04528,DRV_0435,3.41,20.0,59.6,16.36
DEL_04529,ORD_04529,DRV_0129,4.96,11.0,63.5,35.84
DEL_04530,ORD_04530,DRV_0133,6.95,12.0,68.3,38.28
DEL_04531,ORD_04531,DRV_0115,12.46,32.0,112.5,33.19
DEL_04532,ORD_04532,DRV_0034,10.4,23.0,100.6,43.95
DEL_04533,ORD_04533,DRV_0125,3.6,23.0,53.6,9.15
DEL_04534,ORD_04534,DRV_0078,7.72,14.0,52.9,26.95
DEL_04535,ORD_04535,DRV_0275,9.01,19.0,86.1,82.52
DEL_04536,ORD_04536,DRV_0344,2.18,31.0,66.3,109.72
DEL_04537,ORD_04537,DRV_0168,6.02,33.0,71.4,30.41
DEL_04538,ORD_04538,DRV_0081,2.8,33.0,68.6,40.01
DEL_04539,ORD_04539,DRV_0450,5.47,29.0,81.6,34.98
DEL_04540,ORD_04540,DRV_0095,8.53,14.0,61.1,24.95
DEL_04541,ORD_04541,DRV_0209,0.82,18.0,42.8,13.37
DEL_04542,ORD_04542,DRV_0448,11.03,32.0,94.6,8.71
DEL_04543,ORD_04543,DRV_0072,10.68,24.0,96.2,46.61
DEL_04544,ORD_04544,DRV_0494,7.89,15.0,77.2,64.07
DEL_04545,ORD_04545,DRV_0145,3.14,32.0,81.2,15.17
DEL_04546,ORD_04546,DRV_0038,10.04,15.0,63.5,28.97
DEL_04547,ORD_04547,DRV_0474,7.03,32.0,73.7,32.95
DEL_04548,ORD_04548,DRV_0171,12.58,21.0,83.2,20.44
DEL_04549,ORD_04549,DRV_0040,3.74,27.0,65.9,26.82
DEL_04550,ORD_04550,DRV_0173,1.35,10.0,46.2,38.11
DEL_04551,ORD_04551,DRV_0424,4.38,26.0,75.3,16.86
DEL_04552,ORD_04552,DRV_0199,5.74,19.0,73.3,9.43
DEL_04553,ORD_04553,DRV_0376,5.35,22.0,85.2,15.9
DEL_04554,ORD_04554,DRV_0344,2.69,42.0,60.9,27.95
DEL_04555,ORD_04555,DRV_0222,4.14,36.0,53.2,33.59
DEL_04556,ORD_04556,DRV_0090,4.02,23.0,46.1,11.04
DEL_04557,ORD_04557,DRV_0286,4.45,28.0,74.4,19.69
DEL_04558,ORD_04558,DRV_0163,7.49,24.0,65.8,42.04
DEL_04559,ORD_04559,DRV_0450,0.71,28.0,51.1,17.52
DEL_04560,ORD_04560,DRV_0428,4.78,22.0,76.6,25.66
DEL_04561,ORD_04561,DRV_0388,5.23,36.0,68.2,28.84
DEL_04562,ORD_04562,DRV_0448,1.72,16.0,61.0,21.19
DEL_04563,ORD_04563,DRV_0133,6.37,9.0,48.0,37.14
DEL_04564,ORD_04564,DRV_0432,5.28,21.0,55.8,20.8
DEL_04565,ORD_04565,DRV_0322,9.93,13.0,66.4,31.77
DEL_04566,ORD_04566,DRV_0351,2.18,23.0,45.2,32.39
DEL_04567,ORD_04567,DRV_0283,1.65,37.0,59.8,24.34
DEL_04568,ORD_04568,DRV_0152,11.95,17.0,78.1,11.25
DEL_04569,ORD_04569,DRV_0312,3.05,31.0,59.1,9.72
DEL_04570,ORD_04570,DRV_0045,8.63,36.0,93.2,35.43
DEL_04571,ORD_04571,DRV_0324,4.4,27.0,46.5,33.85
DEL_04572,ORD_04572,DRV_0412,4.59,31.0,70.5,181.16
DEL_04573,ORD_04573,DRV_0261,2.93,16.0,48.5,18.96
DEL_04574,ORD_04574,DRV_0219,3.89,29.0,55.6,16.9
DEL_04575,ORD_04575,DRV_0108,1.77,27.0,50.8,25.25
DEL_04576,ORD_04576,DRV_0047,1.66,26.0,72.2,55.51
DEL_04577,ORD_04577,DRV_0133,2.16,33.0,64.5,20.0
DEL_04578,ORD_04578,DRV_0261,5.38,23.0,72.3,50.02
DEL_04579,ORD_04579,DRV_0176,5.71,16.0,46.8,12.26
DEL_04580,ORD_04580,DRV_0121,5.52,16.0,68.2,26.1
DEL_04581,ORD_04581,DRV_0329,8.27,33.0,69.2,40.65
DEL_04582,ORD_04582,DRV_0303,6.75,32.0,62.0,56.39
DEL_04583,ORD_04583,DRV_0190,1.76,31.0,49.1,23.03
DEL_04584,ORD_04584,DRV_0411,1.17,17.0,44.3,15.42
DEL_04585,ORD_04585,DRV_0260,7.12,37.0,88.8,33.37
DEL_04586,ORD_04586,DRV_0177,1.79,24.0,59.7,42.5
DEL_04587,ORD_04587,DRV_0472,5.12,35.0,92.9,22.91
DEL_04588,ORD_04588,DRV_0347,2.45,28.0,71.3,18.62
DEL_04589,ORD_04589,DRV_0065,2.69,33.0,55.3,20.29
DEL_04590,ORD_04590,DRV_0352,4.27,33.0,55.7,28.22
DEL_04591,ORD_04591,DRV_0336,2.38,30.0,56.4,60.17
DEL_04592,ORD_04592,DRV_0343,3.31,28.0,70.4,29.49
DEL_04593,ORD_04593,DRV_0220,4.43,13.0,40.2,26.98
DEL_04594,ORD_04594,DRV_0317,7.84,29.0,98.2,13.31
DEL_04595,ORD_04595,DRV_0148,8.26,19.0,73.3,49.38
DEL_04596,ORD_04596,DRV_0465,7.9,28.0,61.0,49.63
DEL_04597,ORD_04597,DRV_0100,2.76,26.0,57.5,17.23
DEL_04598,ORD_04598,DRV_0119,2.13,36.0,72.6,23.89
DEL_04599,ORD_04599,DRV_0109,2.88,36.0,58.0,17.41
DEL_04600,ORD_04600,DRV_0392,2.45,42.0,88.0,19.93
DEL_04601,ORD_04601,DRV_0082,8.34,41.0,89.5,11.49
DEL_04602,ORD_04602,DRV_0013,4.98,40.0,76.7,22.87
DEL_04603,ORD_04603,DRV_0457,7.28,25.0,84.3,25.28
DEL_04604,ORD_04604,DRV_0421,1.62,17.0,37.4,10.77
DEL_04605,ORD_04605,DRV_0478,8.26,27.0,74.9,21.85
DEL_04606,ORD_04606,DRV_0299,2.03,18.0,35.9,12.56
DEL_04607,ORD_04607,DRV_0092,4.07,22.0,78.8,29.11
DEL_04608,ORD_04608,DRV_0238,5.67,18.0,47.2,16.03
DEL_04609,ORD_04609,DRV_0184,6.95,39.0,78.2,23.33
DEL_04610,ORD_04610,DRV_0178,5.23,32.0,65.2,37.56
DEL_04611,ORD_04611,DRV_0210,5.03,20.0,49.9,25.34
DEL_04612,ORD_04612,DRV_0276,2.04,15.0,53.3,45.21
DEL_04613,ORD_04613,DRV_0304,2.63,34.0,78.9,21.32
DEL_04614,ORD_04614,DRV_0356,3.42,9.0,38.8,87.4
DEL_04615,ORD_04615,DRV_0275,6.19,20.0,71.5,27.73
DEL_04616,ORD_04616,DRV_0325,2.64,40.0,67.8,27.01
DEL_04617,ORD_04617,DRV_0482,7.06,10.0,55.7,72.51
DEL_04618,ORD_04618,DRV_0273,5.88,33.0,67.3,17.93
DEL_04619,ORD_04619,DRV_0412,5.05,24.0,76.2,22.12
DEL_04620,ORD_04620,DRV_0036,2.81,22.0,47.2,14.78
DEL_04621,ORD_04621,DRV_0422,4.56,27.0,49.7,16.26
DEL_04622,ORD_04622,DRV_0478,1.06,32.0,45.5,30.42
DEL_04623,ORD_04623,DRV_0338,3.98,13.0,59.0,33.89
DEL_04624,ORD_04624,DRV_0070,0.53,10.0,29.7,21.38
DEL_04625,ORD_04625,DRV_0116,4.5,23.0,64.7,8.89
DEL_04626,ORD_04626,DRV_0410,5.0,23.0,60.9,10.7
DEL_04627,ORD_04627,DRV_0463,3.88,17.0,58.8,7.54
DEL_04628,ORD_04628,DRV_0001,1.99,42.0,49.2,16.74
DEL_04629,ORD_04629,DRV_0081,8.07,34.0,113.3,23.72
DEL_04630,ORD_04630,DRV_0479,4.66,26.0,82.9,34.91
DEL_04631,ORD_04631,DRV_0386,3.86,17.0,64.0,20.44
DEL_04632,ORD_04632,DRV_0420,3.24,19.0,62.8,30.82
DEL_04633,ORD_04633,DRV_0440,1.22,19.0,50.2,27.5
DEL_04634,ORD_04634,DRV_0035,2.62,21.0,62.2,21.04
DEL_04635,ORD_04635,DRV_0383,4.62,25.0,65.0,33.68
DEL_04636,ORD_04636,DRV_0283,7.03,13.0,64.4,36.02
DEL_04637,ORD_04637,DRV_0195,2.8,13.0,36.2,19.15
DEL_04638,ORD_04638,DRV_0184,8.33,36.0,99.2,21.83
DEL_04639,ORD_04639,DRV_0046,4.48,17.0,73.8,22.58
DEL_04640,ORD_04640,DRV_0148,11.81,9.0,87.1,23.38
DEL_04641,ORD_04641,DRV_0264,7.27,31.0,64.7,9.52
DEL_04642,ORD_04642,DRV_0093,11.28,17.0,98.3,37.06
DEL_04643,ORD_04643,DRV_0328,4.95,34.0,67.7,11.22
DEL_04644,ORD_04644,DRV_0489,2.78,21.0,63.5,16.7
DEL_04645,ORD_04645,DRV_0114,3.7,18.0,54.5,17.68
DEL_04646,ORD_04646,DRV_0347,3.24,27.0,53.9,18.72
DEL_04647,ORD_04647,DRV_0282,4.29,35.0,61.4,21.83
DEL_04648,ORD_04648,DRV_0103,3.34,27.0,63.3,21.74
DEL_04649,ORD_04649,DRV_0202,9.58,16.0,101.3,29.65
DEL_04650,ORD_04650,DRV_0062,8.91,41.0,72.4,14.98
DEL_04651,ORD_04651,DRV_0094,2.39,22.0,47.0,20.27
DEL_04652,ORD_04652,DRV_0417,5.65,24.0,74.6,19.62
DEL_04653,ORD_04653,DRV_0317,9.54,30.0,79.6,14.92
DEL_04654,ORD_04654,DRV_0228,2.38,25.0,52.5,23.17
DEL_04655,ORD_04655,DRV_0404,1.79,24.0,35.7,16.44
DEL_04656,ORD_04656,DRV_0068,3.39,42.0,92.6,8.94
DEL_04657,ORD_04657,DRV_0471,1.44,24.0,46.1,41.92
DEL_04658,ORD_04658,DRV_0285,9.48,18.0,72.7,51.94
DEL_04659,ORD_04659,DRV_0302,5.12,33.0,72.6,13.95
DEL_04660,ORD_04660,DRV_0480,0.97,17.0,24.2,41.7
DEL_04661,ORD_04661,DRV_0165,4.88,32.0,75.2,29.38
DEL_04662,ORD_04662,DRV_0101,9.63,31.0,82.9,20.73
DEL_04663,ORD_04663,DRV_0243,4.08,34.0,70.1,41.02
DEL_04664,ORD_04664,DRV_0090,4.13,40.0,74.4,28.26
DEL_04665,ORD_04665,DRV_0437,6.25,33.0,75.7,13.69
DEL_04666,ORD_04666,DRV_0389,6.77,37.0,102.8,36.68
DEL_04667,ORD_04667,DRV_0088,3.68,18.0,61.3,31.96
DEL_04668,ORD_04668,DRV_0127,8.68,18.0,81.1,15.39
DEL_04669,ORD_04669,DRV_0107,2.24,13.0,57.3,24.03
DEL_04670,ORD_04670,DRV_0322,3.15,39.0,63.6,34.23
DEL_04671,ORD_04671,DRV_0399,2.98,20.0,42.1,23.94
DEL_04672,ORD_04672,DRV_0302,6.06,17.0,48.9,25.92
DEL_04673,ORD_04673,DRV_0494,10.3,20.0,69.5,18.97
DEL_04674,ORD_04674,DRV_0488,8.17,33.0,80.1,34.7
DEL_04675,ORD_04675,DRV_0244,2.55,31.0,69.4,35.8
DEL_04676,ORD_04676,DRV_0185,15.38,25.0,107.2,24.69
DEL_04677,ORD_04677,DRV_0264,1.9,24.0,50.5,33.89
DEL_04678,ORD_04678,DRV_0421,1.98,25.0,64.8,24.32
DEL_04679,ORD_04679,DRV_0101,2.04,13.0,54.3,54.06
DEL_04680,ORD_04680,DRV_0441,2.8,15.0,73.0,27.54
DEL_04681,ORD_04681,DRV_0253,7.26,18.0,78.0,36.65
DEL_04682,ORD_04682,DRV_0142,7.17,33.0,69.7,16.11
DEL_04683,ORD_04683,DRV_0389,2.02,37.0,61.6,14.53
DEL_04684,ORD_04684,DRV_0253,2.27,14.0,49.7,2.98
DEL_04685,ORD_04685,DRV_0073,6.25,25.0,80.4,26.92
DEL_04686,ORD_04686,DRV_0214,2.53,19.0,36.4,48.91
DEL_04687,ORD_04687,DRV_0379,2.09,40.0,59.8,8.75
DEL_04688,ORD_04688,DRV_0299,9.12,30.0,83.0,38.09
DEL_04689,ORD_04689,DRV_0433,0.5,22.0,53.9,16.65
DEL_04690,ORD_04690,DRV_0379,6.05,32.0,70.2,27.36
DEL_04691,ORD_04691,DRV_0492,6.03,25.0,53.6,19.36
DEL_04692,ORD_04692,DRV_0172,5.82,23.0,70.8,45.3
DEL_04693,ORD_04693,DRV_0440,3.15,33.0,76.6,22.32
DEL_04694,ORD_04694,DRV_0304,2.74,18.0,75.7,13.56
DEL_04695,ORD_04695,DRV_0414,8.87,33.0,87.0,43.57
DEL_04696,ORD_04696,DRV_0417,10.25,32.0,87.7,30.98
DEL_04697,ORD_04697,DRV_0498,3.0,6.0,32.6,17.73
DEL_04698,ORD_04698,DRV_0230,2.43,18.0,39.0,76.49
DEL_04699,ORD_04699,DRV_0421,0.5,11.0,25.2,12.75
DEL_04700,ORD_04700,DRV_0434,8.33,30.0,90.7,23.94
DEL_04701,ORD_04701,DRV_0237,5.8,27.0,76.4,39.78
DEL_04702,ORD_04702,DRV_0230,6.72,33.0,80.3,23.3
DEL_04703,ORD_04703,DRV_0007,6.12,17.0,45.5,12.69
DEL_04704,ORD_04704,DRV_0195,3.71,28.0,55.9,17.82
DEL_04705,ORD_04705,DRV_0256,5.34,18.0,56.6,44.59
DEL_04706,ORD_04706,DRV_0171,5.49,31.0,94.7,19.08
DEL_04707,ORD_04707,DRV_0040,9.59,25.0,67.9,38.71
DEL_04708,ORD_04708,DRV_0288,9.52,21.0,80.2,34.4
DEL_04709,ORD_04709,DRV_0228,1.58,25.0,42.0,33.45
DEL_04710,ORD_04710,DRV_0234,0.69,19.0,19.5,19.15
DEL_04711,ORD_04711,DRV_0361,1.07,34.0,40.6,55.86
DEL_04712,ORD_04712,DRV_0183,3.32,30.0,61.0,61.56
DEL_04713,ORD_04713,DRV_0493,10.04,18.0,67.2,32.65
DEL_04714,ORD_04714,DRV_0211,5.82,40.0,81.6,11.52
DEL_04715,ORD_04715,DRV_0479,7.02,28.0,86.8,29.56
DEL_04716,ORD_04716,DRV_0350,3.86,29.0,67.5,21.79
DEL_04717,ORD_04717,DRV_0367,1.22,31.0,56.6,17.73
DEL_04718,ORD_04718,DRV_0229,9.9,15.0,93.8,13.8
DEL_04719,ORD_04719,DRV_0345,10.62,33.0,95.0,40.89
DEL_04720,ORD_04720,DRV_0255,3.24,23.0,64.8,23.68
DEL_04721,ORD_04721,DRV_0077,1.84,29.0,39.6,14.13
DEL_04722,ORD_04722,DRV_0460,3.66,25.0,57.4,18.75
DEL_04723,ORD_04723,DRV_0265,8.44,12.0,60.0,17.85
DEL_04724,ORD_04724,DRV_0232,5.14,16.0,71.2,19.48
DEL_04725,ORD_04725,DRV_0137,3.94,21.0,39.3,73.18
DEL_04726,ORD_04726,DRV_0064,7.92,19.0,71.8,35.47
DEL_04727,ORD_04727,DRV_0245,4.79,34.0,55.6,42.79
DEL_04728,ORD_04728,DRV_0429,2.55,7.0,43.4,62.4
DEL_04729,ORD_04729,DRV_0091,5.21,17.0,52.7,24.06
DEL_04730,ORD_04730,DRV_0445,0.78,25.0,38.5,40.22
DEL_04731,ORD_04731,DRV_0233,13.85,19.0,82.6,15.07
DEL_04732,ORD_04732,DRV_0351,6.95,17.0,55.1,21.64
DEL_04733,ORD_04733,DRV_0454,0.92,31.0,44.6,21.01
DEL_04734,ORD_04734,DRV_0349,3.24,19.0,56.3,15.67
DEL_04735,ORD_04735,DRV_0094,5.75,32.0,78.8,23.27
DEL_04736,ORD_04736,DRV_0422,5.9,35.0,78.1,32.37
DEL_04737,ORD_04737,DRV_0203,6.8,13.0,75.4,30.73
DEL_04738,ORD_04738,DRV_0490,3.78,16.0,47.3,14.05
DEL_04739,ORD_04739,DRV_0174,12.81,39.0,98.4,9.89
DEL_04740,ORD_04740,DRV_0124,13.77,37.0,103.8,20.66
DEL_04741,ORD_04741,DRV_0070,8.34,35.0,74.1,22.62
DEL_04742,ORD_04742,DRV_0103,5.19,18.0,51.3,24.43
DEL_04743,ORD_04743,DRV_0233,1.82,22.0,44.1,29.66
DEL_04744,ORD_04744,DRV_0064,4.92,18.0,63.2,30.33
DEL_04745,ORD_04745,DRV_0095,15.26,33.0,112.8,30.68
DEL_04746,ORD_04746,DRV_0163,5.43,25.0,88.6,31.26
DEL_04747,ORD_04747,DRV_0268,4.97,26.0,56.1,18.54
DEL_04748,ORD_04748,DRV_0304,4.35,19.0,53.5,21.4
DEL_04749,ORD_04749,DRV_0319,2.74,32.0,49.2,31.33
DEL_04750,ORD_04750,DRV_0173,2.56,19.0,38.3,25.73
DEL_04751,ORD_04751,DRV_0006,7.58,26.0,75.6,25.48
DEL_04752,ORD_04752,DRV_0301,6.7,27.0,68.4,33.54
DEL_04753,ORD_04753,DRV_0346,1.51,37.0,49.5,11.75
DEL_04754,ORD_04754,DRV_0101,10.99,40.0,109.2,21.17
DEL_04755,ORD_04755,DRV_0416,6.91,9.0,49.2,44.57
DEL_04756,ORD_04756,DRV_0452,14.85,17.0,83.1,33.54
DEL_04757,ORD_04757,DRV_0360,2.75,31.0,60.1,49.31
DEL_04758,ORD_04758,DRV_0131,7.95,21.0,67.4,33.18
DEL_04759,ORD_04759,DRV_0383,2.13,20.0,50.4,22.32
DEL_04760,ORD_04760,DRV_0386,0.79,23.0,38.5,25.93
DEL_04761,ORD_04761,DRV_0020,8.0,28.0,75.9,53.99
DEL_04762,ORD_04762,DRV_0211,2.08,18.0,54.9,7.06
DEL_04763,ORD_04763,DRV_0295,6.05,34.0,71.2,14.79
DEL_04764,ORD_04764,DRV_0396,5.45,19.0,57.6,16.63
DEL_04765,ORD_04765,DRV_0445,3.54,18.0,51.1,19.26
DEL_04766,ORD_04766,DRV_0292,2.12,15.0,63.0,18.77
DEL_04767,ORD_04767,DRV_0490,7.58,25.0,75.1,38.47
DEL_04768,ORD_04768,DRV_0348,4.36,23.0,41.7,35.14
DEL_04769,ORD_04769,DRV_0265,0.5,13.0,51.4,46.54
DEL_04770,ORD_04770,DRV_0253,4.89,20.0,46.2,28.99
DEL_04771,ORD_04771,DRV_0044,1.23,9.0,34.1,20.55
DEL_04772,ORD_04772,DRV_0075,3.41,26.0,60.3,29.99
DEL_04773,ORD_04773,DRV_0053,4.77,27.0,56.1,20.66
DEL_04774,ORD_04774,DRV_0286,0.5,15.0,27.9,12.16
DEL_04775,ORD_04775,DRV_0371,2.69,13.0,48.3,43.67
DEL_04776,ORD_04776,DRV_0066,3.76,21.0,63.3,32.41
DEL_04777,ORD_04777,DRV_0038,7.1,16.0,69.5,27.93
DEL_04778,ORD_04778,DRV_0254,8.74,16.0,65.3,33.16
DEL_04779,ORD_04779,DRV_0294,5.69,19.0,60.4,27.91
DEL_04780,ORD_04780,DRV_0417,9.75,36.0,76.5,31.91
DEL_04781,ORD_04781,DRV_0199,6.73,24.0,67.9,21.5
DEL_04782,ORD_04782,DRV_0236,1.1,34.0,58.2,28.16
DEL_04783,ORD_04783,DRV_0469,7.55,15.0,61.0,20.13
DEL_04784,ORD_04784,DRV_0055,1.51,27.0,68.4,19.75
DEL_04785,ORD_04785,DRV_0332,8.42,40.0,82.5,59.05
DEL_04786,ORD_04786,DRV_0116,7.94,21.0,65.4,36.5
DEL_04787,ORD_04787,DRV_0085,5.25,10.0,54.9,22.23
DEL_04788,ORD_04788,DRV_0279,4.36,18.0,66.2,32.67
DEL_04789,ORD_04789,DRV_0454,4.13,16.0,62.7,29.72
DEL_04790,ORD_04790,DRV_0142,7.04,17.0,61.6,27.8
DEL_04791,ORD_04791,DRV_0096,3.0,11.0,34.1,27.3
DEL_04792,ORD_04792,DRV_0049,3.19,24.0,50.1,30.56
DEL_04793,ORD_04793,DRV_0369,4.39,14.0,47.6,29.37
DEL_04794,ORD_04794,DRV_0370,2.35,20.0,31.8,31.74
DEL_04795,ORD_04795,DRV_0301,4.14,21.0,53.7,20.52
DEL_04796,ORD_04796,DRV_0205,9.15,35.0,75.8,27.0
DEL_04797,ORD_04797,DRV_0411,1.81,9.0,33.2,30.9
DEL_04798,ORD_04798,DRV_0459,0.52,32.0,39.7,19.49
DEL_04799,ORD_04799,DRV_0352,2.3,34.0,63.1,13.68
DEL_04800,ORD_04800,DRV_0195,6.9,15.0,45.9,27.26
DEL_04801,ORD_04801,DRV_0305,5.16,17.0,65.9,13.05
DEL_04802,ORD_04802,DRV_0250,1.45,22.0,42.7,20.17
DEL_04803,ORD_04803,DRV_0258,5.98,26.0,44.3,19.27
DEL_04804,ORD_04804,DRV_0478,5.28,18.0,65.8,15.63
DEL_04805,ORD_04805,DRV_0444,8.9,26.0,82.3,16.87
DEL_04806,ORD_04806,DRV_0450,6.78,20.0,61.5,44.75
DEL_04807,ORD_04807,DRV_0359,8.42,25.0,67.5,34.38
DEL_04808,ORD_04808,DRV_0059,2.1,41.0,54.2,8.5
DEL_04809,ORD_04809,DRV_0221,1.51,33.0,61.5,24.49
DEL_04810,ORD_04810,DRV_0060,2.83,27.0,48.7,18.46
DEL_04811,ORD_04811,DRV_0022,2.91,22.0,51.0,24.33
DEL_04812,ORD_04812,DRV_0345,3.74,15.0,52.7,21.55
DEL_04813,ORD_04813,DRV_0362,1.76,19.0,45.1,15.39
DEL_04814,ORD_04814,DRV_0430,2.51,23.0,28.4,17.6
DEL_04815,ORD_04815,DRV_0053,12.47,12.0,90.9,51.7
DEL_04816,ORD_04816,DRV_0275,5.06,37.0,73.8,35.05
DEL_04817,ORD_04817,DRV_0049,4.56,17.0,53.5,27.56
DEL_04818,ORD_04818,DRV_0464,5.93,22.0,40.6,23.3
DEL_04819,ORD_04819,DRV_0017,1.67,35.0,79.8,18.82
DEL_04820,ORD_04820,DRV_0498,1.27,31.0,41.4,13.96
DEL_04821,ORD_04821,DRV_0127,4.47,19.0,42.7,44.53
DEL_04822,ORD_04822,DRV_0155,1.11,30.0,45.2,29.7
DEL_04823,ORD_04823,DRV_0491,2.07,16.0,52.2,25.5
DEL_04824,ORD_04824,DRV_0275,0.67,20.0,42.1,21.01
DEL_04825,ORD_04825,DRV_0235,7.81,16.0,91.7,23.31
DEL_04826,ORD_04826,DRV_0490,5.25,12.0,62.7,20.32
DEL_04827,ORD_04827,DRV_0286,2.81,36.0,61.6,21.22
DEL_04828,ORD_04828,DRV_0078,14.36,18.0,102.7,9.98
DEL_04829,ORD_04829,DRV_0174,8.32,24.0,75.8,30.36
DEL_04830,ORD_04830,DRV_0106,4.84,32.0,60.3,23.22
DEL_04831,ORD_04831,DRV_0320,9.5,17.0,75.6,18.19
DEL_04832,ORD_04832,DRV_0032,3.95,15.0,43.8,34.45
DEL_04833,ORD_04833,DRV_0437,5.1,16.0,65.2,25.6
DEL_04834,ORD_04834,DRV_0407,4.67,24.0,53.0,26.19
DEL_04835,ORD_04835,DRV_0292,3.53,9.0,31.4,21.35
DEL_04836,ORD_04836,DRV_0010,3.68,27.0,66.6,26.89
DEL_04837,ORD_04837,DRV_0315,14.2,25.0,101.4,15.04
DEL_04838,ORD_04838,DRV_0102,6.12,31.0,72.1,19.51
DEL_04839,ORD_04839,DRV_0118,9.94,34.0,86.8,26.09
DEL_04840,ORD_04840,DRV_0157,1.89,34.0,65.5,21.85
DEL_04841,ORD_04841,DRV_0267,3.28,31.0,52.5,30.05
DEL_04842,ORD_04842,DRV_0498,1.82,38.0,60.7,16.41
DEL_04843,ORD_04843,DRV_0422,8.28,29.0,64.6,13.09
DEL_04844,ORD_04844,DRV_0245,8.84,32.0,83.4,22.9
DEL_04845,ORD_04845,DRV_0079,5.91,25.0,52.4,16.72
DEL_04846,ORD_04846,DRV_0160,17.52,17.0,101.3,33.16
DEL_04847,ORD_04847,DRV_0091,8.69,27.0,80.6,25.6
DEL_04848,ORD_04848,DRV_0358,4.71,21.0,62.2,20.89
DEL_04849,ORD_04849,DRV_0436,4.52,37.0,42.3,22.29
DEL_04850,ORD_04850,DRV_0129,6.08,25.0,50.6,41.57
DEL_04851,ORD_04851,DRV_0489,9.01,17.0,56.9,15.79
DEL_04852,ORD_04852,DRV_0014,6.43,11.0,65.9,29.64
DEL_04853,ORD_04853,DRV_0387,3.17,28.0,66.1,50.68
DEL_04854,ORD_04854,DRV_0286,3.15,28.0,51.2,10.96
DEL_04855,ORD_04855,DRV_0159,5.49,31.0,61.6,16.41
DEL_04856,ORD_04856,DRV_0129,2.86,30.0,79.5,12.61
DEL_04857,ORD_04857,DRV_0174,10.59,35.0,94.1,23.07
DEL_04858,ORD_04858,DRV_0398,5.54,5.0,48.9,24.34
DEL_04859,ORD_04859,DRV_0420,1.54,39.0,65.7,17.13
DEL_04860,ORD_04860,DRV_0174,4.28,38.0,73.8,106.77
DEL_04861,ORD_04861,DRV_0439,4.71,12.0,62.3,64.05
DEL_04862,ORD_04862,DRV_0420,8.83,23.0,74.1,4.62
DEL_04863,ORD_04863,DRV_0427,4.37,10.0,49.6,14.32
DEL_04864,ORD_04864,DRV_0500,15.65,19.0,91.2,118.89
DEL_04865,ORD_04865,DRV_0361,6.75,26.0,80.6,30.91
DEL_04866,ORD_04866,DRV_0043,1.51,19.0,39.8,47.89
DEL_04867,ORD_04867,DRV_0399,3.6,33.0,66.5,18.95
DEL_04868,ORD_04868,DRV_0294,3.02,38.0,83.7,29.9
DEL_04869,ORD_04869,DRV_0345,4.73,13.0,29.9,4.8
DEL_04870,ORD_04870,DRV_0300,12.94,31.0,104.8,42.61
DEL_04871,ORD_04871,DRV_0109,2.48,17.0,52.8,20.1
DEL_04872,ORD_04872,DRV_0242,1.0,36.0,81.6,18.06
DEL_04873,ORD_04873,DRV_0055,3.8,38.0,56.8,20.77
DEL_04874,ORD_04874,DRV_0055,2.86,34.0,61.1,59.49
DEL_04875,ORD_04875,DRV_0334,5.94,19.0,55.7,28.2
DEL_04876,ORD_04876,DRV_0216,0.67,22.0,55.0,59.98
DEL_04877,ORD_04877,DRV_0442,9.43,29.0,91.2,11.52
DEL_04878,ORD_04878,DRV_0107,5.46,29.0,57.9,22.85
DEL_04879,ORD_04879,DRV_0313,5.51,20.0,65.5,12.76
DEL_04880,ORD_04880,DRV_0184,4.55,21.0,60.8,22.47
DEL_04881,ORD_04881,DRV_0130,1.3,9.0,39.0,14.06
DEL_04882,ORD_04882,DRV_0499,4.68,25.0,51.1,25.71
DEL_04883,ORD_04883,DRV_0124,3.09,34.0,49.3,20.89
DEL_04884,ORD_04884,DRV_0418,0.92,31.0,55.0,32.07
DEL_04885,ORD_04885,DRV_0049,2.72,23.0,44.0,14.69
DEL_04886,ORD_04886,DRV_0320,7.94,35.0,76.7,47.99
DEL_04887,ORD_04887,DRV_0253,7.33,26.0,62.3,19.87
DEL_04888,ORD_04888,DRV_0343,6.94,27.0,79.5,17.07
DEL_04889,ORD_04889,DRV_0392,6.19,28.0,66.1,28.4
DEL_04890,ORD_04890,DRV_0069,6.17,16.0,67.2,37.07
DEL_04891,ORD_04891,DRV_0442,8.25,19.0,72.3,28.96
DEL_04892,ORD_04892,DRV_0477,3.35,33.0,60.7,19.22
DEL_04893,ORD_04893,DRV_0427,6.76,20.0,61.4,13.24
DEL_04894,ORD_04894,DRV_0318,7.31,25.0,75.9,22.99
DEL_04895,ORD_04895,DRV_0377,12.08,16.0,74.1,14.2
DEL_04896,ORD_04896,DRV_0052,10.66,24.0,108.3,7.89
DEL_04897,ORD_04897,DRV_0033,8.92,18.0,77.7,31.94
DEL_04898,ORD_04898,DRV_0020,10.74,31.0,86.3,59.78
DEL_04899,ORD_04899,DRV_0464,5.76,16.0,55.8,13.24
DEL_04900,ORD_04900,DRV_0229,10.47,13.0,53.6,21.15
DEL_04901,ORD_04901,DRV_0187,3.88,34.0,63.8,28.74
DEL_04902,ORD_04902,DRV_0188,1.49,23.0,54.7,31.15
DEL_04903,ORD_04903,DRV_0191,8.09,33.0,67.4,32.2
DEL_04904,ORD_04904,DRV_0112,4.24,34.0,61.6,34.62
DEL_04905,ORD_04905,DRV_0184,3.0,23.0,38.9,19.58
DEL_04906,ORD_04906,DRV_0293,7.78,24.0,59.9,34.29
DEL_04907,ORD_04907,DRV_0444,0.5,12.0,22.5,22.49
DEL_04908,ORD_04908,DRV_0362,5.03,24.0,48.0,51.15
DEL_04909,ORD_04909,DRV_0361,2.59,23.0,50.4,25.15
DEL_04910,ORD_04910,DRV_0472,2.72,29.0,54.8,77.88
DEL_04911,ORD_04911,DRV_0307,3.9,12.0,23.6,52.55
DEL_04912,ORD_04912,DRV_0285,6.21,28.0,70.9,55.26
DEL_04913,ORD_04913,DRV_0227,3.29,19.0,51.3,6.11
DEL_04914,ORD_04914,DRV_0137,3.64,20.0,41.5,21.01
DEL_04915,ORD_04915,DRV_0086,8.09,21.0,92.8,28.6
DEL_04916,ORD_04916,DRV_0468,5.97,11.0,51.4,51.57
DEL_04917,ORD_04917,DRV_0296,1.7,27.0,57.0,44.46
DEL_04918,ORD_04918,DRV_0452,2.73,13.0,40.0,103.16
DEL_04919,ORD_04919,DRV_0171,2.94,32.0,40.7,27.61
DEL_04920,ORD_04920,DRV_0356,3.84,29.0,49.0,25.0
DEL_04921,ORD_04921,DRV_0460,5.27,20.0,59.5,26.92
DEL_04922,ORD_04922,DRV_0279,5.63,35.0,87.4,40.74
DEL_04923,ORD_04923,DRV_0359,4.51,11.0,46.2,27.01
DEL_04924,ORD_04924,DRV_0252,7.73,38.0,96.1,19.14
DEL_04925,ORD_04925,DRV_0008,3.45,23.0,40.2,19.86
DEL_04926,ORD_04926,DRV_0074,3.98,17.0,54.4,16.27
DEL_04927,ORD_04927,DRV_0320,2.95,29.0,59.4,24.07
DEL_04928,ORD_04928,DRV_0151,7.64,17.0,68.2,17.01
DEL_04929,ORD_04929,DRV_0093,2.06,33.0,60.4,20.0
DEL_04930,ORD_04930,DRV_0376,3.57,34.0,69.4,39.37
DEL_04931,ORD_04931,DRV_0365,9.24,16.0,58.6,24.99
DEL_04932,ORD_04932,DRV_0096,4.17,36.0,70.3,33.34
DEL_04933,ORD_04933,DRV_0440,0.58,28.0,37.1,16.87
DEL_04934,ORD_04934,DRV_0142,1.88,13.0,30.5,22.1
DEL_04935,ORD_04935,DRV_0080,6.81,12.0,76.9,28.41
DEL_04936,ORD_04936,DRV_0359,6.58,16.0,66.7,21.83
DEL_04937,ORD_04937,DRV_0240,12.9,28.0,101.1,24.47
DEL_04938,ORD_04938,DRV_0273,1.44,32.0,52.4,23.07
DEL_04939,ORD_04939,DRV_0020,9.17,21.0,70.6,18.73
DEL_04940,ORD_04940,DRV_0371,10.5,20.0,96.1,27.7
DEL_04941,ORD_04941,DRV_0012,3.18,13.0,32.0,39.85
DEL_04942,ORD_04942,DRV_0457,3.12,35.0,56.2,39.93
DEL_04943,ORD_04943,DRV_0124,5.04,18.0,68.0,50.7
DEL_04944,ORD_04944,DRV_0122,7.82,32.0,79.4,55.19
DEL_04945,ORD_04945,DRV_0328,1.51,9.0,37.1,18.33
DEL_04946,ORD_04946,DRV_0425,6.36,24.0,76.7,29.15
DEL_04947,ORD_04947,DRV_0229,1.42,12.0,33.3,26.85
DEL_04948,ORD_04948,DRV_0085,7.23,22.0,70.3,13.21
DEL_04949,ORD_04949,DRV_0490,3.89,16.0,38.1,34.22
DEL_04950,ORD_04950,DRV_0416,1.76,36.0,58.5,27.04
DEL_04951,ORD_04951,DRV_0421,3.74,7.0,44.1,25.53
DEL_04952,ORD_04952,DRV_0366,1.1,21.0,46.7,14.15
DEL_04953,ORD_04953,DRV_0274,2.63,23.0,45.1,19.61
DEL_04954,ORD_04954,DRV_0029,5.4,25.0,85.8,47.81
DEL_04955,ORD_04955,DRV_0135,11.91,32.0,94.0,37.7
DEL_04956,ORD_04956,DRV_0040,3.56,24.0,56.7,59.42
DEL_04957,ORD_04957,DRV_0101,5.64,17.0,63.5,24.44
DEL_04958,ORD_04958,DRV_0376,5.82,24.0,62.9,56.86
DEL_04959,ORD_04959,DRV_0134,2.4,19.0,28.0,114.69
DEL_04960,ORD_04960,DRV_0404,5.21,32.0,90.5,21.45
DEL_04961,ORD_04961,DRV_0311,0.5,23.0,38.4,31.15
DEL_04962,ORD_04962,DRV_0440,0.66,31.0,45.9,19.46
DEL_04963,ORD_04963,DRV_0329,2.62,38.0,58.7,13.77
DEL_04964,ORD_04964,DRV_0181,1.63,18.0,67.6,34.45
DEL_04965,ORD_04965,DRV_0457,6.13,29.0,73.5,29.78
DEL_04966,ORD_04966,DRV_0200,6.75,22.0,69.9,23.83
DEL_04967,ORD_04967,DRV_0209,0.9,27.0,48.6,22.56
DEL_04968,ORD_04968,DRV_0088,3.17,23.0,62.3,42.4
DEL_04969,ORD_04969,DRV_0488,1.71,20.0,43.1,18.49
DEL_04970,ORD_04970,DRV_0125,10.43,20.0,73.5,85.99
DEL_04971,ORD_04971,DRV_0471,2.84,8.0,34.4,17.52
DEL_04972,ORD_04972,DRV_0417,2.59,23.0,52.2,15.72
DEL_04973,ORD_04973,DRV_0022,2.2,20.0,38.5,23.02
DEL_04974,ORD_04974,DRV_0050,2.95,27.0,52.5,19.79
DEL_04975,ORD_04975,DRV_0239,12.07,37.0,95.3,75.14
DEL_04976,ORD_04976,DRV_0214,1.72,41.0,75.2,21.68
DEL_04977,ORD_04977,DRV_0283,1.67,33.0,63.1,31.0
DEL_04978,ORD_04978,DRV_0048,0.88,21.0,66.9,20.01
DEL_04979,ORD_04979,DRV_0066,11.51,7.0,90.3,40.82
DEL_04980,ORD_04980,DRV_0479,2.37,19.0,46.9,32.93
DEL_04981,ORD_04981,DRV_0397,2.93,38.0,56.6,11.24
DEL_04982,ORD_04982,DRV_0130,5.17,33.0,74.8,39.62
DEL_04983,ORD_04983,DRV_0302,0.61,41.0,62.9,18.79
DEL_04984,ORD_04984,DRV_0327,4.09,32.0,62.5,31.93
DEL_04985,ORD_04985,DRV_0384,3.54,30.0,56.7,14.06
DEL_04986,ORD_04986,DRV_0267,5.84,30.0,57.0,52.56
DEL_04987,ORD_04987,DRV_0239,3.69,16.0,38.5,35.79
DEL_04988,ORD_04988,DRV_0026,6.0,33.0,71.5,11.0
DEL_04989,ORD_04989,DRV_0191,7.63,32.0,73.4,24.44
DEL_04990,ORD_04990,DRV_0049,2.28,20.0,62.9,32.65
DEL_04991,ORD_04991,DRV_0319,9.31,12.0,77.8,17.48
DEL_04992,ORD_04992,DRV_0021,5.17,16.0,46.0,37.74
DEL_04993,ORD_04993,DRV_0433,0.84,15.0,28.5,41.77
DEL_04994,ORD_04994,DRV_0079,11.35,23.0,94.3,64.21
DEL_04995,ORD_04995,DRV_0080,3.79,26.0,45.8,37.82
DEL_04996,ORD_04996,DRV_0009,7.27,27.0,54.5,15.84
DEL_04997,ORD_04997,DRV_0149,5.94,26.0,53.2,27.89
DEL_04998,ORD_04998,DRV_0437,1.55,7.0,40.5,25.83
DEL_04999,ORD_04999,DRV_0372,2.46,42.0,69.7,26.91
DEL_05000,ORD_05000,DRV_0499,3.68,13.0,55.4,28.14
