order_id,customer_id,restaurant_id,order_timestamp,order_amount,number_of_items,weather,traffic_condition,order_status,preparation_time_minutes
ORD_00001,CUST_0785,REST_025,2026-05-10 00:04:01,100.0,1,Cloudy,Medium,Delivered,28.0
ORD_00002,CUST_0894,REST_066,2026-04-30 05:33:18,396.77,1,Cloudy,Low,Delivered,30.0
ORD_00003,CUST_0776,REST_100,2026-02-03 10:44:48,197.8,5,Clear,Low,Delivered,38.0
ORD_00004,CUST_0569,REST_018,2026-05-17 07:27:57,145.79,5,Rain,High,Delivered,32.0
ORD_00005,CUST_0298,REST_005,2026-05-21 01:33:11,147.25,2,Rain,Low,Delivered,39.0
ORD_00006,CUST_0610,REST_019,2026-06-04 09:08:16,100.0,2,Clear,Medium,Delivered,27.0
ORD_00007,CUST_0137,REST_042,2026-02-22 11:46:51,251.22,4,Rain,Medium,Delivered,32.0
ORD_00008,CUST_0376,REST_018,2026-02-15 23:30:22,209.35,4,Clear,High,Delivered,31.0
ORD_00009,CUST_0087,REST_032,2026-04-06 10:47:00,162.92,3,Cloudy,High,Delivered,22.0
ORD_00010,CUST_0419,REST_021,2026-04-02 20:29:14,366.2,5,Rain,Medium,Delivered,26.0
ORD_00011,CUST_0754,REST_010,2026-04-07 18:54:29,100.0,6,Cloudy,Low,Delivered,29.0
ORD_00012,CUST_0199,REST_037,2026-01-29 14:11:59,130.55,3,Clear,Medium,Delivered,17.0
ORD_00013,CUST_0463,REST_049,2026-06-19 14:07:22,113.58,3,Rain,Low,Delivered,28.0
ORD_00014,CUST_0437,REST_086,2026-02-25 23:26:03,155.5,1,Clear,Low,Delivered,34.0
ORD_00015,CUST_0310,REST_013,2026-06-20 18:51:46,188.13,6,Clear,Medium,Delivered,8.0
ORD_00016,CUST_0596,REST_055,2026-05-02 09:25:49,229.64,1,Clear,Medium,Delivered,40.0
ORD_00017,CUST_0754,REST_017,2026-05-06 20:15:27,149.78,4,Rain,Low,Delivered,17.0
ORD_00018,CUST_0281,REST_009,2026-03-31 22:25:26,111.88,3,Rain,Low,Delivered,21.0
ORD_00019,CUST_0323,REST_088,2026-03-15 10:52:54,458.2,4,Clear,High,Delivered,36.0
ORD_00020,CUST_0764,REST_044,2026-05-01 00:04:49,682.94,6,Rain,High,Delivered,19.0
ORD_00021,CUST_0702,REST_078,2026-04-08 04:18:39,196.14,6,Clear,Medium,Delivered,36.0
ORD_00022,CUST_0951,REST_046,2026-04-22 17:59:16,119.55,5,Heavy Rain,Medium,Delivered,13.0
ORD_00023,CUST_0942,REST_008,2026-02-22 06:24:38,408.09,2,Cloudy,High,Delivered,26.0
ORD_00024,CUST_0152,REST_037,2026-02-02 14:10:39,100.0,1,Clear,Medium,Delivered,17.0
ORD_00025,CUST_0994,REST_019,2026-06-10 10:30:02,150.79,5,Clear,Medium,Delivered,21.0
ORD_00026,CUST_0302,REST_063,2026-01-09 16:28:26,123.61,5,Clear,Medium,Delivered,12.0
ORD_00027,CUST_0278,REST_092,2026-02-04 13:29:49,100.0,1,Clear,Low,Cancelled,25.0
ORD_00028,CUST_0651,REST_046,2026-02-21 13:01:33,155.4,1,Rain,Medium,Cancelled,17.0
ORD_00029,CUST_0688,REST_094,2026-03-30 19:01:51,112.7,6,Clear,Low,Delivered,21.0
ORD_00030,CUST_0008,REST_071,2026-01-11 02:30:02,182.54,6,Heavy Rain,Medium,Delivered,25.0
ORD_00031,CUST_0807,REST_026,2026-03-16 05:19:31,184.0,3,Cloudy,Medium,Delivered,39.0
ORD_00032,CUST_0235,REST_046,2026-03-01 13:59:44,128.8,4,Cloudy,Low,Delivered,13.0
ORD_00033,CUST_0675,REST_046,2026-05-18 19:56:31,147.85,6,Clear,High,Delivered,15.0
ORD_00034,CUST_0561,REST_075,2026-05-30 03:39:46,159.66,5,Rain,Low,Delivered,9.0
ORD_00035,CUST_0302,REST_014,2026-03-10 10:07:05,282.99,3,Cloudy,Medium,Delivered,32.0
ORD_00036,CUST_0038,REST_085,2026-05-16 02:02:38,167.06,3,Rain,Medium,Delivered,20.0
ORD_00037,CUST_0136,REST_063,2026-01-21 21:26:06,285.31,5,Heavy Rain,Medium,Delivered,12.0
ORD_00038,CUST_0822,REST_072,2026-01-15 12:05:59,250.18,6,Clear,Medium,Delivered,19.0
ORD_00039,CUST_0421,REST_003,2026-03-26 01:12:49,248.23,5,Clear,Medium,Delivered,15.0
ORD_00040,CUST_0219,REST_028,2026-04-06 20:15:34,388.9,2,Rain,High,Delivered,24.0
ORD_00041,CUST_0348,REST_029,2026-02-05 04:25:33,100.0,6,Rain,High,Delivered,29.0
ORD_00042,CUST_0808,REST_087,2026-06-03 12:43:53,139.74,4,Cloudy,Medium,Delivered,8.0
ORD_00043,CUST_0546,REST_018,2026-01-03 06:18:27,478.1,5,Clear,High,Delivered,32.0
ORD_00044,CUST_0864,REST_035,2026-06-20 15:33:28,157.35,6,Cloudy,Low,Delivered,34.0
ORD_00045,CUST_0079,REST_077,2026-04-06 22:31:09,100.0,1,Clear,High,Delivered,12.0
ORD_00046,CUST_0748,REST_076,2026-04-13 11:32:06,162.12,2,Clear,High,Delivered,17.0
ORD_00047,CUST_0895,REST_047,2026-03-03 22:11:57,195.24,4,Clear,Medium,Delivered,26.0
ORD_00048,CUST_0273,REST_005,2026-04-21 16:39:38,100.0,6,Clear,High,Cancelled,35.0
ORD_00049,CUST_0161,REST_075,2026-04-11 23:01:15,377.54,1,Clear,Medium,Delivered,12.0
ORD_00050,CUST_0687,REST_059,2026-06-23 04:58:08,122.42,6,Heavy Rain,Low,Delivered,34.0
ORD_00051,CUST_0878,REST_075,2026-05-19 12:48:25,217.18,1,Rain,High,Delivered,9.0
ORD_00052,CUST_0308,REST_059,2026-03-26 13:20:26,160.09,4,Rain,Medium,Delivered,31.0
ORD_00053,CUST_0374,REST_047,2026-04-07 12:42:13,100.0,2,Rain,Medium,Delivered,25.0
ORD_00054,CUST_0976,REST_095,2026-02-04 09:23:33,100.61,1,Clear,Medium,Delivered,24.0
ORD_00055,CUST_0733,REST_095,2026-06-03 05:43:53,108.39,3,Rain,High,Delivered,32.0
ORD_00056,CUST_0009,REST_013,2026-03-15 10:24:21,329.35,4,Rain,Medium,Delivered,11.0
ORD_00057,CUST_0801,REST_078,2026-01-02 05:42:28,167.14,4,Rain,Low,Delivered,34.0
ORD_00058,CUST_0444,REST_089,2026-03-06 09:47:14,136.04,5,Cloudy,Medium,Delivered,18.0
ORD_00059,CUST_0113,REST_033,2026-01-29 14:46:25,108.41,2,Clear,High,Delivered,30.0
ORD_00060,CUST_0989,REST_097,2026-01-19 22:49:06,349.98,3,Clear,Medium,Delivered,12.0
ORD_00061,CUST_0205,REST_062,2026-04-24 01:28:40,405.58,3,Clear,High,Delivered,22.0
ORD_00062,CUST_0405,REST_079,2026-04-15 04:00:50,347.79,5,Heavy Rain,High,Delivered,34.0
ORD_00063,CUST_0698,REST_016,2026-02-13 11:21:22,237.66,1,Clear,Medium,Delivered,25.0
ORD_00064,CUST_0853,REST_044,2026-01-27 19:13:52,212.6,1,Rain,Medium,Delivered,27.0
ORD_00065,CUST_0197,REST_058,2026-05-08 08:02:25,100.0,3,Clear,Medium,Delivered,16.0
ORD_00066,CUST_0778,REST_006,2026-04-28 03:21:14,158.35,2,Cloudy,Medium,Delivered,23.0
ORD_00067,CUST_0774,REST_089,2026-06-12 12:14:03,124.45,1,Clear,Medium,Delivered,21.0
ORD_00068,CUST_0760,REST_015,2026-05-28 02:57:06,100.0,4,Clear,High,Delivered,27.0
ORD_00069,CUST_0115,REST_004,2026-02-03 18:09:21,324.2,6,Clear,High,Delivered,15.0
ORD_00070,CUST_0121,REST_056,2026-05-26 16:38:15,123.63,5,Cloudy,Medium,Delivered,36.0
ORD_00071,CUST_0653,REST_064,2026-01-09 01:07:49,349.94,2,Clear,Medium,Delivered,12.0
ORD_00072,CUST_0065,REST_068,2026-01-12 20:58:46,294.41,1,Rain,Medium,Delivered,21.0
ORD_00073,CUST_0276,REST_094,2026-05-16 18:18:08,246.21,6,Clear,Medium,Delivered,22.0
ORD_00074,CUST_0825,REST_034,2026-05-22 07:57:05,253.94,3,Rain,Medium,Delivered,14.0
ORD_00075,CUST_0239,REST_091,2026-04-03 10:36:28,129.23,5,Clear,High,Cancelled,18.0
ORD_00076,CUST_0302,REST_095,2026-02-20 11:41:50,503.62,1,Cloudy,Medium,Delivered,33.0
ORD_00077,CUST_0392,REST_056,2026-02-02 17:14:26,185.62,3,Clear,Low,Delivered,31.0
ORD_00078,CUST_0522,REST_032,2026-02-09 04:12:34,214.02,1,Rain,Medium,Cancelled,17.0
ORD_00079,CUST_0969,REST_009,2026-01-08 10:16:40,126.85,5,Clear,Low,Delivered,25.0
ORD_00080,CUST_0369,REST_063,2026-04-08 20:43:14,108.62,4,Cloudy,Medium,Delivered,11.0
ORD_00081,CUST_0233,REST_072,2026-05-05 10:51:02,235.69,4,Rain,Low,Delivered,15.0
ORD_00082,CUST_0195,REST_078,2026-01-17 08:36:27,204.31,6,Clear,High,Delivered,33.0
ORD_00083,CUST_0907,REST_033,2026-03-08 00:23:15,117.43,3,Clear,Low,Delivered,31.0
ORD_00084,CUST_0012,REST_087,2026-04-03 06:33:59,100.0,4,Rain,Medium,Cancelled,18.0
ORD_00085,CUST_0906,REST_021,2026-03-31 03:32:13,100.0,5,Cloudy,Low,Cancelled,26.0
ORD_00086,CUST_0921,REST_055,2026-02-19 12:02:57,349.98,3,Clear,High,Delivered,37.0
ORD_00087,CUST_0689,REST_076,2026-01-27 01:00:56,129.37,1,Clear,Medium,Delivered,16.0
ORD_00088,CUST_0177,REST_057,2026-06-06 06:38:04,150.45,2,Clear,High,Delivered,26.0
ORD_00089,CUST_0217,REST_002,2026-05-05 08:41:11,402.5,1,Clear,High,Delivered,41.0
ORD_00090,CUST_0011,REST_013,2026-02-25 22:37:41,100.0,5,Clear,Medium,Delivered,13.0
ORD_00091,CUST_0446,REST_004,2026-05-19 15:16:57,121.53,6,Rain,High,Delivered,14.0
ORD_00092,CUST_0630,REST_084,2026-01-15 23:18:40,118.77,3,Clear,Low,Delivered,25.0
ORD_00093,CUST_0164,REST_050,2026-01-30 07:23:50,441.39,1,Cloudy,Medium,Delivered,20.0
ORD_00094,CUST_0551,REST_048,2026-05-29 21:33:04,542.59,3,Rain,Low,Delivered,38.0
ORD_00095,CUST_0053,REST_078,2026-02-16 17:01:42,274.06,4,Clear,High,Delivered,32.0
ORD_00096,CUST_0218,REST_030,2026-05-24 16:25:33,278.9,2,Cloudy,High,Delivered,25.0
ORD_00097,CUST_0718,REST_029,2026-01-06 00:17:53,131.74,5,Rain,High,Delivered,32.0
ORD_00098,CUST_0999,REST_008,2026-04-25 02:29:43,529.02,1,Clear,Low,Delivered,25.0
ORD_00099,CUST_0824,REST_012,2026-01-06 13:45:37,210.03,2,Clear,Medium,Delivered,15.0
ORD_00100,CUST_0360,REST_041,2026-05-23 13:42:58,289.81,5,Heavy Rain,Medium,Delivered,34.0
ORD_00101,CUST_0385,REST_026,2026-06-03 03:36:59,171.05,5,Heavy Rain,Low,Cancelled,37.0
ORD_00102,CUST_0056,REST_050,2026-05-02 05:51:14,156.43,6,Clear,Low,Delivered,23.0
ORD_00103,CUST_0118,REST_002,2026-06-12 09:13:04,452.45,4,Clear,Medium,Delivered,40.0
ORD_00104,CUST_0900,REST_055,2026-05-31 05:04:52,243.92,6,Clear,High,Delivered,39.0
ORD_00105,CUST_0253,REST_056,2026-05-18 22:29:29,402.73,6,Clear,Medium,Delivered,30.0
ORD_00106,CUST_0798,REST_014,2026-05-07 23:41:40,208.6,3,Clear,Medium,Delivered,31.0
ORD_00107,CUST_0780,REST_006,2026-04-29 02:59:57,113.68,3,Cloudy,Medium,Delivered,17.0
ORD_00108,CUST_0803,REST_095,2026-06-12 07:11:40,131.52,2,Rain,Medium,Cancelled,33.0
ORD_00109,CUST_0845,REST_081,2026-06-23 20:43:52,191.83,4,Clear,High,Delivered,29.0
ORD_00110,CUST_0180,REST_089,2026-03-10 11:30:45,128.44,5,Rain,Medium,Delivered,17.0
ORD_00111,CUST_0415,REST_061,2026-04-26 07:51:33,100.0,4,Clear,Low,Delivered,33.0
ORD_00112,CUST_0870,REST_096,2026-05-30 07:22:26,351.0,4,Clear,Medium,Delivered,34.0
ORD_00113,CUST_0235,REST_012,2026-01-17 22:45:08,134.33,2,Cloudy,High,Delivered,14.0
ORD_00114,CUST_0855,REST_013,2026-01-23 21:02:33,195.59,3,Clear,Medium,Delivered,17.0
ORD_00115,CUST_0708,REST_019,2026-03-12 07:42:46,213.34,4,Clear,Medium,Delivered,25.0
ORD_00116,CUST_0820,REST_044,2026-04-22 05:39:46,131.17,4,Rain,Low,Delivered,21.0
ORD_00117,CUST_0080,REST_089,2026-06-08 23:29:21,402.6,4,Clear,Low,Delivered,17.0
ORD_00118,CUST_0647,REST_095,2026-05-26 13:31:32,100.0,1,Cloudy,High,Delivered,25.0
ORD_00119,CUST_0022,REST_059,2026-05-26 00:25:54,209.33,4,Clear,Medium,Delivered,37.0
ORD_00120,CUST_0477,REST_037,2026-03-17 18:47:32,207.55,4,Clear,Medium,Delivered,19.0
ORD_00121,CUST_0843,REST_025,2026-03-12 23:49:44,175.94,5,Cloudy,Medium,Delivered,30.0
ORD_00122,CUST_0440,REST_016,2026-01-03 14:07:06,100.0,6,Rain,High,Delivered,26.0
ORD_00123,CUST_0737,REST_038,2026-04-07 12:42:49,292.64,1,Clear,Low,Delivered,33.0
ORD_00124,CUST_0570,REST_043,2026-03-17 06:09:20,272.85,4,Cloudy,High,Delivered,22.0
ORD_00125,CUST_0093,REST_087,2026-01-28 00:15:31,125.02,6,Rain,Medium,Delivered,13.0
ORD_00126,CUST_0192,REST_014,2026-05-25 22:02:01,267.5,4,Rain,High,Delivered,27.0
ORD_00127,CUST_0103,REST_006,2026-06-06 13:00:14,222.78,2,Clear,High,Delivered,20.0
ORD_00128,CUST_0396,REST_089,2026-05-06 22:10:39,100.0,2,Cloudy,Medium,Cancelled,21.0
ORD_00129,CUST_0007,REST_023,2026-01-31 12:39:48,113.33,6,Cloudy,Low,Delivered,42.0
ORD_00130,CUST_0640,REST_060,2026-03-15 19:40:01,339.02,1,Cloudy,Low,Cancelled,24.0
ORD_00131,CUST_0567,REST_012,2026-01-13 18:23:55,214.9,5,Clear,High,Delivered,13.0
ORD_00132,CUST_0231,REST_013,2026-03-23 08:49:21,132.9,1,Clear,Low,Delivered,14.0
ORD_00133,CUST_0874,REST_100,2026-05-24 13:49:52,113.05,1,Cloudy,Low,Delivered,28.0
ORD_00134,CUST_0574,REST_098,2026-06-23 16:59:57,136.53,2,Clear,Low,Delivered,22.0
ORD_00135,CUST_0240,REST_006,2026-01-19 02:57:11,141.96,2,Cloudy,Medium,Delivered,21.0
ORD_00136,CUST_0090,REST_063,2026-03-19 11:06:41,113.83,5,Rain,Low,Delivered,11.0
ORD_00137,CUST_0232,REST_038,2026-02-19 14:37:38,100.0,4,Rain,High,Delivered,31.0
ORD_00138,CUST_0457,REST_050,2026-06-17 03:23:58,339.34,5,Clear,High,Delivered,28.0
ORD_00139,CUST_0233,REST_052,2026-01-11 22:22:25,309.16,4,Clear,Medium,Delivered,24.0
ORD_00140,CUST_0354,REST_040,2026-02-25 15:32:51,100.0,6,Cloudy,Medium,Delivered,25.0
ORD_00141,CUST_0333,REST_008,2026-04-11 08:50:05,195.38,6,Cloudy,Medium,Delivered,24.0
ORD_00142,CUST_0439,REST_061,2026-01-11 05:13:36,110.36,3,Heavy Rain,Medium,Delivered,39.0
ORD_00143,CUST_0375,REST_008,2026-01-06 17:57:06,156.98,2,Cloudy,Medium,Delivered,24.0
ORD_00144,CUST_0292,REST_097,2026-02-08 08:33:24,149.96,3,Clear,Medium,Delivered,12.0
ORD_00145,CUST_0345,REST_034,2026-06-18 05:37:45,143.26,3,Cloudy,Medium,Delivered,18.0
ORD_00146,CUST_0664,REST_079,2026-04-28 07:13:04,545.46,2,Cloudy,Medium,Delivered,25.0
ORD_00147,CUST_0428,REST_100,2026-02-21 05:38:39,142.28,3,Cloudy,Medium,Delivered,35.0
ORD_00148,CUST_0657,REST_060,2026-03-25 09:16:03,116.22,1,Cloudy,Medium,Delivered,21.0
ORD_00149,CUST_0130,REST_057,2026-01-06 06:11:58,119.17,4,Clear,Low,Delivered,20.0
ORD_00150,CUST_0141,REST_099,2026-05-16 02:41:39,321.85,5,Clear,Medium,Delivered,28.0
ORD_00151,CUST_0415,REST_046,2026-04-04 19:06:14,100.0,2,Clear,Medium,Delivered,23.0
ORD_00152,CUST_0093,REST_022,2026-01-04 05:20:29,119.17,1,Clear,Medium,Cancelled,23.0
ORD_00153,CUST_0626,REST_087,2026-02-22 07:00:37,401.72,6,Clear,Medium,Delivered,12.0
ORD_00154,CUST_0284,REST_040,2026-06-20 01:40:08,207.31,5,Rain,High,Delivered,27.0
ORD_00155,CUST_0956,REST_045,2026-04-15 07:52:17,201.45,5,Clear,Low,Delivered,33.0
ORD_00156,CUST_0923,REST_055,2026-04-30 08:34:52,585.63,5,Rain,Medium,Delivered,40.0
ORD_00157,CUST_0655,REST_051,2026-03-25 00:37:29,207.57,3,Clear,Medium,Delivered,14.0
ORD_00158,CUST_0223,REST_086,2026-01-19 20:00:55,122.79,3,Clear,Medium,Delivered,37.0
ORD_00159,CUST_0744,REST_005,2026-05-26 15:41:59,155.22,3,Clear,Medium,Delivered,41.0
ORD_00160,CUST_0463,REST_095,2026-03-05 16:39:54,100.0,3,Clear,High,Delivered,27.0
ORD_00161,CUST_0545,REST_013,2026-05-14 12:48:09,361.68,1,Rain,Low,Delivered,9.0
ORD_00162,CUST_0276,REST_028,2026-03-11 02:15:09,248.64,3,Clear,High,Delivered,26.0
ORD_00163,CUST_0682,REST_084,2026-04-19 14:23:54,336.44,2,Clear,High,Delivered,25.0
ORD_00164,CUST_0140,REST_097,2026-05-12 04:17:55,353.24,5,Rain,Medium,Delivered,9.0
ORD_00165,CUST_0357,REST_080,2026-03-08 13:07:01,144.34,1,Clear,High,Cancelled,27.0
ORD_00166,CUST_0713,REST_062,2026-05-22 21:31:54,107.81,6,Clear,Medium,Delivered,21.0
ORD_00167,CUST_0023,REST_093,2026-02-06 04:50:13,176.19,3,Clear,Medium,Delivered,22.0
ORD_00168,CUST_0968,REST_087,2026-06-06 00:08:52,112.17,6,Clear,High,Delivered,9.0
ORD_00169,CUST_0736,REST_024,2026-03-02 13:33:49,198.49,5,Clear,Low,Delivered,29.0
ORD_00170,CUST_0880,REST_098,2026-04-06 11:15:44,337.87,1,Clear,Low,Delivered,27.0
ORD_00171,CUST_0270,REST_007,2026-03-05 20:16:18,165.26,5,Rain,Low,Delivered,16.0
ORD_00172,CUST_0859,REST_038,2026-04-18 15:29:42,196.86,6,Rain,Medium,Delivered,30.0
ORD_00173,CUST_0665,REST_037,2026-06-15 11:04:55,172.15,1,Clear,Low,Cancelled,19.0
ORD_00174,CUST_0333,REST_068,2026-04-27 07:40:01,281.89,4,Clear,High,Delivered,27.0
ORD_00175,CUST_0085,REST_098,2026-03-05 01:50:26,125.55,1,Clear,Medium,Delivered,24.0
ORD_00176,CUST_0621,REST_042,2026-02-26 19:26:34,100.0,3,Cloudy,High,Delivered,28.0
ORD_00177,CUST_0031,REST_086,2026-02-09 10:20:20,234.86,6,Clear,Low,Cancelled,38.0
ORD_00178,CUST_0741,REST_005,2026-01-29 08:07:46,312.1,5,Rain,Medium,Delivered,34.0
ORD_00179,CUST_0240,REST_064,2026-04-25 01:58:12,231.71,5,Cloudy,Low,Delivered,14.0
ORD_00180,CUST_0890,REST_050,2026-05-08 22:52:39,127.47,5,Clear,Low,Delivered,30.0
ORD_00181,CUST_0363,REST_087,2026-05-13 20:31:57,100.0,2,Cloudy,Medium,Delivered,15.0
ORD_00182,CUST_0822,REST_015,2026-01-06 10:14:57,237.93,2,Clear,High,Delivered,33.0
ORD_00183,CUST_0389,REST_095,2026-05-17 02:51:01,195.94,3,Clear,Medium,Delivered,24.0
ORD_00184,CUST_0653,REST_073,2026-05-30 03:02:27,169.15,4,Clear,Medium,Delivered,42.0
ORD_00185,CUST_0668,REST_053,2026-03-09 07:41:44,493.91,2,Clear,Medium,Delivered,20.0
ORD_00186,CUST_0299,REST_025,2026-02-06 14:30:33,107.69,1,Cloudy,Low,Delivered,27.0
ORD_00187,CUST_0857,REST_089,2026-03-27 07:18:25,481.19,6,Cloudy,Medium,Delivered,18.0
ORD_00188,CUST_0371,REST_085,2026-01-14 14:02:47,184.47,3,Clear,Low,Delivered,18.0
ORD_00189,CUST_0099,REST_009,2026-02-08 05:30:34,100.0,4,Heavy Rain,High,Delivered,21.0
ORD_00190,CUST_0047,REST_038,2026-01-01 18:28:58,164.26,1,Clear,High,Delivered,33.0
ORD_00191,CUST_0999,REST_022,2026-06-08 23:34:18,307.27,5,Clear,Medium,Delivered,21.0
ORD_00192,CUST_0839,REST_087,2026-02-26 12:10:37,148.3,2,Clear,Medium,Delivered,15.0
ORD_00193,CUST_0422,REST_049,2026-01-23 07:39:07,100.0,1,Cloudy,Low,Delivered,32.0
ORD_00194,CUST_0480,REST_068,2026-05-05 09:29:45,165.59,4,Heavy Rain,Medium,Delivered,24.0
ORD_00195,CUST_0579,REST_093,2026-02-20 19:21:36,113.13,3,Cloudy,High,Delivered,21.0
ORD_00196,CUST_0062,REST_015,2026-04-21 17:16:17,237.58,1,Rain,High,Delivered,27.0
ORD_00197,CUST_0109,REST_065,2026-02-03 12:08:34,277.37,3,Clear,Low,Delivered,24.0
ORD_00198,CUST_0679,REST_054,2026-06-10 08:30:00,101.4,5,Clear,Low,Delivered,23.0
ORD_00199,CUST_0549,REST_030,2026-03-12 14:57:45,122.95,4,Cloudy,Medium,Delivered,26.0
ORD_00200,CUST_0119,REST_093,2026-05-28 08:06:35,274.83,4,Cloudy,High,Delivered,24.0
ORD_00201,CUST_0598,REST_020,2026-04-21 04:38:41,113.03,2,Clear,High,Delivered,23.0
ORD_00202,CUST_0382,REST_033,2026-02-25 07:39:37,100.0,6,Rain,Medium,Delivered,31.0
ORD_00203,CUST_0392,REST_100,2026-06-14 00:53:40,100.0,4,Clear,High,Delivered,30.0
ORD_00204,CUST_0977,REST_086,2026-04-13 02:01:56,220.0,1,Clear,High,Delivered,41.0
ORD_00205,CUST_0052,REST_077,2026-02-26 00:41:36,214.87,1,Cloudy,Low,Delivered,20.0
ORD_00206,CUST_0603,REST_007,2026-01-02 13:52:02,124.43,1,Cloudy,High,Delivered,20.0
ORD_00207,CUST_0289,REST_008,2026-01-03 23:41:56,181.78,5,Clear,Low,Delivered,29.0
ORD_00208,CUST_0337,REST_028,2026-02-15 18:44:09,419.86,4,Clear,Medium,Delivered,25.0
ORD_00209,CUST_0810,REST_045,2026-01-25 15:43:59,106.09,4,Clear,Low,Delivered,41.0
ORD_00210,CUST_0204,REST_073,2026-06-08 15:37:20,100.0,1,Cloudy,Medium,Delivered,41.0
ORD_00211,CUST_0880,REST_089,2026-03-11 07:35:35,232.83,2,Rain,High,Delivered,25.0
ORD_00212,CUST_0238,REST_080,2026-01-25 16:38:40,170.59,2,Cloudy,Medium,Delivered,31.0
ORD_00213,CUST_0382,REST_074,2026-04-27 16:35:20,122.67,4,Clear,Low,Delivered,9.0
ORD_00214,CUST_0667,REST_011,2026-03-24 17:45:03,259.47,4,Heavy Rain,Low,Delivered,13.0
ORD_00215,CUST_0752,REST_031,2026-05-15 13:10:29,287.6,3,Rain,Medium,Delivered,29.0
ORD_00216,CUST_0136,REST_012,2026-03-14 15:33:59,100.0,4,Clear,Medium,Delivered,18.0
ORD_00217,CUST_0407,REST_095,2026-06-02 09:15:00,126.6,1,Clear,Medium,Delivered,30.0
ORD_00218,CUST_0508,REST_078,2026-03-11 23:06:46,648.48,6,Clear,Low,Delivered,36.0
ORD_00219,CUST_0362,REST_051,2026-03-07 01:31:50,249.85,5,Clear,High,Delivered,13.0
ORD_00220,CUST_0381,REST_044,2026-05-10 11:18:06,262.92,4,Rain,High,Delivered,24.0
ORD_00221,CUST_0881,REST_096,2026-03-17 09:20:38,345.53,4,Rain,Medium,Delivered,31.0
ORD_00222,CUST_0576,REST_050,2026-05-04 04:09:25,182.98,1,Rain,Medium,Delivered,30.0
ORD_00223,CUST_0635,REST_017,2026-04-29 17:04:26,280.95,3,Clear,High,Delivered,18.0
ORD_00224,CUST_0254,REST_035,2026-01-20 08:04:23,269.06,6,Cloudy,Medium,Delivered,26.0
ORD_00225,CUST_0477,REST_001,2026-03-16 08:01:12,243.83,4,Clear,Medium,Delivered,17.0
ORD_00226,CUST_0114,REST_029,2026-04-07 11:51:42,151.85,2,Clear,Medium,Delivered,30.0
ORD_00227,CUST_0020,REST_051,2026-06-20 11:08:54,199.26,2,Cloudy,Low,Delivered,11.0
ORD_00228,CUST_0528,REST_064,2026-03-11 20:14:38,131.16,2,Clear,Medium,Delivered,13.0
ORD_00229,CUST_0145,REST_004,2026-02-23 04:17:21,182.55,5,Cloudy,High,Delivered,10.0
ORD_00230,CUST_0208,REST_087,2026-05-10 02:49:57,100.0,5,Cloudy,Low,Delivered,12.0
ORD_00231,CUST_0531,REST_028,2026-03-23 01:22:57,117.35,6,Rain,High,Delivered,24.0
ORD_00232,CUST_0376,REST_016,2026-03-26 13:22:17,155.2,4,Clear,Medium,Cancelled,26.0
ORD_00233,CUST_0504,REST_063,2026-04-01 10:52:37,107.87,4,Rain,Medium,Delivered,18.0
ORD_00234,CUST_0904,REST_076,2026-02-04 09:16:33,137.31,4,Heavy Rain,Medium,Delivered,14.0
ORD_00235,CUST_0166,REST_053,2026-06-08 04:59:12,165.64,5,Rain,Medium,Delivered,17.0
ORD_00236,CUST_0550,REST_085,2026-03-01 03:37:42,226.16,6,Rain,High,Delivered,13.0
ORD_00237,CUST_0181,REST_017,2026-01-19 00:23:30,305.54,4,Cloudy,Medium,Delivered,14.0
ORD_00238,CUST_0861,REST_040,2026-01-22 06:05:01,140.46,1,Clear,High,Delivered,23.0
ORD_00239,CUST_0617,REST_013,2026-02-05 03:38:19,377.78,3,Cloudy,Medium,Delivered,17.0
ORD_00240,CUST_0612,REST_052,2026-04-25 23:54:21,303.76,2,Cloudy,Medium,Delivered,26.0
ORD_00241,CUST_0602,REST_058,2026-01-04 14:29:16,239.19,2,Cloudy,High,Delivered,15.0
ORD_00242,CUST_0927,REST_096,2026-05-13 22:56:35,197.26,1,Rain,Low,Delivered,33.0
ORD_00243,CUST_0812,REST_037,2026-02-07 06:43:24,216.05,4,Clear,Medium,Delivered,16.0
ORD_00244,CUST_0444,REST_079,2026-04-05 04:50:23,348.24,6,Clear,Low,Delivered,25.0
ORD_00245,CUST_0332,REST_076,2026-03-15 13:44:47,355.3,6,Cloudy,High,Delivered,16.0
ORD_00246,CUST_0503,REST_061,2026-03-10 00:04:05,377.75,5,Clear,Medium,Delivered,31.0
ORD_00247,CUST_0913,REST_079,2026-06-09 17:46:44,185.44,4,Clear,High,Delivered,33.0
ORD_00248,CUST_0079,REST_034,2026-03-05 23:12:51,245.98,6,Clear,High,Delivered,18.0
ORD_00249,CUST_0585,REST_070,2026-05-11 04:19:36,379.54,4,Clear,Low,Delivered,18.0
ORD_00250,CUST_0935,REST_017,2026-06-13 04:10:13,128.63,2,Rain,Low,Delivered,10.0
ORD_00251,CUST_0938,REST_020,2026-05-26 01:18:29,152.15,2,Cloudy,Medium,Delivered,22.0
ORD_00252,CUST_0688,REST_073,2026-05-19 09:34:41,182.88,5,Clear,Medium,Delivered,39.0
ORD_00253,CUST_0396,REST_059,2026-03-29 23:43:33,297.31,2,Clear,Low,Delivered,36.0
ORD_00254,CUST_0608,REST_069,2026-02-16 17:14:14,299.87,4,Clear,Low,Delivered,33.0
ORD_00255,CUST_0857,REST_087,2026-01-26 09:43:19,159.66,1,Clear,Medium,Delivered,11.0
ORD_00256,CUST_0103,REST_033,2026-01-10 00:02:05,100.0,5,Clear,Low,Delivered,29.0
ORD_00257,CUST_0402,REST_078,2026-03-15 09:05:59,207.56,1,Rain,High,Delivered,32.0
ORD_00258,CUST_0975,REST_017,2026-06-29 08:05:03,109.39,4,Clear,High,Delivered,15.0
ORD_00259,CUST_0224,REST_057,2026-03-20 15:10:32,100.0,5,Cloudy,High,Delivered,28.0
ORD_00260,CUST_0518,REST_083,2026-01-16 13:19:21,100.0,1,Rain,Low,Delivered,15.0
ORD_00261,CUST_0634,REST_097,2026-03-14 02:09:16,216.92,5,Heavy Rain,Low,Delivered,13.0
ORD_00262,CUST_0236,REST_001,2026-05-18 15:30:51,383.21,4,Clear,Medium,Delivered,17.0
ORD_00263,CUST_0427,REST_013,2026-05-22 06:08:50,185.19,6,Cloudy,High,Delivered,15.0
ORD_00264,CUST_0116,REST_027,2026-03-08 04:06:49,203.62,5,Clear,Medium,Delivered,24.0
ORD_00265,CUST_0163,REST_070,2026-01-04 00:12:46,347.44,6,Clear,Medium,Delivered,17.0
ORD_00266,CUST_0226,REST_059,2026-03-25 06:39:50,100.0,4,Clear,Low,Cancelled,33.0
ORD_00267,CUST_0230,REST_006,2026-01-21 00:52:06,241.31,5,Rain,Medium,Delivered,25.0
ORD_00268,CUST_0182,REST_097,2026-02-19 09:18:56,180.12,5,Clear,Medium,Delivered,14.0
ORD_00269,CUST_0249,REST_094,2026-01-16 10:01:43,247.48,6,Cloudy,Low,Delivered,20.0
ORD_00270,CUST_0318,REST_099,2026-05-23 08:51:10,138.95,2,Cloudy,Medium,Delivered,25.0
ORD_00271,CUST_0965,REST_023,2026-01-29 17:53:07,115.6,6,Heavy Rain,Medium,Delivered,39.0
ORD_00272,CUST_0210,REST_010,2026-05-25 09:41:40,195.84,6,Cloudy,Medium,Delivered,27.0
ORD_00273,CUST_0656,REST_051,2026-06-28 17:50:53,449.01,6,Clear,Medium,Delivered,19.0
ORD_00274,CUST_0392,REST_019,2026-05-26 11:45:25,291.05,4,Clear,High,Delivered,23.0
ORD_00275,CUST_0857,REST_051,2026-06-04 18:26:58,137.11,3,Clear,Medium,Delivered,21.0
ORD_00276,CUST_0096,REST_092,2026-04-24 13:57:08,100.0,6,Rain,Medium,Delivered,21.0
ORD_00277,CUST_0894,REST_087,2026-06-12 01:43:21,100.0,5,Cloudy,High,Delivered,8.0
ORD_00278,CUST_0858,REST_068,2026-04-28 19:06:24,373.85,1,Cloudy,High,Delivered,26.0
ORD_00279,CUST_0756,REST_084,2026-05-19 08:20:18,107.2,2,Clear,Medium,Delivered,24.0
ORD_00280,CUST_0086,REST_083,2026-06-08 06:41:22,151.56,6,Rain,Low,Delivered,16.0
ORD_00281,CUST_0415,REST_042,2026-04-08 01:04:00,374.9,6,Cloudy,High,Delivered,32.0
ORD_00282,CUST_0394,REST_091,2026-06-30 13:14:04,100.0,2,Heavy Rain,Low,Delivered,10.0
ORD_00283,CUST_0696,REST_057,2026-05-01 14:19:02,411.89,6,Cloudy,High,Delivered,22.0
ORD_00284,CUST_0633,REST_098,2026-02-07 21:31:12,157.67,5,Clear,Low,Delivered,21.0
ORD_00285,CUST_0844,REST_068,2026-01-24 08:40:22,100.0,3,Clear,High,Delivered,28.0
ORD_00286,CUST_0501,REST_038,2026-05-02 19:08:35,158.22,6,Clear,Medium,Delivered,30.0
ORD_00287,CUST_0604,REST_062,2026-01-21 08:39:04,121.82,2,Cloudy,High,Delivered,21.0
ORD_00288,CUST_0582,REST_007,2026-01-10 11:27:18,231.01,6,Cloudy,Medium,Delivered,19.0
ORD_00289,CUST_0916,REST_071,2026-06-20 08:58:46,126.92,4,Clear,High,Delivered,23.0
ORD_00290,CUST_0133,REST_050,2026-03-12 20:10:32,100.0,5,Clear,Low,Delivered,21.0
ORD_00291,CUST_0791,REST_052,2026-05-26 11:41:45,160.56,5,Clear,Low,Delivered,30.0
ORD_00292,CUST_0649,REST_026,2026-05-10 22:49:41,100.0,3,Rain,Low,Delivered,36.0
ORD_00293,CUST_0314,REST_026,2026-05-07 16:51:33,202.83,4,Clear,High,Delivered,41.0
ORD_00294,CUST_0699,REST_019,2026-05-23 00:33:52,100.0,4,Clear,Medium,Delivered,25.0
ORD_00295,CUST_0221,REST_009,2026-01-28 15:46:20,138.6,3,Clear,Medium,Delivered,21.0
ORD_00296,CUST_0976,REST_061,2026-05-10 04:21:31,200.42,1,Clear,Medium,Delivered,40.0
ORD_00297,CUST_0438,REST_020,2026-01-23 06:53:55,161.28,6,Cloudy,High,Delivered,15.0
ORD_00298,CUST_0046,REST_050,2026-01-23 22:06:53,208.04,4,Rain,Medium,Delivered,29.0
ORD_00299,CUST_0790,REST_080,2026-05-31 12:57:43,263.53,1,Clear,Medium,Delivered,30.0
ORD_00300,CUST_0192,REST_081,2026-02-19 13:48:47,100.0,1,Cloudy,Medium,Delivered,23.0
ORD_00301,CUST_0520,REST_022,2026-06-22 07:17:56,174.96,5,Clear,High,Delivered,24.0
ORD_00302,CUST_0379,REST_013,2026-03-14 13:37:34,100.0,6,Heavy Rain,Low,Delivered,13.0
ORD_00303,CUST_0788,REST_012,2026-05-28 13:01:24,207.69,5,Clear,Low,Delivered,21.0
ORD_00304,CUST_0691,REST_010,2026-04-20 16:58:20,153.63,2,Clear,Low,Delivered,28.0
ORD_00305,CUST_0334,REST_065,2026-02-05 22:21:30,105.54,5,Cloudy,Medium,Delivered,22.0
ORD_00306,CUST_0039,REST_096,2026-05-29 14:15:35,215.65,4,Clear,Medium,Delivered,25.0
ORD_00307,CUST_0293,REST_030,2026-05-08 14:31:03,345.5,4,Clear,Medium,Delivered,21.0
ORD_00308,CUST_0690,REST_008,2026-06-20 23:06:08,139.52,6,Cloudy,High,Cancelled,26.0
ORD_00309,CUST_0162,REST_021,2026-03-18 21:55:40,107.81,1,Cloudy,Medium,Delivered,21.0
ORD_00310,CUST_0331,REST_022,2026-04-28 22:30:28,198.49,4,Clear,High,Delivered,19.0
ORD_00311,CUST_0886,REST_018,2026-02-18 02:10:35,100.0,5,Cloudy,Medium,Delivered,34.0
ORD_00312,CUST_0104,REST_066,2026-05-19 07:06:28,126.06,5,Cloudy,Low,Delivered,33.0
ORD_00313,CUST_0161,REST_048,2026-04-07 17:01:27,355.07,6,Cloudy,Medium,Delivered,36.0
ORD_00314,CUST_0799,REST_044,2026-02-22 08:24:48,187.58,5,Cloudy,High,Delivered,18.0
ORD_00315,CUST_0635,REST_009,2026-02-13 10:33:26,100.0,3,Cloudy,Low,Delivered,26.0
ORD_00316,CUST_0054,REST_067,2026-05-02 07:14:30,100.0,6,Clear,Medium,Delivered,10.0
ORD_00317,CUST_0940,REST_054,2026-01-12 03:33:28,198.17,6,Clear,Low,Delivered,22.0
ORD_00318,CUST_0034,REST_026,2026-06-09 18:42:09,291.29,4,Clear,Medium,Delivered,39.0
ORD_00319,CUST_0242,REST_085,2026-06-15 09:34:54,100.0,6,Clear,Medium,Delivered,15.0
ORD_00320,CUST_0967,REST_094,2026-01-14 03:26:23,232.14,2,Rain,High,Delivered,23.0
ORD_00321,CUST_0890,REST_092,2026-05-22 09:13:22,376.79,4,Clear,Medium,Delivered,27.0
ORD_00322,CUST_0113,REST_100,2026-04-16 16:16:51,512.0,4,Clear,Medium,Delivered,30.0
ORD_00323,CUST_0318,REST_026,2026-06-20 11:03:12,217.49,3,Clear,High,Delivered,40.0
ORD_00324,CUST_0023,REST_034,2026-06-29 04:22:54,239.55,4,Clear,Medium,Delivered,12.0
ORD_00325,CUST_0558,REST_008,2026-06-01 12:54:30,100.0,1,Cloudy,High,Delivered,25.0
ORD_00326,CUST_0824,REST_010,2026-03-01 03:21:01,575.28,5,Clear,Medium,Delivered,32.0
ORD_00327,CUST_0647,REST_048,2026-01-13 05:48:41,132.09,5,Cloudy,High,Delivered,36.0
ORD_00328,CUST_0118,REST_055,2026-06-14 20:45:54,108.48,6,Clear,High,Delivered,44.0
ORD_00329,CUST_0985,REST_054,2026-04-08 07:13:54,157.53,3,Rain,High,Delivered,23.0
ORD_00330,CUST_0701,REST_078,2026-05-17 13:34:42,416.31,5,Heavy Rain,Low,Delivered,40.0
ORD_00331,CUST_0643,REST_040,2026-05-08 17:02:47,610.59,1,Cloudy,Medium,Delivered,26.0
ORD_00332,CUST_0934,REST_015,2026-04-20 23:05:44,194.22,3,Rain,Medium,Delivered,34.0
ORD_00333,CUST_0212,REST_081,2026-06-20 13:43:37,313.86,2,Cloudy,Medium,Delivered,28.0
ORD_00334,CUST_0418,REST_018,2026-03-14 18:55:56,185.63,5,Rain,Medium,Delivered,32.0
ORD_00335,CUST_0113,REST_096,2026-05-17 08:14:37,102.43,4,Rain,Low,Delivered,27.0
ORD_00336,CUST_0044,REST_023,2026-05-23 03:46:57,408.38,1,Heavy Rain,Low,Delivered,39.0
ORD_00337,CUST_0128,REST_062,2026-02-23 00:04:09,128.74,1,Cloudy,Medium,Cancelled,15.0
ORD_00338,CUST_0876,REST_046,2026-05-19 18:27:58,421.8,5,Rain,High,Cancelled,14.0
ORD_00339,CUST_0158,REST_087,2026-04-14 23:42:17,370.26,6,Cloudy,High,Delivered,12.0
ORD_00340,CUST_0785,REST_099,2026-01-01 14:21:52,254.1,2,Clear,Low,Delivered,31.0
ORD_00341,CUST_0827,REST_039,2026-05-31 18:58:37,495.68,4,Clear,High,Delivered,29.0
ORD_00342,CUST_0394,REST_015,2026-01-12 06:54:48,618.81,2,Rain,Low,Delivered,34.0
ORD_00343,CUST_0867,REST_053,2026-05-22 01:45:09,164.62,2,Clear,Medium,Delivered,18.0
ORD_00344,CUST_0852,REST_088,2026-02-22 08:52:13,116.18,5,Cloudy,Low,Delivered,39.0
ORD_00345,CUST_0512,REST_064,2026-02-19 21:06:22,100.0,4,Clear,High,Delivered,9.0
ORD_00346,CUST_0914,REST_063,2026-06-01 12:43:04,623.02,5,Clear,Medium,Cancelled,19.0
ORD_00347,CUST_0045,REST_092,2026-04-04 00:52:21,142.33,5,Rain,Medium,Delivered,18.0
ORD_00348,CUST_0108,REST_080,2026-01-27 04:25:53,338.41,6,Rain,Medium,Delivered,26.0
ORD_00349,CUST_0219,REST_016,2026-05-11 17:58:24,120.58,1,Cloudy,Low,Delivered,23.0
ORD_00350,CUST_0443,REST_070,2026-02-13 15:48:13,422.44,6,Clear,Medium,Delivered,13.0
ORD_00351,CUST_0830,REST_066,2026-01-09 11:59:51,123.34,6,Clear,Medium,Delivered,31.0
ORD_00352,CUST_0315,REST_013,2026-06-25 04:40:34,100.0,5,Clear,Low,Delivered,15.0
ORD_00353,CUST_0177,REST_047,2026-01-16 04:39:44,161.63,6,Clear,High,Delivered,27.0
ORD_00354,CUST_0228,REST_009,2026-02-25 17:16:46,135.3,6,Clear,Medium,Delivered,24.0
ORD_00355,CUST_0703,REST_063,2026-02-08 12:32:47,251.63,3,Cloudy,Low,Delivered,16.0
ORD_00356,CUST_0983,REST_034,2026-06-21 06:28:23,176.22,4,Clear,Low,Delivered,17.0
ORD_00357,CUST_0672,REST_081,2026-03-30 08:03:07,256.02,1,Cloudy,Low,Delivered,28.0
ORD_00358,CUST_0906,REST_091,2026-01-16 23:51:12,154.46,4,Clear,Medium,Cancelled,11.0
ORD_00359,CUST_0267,REST_029,2026-06-04 01:43:03,125.74,1,Clear,Medium,Delivered,27.0
ORD_00360,CUST_0870,REST_037,2026-06-20 00:50:24,131.5,3,Clear,Low,Delivered,17.0
ORD_00361,CUST_0838,REST_043,2026-05-07 23:55:04,558.2,5,Heavy Rain,Medium,Delivered,21.0
ORD_00362,CUST_0379,REST_086,2026-03-28 08:43:41,205.17,1,Cloudy,Medium,Cancelled,40.0
ORD_00363,CUST_0489,REST_064,2026-01-04 17:11:04,100.0,1,Clear,Medium,Delivered,16.0
ORD_00364,CUST_0702,REST_024,2026-03-24 04:01:15,136.17,1,Cloudy,High,Delivered,36.0
ORD_00365,CUST_0687,REST_071,2026-05-31 08:44:12,191.19,3,Rain,Low,Delivered,24.0
ORD_00366,CUST_0290,REST_034,2026-02-01 01:56:40,500.18,4,Rain,Medium,Delivered,20.0
ORD_00367,CUST_0996,REST_048,2026-01-02 10:09:54,319.19,3,Cloudy,Medium,Delivered,35.0
ORD_00368,CUST_0357,REST_012,2026-04-07 09:41:55,109.19,1,Clear,Low,Delivered,21.0
ORD_00369,CUST_0657,REST_023,2026-04-23 15:19:16,685.46,6,Cloudy,Low,Delivered,36.0
ORD_00370,CUST_0744,REST_079,2026-03-01 01:13:25,178.19,1,Rain,Medium,Cancelled,26.0
ORD_00371,CUST_0872,REST_097,2026-02-26 23:59:20,359.78,6,Cloudy,High,Delivered,10.0
ORD_00372,CUST_0950,REST_013,2026-01-22 18:54:20,100.0,5,Rain,High,Delivered,16.0
ORD_00373,CUST_0204,REST_087,2026-03-24 09:29:46,100.0,3,Clear,Medium,Delivered,8.0
ORD_00374,CUST_0213,REST_096,2026-06-27 22:44:19,100.0,6,Clear,Medium,Delivered,31.0
ORD_00375,CUST_0552,REST_045,2026-04-24 06:23:09,100.0,3,Rain,Medium,Delivered,42.0
ORD_00376,CUST_0787,REST_099,2026-04-08 09:55:57,579.2,2,Cloudy,Low,Delivered,31.0
ORD_00377,CUST_0323,REST_065,2026-04-22 13:44:28,203.97,4,Clear,Low,Delivered,15.0
ORD_00378,CUST_0594,REST_047,2026-03-25 16:36:32,109.01,2,Clear,Medium,Delivered,30.0
ORD_00379,CUST_0181,REST_058,2026-01-29 03:47:13,232.51,6,Rain,Medium,Delivered,15.0
ORD_00380,CUST_0499,REST_005,2026-01-05 09:02:27,201.17,2,Clear,Low,Delivered,32.0
ORD_00381,CUST_0320,REST_077,2026-03-05 03:32:25,255.06,4,Clear,Low,Delivered,20.0
ORD_00382,CUST_0083,REST_005,2026-04-29 06:41:10,352.57,6,Clear,Low,Delivered,38.0
ORD_00383,CUST_0303,REST_060,2026-04-19 22:44:51,154.55,5,Rain,Medium,Delivered,22.0
ORD_00384,CUST_0262,REST_096,2026-03-07 08:59:59,111.73,5,Rain,Medium,Delivered,33.0
ORD_00385,CUST_0784,REST_021,2026-01-07 15:43:09,285.8,4,Cloudy,Low,Delivered,20.0
ORD_00386,CUST_0200,REST_024,2026-04-17 18:39:11,281.82,4,Cloudy,Low,Delivered,33.0
ORD_00387,CUST_0240,REST_018,2026-03-15 18:02:00,191.6,6,Clear,Low,Delivered,40.0
ORD_00388,CUST_0914,REST_021,2026-01-30 00:50:48,600.44,3,Clear,Low,Delivered,23.0
ORD_00389,CUST_0692,REST_054,2026-02-06 20:45:55,142.48,6,Rain,Medium,Delivered,24.0
ORD_00390,CUST_0944,REST_010,2026-02-19 16:04:44,110.51,3,Clear,Low,Delivered,32.0
ORD_00391,CUST_0683,REST_024,2026-01-08 06:23:58,228.14,3,Clear,Medium,Delivered,30.0
ORD_00392,CUST_0295,REST_085,2026-05-25 04:46:47,125.06,3,Cloudy,Medium,Delivered,18.0
ORD_00393,CUST_0512,REST_089,2026-04-06 15:36:37,238.06,6,Clear,Medium,Cancelled,17.0
ORD_00394,CUST_0689,REST_060,2026-01-14 00:55:28,114.65,1,Cloudy,Low,Cancelled,15.0
ORD_00395,CUST_0881,REST_057,2026-05-27 09:35:58,145.45,1,Cloudy,Low,Delivered,20.0
ORD_00396,CUST_0396,REST_023,2026-06-21 03:29:42,512.84,5,Cloudy,Low,Delivered,35.0
ORD_00397,CUST_0749,REST_022,2026-04-29 17:40:16,145.03,1,Clear,High,Delivered,22.0
ORD_00398,CUST_0138,REST_068,2026-03-06 11:54:26,116.82,1,Clear,High,Delivered,23.0
ORD_00399,CUST_0839,REST_034,2026-03-07 22:42:47,345.11,3,Cloudy,Low,Delivered,13.0
ORD_00400,CUST_0878,REST_070,2026-05-09 11:38:38,101.69,3,Heavy Rain,Medium,Delivered,15.0
ORD_00401,CUST_0823,REST_028,2026-04-17 18:02:42,123.83,4,Clear,Low,Delivered,26.0
ORD_00402,CUST_0129,REST_095,2026-03-02 02:43:12,248.91,3,Heavy Rain,Low,Delivered,27.0
ORD_00403,CUST_0049,REST_099,2026-03-25 20:57:36,303.73,6,Cloudy,Medium,Delivered,25.0
ORD_00404,CUST_0676,REST_039,2026-05-15 07:29:42,354.7,4,Rain,Low,Delivered,27.0
ORD_00405,CUST_0789,REST_042,2026-01-31 12:30:23,120.18,4,Clear,Medium,Delivered,32.0
ORD_00406,CUST_0293,REST_023,2026-04-24 05:14:08,251.59,1,Clear,Medium,Delivered,33.0
ORD_00407,CUST_0628,REST_070,2026-04-13 06:43:59,140.28,3,Clear,Medium,Delivered,16.0
ORD_00408,CUST_0536,REST_080,2026-04-28 02:23:17,129.92,1,Clear,High,Delivered,33.0
ORD_00409,CUST_0311,REST_002,2026-04-12 17:05:33,351.34,3,Heavy Rain,High,Delivered,33.0
ORD_00410,CUST_0537,REST_024,2026-03-05 10:49:25,133.99,1,Clear,High,Delivered,29.0
ORD_00411,CUST_0903,REST_017,2026-05-06 02:07:41,211.24,1,Cloudy,Medium,Delivered,15.0
ORD_00412,CUST_0639,REST_065,2026-06-29 02:05:55,197.47,1,Clear,Low,Delivered,20.0
ORD_00413,CUST_0234,REST_070,2026-04-23 06:36:06,100.59,6,Cloudy,Medium,Delivered,17.0
ORD_00414,CUST_0209,REST_069,2026-05-09 20:01:58,308.39,5,Clear,High,Cancelled,30.0
ORD_00415,CUST_0605,REST_060,2026-06-06 02:49:15,246.7,1,Clear,Medium,Delivered,21.0
ORD_00416,CUST_0094,REST_050,2026-04-08 06:21:12,100.0,2,Clear,High,Delivered,29.0
ORD_00417,CUST_0327,REST_093,2026-03-04 13:24:27,211.15,2,Rain,Low,Delivered,25.0
ORD_00418,CUST_0225,REST_012,2026-02-14 01:25:08,118.49,2,Clear,Low,Delivered,15.0
ORD_00419,CUST_0967,REST_047,2026-03-25 02:41:13,331.42,6,Clear,Low,Cancelled,25.0
ORD_00420,CUST_0890,REST_067,2026-06-08 06:49:06,100.0,4,Clear,Medium,Delivered,14.0
ORD_00421,CUST_0792,REST_065,2026-04-15 17:27:18,149.0,1,Heavy Rain,High,Delivered,16.0
ORD_00422,CUST_0011,REST_027,2026-04-18 23:08:35,221.21,2,Cloudy,Medium,Delivered,32.0
ORD_00423,CUST_0329,REST_048,2026-06-18 17:02:43,186.77,6,Cloudy,High,Delivered,32.0
ORD_00424,CUST_0012,REST_088,2026-02-27 22:23:24,275.79,4,Cloudy,Medium,Delivered,29.0
ORD_00425,CUST_0035,REST_062,2026-01-17 01:32:59,100.0,2,Clear,Medium,Delivered,23.0
ORD_00426,CUST_0447,REST_044,2026-04-15 10:58:08,449.69,3,Cloudy,High,Delivered,26.0
ORD_00427,CUST_0452,REST_019,2026-01-17 06:54:56,241.97,5,Clear,Low,Delivered,21.0
ORD_00428,CUST_0740,REST_059,2026-02-01 13:28:41,382.93,1,Clear,High,Delivered,40.0
ORD_00429,CUST_0220,REST_008,2026-04-22 02:45:02,293.19,5,Cloudy,Low,Delivered,24.0
ORD_00430,CUST_0441,REST_055,2026-03-05 00:28:49,180.12,5,Cloudy,Low,Delivered,43.0
ORD_00431,CUST_0653,REST_047,2026-04-13 12:51:19,100.0,3,Clear,Medium,Delivered,32.0
ORD_00432,CUST_0535,REST_002,2026-06-19 23:17:41,132.96,3,Clear,High,Delivered,41.0
ORD_00433,CUST_0595,REST_094,2026-04-18 08:22:45,434.53,3,Rain,Medium,Cancelled,24.0
ORD_00434,CUST_0229,REST_094,2026-06-26 22:37:13,388.38,4,Cloudy,Medium,Delivered,23.0
ORD_00435,CUST_0935,REST_039,2026-06-21 16:22:49,128.92,2,Clear,High,Delivered,25.0
ORD_00436,CUST_0344,REST_045,2026-04-01 11:16:24,100.0,1,Clear,Low,Delivered,41.0
ORD_00437,CUST_0080,REST_032,2026-01-16 20:50:28,161.26,3,Rain,High,Cancelled,24.0
ORD_00438,CUST_0353,REST_065,2026-01-06 06:47:15,154.74,6,Rain,Medium,Delivered,16.0
ORD_00439,CUST_0396,REST_038,2026-04-01 16:50:06,158.0,1,Heavy Rain,Low,Delivered,36.0
ORD_00440,CUST_0290,REST_077,2026-03-20 21:34:34,242.43,1,Clear,Medium,Delivered,13.0
ORD_00441,CUST_0455,REST_011,2026-01-07 05:32:39,293.51,1,Clear,Low,Delivered,16.0
ORD_00442,CUST_0843,REST_010,2026-04-06 01:06:21,312.52,3,Clear,Low,Delivered,27.0
ORD_00443,CUST_0671,REST_059,2026-05-06 16:09:04,231.63,3,Cloudy,Low,Delivered,39.0
ORD_00444,CUST_0989,REST_090,2026-06-01 17:28:38,100.0,2,Clear,Low,Delivered,36.0
ORD_00445,CUST_0128,REST_055,2026-02-07 03:08:56,150.26,3,Clear,Medium,Delivered,40.0
ORD_00446,CUST_0702,REST_020,2026-06-26 22:00:23,643.71,3,Clear,Medium,Delivered,25.0
ORD_00447,CUST_0909,REST_081,2026-05-02 14:01:58,222.7,1,Cloudy,Medium,Delivered,28.0
ORD_00448,CUST_0543,REST_017,2026-04-05 09:59:11,221.92,2,Clear,Medium,Delivered,16.0
ORD_00449,CUST_0898,REST_068,2026-06-20 22:16:18,220.9,5,Cloudy,High,Delivered,23.0
ORD_00450,CUST_0359,REST_005,2026-02-26 17:53:05,227.8,3,Rain,Low,Delivered,31.0
ORD_00451,CUST_0527,REST_060,2026-03-20 20:26:54,100.0,6,Cloudy,Medium,Delivered,24.0
ORD_00452,CUST_0313,REST_023,2026-04-14 09:19:30,158.9,3,Clear,Low,Cancelled,35.0
ORD_00453,CUST_0075,REST_046,2026-05-29 09:40:51,177.53,5,Heavy Rain,Medium,Delivered,15.0
ORD_00454,CUST_0546,REST_052,2026-02-28 14:42:59,366.8,1,Clear,Medium,Delivered,29.0
ORD_00455,CUST_0871,REST_010,2026-03-10 02:07:23,186.09,2,Clear,High,Delivered,30.0
ORD_00456,CUST_0196,REST_046,2026-05-18 05:37:42,100.0,1,Heavy Rain,High,Delivered,23.0
ORD_00457,CUST_0843,REST_028,2026-05-28 01:18:35,229.65,4,Clear,Medium,Delivered,22.0
ORD_00458,CUST_0029,REST_097,2026-06-18 15:42:59,116.5,3,Cloudy,Low,Delivered,15.0
ORD_00459,CUST_0706,REST_043,2026-01-12 08:50:07,100.0,6,Clear,Low,Delivered,18.0
ORD_00460,CUST_0016,REST_026,2026-04-25 00:41:45,114.57,4,Cloudy,High,Delivered,40.0
ORD_00461,CUST_0423,REST_055,2026-05-21 08:53:25,244.3,3,Cloudy,Medium,Delivered,37.0
ORD_00462,CUST_0589,REST_048,2026-06-18 04:02:00,362.24,4,Clear,High,Delivered,37.0
ORD_00463,CUST_0805,REST_029,2026-06-01 09:32:13,236.42,5,Cloudy,Medium,Delivered,26.0
ORD_00464,CUST_0593,REST_027,2026-06-12 07:40:37,256.62,3,Rain,High,Delivered,28.0
ORD_00465,CUST_0405,REST_018,2026-02-08 10:37:33,235.14,6,Clear,High,Delivered,39.0
ORD_00466,CUST_0940,REST_060,2026-06-29 23:01:54,191.66,3,Clear,Medium,Delivered,24.0
ORD_00467,CUST_0636,REST_074,2026-02-28 19:28:48,265.95,4,Clear,Low,Delivered,7.0
ORD_00468,CUST_0531,REST_069,2026-03-24 23:31:54,100.0,2,Rain,Medium,Delivered,24.0
ORD_00469,CUST_0967,REST_074,2026-04-03 00:28:57,192.69,4,Cloudy,High,Cancelled,13.0
ORD_00470,CUST_0614,REST_021,2026-01-10 00:21:13,102.03,3,Rain,High,Delivered,21.0
ORD_00471,CUST_0904,REST_024,2026-06-30 21:37:00,343.64,3,Clear,Low,Delivered,30.0
ORD_00472,CUST_0077,REST_003,2026-01-06 09:35:48,167.18,2,Clear,Medium,Delivered,12.0
ORD_00473,CUST_0229,REST_095,2026-05-06 05:45:03,184.38,1,Clear,High,Delivered,25.0
ORD_00474,CUST_0962,REST_062,2026-02-22 07:10:33,100.0,2,Clear,Medium,Delivered,23.0
ORD_00475,CUST_0297,REST_002,2026-05-19 22:57:45,317.11,1,Cloudy,High,Delivered,34.0
ORD_00476,CUST_0510,REST_066,2026-05-05 21:04:02,255.96,6,Heavy Rain,High,Delivered,24.0
ORD_00477,CUST_0715,REST_042,2026-03-12 00:27:35,246.24,3,Clear,High,Delivered,29.0
ORD_00478,CUST_0984,REST_034,2026-01-31 01:07:37,115.91,5,Heavy Rain,Low,Delivered,17.0
ORD_00479,CUST_0966,REST_042,2026-05-16 22:43:26,118.45,5,Clear,Low,Delivered,29.0
ORD_00480,CUST_0573,REST_020,2026-05-19 12:39:44,204.99,4,Rain,Low,Delivered,23.0
ORD_00481,CUST_0538,REST_097,2026-01-02 09:20:26,123.72,2,Clear,High,Delivered,17.0
ORD_00482,CUST_0583,REST_068,2026-03-17 12:41:53,230.26,2,Rain,Medium,Delivered,26.0
ORD_00483,CUST_0615,REST_045,2026-03-03 07:06:26,100.0,5,Clear,Low,Delivered,33.0
ORD_00484,CUST_0979,REST_075,2026-04-06 09:06:26,138.64,1,Rain,Medium,Delivered,13.0
ORD_00485,CUST_0326,REST_042,2026-03-03 14:55:07,486.98,2,Clear,Medium,Delivered,28.0
ORD_00486,CUST_0363,REST_047,2026-01-06 03:58:15,230.84,1,Clear,High,Delivered,24.0
ORD_00487,CUST_0669,REST_005,2026-05-10 05:42:28,198.69,1,Clear,Medium,Delivered,35.0
ORD_00488,CUST_0875,REST_089,2026-05-21 01:19:19,540.16,1,Clear,Medium,Delivered,26.0
ORD_00489,CUST_0359,REST_049,2026-06-03 13:55:38,100.0,1,Cloudy,Low,Delivered,33.0
ORD_00490,CUST_0706,REST_037,2026-06-27 08:39:11,115.77,4,Heavy Rain,High,Delivered,21.0
ORD_00491,CUST_0787,REST_034,2026-06-04 08:43:09,145.38,4,Cloudy,Low,Delivered,14.0
ORD_00492,CUST_0324,REST_073,2026-02-07 08:59:58,290.64,5,Cloudy,Medium,Delivered,38.0
ORD_00493,CUST_0698,REST_070,2026-02-03 03:58:50,293.42,4,Clear,Low,Delivered,15.0
ORD_00494,CUST_0326,REST_018,2026-01-13 16:02:06,112.58,6,Cloudy,Low,Delivered,41.0
ORD_00495,CUST_0625,REST_078,2026-02-14 15:20:11,313.84,2,Clear,Low,Delivered,31.0
ORD_00496,CUST_0825,REST_019,2026-01-28 11:52:01,145.21,6,Rain,Medium,Cancelled,23.0
ORD_00497,CUST_0165,REST_078,2026-04-13 19:14:34,352.98,4,Clear,Medium,Cancelled,33.0
ORD_00498,CUST_0573,REST_040,2026-03-02 04:08:51,102.72,2,Cloudy,Low,Cancelled,26.0
ORD_00499,CUST_0604,REST_017,2026-03-24 11:44:40,169.39,2,Clear,Low,Delivered,19.0
ORD_00500,CUST_0798,REST_060,2026-02-19 11:13:35,138.44,1,Clear,High,Delivered,15.0
ORD_00501,CUST_0455,REST_099,2026-01-26 21:44:35,324.02,5,Clear,Low,Delivered,35.0
ORD_00502,CUST_0969,REST_093,2026-03-17 03:52:36,135.97,1,Clear,Low,Delivered,16.0
ORD_00503,CUST_0153,REST_042,2026-02-15 10:21:40,177.09,1,Clear,Medium,Cancelled,31.0
ORD_00504,CUST_0737,REST_081,2026-03-17 21:24:09,239.55,6,Clear,High,Delivered,24.0
ORD_00505,CUST_0127,REST_072,2026-03-01 15:21:43,244.67,4,Rain,Low,Delivered,24.0
ORD_00506,CUST_0193,REST_065,2026-02-14 07:57:58,295.25,6,Clear,High,Delivered,16.0
ORD_00507,CUST_0627,REST_053,2026-06-27 03:16:37,203.59,4,Rain,Medium,Delivered,25.0
ORD_00508,CUST_0774,REST_100,2026-03-28 01:51:41,144.02,6,Clear,Medium,Delivered,33.0
ORD_00509,CUST_0530,REST_007,2026-03-10 13:39:41,149.56,2,Clear,Low,Delivered,21.0
ORD_00510,CUST_0010,REST_005,2026-01-03 16:53:17,183.85,4,Cloudy,Medium,Delivered,38.0
ORD_00511,CUST_0092,REST_024,2026-01-31 14:49:08,207.95,4,Cloudy,Low,Delivered,36.0
ORD_00512,CUST_0139,REST_028,2026-02-22 19:01:35,167.18,6,Clear,Medium,Cancelled,24.0
ORD_00513,CUST_0481,REST_062,2026-02-04 18:34:54,183.2,3,Cloudy,Low,Delivered,21.0
ORD_00514,CUST_0449,REST_017,2026-02-03 06:49:40,100.0,2,Clear,Medium,Delivered,13.0
ORD_00515,CUST_0333,REST_020,2026-03-25 19:28:02,261.66,2,Cloudy,High,Delivered,19.0
ORD_00516,CUST_0869,REST_003,2026-02-17 14:45:42,200.26,3,Cloudy,Medium,Delivered,12.0
ORD_00517,CUST_0340,REST_037,2026-02-03 12:53:16,314.51,6,Clear,Low,Delivered,19.0
ORD_00518,CUST_0961,REST_090,2026-06-18 19:04:41,181.29,6,Rain,Medium,Delivered,32.0
ORD_00519,CUST_0052,REST_015,2026-01-25 11:22:44,100.0,2,Cloudy,Medium,Delivered,34.0
ORD_00520,CUST_0707,REST_051,2026-02-06 00:06:46,148.84,6,Clear,Low,Delivered,14.0
ORD_00521,CUST_0466,REST_048,2026-03-06 23:44:14,162.4,5,Rain,Medium,Delivered,35.0
ORD_00522,CUST_0718,REST_008,2026-06-17 03:49:37,272.76,5,Rain,Low,Delivered,27.0
ORD_00523,CUST_0799,REST_013,2026-04-11 04:33:28,100.0,3,Cloudy,Medium,Delivered,13.0
ORD_00524,CUST_0475,REST_048,2026-03-04 07:15:19,185.42,4,Clear,High,Delivered,28.0
ORD_00525,CUST_0401,REST_003,2026-01-30 19:22:06,240.45,5,Rain,Low,Delivered,8.0
ORD_00526,CUST_0439,REST_065,2026-04-24 23:02:44,125.99,6,Clear,Low,Delivered,20.0
ORD_00527,CUST_0878,REST_073,2026-06-29 04:39:29,188.87,3,Clear,Low,Delivered,34.0
ORD_00528,CUST_0605,REST_031,2026-01-20 07:09:09,128.4,5,Clear,High,Delivered,36.0
ORD_00529,CUST_0932,REST_026,2026-03-13 01:11:35,121.36,1,Cloudy,Medium,Delivered,38.0
ORD_00530,CUST_0997,REST_081,2026-02-11 13:12:54,144.8,3,Rain,Low,Delivered,19.0
ORD_00531,CUST_0922,REST_056,2026-03-29 06:08:31,122.62,2,Cloudy,Medium,Cancelled,29.0
ORD_00532,CUST_0821,REST_034,2026-04-02 00:58:47,264.01,5,Heavy Rain,Low,Delivered,14.0
ORD_00533,CUST_0657,REST_009,2026-02-20 06:54:59,121.0,2,Clear,Medium,Delivered,17.0
ORD_00534,CUST_0598,REST_062,2026-06-02 06:20:47,110.32,3,Clear,Medium,Delivered,18.0
ORD_00535,CUST_0509,REST_013,2026-05-02 22:31:57,479.32,5,Cloudy,High,Delivered,15.0
ORD_00536,CUST_0153,REST_069,2026-01-10 01:53:22,307.48,2,Heavy Rain,Low,Delivered,34.0
ORD_00537,CUST_0514,REST_041,2026-06-10 16:06:23,100.0,4,Cloudy,Medium,Delivered,36.0
ORD_00538,CUST_0503,REST_077,2026-03-11 08:22:46,119.03,4,Clear,Medium,Delivered,18.0
ORD_00539,CUST_0854,REST_001,2026-04-05 20:34:25,207.13,1,Clear,High,Delivered,11.0
ORD_00540,CUST_0901,REST_089,2026-04-24 18:01:33,216.6,6,Clear,Medium,Cancelled,19.0
ORD_00541,CUST_0772,REST_047,2026-06-10 05:40:04,100.0,3,Clear,Medium,Delivered,33.0
ORD_00542,CUST_0676,REST_004,2026-04-19 12:51:40,342.82,6,Clear,Medium,Delivered,14.0
ORD_00543,CUST_0006,REST_100,2026-06-29 01:45:58,285.39,6,Rain,Medium,Delivered,29.0
ORD_00544,CUST_0500,REST_063,2026-04-12 11:26:24,236.29,2,Cloudy,High,Delivered,10.0
ORD_00545,CUST_0661,REST_052,2026-03-04 13:35:47,382.3,1,Cloudy,High,Delivered,29.0
ORD_00546,CUST_0717,REST_010,2026-06-28 07:13:50,232.47,3,Clear,Medium,Delivered,27.0
ORD_00547,CUST_0118,REST_028,2026-06-23 12:04:33,232.0,4,Clear,Medium,Delivered,25.0
ORD_00548,CUST_0485,REST_006,2026-03-20 01:49:41,426.97,6,Cloudy,High,Delivered,21.0
ORD_00549,CUST_0601,REST_027,2026-06-20 22:48:11,332.18,2,Rain,Low,Delivered,34.0
ORD_00550,CUST_0666,REST_012,2026-05-02 22:44:48,114.11,6,Cloudy,Low,Delivered,19.0
ORD_00551,CUST_0951,REST_062,2026-05-17 22:51:50,256.79,5,Rain,Medium,Delivered,24.0
ORD_00552,CUST_0679,REST_052,2026-02-19 02:29:06,125.79,4,Rain,Low,Delivered,28.0
ORD_00553,CUST_0468,REST_048,2026-01-06 07:31:39,239.2,6,Clear,High,Delivered,30.0
ORD_00554,CUST_0161,REST_067,2026-05-15 19:50:24,235.6,5,Clear,Medium,Delivered,16.0
ORD_00555,CUST_0270,REST_046,2026-02-12 02:21:50,100.0,5,Cloudy,Medium,Delivered,21.0
ORD_00556,CUST_0056,REST_097,2026-05-08 10:50:31,169.52,2,Clear,Medium,Delivered,19.0
ORD_00557,CUST_0228,REST_074,2026-01-25 14:25:42,209.74,2,Clear,High,Delivered,14.0
ORD_00558,CUST_0849,REST_095,2026-03-10 08:44:17,142.6,5,Clear,Medium,Cancelled,28.0
ORD_00559,CUST_0149,REST_015,2026-01-13 23:17:58,215.53,1,Clear,Low,Delivered,32.0
ORD_00560,CUST_0046,REST_071,2026-02-09 15:28:18,282.38,6,Rain,High,Delivered,28.0
ORD_00561,CUST_0144,REST_036,2026-03-27 07:26:22,178.25,5,Clear,Medium,Cancelled,15.0
ORD_00562,CUST_0750,REST_014,2026-02-01 00:20:28,205.11,5,Clear,Low,Cancelled,27.0
ORD_00563,CUST_0784,REST_078,2026-06-23 01:38:00,387.95,2,Cloudy,Medium,Delivered,34.0
ORD_00564,CUST_0632,REST_003,2026-04-27 09:15:03,235.16,6,Cloudy,Low,Delivered,7.0
ORD_00565,CUST_0340,REST_067,2026-06-12 07:24:52,202.44,3,Cloudy,High,Delivered,15.0
ORD_00566,CUST_0413,REST_086,2026-04-16 05:34:14,107.02,4,Rain,Medium,Delivered,39.0
ORD_00567,CUST_0732,REST_019,2026-03-09 12:32:18,262.19,2,Rain,High,Delivered,18.0
ORD_00568,CUST_0520,REST_099,2026-01-03 16:16:00,217.37,6,Cloudy,Medium,Delivered,30.0
ORD_00569,CUST_0344,REST_076,2026-03-29 13:31:12,367.26,6,Clear,High,Delivered,22.0
ORD_00570,CUST_0387,REST_054,2026-03-13 05:17:50,186.01,1,Clear,Low,Delivered,20.0
ORD_00571,CUST_0473,REST_069,2026-04-18 03:49:14,100.0,4,Cloudy,Low,Delivered,33.0
ORD_00572,CUST_0275,REST_010,2026-02-02 21:04:49,100.0,2,Rain,Low,Delivered,28.0
ORD_00573,CUST_0353,REST_033,2026-06-20 23:32:07,271.68,2,Heavy Rain,Medium,Delivered,23.0
ORD_00574,CUST_0066,REST_013,2026-04-03 22:35:12,132.47,3,Cloudy,Low,Delivered,10.0
ORD_00575,CUST_0079,REST_099,2026-06-27 16:51:43,230.49,1,Cloudy,Medium,Delivered,28.0
ORD_00576,CUST_0598,REST_051,2026-05-25 07:39:38,193.03,1,Clear,Medium,Delivered,14.0
ORD_00577,CUST_0636,REST_032,2026-02-14 00:46:19,165.38,6,Clear,Medium,Delivered,16.0
ORD_00578,CUST_0202,REST_075,2026-03-29 07:53:08,171.92,6,Clear,Medium,Delivered,14.0
ORD_00579,CUST_0978,REST_024,2026-03-28 06:14:00,112.62,2,Clear,Low,Delivered,34.0
ORD_00580,CUST_0662,REST_035,2026-02-19 19:39:55,179.71,3,Clear,High,Delivered,32.0
ORD_00581,CUST_0558,REST_083,2026-05-12 14:44:24,131.44,2,Clear,Medium,Delivered,16.0
ORD_00582,CUST_0113,REST_070,2026-04-14 17:31:29,147.71,5,Cloudy,High,Delivered,12.0
ORD_00583,CUST_0091,REST_040,2026-04-21 00:49:14,151.71,6,Cloudy,Medium,Cancelled,24.0
ORD_00584,CUST_0141,REST_054,2026-06-17 04:24:00,160.02,5,Cloudy,High,Delivered,27.0
ORD_00585,CUST_0289,REST_044,2026-06-07 11:44:18,301.03,3,Clear,Medium,Delivered,19.0
ORD_00586,CUST_0901,REST_062,2026-05-14 04:55:17,168.78,2,Clear,High,Delivered,20.0
ORD_00587,CUST_0730,REST_099,2026-01-10 06:10:00,318.31,6,Heavy Rain,Low,Delivered,34.0
ORD_00588,CUST_0589,REST_068,2026-05-28 18:44:57,422.34,3,Clear,Medium,Delivered,19.0
ORD_00589,CUST_0411,REST_033,2026-04-05 14:40:33,290.1,2,Rain,High,Delivered,29.0
ORD_00590,CUST_0377,REST_077,2026-04-08 15:44:06,243.22,2,Clear,Low,Delivered,12.0
ORD_00591,CUST_0384,REST_056,2026-01-31 10:36:14,216.97,5,Cloudy,Medium,Delivered,35.0
ORD_00592,CUST_0846,REST_036,2026-02-01 13:57:07,291.76,4,Clear,High,Delivered,12.0
ORD_00593,CUST_0152,REST_054,2026-05-27 18:50:41,190.4,1,Clear,Medium,Delivered,27.0
ORD_00594,CUST_0835,REST_019,2026-05-08 09:11:46,311.54,6,Clear,Low,Delivered,27.0
ORD_00595,CUST_0751,REST_043,2026-05-19 04:35:49,254.11,1,Cloudy,Medium,Delivered,15.0
ORD_00596,CUST_0627,REST_012,2026-01-10 21:35:27,148.72,3,Clear,Low,Delivered,11.0
ORD_00597,CUST_0319,REST_011,2026-02-27 07:53:45,296.7,1,Cloudy,High,Delivered,20.0
ORD_00598,CUST_0369,REST_070,2026-02-07 19:15:52,190.63,5,Clear,Low,Delivered,10.0
ORD_00599,CUST_0606,REST_012,2026-02-05 13:11:27,170.99,4,Clear,Low,Delivered,18.0
ORD_00600,CUST_0995,REST_091,2026-05-24 18:33:43,139.5,6,Rain,Low,Delivered,12.0
ORD_00601,CUST_0560,REST_041,2026-04-11 19:07:05,198.6,2,Rain,Medium,Delivered,33.0
ORD_00602,CUST_0703,REST_025,2026-03-11 02:39:25,313.58,2,Cloudy,High,Delivered,27.0
ORD_00603,CUST_0462,REST_003,2026-04-10 21:57:30,295.57,5,Clear,Low,Delivered,12.0
ORD_00604,CUST_0012,REST_003,2026-03-11 04:45:28,220.16,6,Clear,Low,Delivered,13.0
ORD_00605,CUST_0156,REST_084,2026-04-10 16:51:31,252.09,1,Heavy Rain,Medium,Delivered,24.0
ORD_00606,CUST_0684,REST_028,2026-01-15 15:08:43,364.83,2,Clear,High,Delivered,21.0
ORD_00607,CUST_0477,REST_023,2026-04-23 01:06:27,166.92,1,Rain,Medium,Delivered,40.0
ORD_00608,CUST_0939,REST_048,2026-06-15 22:32:30,100.0,5,Clear,Medium,Delivered,30.0
ORD_00609,CUST_0401,REST_067,2026-06-29 04:35:20,370.78,2,Heavy Rain,Medium,Delivered,16.0
ORD_00610,CUST_0808,REST_042,2026-06-10 01:37:11,135.45,3,Clear,Low,Delivered,30.0
ORD_00611,CUST_0177,REST_088,2026-03-05 23:55:39,124.0,4,Clear,Medium,Delivered,33.0
ORD_00612,CUST_0341,REST_040,2026-01-16 08:55:42,100.0,1,Cloudy,Medium,Delivered,31.0
ORD_00613,CUST_0057,REST_006,2026-06-27 22:42:41,248.19,6,Heavy Rain,High,Delivered,18.0
ORD_00614,CUST_0855,REST_020,2026-05-03 04:53:43,100.0,1,Heavy Rain,High,Delivered,17.0
ORD_00615,CUST_0852,REST_011,2026-05-27 19:22:08,119.98,1,Cloudy,High,Delivered,21.0
ORD_00616,CUST_0448,REST_096,2026-05-11 07:57:28,250.52,1,Rain,Medium,Delivered,33.0
ORD_00617,CUST_0203,REST_027,2026-01-16 02:31:08,269.63,5,Cloudy,Medium,Delivered,27.0
ORD_00618,CUST_0697,REST_021,2026-06-13 05:27:26,126.67,5,Rain,Low,Delivered,17.0
ORD_00619,CUST_0633,REST_013,2026-02-21 22:59:51,168.38,6,Rain,Medium,Cancelled,8.0
ORD_00620,CUST_0738,REST_086,2026-03-08 09:14:02,112.18,5,Clear,Medium,Delivered,41.0
ORD_00621,CUST_0202,REST_035,2026-06-12 12:05:40,134.07,6,Cloudy,High,Delivered,29.0
ORD_00622,CUST_0330,REST_047,2026-04-01 13:22:12,209.86,6,Cloudy,Low,Delivered,28.0
ORD_00623,CUST_0363,REST_086,2026-04-14 06:36:44,137.56,5,Cloudy,High,Delivered,42.0
ORD_00624,CUST_0892,REST_028,2026-04-22 14:18:10,158.49,2,Rain,Medium,Delivered,21.0
ORD_00625,CUST_0454,REST_021,2026-05-20 23:40:04,100.0,5,Clear,Low,Delivered,19.0
ORD_00626,CUST_0356,REST_018,2026-03-18 01:41:23,338.03,2,Clear,Medium,Delivered,32.0
ORD_00627,CUST_0216,REST_031,2026-06-26 11:45:52,239.98,3,Clear,High,Delivered,32.0
ORD_00628,CUST_0972,REST_060,2026-03-04 17:32:31,280.37,5,Clear,High,Delivered,22.0
ORD_00629,CUST_0555,REST_037,2026-03-21 10:34:55,368.61,3,Clear,Medium,Delivered,19.0
ORD_00630,CUST_0887,REST_021,2026-03-31 14:06:48,115.14,5,Rain,Low,Delivered,26.0
ORD_00631,CUST_0023,REST_014,2026-02-16 03:37:02,148.84,3,Cloudy,High,Delivered,23.0
ORD_00632,CUST_0155,REST_089,2026-03-07 11:07:05,100.0,4,Rain,Medium,Delivered,21.0
ORD_00633,CUST_0186,REST_091,2026-03-12 17:54:05,1019.67,3,Clear,Medium,Delivered,20.0
ORD_00634,CUST_0249,REST_060,2026-02-26 06:13:07,166.96,2,Rain,Low,Delivered,21.0
ORD_00635,CUST_0749,REST_023,2026-04-03 20:49:09,320.95,1,Cloudy,Low,Delivered,39.0
ORD_00636,CUST_0805,REST_095,2026-05-01 19:34:39,100.0,6,Clear,Low,Delivered,32.0
ORD_00637,CUST_0134,REST_029,2026-05-30 09:16:30,313.57,3,Cloudy,High,Delivered,27.0
ORD_00638,CUST_0321,REST_047,2026-01-23 03:38:14,503.55,1,Heavy Rain,Low,Delivered,24.0
ORD_00639,CUST_0390,REST_030,2026-04-08 10:44:49,175.36,4,Clear,Low,Cancelled,21.0
ORD_00640,CUST_0434,REST_090,2026-03-26 01:52:56,103.96,4,Cloudy,Medium,Delivered,35.0
ORD_00641,CUST_0022,REST_084,2026-02-07 13:04:59,167.95,2,Rain,Medium,Delivered,24.0
ORD_00642,CUST_0873,REST_038,2026-04-07 08:38:38,100.0,2,Clear,Low,Delivered,38.0
ORD_00643,CUST_0600,REST_083,2026-03-05 14:41:09,177.53,3,Cloudy,Low,Delivered,12.0
ORD_00644,CUST_0665,REST_027,2026-02-05 05:55:13,284.73,5,Clear,Low,Delivered,24.0
ORD_00645,CUST_0125,REST_089,2026-05-29 03:45:27,177.74,4,Clear,Medium,Delivered,22.0
ORD_00646,CUST_0079,REST_087,2026-05-05 23:07:35,155.05,1,Cloudy,Low,Delivered,9.0
ORD_00647,CUST_0858,REST_093,2026-05-05 11:57:36,242.3,5,Clear,Medium,Delivered,26.0
ORD_00648,CUST_0968,REST_015,2026-01-08 10:13:47,252.7,4,Rain,Low,Delivered,27.0
ORD_00649,CUST_0051,REST_059,2026-03-31 15:51:28,100.0,3,Clear,Low,Delivered,32.0
ORD_00650,CUST_0728,REST_003,2026-04-16 06:00:59,190.35,4,Clear,Medium,Delivered,10.0
ORD_00651,CUST_0176,REST_010,2026-03-15 19:42:11,692.14,2,Cloudy,Low,Delivered,30.0
ORD_00652,CUST_0870,REST_079,2026-04-19 15:20:15,100.0,1,Clear,Low,Delivered,24.0
ORD_00653,CUST_0253,REST_080,2026-05-29 22:16:39,172.95,1,Clear,Medium,Delivered,31.0
ORD_00654,CUST_0966,REST_017,2026-04-10 16:28:48,527.4,2,Rain,Medium,Delivered,20.0
ORD_00655,CUST_0246,REST_083,2026-06-01 22:21:13,332.72,5,Rain,Medium,Delivered,17.0
ORD_00656,CUST_0739,REST_011,2026-06-09 22:07:38,136.68,2,Rain,Low,Delivered,15.0
ORD_00657,CUST_0106,REST_048,2026-05-18 15:11:44,203.03,1,Cloudy,High,Delivered,30.0
ORD_00658,CUST_0193,REST_005,2026-06-14 03:31:36,181.06,3,Rain,High,Delivered,32.0
ORD_00659,CUST_0316,REST_069,2026-06-25 17:28:41,120.13,5,Rain,High,Delivered,28.0
ORD_00660,CUST_0302,REST_064,2026-01-09 21:44:43,174.02,6,Clear,Medium,Delivered,12.0
ORD_00661,CUST_0548,REST_014,2026-06-17 01:21:44,155.4,4,Clear,High,Delivered,33.0
ORD_00662,CUST_0954,REST_050,2026-06-12 03:57:58,192.87,6,Clear,Low,Delivered,22.0
ORD_00663,CUST_0716,REST_026,2026-05-27 01:49:51,120.11,3,Clear,Low,Delivered,38.0
ORD_00664,CUST_0934,REST_072,2026-02-06 22:05:48,100.0,6,Rain,Low,Delivered,21.0
ORD_00665,CUST_0779,REST_069,2026-06-21 15:53:47,177.2,5,Cloudy,High,Delivered,26.0
ORD_00666,CUST_0268,REST_007,2026-05-03 16:03:58,465.59,1,Cloudy,Medium,Delivered,26.0
ORD_00667,CUST_0170,REST_016,2026-05-15 20:21:59,189.66,1,Clear,High,Delivered,23.0
ORD_00668,CUST_0551,REST_055,2026-01-01 13:32:00,151.05,3,Clear,Low,Delivered,37.0
ORD_00669,CUST_0455,REST_078,2026-01-19 08:59:42,274.44,6,Clear,High,Cancelled,36.0
ORD_00670,CUST_0651,REST_056,2026-05-19 11:05:49,166.16,5,Heavy Rain,High,Delivered,27.0
ORD_00671,CUST_0292,REST_004,2026-06-01 07:47:59,506.45,4,Clear,High,Delivered,17.0
ORD_00672,CUST_0564,REST_100,2026-03-19 00:24:28,180.88,6,Rain,Medium,Delivered,30.0
ORD_00673,CUST_0799,REST_048,2026-03-22 17:07:28,266.47,6,Clear,High,Delivered,30.0
ORD_00674,CUST_0801,REST_017,2026-02-05 12:37:54,119.7,4,Cloudy,High,Delivered,16.0
ORD_00675,CUST_0141,REST_036,2026-02-15 02:54:46,239.06,2,Cloudy,Medium,Delivered,18.0
ORD_00676,CUST_0146,REST_070,2026-02-23 05:53:04,210.88,3,Rain,Medium,Delivered,15.0
ORD_00677,CUST_0425,REST_080,2026-06-02 17:26:18,175.73,5,Clear,Medium,Delivered,32.0
ORD_00678,CUST_0314,REST_093,2026-06-07 16:27:29,137.56,3,Clear,Medium,Delivered,20.0
ORD_00679,CUST_0184,REST_100,2026-03-14 21:53:53,127.62,4,Clear,High,Delivered,35.0
ORD_00680,CUST_0664,REST_038,2026-05-10 11:33:55,211.73,5,Rain,Low,Delivered,39.0
ORD_00681,CUST_0713,REST_062,2026-04-24 16:14:06,256.19,1,Clear,Medium,Delivered,16.0
ORD_00682,CUST_0128,REST_048,2026-03-11 11:54:35,169.03,1,Clear,Low,Delivered,32.0
ORD_00683,CUST_0287,REST_010,2026-06-12 23:21:54,212.3,5,Cloudy,Low,Delivered,34.0
ORD_00684,CUST_0823,REST_036,2026-01-30 10:12:02,177.53,3,Cloudy,Low,Delivered,20.0
ORD_00685,CUST_0253,REST_029,2026-04-27 13:56:57,191.37,3,Rain,High,Delivered,28.0
ORD_00686,CUST_0778,REST_078,2026-04-30 23:35:32,162.35,1,Rain,Low,Delivered,38.0
ORD_00687,CUST_0700,REST_004,2026-04-04 09:32:02,183.07,1,Cloudy,High,Delivered,11.0
ORD_00688,CUST_0386,REST_044,2026-04-26 10:48:10,799.45,4,Rain,High,Delivered,22.0
ORD_00689,CUST_0230,REST_056,2026-06-09 16:36:54,215.16,5,Cloudy,Medium,Delivered,34.0
ORD_00690,CUST_0271,REST_042,2026-05-14 00:11:48,258.5,3,Clear,Low,Delivered,35.0
ORD_00691,CUST_0771,REST_100,2026-03-26 07:35:15,230.65,4,Rain,Low,Delivered,34.0
ORD_00692,CUST_0811,REST_013,2026-05-09 10:48:43,156.88,3,Cloudy,Medium,Delivered,13.0
ORD_00693,CUST_0415,REST_046,2026-05-20 07:44:18,369.33,1,Clear,Low,Delivered,23.0
ORD_00694,CUST_0198,REST_082,2026-03-01 16:09:18,154.45,5,Cloudy,Medium,Delivered,33.0
ORD_00695,CUST_0323,REST_033,2026-01-29 01:28:43,323.85,2,Clear,High,Delivered,28.0
ORD_00696,CUST_0056,REST_021,2026-05-31 08:02:43,150.83,5,Clear,Low,Delivered,26.0
ORD_00697,CUST_0831,REST_080,2026-03-30 04:35:09,106.91,6,Cloudy,Medium,Delivered,34.0
ORD_00698,CUST_0203,REST_079,2026-06-13 15:37:34,221.62,2,Rain,High,Delivered,26.0
ORD_00699,CUST_0783,REST_057,2026-04-25 21:04:11,100.0,4,Cloudy,High,Delivered,21.0
ORD_00700,CUST_0621,REST_069,2026-04-18 08:48:17,243.37,2,Clear,High,Delivered,26.0
ORD_00701,CUST_0628,REST_070,2026-05-18 18:39:44,100.0,2,Heavy Rain,High,Delivered,18.0
ORD_00702,CUST_0604,REST_067,2026-06-22 10:36:34,152.1,4,Clear,Medium,Delivered,14.0
ORD_00703,CUST_0138,REST_048,2026-03-07 08:25:19,100.0,5,Clear,High,Delivered,37.0
ORD_00704,CUST_0422,REST_076,2026-05-22 00:07:06,856.87,4,Clear,High,Delivered,19.0
ORD_00705,CUST_0815,REST_100,2026-03-21 00:06:57,100.0,6,Clear,Medium,Delivered,35.0
ORD_00706,CUST_0057,REST_033,2026-05-20 22:55:43,182.25,1,Clear,Medium,Delivered,31.0
ORD_00707,CUST_0562,REST_036,2026-01-08 20:45:20,339.96,1,Cloudy,Medium,Delivered,21.0
ORD_00708,CUST_0071,REST_033,2026-06-30 11:32:00,320.54,2,Rain,Medium,Delivered,29.0
ORD_00709,CUST_0911,REST_031,2026-06-01 01:08:33,289.52,4,Heavy Rain,Low,Delivered,28.0
ORD_00710,CUST_0914,REST_021,2026-06-18 07:34:20,152.25,4,Rain,Medium,Delivered,21.0
ORD_00711,CUST_0594,REST_027,2026-06-25 19:04:28,381.11,4,Clear,Medium,Delivered,26.0
ORD_00712,CUST_0372,REST_091,2026-03-08 06:54:48,299.58,6,Cloudy,Medium,Delivered,11.0
ORD_00713,CUST_0617,REST_072,2026-03-29 00:54:52,203.72,6,Rain,Low,Delivered,16.0
ORD_00714,CUST_0600,REST_062,2026-02-11 01:54:52,206.92,5,Clear,High,Delivered,24.0
ORD_00715,CUST_0514,REST_096,2026-04-15 02:59:16,153.37,3,Rain,Low,Delivered,33.0
ORD_00716,CUST_0872,REST_026,2026-04-10 23:16:40,109.91,3,Clear,Low,Delivered,40.0
ORD_00717,CUST_0084,REST_066,2026-03-22 02:16:55,357.96,3,Clear,Medium,Delivered,30.0
ORD_00718,CUST_0994,REST_012,2026-02-25 19:47:40,373.05,5,Cloudy,Medium,Delivered,17.0
ORD_00719,CUST_0043,REST_022,2026-06-17 15:43:59,111.47,4,Cloudy,Low,Delivered,17.0
ORD_00720,CUST_0666,REST_017,2026-06-11 20:27:38,166.57,3,Cloudy,Medium,Delivered,18.0
ORD_00721,CUST_0839,REST_007,2026-01-13 07:20:05,167.52,4,Clear,High,Delivered,25.0
ORD_00722,CUST_0934,REST_068,2026-01-10 16:04:48,178.05,2,Cloudy,Medium,Delivered,19.0
ORD_00723,CUST_0606,REST_037,2026-02-15 15:23:53,187.8,3,Rain,Medium,Delivered,19.0
ORD_00724,CUST_0810,REST_038,2026-03-28 08:21:56,305.14,2,Heavy Rain,Low,Delivered,39.0
ORD_00725,CUST_0133,REST_096,2026-03-28 01:55:07,120.18,5,Clear,Medium,Delivered,29.0
ORD_00726,CUST_0395,REST_011,2026-04-09 16:46:14,113.81,1,Clear,High,Delivered,18.0
ORD_00727,CUST_0065,REST_001,2026-03-27 11:41:45,357.86,6,Cloudy,Medium,Delivered,14.0
ORD_00728,CUST_0290,REST_025,2026-06-14 08:51:09,140.55,5,Clear,High,Delivered,33.0
ORD_00729,CUST_0376,REST_042,2026-03-10 20:41:46,100.0,5,Clear,Medium,Delivered,36.0
ORD_00730,CUST_0769,REST_052,2026-06-17 03:44:23,138.82,5,Clear,Medium,Delivered,24.0
ORD_00731,CUST_0467,REST_024,2026-03-21 09:13:59,151.18,3,Rain,High,Delivered,35.0
ORD_00732,CUST_0898,REST_053,2026-03-04 13:25:26,426.34,2,Rain,High,Delivered,17.0
ORD_00733,CUST_0213,REST_056,2026-04-19 07:08:33,301.47,6,Clear,High,Delivered,27.0
ORD_00734,CUST_0148,REST_063,2026-01-26 16:32:20,340.75,3,Clear,Medium,Delivered,17.0
ORD_00735,CUST_0573,REST_081,2026-05-04 17:14:28,284.57,1,Cloudy,High,Delivered,27.0
ORD_00736,CUST_0471,REST_008,2026-04-15 07:47:58,305.04,6,Clear,Medium,Delivered,30.0
ORD_00737,CUST_0149,REST_059,2026-04-05 00:12:19,124.16,5,Cloudy,High,Delivered,33.0
ORD_00738,CUST_0088,REST_045,2026-03-29 17:22:55,162.51,4,Clear,Low,Delivered,38.0
ORD_00739,CUST_0324,REST_027,2026-02-11 10:57:50,105.17,1,Clear,Medium,Delivered,27.0
ORD_00740,CUST_0895,REST_052,2026-05-24 10:35:58,161.46,2,Clear,High,Delivered,29.0
ORD_00741,CUST_0396,REST_018,2026-01-30 06:33:15,264.08,1,Cloudy,Low,Delivered,34.0
ORD_00742,CUST_0790,REST_091,2026-06-27 05:30:15,195.2,3,Cloudy,Medium,Delivered,18.0
ORD_00743,CUST_0404,REST_086,2026-05-19 13:38:47,372.9,4,Clear,High,Delivered,37.0
ORD_00744,CUST_0082,REST_016,2026-03-31 23:34:09,100.0,3,Clear,Low,Delivered,29.0
ORD_00745,CUST_0641,REST_066,2026-06-05 01:51:57,238.68,6,Clear,Medium,Delivered,33.0
ORD_00746,CUST_0286,REST_005,2026-04-23 13:54:13,100.0,5,Cloudy,Medium,Delivered,38.0
ORD_00747,CUST_0382,REST_082,2026-06-24 10:05:24,190.91,5,Clear,Medium,Delivered,32.0
ORD_00748,CUST_0865,REST_003,2026-02-10 15:39:45,272.38,1,Clear,Low,Cancelled,7.0
ORD_00749,CUST_0792,REST_091,2026-01-24 14:18:51,161.1,5,Cloudy,Low,Delivered,13.0
ORD_00750,CUST_0270,REST_081,2026-02-26 02:39:53,245.46,5,Rain,Low,Delivered,21.0
ORD_00751,CUST_0292,REST_080,2026-06-08 21:22:11,106.93,6,Clear,Low,Delivered,32.0
ORD_00752,CUST_0453,REST_070,2026-06-03 13:45:58,100.0,2,Clear,Low,Delivered,15.0
ORD_00753,CUST_0715,REST_007,2026-03-08 03:25:00,246.25,2,Rain,Medium,Delivered,21.0
ORD_00754,CUST_0024,REST_050,2026-03-16 13:12:48,473.05,3,Rain,Medium,Delivered,21.0
ORD_00755,CUST_0956,REST_014,2026-05-30 19:12:30,104.81,3,Clear,High,Cancelled,28.0
ORD_00756,CUST_0863,REST_038,2026-01-03 05:28:47,355.03,2,Rain,Low,Delivered,37.0
ORD_00757,CUST_0311,REST_079,2026-05-20 23:39:20,185.65,1,Cloudy,Medium,Delivered,28.0
ORD_00758,CUST_0461,REST_047,2026-04-19 10:22:17,100.0,2,Heavy Rain,Medium,Delivered,32.0
ORD_00759,CUST_0208,REST_033,2026-05-03 00:24:59,100.0,3,Clear,High,Delivered,33.0
ORD_00760,CUST_0792,REST_043,2026-01-03 11:05:36,182.85,4,Rain,Medium,Delivered,16.0
ORD_00761,CUST_0717,REST_091,2026-04-12 22:19:26,145.12,5,Rain,High,Delivered,16.0
ORD_00762,CUST_0664,REST_029,2026-04-21 00:25:47,100.0,6,Clear,Low,Delivered,30.0
ORD_00763,CUST_0438,REST_057,2026-06-22 02:28:52,100.0,4,Rain,Medium,Delivered,28.0
ORD_00764,CUST_0538,REST_005,2026-06-26 22:04:38,113.78,4,Clear,Medium,Delivered,41.0
ORD_00765,CUST_0706,REST_093,2026-03-30 09:30:31,201.66,5,Clear,High,Delivered,21.0
ORD_00766,CUST_0336,REST_096,2026-01-06 12:58:59,180.64,2,Clear,Medium,Delivered,28.0
ORD_00767,CUST_0422,REST_060,2026-04-03 09:22:09,137.6,1,Rain,Medium,Delivered,23.0
ORD_00768,CUST_0750,REST_070,2026-04-10 21:35:31,202.56,4,Cloudy,Low,Delivered,18.0
ORD_00769,CUST_0321,REST_002,2026-01-24 11:26:06,321.18,1,Cloudy,Medium,Delivered,37.0
ORD_00770,CUST_0497,REST_070,2026-06-02 16:53:57,225.15,6,Cloudy,Low,Delivered,17.0
ORD_00771,CUST_0587,REST_043,2026-02-26 03:35:07,169.57,6,Clear,Low,Delivered,22.0
ORD_00772,CUST_0947,REST_004,2026-01-23 13:55:08,302.0,6,Clear,Low,Delivered,12.0
ORD_00773,CUST_0163,REST_056,2026-04-17 11:12:49,106.92,3,Cloudy,High,Delivered,31.0
ORD_00774,CUST_0811,REST_093,2026-02-27 21:35:54,160.18,4,Heavy Rain,Medium,Delivered,17.0
ORD_00775,CUST_0541,REST_059,2026-03-03 10:33:55,162.29,6,Clear,High,Delivered,33.0
ORD_00776,CUST_0165,REST_089,2026-05-21 17:06:43,100.0,3,Clear,High,Delivered,21.0
ORD_00777,CUST_0849,REST_009,2026-06-16 16:26:37,143.89,6,Clear,High,Delivered,18.0
ORD_00778,CUST_0698,REST_003,2026-05-29 18:41:53,100.0,2,Clear,High,Delivered,8.0
ORD_00779,CUST_0566,REST_090,2026-01-03 04:58:21,518.89,4,Clear,High,Delivered,39.0
ORD_00780,CUST_0295,REST_048,2026-03-07 08:18:36,108.25,3,Cloudy,Low,Delivered,34.0
ORD_00781,CUST_0042,REST_043,2026-01-18 01:35:42,433.7,6,Clear,Low,Delivered,24.0
ORD_00782,CUST_0924,REST_091,2026-02-10 16:39:54,185.11,3,Clear,Medium,Delivered,14.0
ORD_00783,CUST_0285,REST_100,2026-01-26 10:52:52,247.32,6,Rain,Medium,Delivered,30.0
ORD_00784,CUST_0939,REST_096,2026-01-27 23:42:50,138.54,2,Heavy Rain,Low,Delivered,27.0
ORD_00785,CUST_0387,REST_001,2026-04-01 21:31:35,203.23,1,Clear,Medium,Delivered,13.0
ORD_00786,CUST_0138,REST_057,2026-05-22 12:31:26,259.24,6,Cloudy,Medium,Delivered,20.0
ORD_00787,CUST_0187,REST_053,2026-01-23 06:16:53,261.26,1,Clear,High,Delivered,25.0
ORD_00788,CUST_0910,REST_016,2026-01-11 10:42:42,277.58,4,Rain,Medium,Delivered,27.0
ORD_00789,CUST_0716,REST_051,2026-05-28 13:13:25,148.03,2,Cloudy,Medium,Delivered,12.0
ORD_00790,CUST_0431,REST_075,2026-04-30 02:47:34,139.18,4,Rain,Medium,Delivered,9.0
ORD_00791,CUST_0554,REST_090,2026-05-11 07:31:17,100.0,1,Clear,Medium,Delivered,33.0
ORD_00792,CUST_0862,REST_055,2026-02-21 00:19:37,241.72,2,Cloudy,High,Delivered,35.0
ORD_00793,CUST_0416,REST_001,2026-05-21 06:55:49,328.75,5,Cloudy,Low,Cancelled,10.0
ORD_00794,CUST_0800,REST_090,2026-02-21 21:00:48,440.89,2,Clear,Medium,Delivered,33.0
ORD_00795,CUST_0426,REST_028,2026-05-04 19:14:14,214.4,2,Clear,Medium,Delivered,21.0
ORD_00796,CUST_0416,REST_053,2026-01-28 07:20:03,118.92,5,Cloudy,Medium,Delivered,25.0
ORD_00797,CUST_0026,REST_058,2026-05-19 11:15:23,100.0,3,Cloudy,Low,Delivered,23.0
ORD_00798,CUST_0371,REST_073,2026-02-10 03:43:18,321.47,3,Clear,Low,Delivered,34.0
ORD_00799,CUST_0385,REST_060,2026-04-29 04:39:52,100.0,3,Cloudy,Low,Cancelled,15.0
ORD_00800,CUST_0056,REST_059,2026-03-02 20:00:29,150.31,1,Clear,Medium,Delivered,36.0
ORD_00801,CUST_0253,REST_022,2026-01-27 03:23:38,160.23,2,Clear,High,Delivered,25.0
ORD_00802,CUST_0634,REST_008,2026-05-16 04:23:24,174.48,6,Cloudy,Medium,Delivered,29.0
ORD_00803,CUST_0106,REST_049,2026-06-12 14:13:48,184.88,5,Clear,Low,Delivered,27.0
ORD_00804,CUST_0130,REST_042,2026-04-19 16:00:17,195.58,6,Clear,Medium,Delivered,27.0
ORD_00805,CUST_0849,REST_027,2026-04-09 09:19:36,100.0,1,Clear,Low,Delivered,26.0
ORD_00806,CUST_0670,REST_039,2026-04-01 19:44:18,182.74,5,Cloudy,High,Delivered,28.0
ORD_00807,CUST_0376,REST_083,2026-06-02 23:23:33,100.0,6,Clear,Medium,Delivered,18.0
ORD_00808,CUST_0743,REST_025,2026-03-31 01:12:35,271.16,1,Heavy Rain,High,Delivered,34.0
ORD_00809,CUST_0967,REST_038,2026-05-05 08:05:20,133.58,1,Clear,Medium,Delivered,37.0
ORD_00810,CUST_0308,REST_085,2026-03-25 19:06:16,100.0,1,Cloudy,High,Delivered,11.0
ORD_00811,CUST_0091,REST_024,2026-02-26 04:00:58,115.84,5,Clear,Low,Delivered,36.0
ORD_00812,CUST_0393,REST_024,2026-06-11 04:20:30,132.48,6,Cloudy,Low,Delivered,36.0
ORD_00813,CUST_0534,REST_060,2026-05-17 14:07:49,348.93,6,Cloudy,Low,Delivered,18.0
ORD_00814,CUST_0802,REST_083,2026-05-07 21:44:31,201.98,4,Clear,Medium,Delivered,16.0
ORD_00815,CUST_0110,REST_050,2026-03-30 17:45:43,219.08,1,Clear,Medium,Delivered,21.0
ORD_00816,CUST_0561,REST_066,2026-04-29 01:44:46,347.12,3,Clear,Medium,Cancelled,23.0
ORD_00817,CUST_0641,REST_014,2026-05-04 14:06:06,171.94,2,Clear,High,Delivered,30.0
ORD_00818,CUST_0585,REST_053,2026-04-11 02:40:49,274.46,4,Clear,Low,Delivered,22.0
ORD_00819,CUST_0340,REST_032,2026-03-05 00:27:18,264.05,4,Cloudy,Medium,Delivered,18.0
ORD_00820,CUST_0565,REST_096,2026-03-18 23:53:57,100.0,5,Rain,High,Delivered,35.0
ORD_00821,CUST_0979,REST_092,2026-02-08 05:09:37,407.54,4,Clear,Medium,Delivered,24.0
ORD_00822,CUST_0356,REST_048,2026-02-19 17:24:31,100.0,6,Clear,High,Delivered,29.0
ORD_00823,CUST_0892,REST_039,2026-01-05 13:15:45,300.23,5,Clear,Medium,Delivered,30.0
ORD_00824,CUST_0168,REST_040,2026-04-23 22:50:11,100.0,5,Clear,Medium,Delivered,24.0
ORD_00825,CUST_0557,REST_042,2026-02-09 23:13:23,252.32,3,Rain,Low,Delivered,33.0
ORD_00826,CUST_0452,REST_077,2026-01-28 03:37:51,504.74,1,Cloudy,High,Delivered,14.0
ORD_00827,CUST_0905,REST_076,2026-04-05 10:58:10,161.23,4,Clear,High,Delivered,17.0
ORD_00828,CUST_0105,REST_008,2026-01-30 09:14:31,157.43,1,Clear,High,Delivered,30.0
ORD_00829,CUST_0150,REST_079,2026-01-02 20:03:41,253.6,1,Rain,Medium,Delivered,30.0
ORD_00830,CUST_0146,REST_026,2026-05-20 17:02:46,151.23,1,Clear,High,Delivered,41.0
ORD_00831,CUST_0716,REST_012,2026-05-24 00:33:05,492.78,5,Clear,Medium,Delivered,14.0
ORD_00832,CUST_0874,REST_043,2026-03-23 06:55:30,201.48,1,Cloudy,Medium,Delivered,17.0
ORD_00833,CUST_0299,REST_051,2026-01-09 04:33:29,152.0,4,Cloudy,High,Delivered,11.0
ORD_00834,CUST_0167,REST_091,2026-06-29 14:52:40,134.67,5,Clear,Low,Delivered,16.0
ORD_00835,CUST_0713,REST_082,2026-06-04 20:09:37,108.51,4,Rain,Low,Delivered,36.0
ORD_00836,CUST_0646,REST_100,2026-06-29 17:05:54,128.35,5,Clear,Medium,Delivered,28.0
ORD_00837,CUST_0723,REST_063,2026-01-31 03:00:07,149.48,2,Cloudy,High,Delivered,14.0
ORD_00838,CUST_0048,REST_049,2026-01-03 15:54:59,138.63,2,Clear,Medium,Delivered,26.0
ORD_00839,CUST_0638,REST_027,2026-01-25 05:44:29,126.22,2,Cloudy,Medium,Cancelled,33.0
ORD_00840,CUST_0239,REST_009,2026-01-11 15:04:01,575.0,2,Rain,High,Delivered,18.0
ORD_00841,CUST_0007,REST_039,2026-03-12 21:11:17,102.87,5,Clear,Medium,Delivered,26.0
ORD_00842,CUST_0464,REST_065,2026-05-08 10:42:27,196.5,1,Cloudy,Low,Delivered,21.0
ORD_00843,CUST_0453,REST_071,2026-04-23 02:40:24,251.11,3,Rain,Medium,Delivered,28.0
ORD_00844,CUST_0784,REST_090,2026-06-11 13:38:27,256.35,6,Clear,High,Delivered,32.0
ORD_00845,CUST_0897,REST_071,2026-03-22 18:48:56,175.52,3,Cloudy,Low,Delivered,26.0
ORD_00846,CUST_0371,REST_007,2026-05-31 19:42:44,158.79,2,Rain,Medium,Delivered,19.0
ORD_00847,CUST_0549,REST_072,2026-02-20 13:15:57,232.37,1,Cloudy,Low,Delivered,24.0
ORD_00848,CUST_0487,REST_080,2026-01-05 08:33:50,209.89,4,Clear,Medium,Delivered,28.0
ORD_00849,CUST_0211,REST_067,2026-01-12 14:27:55,157.21,1,Clear,Low,Delivered,13.0
ORD_00850,CUST_0165,REST_010,2026-06-05 21:07:54,100.0,4,Clear,Medium,Delivered,24.0
ORD_00851,CUST_0125,REST_071,2026-04-11 18:37:30,140.14,3,Clear,Medium,Delivered,27.0
ORD_00852,CUST_0337,REST_085,2026-05-01 03:06:37,100.0,1,Cloudy,High,Delivered,17.0
ORD_00853,CUST_0192,REST_053,2026-02-15 10:58:46,125.59,1,Clear,Medium,Delivered,22.0
ORD_00854,CUST_0730,REST_095,2026-03-10 03:36:43,184.62,6,Clear,High,Delivered,24.0
ORD_00855,CUST_0214,REST_087,2026-06-09 18:37:35,220.81,3,Clear,Medium,Delivered,8.0
ORD_00856,CUST_0574,REST_057,2026-06-25 01:20:04,482.63,1,Clear,Low,Cancelled,26.0
ORD_00857,CUST_0328,REST_091,2026-05-08 08:03:10,134.89,4,Cloudy,Low,Delivered,11.0
ORD_00858,CUST_0957,REST_086,2026-04-24 12:45:53,277.56,1,Cloudy,High,Delivered,37.0
ORD_00859,CUST_0381,REST_027,2026-02-07 17:56:05,214.49,4,Clear,Medium,Delivered,28.0
ORD_00860,CUST_0673,REST_054,2026-06-19 19:22:55,369.74,2,Clear,High,Delivered,29.0
ORD_00861,CUST_0578,REST_004,2026-04-11 02:40:54,248.87,1,Clear,Low,Delivered,16.0
ORD_00862,CUST_0798,REST_088,2026-04-19 11:37:01,104.1,4,Clear,Low,Delivered,29.0
ORD_00863,CUST_0239,REST_023,2026-03-08 17:25:02,100.0,3,Clear,Medium,Delivered,42.0
ORD_00864,CUST_0532,REST_048,2026-06-17 17:08:58,215.12,2,Cloudy,Medium,Delivered,34.0
ORD_00865,CUST_0700,REST_083,2026-06-20 04:53:16,135.55,1,Clear,Low,Delivered,13.0
ORD_00866,CUST_0082,REST_042,2026-01-26 12:35:49,105.72,6,Rain,Medium,Delivered,28.0
ORD_00867,CUST_0363,REST_003,2026-04-21 17:47:24,100.0,4,Clear,Medium,Delivered,11.0
ORD_00868,CUST_0505,REST_091,2026-04-08 18:54:53,198.05,6,Clear,Medium,Delivered,13.0
ORD_00869,CUST_0202,REST_003,2026-02-03 14:14:10,415.4,1,Rain,Low,Delivered,15.0
ORD_00870,CUST_0920,REST_028,2026-02-14 01:58:01,144.78,4,Cloudy,Medium,Delivered,29.0
ORD_00871,CUST_0504,REST_063,2026-02-21 16:32:23,250.8,1,Cloudy,Medium,Delivered,10.0
ORD_00872,CUST_0644,REST_081,2026-05-29 11:37:22,171.36,2,Rain,Medium,Delivered,29.0
ORD_00873,CUST_0037,REST_031,2026-03-05 19:21:01,100.0,2,Clear,Medium,Delivered,28.0
ORD_00874,CUST_0644,REST_010,2026-02-14 21:09:56,271.55,1,Rain,High,Cancelled,26.0
ORD_00875,CUST_0589,REST_049,2026-03-13 12:24:24,100.0,1,Clear,Medium,Delivered,26.0
ORD_00876,CUST_0601,REST_086,2026-01-06 23:02:18,183.44,5,Rain,High,Delivered,39.0
ORD_00877,CUST_0973,REST_094,2026-02-05 12:48:52,150.23,1,Clear,Medium,Delivered,19.0
ORD_00878,CUST_0402,REST_021,2026-02-21 12:57:34,296.25,1,Clear,Low,Delivered,27.0
ORD_00879,CUST_0765,REST_100,2026-01-28 15:47:22,101.29,6,Cloudy,Medium,Delivered,37.0
ORD_00880,CUST_0856,REST_053,2026-05-27 21:25:33,224.75,6,Clear,Medium,Delivered,21.0
ORD_00881,CUST_0706,REST_087,2026-03-26 21:26:46,114.22,2,Clear,Medium,Delivered,10.0
ORD_00882,CUST_0176,REST_076,2026-06-11 01:50:44,136.85,6,Clear,Medium,Delivered,16.0
ORD_00883,CUST_0545,REST_089,2026-02-24 02:51:59,100.0,1,Cloudy,Low,Delivered,26.0
ORD_00884,CUST_0570,REST_054,2026-04-09 11:10:41,572.87,3,Rain,Medium,Delivered,20.0
ORD_00885,CUST_0467,REST_057,2026-03-07 14:08:20,245.38,1,Cloudy,High,Delivered,21.0
ORD_00886,CUST_0201,REST_020,2026-06-20 15:54:30,118.86,5,Rain,Medium,Delivered,17.0
ORD_00887,CUST_0540,REST_049,2026-01-25 09:34:46,100.0,4,Cloudy,Medium,Delivered,25.0
ORD_00888,CUST_0547,REST_007,2026-05-05 18:03:47,138.02,2,Clear,High,Delivered,19.0
ORD_00889,CUST_0999,REST_029,2026-04-03 18:09:00,268.88,6,Clear,Medium,Delivered,32.0
ORD_00890,CUST_0637,REST_048,2026-04-28 15:08:30,100.0,3,Cloudy,Low,Cancelled,35.0
ORD_00891,CUST_0394,REST_093,2026-06-28 00:43:57,167.69,4,Clear,High,Delivered,16.0
ORD_00892,CUST_0833,REST_013,2026-06-30 18:52:02,480.03,3,Clear,Low,Delivered,12.0
ORD_00893,CUST_0042,REST_003,2026-03-26 07:10:50,100.0,2,Clear,Medium,Delivered,8.0
ORD_00894,CUST_0597,REST_002,2026-03-25 07:57:56,189.47,6,Cloudy,Low,Delivered,41.0
ORD_00895,CUST_0393,REST_016,2026-06-01 05:06:43,609.0,5,Clear,Low,Delivered,28.0
ORD_00896,CUST_0700,REST_094,2026-01-28 01:39:42,256.64,2,Rain,Low,Delivered,17.0
ORD_00897,CUST_0623,REST_006,2026-03-13 12:02:52,194.27,3,Cloudy,Medium,Delivered,25.0
ORD_00898,CUST_0783,REST_045,2026-04-01 17:23:29,239.52,3,Cloudy,Low,Delivered,41.0
ORD_00899,CUST_0995,REST_071,2026-01-19 15:03:07,145.41,2,Heavy Rain,Low,Delivered,29.0
ORD_00900,CUST_0441,REST_005,2026-02-16 16:21:50,370.48,1,Clear,High,Delivered,39.0
ORD_00901,CUST_0837,REST_056,2026-01-05 10:24:54,145.53,2,Cloudy,High,Delivered,34.0
ORD_00902,CUST_0617,REST_071,2026-03-01 19:58:21,100.0,6,Rain,High,Delivered,22.0
ORD_00903,CUST_0506,REST_098,2026-01-02 22:20:04,146.17,6,Cloudy,High,Delivered,28.0
ORD_00904,CUST_0918,REST_032,2026-05-21 01:11:10,106.52,5,Rain,Medium,Delivered,16.0
ORD_00905,CUST_0320,REST_049,2026-03-10 12:14:21,155.3,2,Clear,High,Delivered,33.0
ORD_00906,CUST_0553,REST_013,2026-03-17 09:56:06,157.2,4,Cloudy,Medium,Delivered,9.0
ORD_00907,CUST_0215,REST_030,2026-05-17 07:12:40,350.23,6,Clear,Medium,Delivered,21.0
ORD_00908,CUST_0071,REST_025,2026-01-24 22:12:19,265.71,6,Heavy Rain,Medium,Delivered,35.0
ORD_00909,CUST_0568,REST_085,2026-03-17 19:08:52,209.52,6,Rain,Low,Delivered,19.0
ORD_00910,CUST_0919,REST_060,2026-02-16 02:55:36,180.98,1,Rain,High,Delivered,20.0
ORD_00911,CUST_0236,REST_059,2026-02-21 19:12:44,101.25,4,Cloudy,Medium,Cancelled,36.0
ORD_00912,CUST_0281,REST_085,2026-05-25 22:50:49,100.0,2,Clear,Low,Delivered,13.0
ORD_00913,CUST_0987,REST_028,2026-05-15 19:19:54,192.91,1,Clear,Low,Delivered,21.0
ORD_00914,CUST_0617,REST_058,2026-02-15 00:22:39,280.63,6,Rain,Low,Delivered,24.0
ORD_00915,CUST_0902,REST_020,2026-03-08 09:21:33,170.79,4,Clear,High,Delivered,17.0
ORD_00916,CUST_0887,REST_034,2026-02-19 10:22:04,135.07,4,Clear,High,Delivered,12.0
ORD_00917,CUST_0162,REST_005,2026-03-25 22:55:31,234.04,1,Cloudy,Medium,Cancelled,38.0
ORD_00918,CUST_0191,REST_082,2026-04-12 23:23:00,173.15,6,Clear,Low,Delivered,38.0
ORD_00919,CUST_0009,REST_060,2026-04-09 01:06:52,458.13,1,Cloudy,Low,Delivered,15.0
ORD_00920,CUST_0060,REST_043,2026-03-21 23:29:56,357.09,3,Clear,High,Delivered,25.0
ORD_00921,CUST_0893,REST_057,2026-04-06 14:34:15,307.27,6,Cloudy,Low,Delivered,24.0
ORD_00922,CUST_0817,REST_057,2026-04-29 14:26:06,275.0,1,Rain,High,Delivered,26.0
ORD_00923,CUST_0225,REST_075,2026-03-28 21:27:08,100.0,2,Clear,Medium,Cancelled,8.0
ORD_00924,CUST_0819,REST_054,2026-03-07 20:45:02,261.03,6,Clear,High,Delivered,19.0
ORD_00925,CUST_0700,REST_081,2026-05-10 17:52:19,222.96,5,Clear,Medium,Cancelled,23.0
ORD_00926,CUST_0582,REST_045,2026-06-14 15:40:03,253.04,6,Heavy Rain,Medium,Delivered,41.0
ORD_00927,CUST_0805,REST_086,2026-05-05 15:58:36,237.68,3,Clear,Medium,Delivered,37.0
ORD_00928,CUST_0287,REST_037,2026-01-28 18:30:14,232.53,1,Clear,High,Delivered,14.0
ORD_00929,CUST_0994,REST_084,2026-03-12 02:45:14,800.69,5,Cloudy,High,Delivered,23.0
ORD_00930,CUST_0169,REST_048,2026-01-19 09:46:44,173.83,3,Clear,Medium,Delivered,30.0
ORD_00931,CUST_0062,REST_054,2026-06-21 20:09:25,303.38,2,Heavy Rain,Medium,Delivered,20.0
ORD_00932,CUST_0349,REST_048,2026-01-27 10:35:33,139.9,6,Rain,High,Delivered,34.0
ORD_00933,CUST_0442,REST_006,2026-02-14 18:01:31,280.02,5,Cloudy,High,Delivered,20.0
ORD_00934,CUST_0014,REST_034,2026-05-24 10:17:03,303.88,1,Cloudy,Medium,Delivered,15.0
ORD_00935,CUST_0164,REST_063,2026-06-14 02:20:53,221.5,1,Clear,Low,Delivered,13.0
ORD_00936,CUST_0420,REST_078,2026-05-21 22:42:37,453.99,2,Cloudy,Low,Delivered,39.0
ORD_00937,CUST_0757,REST_048,2026-02-23 18:53:13,111.46,3,Cloudy,High,Delivered,36.0
ORD_00938,CUST_0847,REST_023,2026-06-10 16:34:44,138.66,5,Clear,Low,Delivered,32.0
ORD_00939,CUST_0520,REST_084,2026-05-01 01:12:44,203.73,2,Clear,Low,Delivered,24.0
ORD_00940,CUST_0666,REST_013,2026-01-06 01:07:40,294.25,3,Rain,Low,Cancelled,14.0
ORD_00941,CUST_0548,REST_047,2026-03-26 04:27:48,200.07,4,Clear,Medium,Delivered,34.0
ORD_00942,CUST_0560,REST_044,2026-01-10 05:09:44,367.66,4,Cloudy,Medium,Delivered,24.0
ORD_00943,CUST_0597,REST_032,2026-03-05 03:25:00,125.97,3,Clear,Low,Delivered,19.0
ORD_00944,CUST_0028,REST_026,2026-04-25 15:25:11,100.0,1,Clear,Low,Delivered,38.0
ORD_00945,CUST_0708,REST_053,2026-01-06 00:31:26,214.75,1,Rain,High,Delivered,23.0
ORD_00946,CUST_0446,REST_014,2026-03-29 06:05:07,173.74,4,Clear,High,Delivered,30.0
ORD_00947,CUST_0208,REST_052,2026-06-03 14:02:30,244.34,1,Cloudy,Low,Delivered,31.0
ORD_00948,CUST_0470,REST_036,2026-04-12 22:44:23,178.56,1,Clear,Low,Delivered,16.0
ORD_00949,CUST_0716,REST_008,2026-06-30 22:18:35,150.35,3,Clear,Medium,Delivered,25.0
ORD_00950,CUST_0976,REST_040,2026-03-23 18:00:40,173.95,6,Rain,High,Delivered,28.0
ORD_00951,CUST_0819,REST_086,2026-04-06 12:09:56,184.17,3,Cloudy,High,Delivered,33.0
ORD_00952,CUST_0104,REST_022,2026-01-18 00:46:42,153.28,1,Rain,Medium,Delivered,26.0
ORD_00953,CUST_0742,REST_016,2026-03-11 23:53:34,162.11,3,Rain,High,Delivered,28.0
ORD_00954,CUST_0426,REST_091,2026-04-24 00:39:24,145.19,5,Rain,Low,Delivered,12.0
ORD_00955,CUST_0101,REST_060,2026-06-20 15:42:11,290.37,4,Rain,Low,Delivered,16.0
ORD_00956,CUST_0541,REST_060,2026-03-25 20:10:01,201.69,6,Clear,Medium,Delivered,20.0
ORD_00957,CUST_0639,REST_010,2026-04-19 05:27:05,627.17,5,Rain,High,Delivered,27.0
ORD_00958,CUST_0850,REST_025,2026-06-12 21:30:50,198.02,5,Clear,Medium,Delivered,30.0
ORD_00959,CUST_0522,REST_031,2026-06-04 15:58:28,133.89,1,Clear,High,Delivered,31.0
ORD_00960,CUST_0106,REST_021,2026-02-03 09:50:32,787.51,1,Clear,High,Delivered,26.0
ORD_00961,CUST_0679,REST_091,2026-05-01 05:32:58,227.58,5,Clear,Medium,Delivered,15.0
ORD_00962,CUST_0978,REST_081,2026-02-13 03:48:42,312.49,5,Cloudy,Low,Delivered,20.0
ORD_00963,CUST_0769,REST_033,2026-01-04 22:06:21,251.05,2,Clear,Low,Cancelled,25.0
ORD_00964,CUST_0807,REST_031,2026-04-11 11:15:30,255.36,2,Clear,High,Delivered,26.0
ORD_00965,CUST_0277,REST_090,2026-03-04 12:22:57,243.38,4,Clear,Low,Delivered,32.0
ORD_00966,CUST_0065,REST_021,2026-06-28 17:34:29,100.0,5,Clear,Low,Delivered,24.0
ORD_00967,CUST_0783,REST_036,2026-05-10 21:55:08,221.88,3,Rain,High,Delivered,15.0
ORD_00968,CUST_0900,REST_065,2026-02-19 22:40:22,100.0,6,Clear,High,Cancelled,16.0
ORD_00969,CUST_0188,REST_004,2026-04-30 08:54:12,164.7,2,Clear,Low,Delivered,12.0
ORD_00970,CUST_0317,REST_068,2026-02-11 15:12:00,121.62,1,Clear,High,Delivered,24.0
ORD_00971,CUST_0916,REST_090,2026-05-31 21:48:50,220.66,5,Clear,Low,Delivered,38.0
ORD_00972,CUST_0138,REST_004,2026-05-26 03:29:31,217.84,3,Cloudy,Low,Cancelled,13.0
ORD_00973,CUST_0343,REST_009,2026-05-20 09:27:41,236.19,6,Clear,Medium,Delivered,21.0
ORD_00974,CUST_0105,REST_030,2026-03-29 12:16:51,212.3,3,Clear,High,Delivered,21.0
ORD_00975,CUST_0546,REST_045,2026-03-13 16:23:57,129.83,3,Clear,Low,Delivered,41.0
ORD_00976,CUST_0380,REST_004,2026-04-17 00:50:01,157.03,1,Clear,Medium,Delivered,17.0
ORD_00977,CUST_0110,REST_069,2026-01-01 03:19:17,300.73,2,Heavy Rain,Low,Delivered,30.0
ORD_00978,CUST_0944,REST_023,2026-02-16 08:26:44,326.14,3,Clear,High,Cancelled,34.0
ORD_00979,CUST_0545,REST_016,2026-04-19 07:55:28,100.0,6,Rain,Medium,Delivered,24.0
ORD_00980,CUST_0354,REST_022,2026-06-18 04:26:54,100.0,2,Cloudy,Medium,Delivered,25.0
ORD_00981,CUST_0743,REST_072,2026-04-08 07:07:17,121.54,4,Clear,Low,Delivered,16.0
ORD_00982,CUST_0317,REST_048,2026-03-05 18:47:41,322.1,1,Heavy Rain,Medium,Delivered,38.0
ORD_00983,CUST_0266,REST_062,2026-06-13 01:34:05,353.61,2,Rain,Medium,Delivered,22.0
ORD_00984,CUST_0694,REST_097,2026-05-04 01:17:44,109.01,2,Cloudy,High,Delivered,12.0
ORD_00985,CUST_0852,REST_060,2026-02-07 13:31:38,214.65,3,Clear,Low,Delivered,18.0
ORD_00986,CUST_0065,REST_080,2026-05-20 20:56:16,497.17,6,Cloudy,High,Delivered,33.0
ORD_00987,CUST_0333,REST_005,2026-05-02 17:06:15,227.79,3,Clear,Medium,Delivered,35.0
ORD_00988,CUST_0513,REST_080,2026-01-18 08:08:31,396.16,6,Clear,Low,Delivered,35.0
ORD_00989,CUST_0133,REST_007,2026-04-26 05:48:55,313.97,1,Rain,Medium,Delivered,17.0
ORD_00990,CUST_0592,REST_051,2026-02-02 17:19:14,109.88,2,Rain,Medium,Delivered,16.0
ORD_00991,CUST_0783,REST_065,2026-02-05 23:35:58,163.29,5,Clear,High,Delivered,21.0
ORD_00992,CUST_0753,REST_009,2026-03-22 09:17:16,184.77,6,Rain,Medium,Delivered,17.0
ORD_00993,CUST_0540,REST_082,2026-02-26 15:05:12,191.96,6,Cloudy,Medium,Delivered,37.0
ORD_00994,CUST_0735,REST_045,2026-04-17 01:18:02,300.06,3,Clear,Low,Delivered,40.0
ORD_00995,CUST_0535,REST_047,2026-02-20 22:28:28,226.96,3,Clear,Low,Cancelled,29.0
ORD_00996,CUST_0496,REST_067,2026-05-09 04:52:42,100.0,4,Clear,Medium,Delivered,13.0
ORD_00997,CUST_0621,REST_024,2026-03-18 06:15:19,100.0,6,Rain,Medium,Delivered,30.0
ORD_00998,CUST_0619,REST_092,2026-02-25 23:47:30,100.0,1,Rain,High,Delivered,26.0
ORD_00999,CUST_0657,REST_010,2026-04-11 07:26:17,199.63,2,Clear,Low,Delivered,29.0
ORD_01000,CUST_0369,REST_073,2026-06-20 00:30:44,206.91,2,Cloudy,Low,Delivered,40.0
ORD_01001,CUST_0866,REST_077,2026-01-10 08:45:38,211.83,2,Rain,Medium,Delivered,13.0
ORD_01002,CUST_0909,REST_048,2026-02-26 15:03:00,106.97,6,Rain,High,Delivered,32.0
ORD_01003,CUST_0910,REST_035,2026-06-20 18:46:07,262.64,3,Clear,Medium,Delivered,29.0
ORD_01004,CUST_0651,REST_054,2026-02-20 10:03:52,268.79,1,Cloudy,Medium,Delivered,29.0
ORD_01005,CUST_0796,REST_087,2026-04-30 12:33:02,100.0,2,Rain,Medium,Delivered,12.0
ORD_01006,CUST_0810,REST_081,2026-05-14 14:31:55,100.0,6,Clear,Low,Delivered,24.0
ORD_01007,CUST_0992,REST_071,2026-04-16 02:56:31,181.26,5,Clear,Medium,Delivered,23.0
ORD_01008,CUST_0099,REST_016,2026-04-15 21:05:55,485.65,4,Rain,High,Delivered,31.0
ORD_01009,CUST_0317,REST_053,2026-02-02 03:10:45,461.67,4,Clear,High,Delivered,17.0
ORD_01010,CUST_0123,REST_040,2026-03-23 20:43:46,247.12,2,Rain,Medium,Delivered,24.0
ORD_01011,CUST_0320,REST_100,2026-03-20 09:22:58,121.33,3,Clear,Low,Delivered,32.0
ORD_01012,CUST_0799,REST_020,2026-04-03 04:09:03,295.23,4,Clear,Medium,Delivered,25.0
ORD_01013,CUST_0593,REST_088,2026-03-28 09:05:08,141.34,4,Clear,High,Delivered,38.0
ORD_01014,CUST_0495,REST_069,2026-03-16 09:08:23,118.85,4,Clear,Low,Delivered,26.0
ORD_01015,CUST_0457,REST_045,2026-02-09 08:30:05,100.0,4,Clear,High,Delivered,33.0
ORD_01016,CUST_0522,REST_006,2026-06-16 06:21:43,191.77,2,Cloudy,High,Delivered,21.0
ORD_01017,CUST_0520,REST_092,2026-05-06 06:24:02,128.2,6,Clear,Medium,Delivered,23.0
ORD_01018,CUST_0917,REST_069,2026-05-10 11:23:03,191.15,1,Rain,Medium,Delivered,30.0
ORD_01019,CUST_0717,REST_049,2026-05-26 06:30:36,100.0,1,Cloudy,Medium,Delivered,26.0
ORD_01020,CUST_0315,REST_039,2026-04-10 02:17:14,199.02,3,Clear,Medium,Delivered,27.0
ORD_01021,CUST_0946,REST_002,2026-06-10 03:57:16,100.0,6,Clear,Low,Cancelled,34.0
ORD_01022,CUST_0709,REST_039,2026-05-08 06:48:39,329.76,5,Cloudy,Low,Delivered,29.0
ORD_01023,CUST_0710,REST_021,2026-03-09 18:04:34,241.54,1,Clear,Low,Delivered,17.0
ORD_01024,CUST_0542,REST_040,2026-04-09 10:38:33,155.51,5,Clear,High,Delivered,27.0
ORD_01025,CUST_0479,REST_082,2026-01-13 11:16:46,247.03,1,Rain,Medium,Delivered,33.0
ORD_01026,CUST_0913,REST_054,2026-02-16 18:50:36,105.85,1,Clear,Medium,Delivered,29.0
ORD_01027,CUST_0971,REST_012,2026-01-28 15:51:45,188.63,3,Clear,High,Delivered,13.0
ORD_01028,CUST_0020,REST_081,2026-02-24 19:33:13,280.65,4,Cloudy,Medium,Cancelled,20.0
ORD_01029,CUST_0560,REST_037,2026-05-31 12:10:57,100.0,3,Cloudy,Medium,Delivered,16.0
ORD_01030,CUST_0969,REST_038,2026-01-11 07:11:52,141.74,1,Clear,Medium,Delivered,32.0
ORD_01031,CUST_0130,REST_015,2026-03-28 07:45:10,179.03,6,Rain,Medium,Delivered,32.0
ORD_01032,CUST_0293,REST_007,2026-01-09 02:35:27,162.72,4,Cloudy,Medium,Delivered,16.0
ORD_01033,CUST_0897,REST_078,2026-02-21 03:39:17,404.0,6,Cloudy,High,Delivered,41.0
ORD_01034,CUST_0132,REST_050,2026-02-16 04:12:31,100.0,6,Clear,High,Delivered,23.0
ORD_01035,CUST_0356,REST_065,2026-04-03 11:41:03,128.81,6,Heavy Rain,Low,Cancelled,25.0
ORD_01036,CUST_0054,REST_067,2026-03-13 06:36:38,100.0,4,Clear,High,Delivered,12.0
ORD_01037,CUST_0890,REST_044,2026-02-13 13:43:19,415.99,6,Cloudy,High,Delivered,26.0
ORD_01038,CUST_0793,REST_031,2026-05-28 19:49:15,158.31,4,Clear,Low,Delivered,36.0
ORD_01039,CUST_0387,REST_043,2026-02-24 02:46:56,142.43,5,Cloudy,Low,Delivered,21.0
ORD_01040,CUST_0265,REST_077,2026-01-02 14:15:19,176.11,1,Clear,Medium,Delivered,12.0
ORD_01041,CUST_0982,REST_048,2026-05-25 08:42:26,257.22,2,Clear,Medium,Delivered,35.0
ORD_01042,CUST_0215,REST_082,2026-06-10 21:00:47,219.43,6,Rain,Medium,Delivered,37.0
ORD_01043,CUST_0460,REST_081,2026-03-18 02:25:06,777.7,3,Clear,Low,Delivered,25.0
ORD_01044,CUST_0458,REST_081,2026-04-10 22:17:09,232.68,5,Clear,Medium,Delivered,26.0
ORD_01045,CUST_0802,REST_061,2026-04-20 12:07:31,140.35,3,Cloudy,Low,Delivered,38.0
ORD_01046,CUST_0043,REST_075,2026-03-26 22:17:07,133.12,2,Cloudy,Low,Delivered,17.0
ORD_01047,CUST_0586,REST_084,2026-03-19 08:46:59,146.05,4,Clear,Medium,Delivered,23.0
ORD_01048,CUST_0862,REST_010,2026-01-19 00:56:09,100.0,2,Clear,Medium,Delivered,24.0
ORD_01049,CUST_0278,REST_029,2026-05-20 14:11:20,185.29,3,Heavy Rain,Medium,Delivered,33.0
ORD_01050,CUST_0838,REST_048,2026-04-07 16:46:31,278.92,2,Cloudy,High,Delivered,28.0
ORD_01051,CUST_0754,REST_098,2026-05-29 14:01:22,129.37,1,Clear,Low,Delivered,20.0
ORD_01052,CUST_0130,REST_081,2026-04-14 11:57:04,116.27,2,Rain,Low,Delivered,25.0
ORD_01053,CUST_0350,REST_062,2026-02-28 13:07:28,417.29,6,Cloudy,Low,Delivered,22.0
ORD_01054,CUST_0706,REST_013,2026-02-19 03:45:36,100.0,1,Clear,Medium,Delivered,12.0
ORD_01055,CUST_0544,REST_044,2026-04-20 17:19:15,100.0,6,Clear,Medium,Delivered,17.0
ORD_01056,CUST_0106,REST_047,2026-05-27 18:18:53,100.0,2,Clear,Medium,Delivered,26.0
ORD_01057,CUST_0912,REST_064,2026-06-26 17:21:30,100.0,1,Rain,Medium,Delivered,12.0
ORD_01058,CUST_0716,REST_091,2026-01-24 13:12:10,224.17,1,Clear,Medium,Delivered,11.0
ORD_01059,CUST_0001,REST_053,2026-04-25 16:36:18,148.65,2,Clear,Medium,Delivered,17.0
ORD_01060,CUST_0757,REST_090,2026-05-22 02:28:45,160.64,5,Rain,Medium,Delivered,38.0
ORD_01061,CUST_0584,REST_092,2026-06-11 18:31:35,341.76,4,Clear,Medium,Delivered,23.0
ORD_01062,CUST_0432,REST_077,2026-03-09 18:50:00,123.94,4,Cloudy,Low,Delivered,15.0
ORD_01063,CUST_0306,REST_076,2026-05-29 23:53:31,277.63,4,Clear,High,Delivered,21.0
ORD_01064,CUST_0909,REST_044,2026-06-04 14:45:29,416.23,1,Cloudy,Medium,Delivered,25.0
ORD_01065,CUST_0527,REST_028,2026-04-09 19:39:28,141.09,4,Clear,Low,Delivered,25.0
ORD_01066,CUST_0053,REST_002,2026-02-10 00:41:00,271.88,1,Clear,Medium,Delivered,38.0
ORD_01067,CUST_0940,REST_057,2026-05-04 21:16:23,158.7,5,Cloudy,High,Delivered,25.0
ORD_01068,CUST_0520,REST_057,2026-06-27 21:51:49,301.34,2,Cloudy,Low,Delivered,20.0
ORD_01069,CUST_0330,REST_034,2026-04-20 04:08:32,100.0,2,Cloudy,Low,Delivered,13.0
ORD_01070,CUST_0558,REST_087,2026-05-08 13:28:19,100.0,1,Cloudy,Medium,Delivered,8.0
ORD_01071,CUST_0325,REST_058,2026-04-21 09:53:24,146.17,1,Cloudy,Medium,Delivered,16.0
ORD_01072,CUST_0114,REST_052,2026-06-15 15:40:22,111.17,5,Cloudy,Low,Delivered,25.0
ORD_01073,CUST_0147,REST_029,2026-05-29 18:44:39,136.43,4,Cloudy,High,Delivered,29.0
ORD_01074,CUST_0166,REST_035,2026-03-17 08:03:20,160.66,5,Cloudy,Medium,Delivered,31.0
ORD_01075,CUST_0379,REST_075,2026-04-23 21:27:23,269.35,2,Cloudy,High,Delivered,17.0
ORD_01076,CUST_0139,REST_048,2026-02-21 15:36:11,144.86,2,Cloudy,Medium,Delivered,38.0
ORD_01077,CUST_0629,REST_033,2026-04-23 07:06:29,115.22,6,Clear,High,Delivered,25.0
ORD_01078,CUST_0299,REST_075,2026-01-14 08:49:29,149.41,4,Clear,Medium,Delivered,13.0
ORD_01079,CUST_0276,REST_073,2026-05-11 08:57:44,118.74,2,Clear,Low,Cancelled,42.0
ORD_01080,CUST_0916,REST_078,2026-06-05 22:02:59,108.45,6,Rain,High,Delivered,41.0
ORD_01081,CUST_0789,REST_009,2026-01-16 14:56:55,100.0,1,Rain,Low,Delivered,21.0
ORD_01082,CUST_0850,REST_048,2026-05-04 13:40:50,188.33,2,Cloudy,High,Delivered,32.0
ORD_01083,CUST_0825,REST_067,2026-03-25 18:23:31,132.58,3,Clear,Medium,Delivered,17.0
ORD_01084,CUST_0178,REST_093,2026-02-28 14:17:13,308.42,4,Clear,High,Delivered,25.0
ORD_01085,CUST_0842,REST_083,2026-05-21 12:14:27,100.0,6,Rain,Medium,Delivered,15.0
ORD_01086,CUST_0354,REST_036,2026-04-12 11:45:57,134.54,4,Rain,High,Delivered,21.0
ORD_01087,CUST_0154,REST_096,2026-02-15 21:56:14,491.32,4,Clear,Low,Delivered,31.0
ORD_01088,CUST_0926,REST_071,2026-06-13 16:28:56,108.12,3,Rain,Medium,Delivered,30.0
ORD_01089,CUST_0201,REST_092,2026-05-03 08:21:41,159.16,5,Clear,Medium,Delivered,25.0
ORD_01090,CUST_0878,REST_044,2026-01-30 22:56:00,100.0,1,Clear,High,Delivered,24.0
ORD_01091,CUST_0115,REST_082,2026-03-23 07:01:24,100.0,4,Cloudy,Low,Delivered,30.0
ORD_01092,CUST_0671,REST_060,2026-02-14 10:22:00,424.55,2,Cloudy,Medium,Delivered,17.0
ORD_01093,CUST_0554,REST_063,2026-02-05 23:47:48,199.15,1,Rain,Medium,Delivered,17.0
ORD_01094,CUST_0759,REST_005,2026-03-28 20:36:34,195.1,2,Clear,Low,Delivered,35.0
ORD_01095,CUST_0068,REST_087,2026-04-02 08:48:07,100.0,1,Clear,Medium,Delivered,8.0
ORD_01096,CUST_0445,REST_086,2026-03-27 11:41:29,220.81,1,Clear,High,Cancelled,39.0
ORD_01097,CUST_0445,REST_090,2026-03-17 06:27:54,342.61,6,Clear,Medium,Delivered,32.0
ORD_01098,CUST_0326,REST_076,2026-01-15 16:35:43,341.11,2,Cloudy,Medium,Cancelled,13.0
ORD_01099,CUST_0846,REST_040,2026-03-26 06:47:40,261.8,2,Clear,High,Delivered,32.0
ORD_01100,CUST_0708,REST_019,2026-02-26 14:31:47,100.0,1,Clear,Low,Cancelled,21.0
ORD_01101,CUST_0602,REST_047,2026-05-18 12:53:55,215.34,4,Clear,Medium,Delivered,24.0
ORD_01102,CUST_0623,REST_065,2026-04-05 09:06:50,261.69,2,Cloudy,Medium,Delivered,23.0
ORD_01103,CUST_0880,REST_067,2026-01-02 22:34:19,100.0,3,Cloudy,High,Delivered,19.0
ORD_01104,CUST_0359,REST_091,2026-02-09 11:33:56,100.0,3,Cloudy,Medium,Delivered,14.0
ORD_01105,CUST_0145,REST_018,2026-01-25 04:45:17,295.45,1,Clear,Medium,Delivered,36.0
ORD_01106,CUST_0275,REST_050,2026-04-14 00:56:41,293.48,5,Clear,Low,Delivered,26.0
ORD_01107,CUST_0509,REST_030,2026-06-07 01:31:10,100.0,1,Clear,Medium,Delivered,25.0
ORD_01108,CUST_0179,REST_066,2026-05-22 17:36:24,280.69,1,Clear,High,Delivered,33.0
ORD_01109,CUST_0753,REST_005,2026-04-14 00:01:32,191.03,4,Clear,Low,Cancelled,35.0
ORD_01110,CUST_0838,REST_093,2026-06-02 14:16:55,278.54,4,Clear,Low,Delivered,19.0
ORD_01111,CUST_0831,REST_097,2026-03-28 13:21:42,127.87,6,Cloudy,High,Delivered,11.0
ORD_01112,CUST_0477,REST_042,2026-01-17 04:18:48,258.49,5,Heavy Rain,Medium,Delivered,31.0
ORD_01113,CUST_0843,REST_084,2026-03-13 05:02:00,288.33,5,Clear,Medium,Delivered,24.0
ORD_01114,CUST_0976,REST_094,2026-03-25 19:42:33,149.42,5,Rain,High,Delivered,24.0
ORD_01115,CUST_0414,REST_005,2026-01-24 16:11:21,183.05,5,Clear,High,Delivered,33.0
ORD_01116,CUST_0153,REST_050,2026-05-08 17:23:13,126.89,5,Cloudy,High,Delivered,24.0
ORD_01117,CUST_0104,REST_085,2026-06-13 14:48:35,449.62,1,Cloudy,High,Delivered,18.0
ORD_01118,CUST_0075,REST_058,2026-04-24 06:07:03,169.67,1,Rain,Medium,Delivered,16.0
ORD_01119,CUST_0128,REST_079,2026-04-16 12:51:43,109.17,6,Clear,High,Delivered,27.0
ORD_01120,CUST_0711,REST_084,2026-03-04 11:10:05,122.28,3,Clear,Medium,Delivered,22.0
ORD_01121,CUST_0666,REST_008,2026-03-23 20:32:48,194.36,3,Clear,High,Delivered,28.0
ORD_01122,CUST_0568,REST_031,2026-05-14 03:28:12,274.33,6,Clear,High,Delivered,33.0
ORD_01123,CUST_0790,REST_012,2026-02-13 23:17:18,100.0,6,Rain,Low,Delivered,16.0
ORD_01124,CUST_0345,REST_021,2026-01-24 17:15:00,500.8,2,Rain,Low,Delivered,17.0
ORD_01125,CUST_0531,REST_094,2026-03-19 10:14:47,214.81,1,Cloudy,Low,Delivered,19.0
ORD_01126,CUST_0159,REST_062,2026-06-10 09:56:01,234.29,5,Cloudy,High,Delivered,24.0
ORD_01127,CUST_0538,REST_091,2026-02-17 03:04:49,171.84,2,Rain,High,Delivered,11.0
ORD_01128,CUST_0426,REST_090,2026-05-05 23:43:40,183.2,4,Clear,Medium,Delivered,36.0
ORD_01129,CUST_0681,REST_033,2026-04-09 20:40:31,167.08,1,Clear,Medium,Delivered,32.0
ORD_01130,CUST_0996,REST_026,2026-05-29 06:57:43,317.28,6,Rain,High,Delivered,35.0
ORD_01131,CUST_0023,REST_090,2026-02-15 19:38:01,180.48,3,Clear,Medium,Delivered,31.0
ORD_01132,CUST_0047,REST_100,2026-01-04 15:56:15,276.41,1,Clear,Low,Delivered,28.0
ORD_01133,CUST_0525,REST_040,2026-06-04 20:41:15,142.79,6,Clear,Medium,Delivered,27.0
ORD_01134,CUST_0729,REST_065,2026-01-08 19:15:04,201.87,1,Cloudy,High,Delivered,25.0
ORD_01135,CUST_0834,REST_059,2026-02-10 04:09:26,116.49,1,Cloudy,High,Delivered,39.0
ORD_01136,CUST_0706,REST_015,2026-05-06 17:21:56,353.93,1,Clear,Medium,Cancelled,33.0
ORD_01137,CUST_0144,REST_001,2026-04-06 18:38:24,114.6,4,Cloudy,Low,Delivered,14.0
ORD_01138,CUST_0585,REST_011,2026-01-24 07:18:11,151.6,3,Rain,Medium,Delivered,22.0
ORD_01139,CUST_0668,REST_055,2026-03-20 22:21:18,152.44,1,Rain,High,Delivered,36.0
ORD_01140,CUST_0589,REST_002,2026-04-21 02:48:49,149.21,6,Cloudy,Medium,Delivered,37.0
ORD_01141,CUST_0419,REST_065,2026-06-04 14:45:54,269.72,4,Rain,Medium,Delivered,21.0
ORD_01142,CUST_0681,REST_095,2026-03-01 03:46:19,152.3,2,Rain,Low,Delivered,32.0
ORD_01143,CUST_0973,REST_044,2026-03-22 00:11:30,390.2,1,Clear,High,Delivered,17.0
ORD_01144,CUST_0799,REST_016,2026-04-27 09:50:16,115.57,4,Clear,Low,Delivered,27.0
ORD_01145,CUST_0085,REST_022,2026-01-02 14:40:44,198.97,5,Clear,Low,Delivered,22.0
ORD_01146,CUST_0416,REST_018,2026-03-09 01:35:26,118.31,2,Clear,High,Delivered,37.0
ORD_01147,CUST_0694,REST_047,2026-01-09 08:27:53,228.5,3,Clear,High,Delivered,34.0
ORD_01148,CUST_0482,REST_081,2026-03-04 04:24:14,179.69,1,Clear,Medium,Delivered,27.0
ORD_01149,CUST_0456,REST_030,2026-02-09 16:07:15,166.45,1,Clear,Medium,Delivered,19.0
ORD_01150,CUST_0827,REST_010,2026-05-25 16:21:53,348.51,4,Clear,Medium,Delivered,31.0
ORD_01151,CUST_0297,REST_099,2026-01-30 23:44:50,126.48,3,Clear,Low,Delivered,34.0
ORD_01152,CUST_0112,REST_058,2026-01-06 16:05:22,250.28,5,Cloudy,Low,Delivered,17.0
ORD_01153,CUST_0962,REST_062,2026-03-27 22:47:09,118.76,2,Rain,Medium,Delivered,25.0
ORD_01154,CUST_0230,REST_085,2026-02-21 08:15:34,192.86,6,Cloudy,Low,Delivered,19.0
ORD_01155,CUST_0096,REST_080,2026-02-16 07:08:55,100.0,3,Clear,High,Delivered,33.0
ORD_01156,CUST_0950,REST_006,2026-03-16 10:12:12,125.92,1,Clear,Low,Delivered,24.0
ORD_01157,CUST_0680,REST_067,2026-05-14 06:29:51,173.26,4,Clear,Medium,Delivered,14.0
ORD_01158,CUST_0378,REST_041,2026-01-12 04:04:58,491.79,5,Clear,Medium,Delivered,40.0
ORD_01159,CUST_0156,REST_043,2026-01-27 16:49:32,191.61,4,Rain,Medium,Delivered,23.0
ORD_01160,CUST_0421,REST_085,2026-04-15 04:01:25,450.37,2,Clear,Medium,Delivered,13.0
ORD_01161,CUST_0105,REST_077,2026-05-21 13:55:31,204.62,3,Rain,High,Delivered,18.0
ORD_01162,CUST_0705,REST_018,2026-04-11 21:44:37,146.51,4,Cloudy,Medium,Delivered,33.0
ORD_01163,CUST_0330,REST_058,2026-05-26 08:43:22,422.69,6,Clear,Medium,Delivered,20.0
ORD_01164,CUST_0439,REST_060,2026-02-01 11:44:48,230.53,6,Cloudy,Medium,Delivered,21.0
ORD_01165,CUST_0132,REST_088,2026-06-01 23:43:24,127.29,4,Clear,Low,Delivered,30.0
ORD_01166,CUST_0867,REST_027,2026-02-16 20:39:05,234.82,1,Clear,Medium,Delivered,31.0
ORD_01167,CUST_0382,REST_068,2026-06-18 15:32:07,154.33,4,Cloudy,Medium,Delivered,18.0
ORD_01168,CUST_0138,REST_022,2026-03-14 09:54:24,100.0,5,Heavy Rain,High,Delivered,20.0
ORD_01169,CUST_0943,REST_024,2026-06-27 22:22:22,303.32,3,Rain,High,Delivered,35.0
ORD_01170,CUST_0843,REST_040,2026-03-16 07:39:32,331.03,2,Rain,Low,Delivered,23.0
ORD_01171,CUST_0270,REST_074,2026-03-10 20:31:29,498.13,6,Clear,Low,Delivered,10.0
ORD_01172,CUST_0550,REST_066,2026-01-27 03:31:11,228.65,4,Clear,Low,Delivered,32.0
ORD_01173,CUST_0396,REST_040,2026-02-11 15:54:13,158.1,5,Clear,High,Delivered,28.0
ORD_01174,CUST_0557,REST_006,2026-02-24 17:41:12,286.93,6,Clear,Low,Delivered,22.0
ORD_01175,CUST_0913,REST_018,2026-02-13 18:58:44,289.28,6,Clear,Medium,Delivered,39.0
ORD_01176,CUST_0464,REST_081,2026-01-02 02:33:39,446.33,2,Cloudy,Medium,Delivered,25.0
ORD_01177,CUST_0675,REST_087,2026-02-19 04:22:21,176.88,6,Cloudy,Medium,Delivered,10.0
ORD_01178,CUST_0450,REST_030,2026-06-27 03:12:01,165.49,5,Rain,Low,Delivered,20.0
ORD_01179,CUST_0331,REST_021,2026-06-09 01:23:23,122.3,6,Rain,Low,Delivered,17.0
ORD_01180,CUST_0253,REST_062,2026-05-03 01:04:34,243.62,6,Clear,Medium,Delivered,19.0
ORD_01181,CUST_0681,REST_010,2026-03-10 13:42:29,100.0,4,Rain,Low,Delivered,30.0
ORD_01182,CUST_0963,REST_013,2026-04-21 11:13:59,277.79,4,Clear,Low,Delivered,10.0
ORD_01183,CUST_0285,REST_076,2026-03-21 00:08:13,250.46,3,Clear,Low,Delivered,17.0
ORD_01184,CUST_0274,REST_009,2026-01-18 13:21:11,250.08,1,Rain,Medium,Delivered,19.0
ORD_01185,CUST_0020,REST_068,2026-06-13 00:38:44,195.59,5,Clear,Medium,Delivered,21.0
ORD_01186,CUST_0239,REST_039,2026-05-29 00:29:40,421.21,1,Rain,Low,Delivered,24.0
ORD_01187,CUST_0270,REST_024,2026-06-30 22:15:21,292.83,1,Cloudy,Medium,Delivered,34.0
ORD_01188,CUST_0418,REST_034,2026-01-07 09:33:33,129.81,6,Rain,Low,Delivered,17.0
ORD_01189,CUST_0945,REST_061,2026-04-23 07:54:36,131.1,2,Heavy Rain,Medium,Delivered,31.0
ORD_01190,CUST_0310,REST_041,2026-06-01 20:54:58,111.74,2,Cloudy,Low,Delivered,37.0
ORD_01191,CUST_0031,REST_005,2026-03-25 15:45:51,245.48,6,Clear,Medium,Delivered,33.0
ORD_01192,CUST_0826,REST_079,2026-05-23 03:10:06,104.58,5,Clear,Low,Delivered,27.0
ORD_01193,CUST_0104,REST_050,2026-05-26 06:52:54,328.94,1,Clear,High,Delivered,27.0
ORD_01194,CUST_0682,REST_004,2026-02-19 05:41:34,375.27,3,Clear,Low,Delivered,13.0
ORD_01195,CUST_0186,REST_051,2026-06-18 11:30:52,111.78,1,Rain,High,Delivered,16.0
ORD_01196,CUST_0128,REST_052,2026-05-02 16:00:05,163.69,2,Clear,High,Delivered,23.0
ORD_01197,CUST_0210,REST_039,2026-03-28 11:22:22,182.94,1,Heavy Rain,Medium,Delivered,27.0
ORD_01198,CUST_0414,REST_008,2026-05-13 05:06:24,294.77,4,Cloudy,High,Delivered,28.0
ORD_01199,CUST_0281,REST_045,2026-06-20 10:45:23,439.28,4,Clear,Low,Delivered,32.0
ORD_01200,CUST_0959,REST_088,2026-04-26 03:35:49,100.0,3,Clear,Low,Delivered,35.0
ORD_01201,CUST_0253,REST_028,2026-05-25 01:25:51,152.17,5,Clear,Low,Delivered,20.0
ORD_01202,CUST_0019,REST_027,2026-02-01 04:58:34,156.6,1,Clear,Low,Delivered,29.0
ORD_01203,CUST_0712,REST_065,2026-02-22 01:42:45,100.0,4,Cloudy,Medium,Delivered,17.0
ORD_01204,CUST_0732,REST_034,2026-03-22 08:26:02,138.82,5,Clear,Medium,Delivered,17.0
ORD_01205,CUST_0136,REST_081,2026-06-02 13:58:05,229.36,4,Cloudy,Low,Delivered,27.0
ORD_01206,CUST_0223,REST_062,2026-06-02 05:45:50,155.51,5,Clear,Medium,Delivered,20.0
ORD_01207,CUST_0003,REST_062,2026-03-12 16:14:51,100.0,5,Rain,Low,Delivered,15.0
ORD_01208,CUST_0963,REST_038,2026-03-23 19:53:15,880.73,4,Rain,Medium,Delivered,35.0
ORD_01209,CUST_0236,REST_026,2026-03-25 18:20:34,209.85,6,Clear,High,Delivered,34.0
ORD_01210,CUST_0854,REST_024,2026-02-22 02:24:21,192.76,2,Clear,Medium,Delivered,32.0
ORD_01211,CUST_0465,REST_039,2026-06-28 17:20:27,100.0,5,Cloudy,Medium,Delivered,23.0
ORD_01212,CUST_0228,REST_021,2026-05-27 02:20:25,209.22,6,Heavy Rain,Medium,Delivered,25.0
ORD_01213,CUST_0913,REST_094,2026-06-10 11:52:05,165.62,1,Clear,High,Delivered,22.0
ORD_01214,CUST_0654,REST_047,2026-03-06 05:54:03,100.0,6,Clear,Low,Delivered,30.0
ORD_01215,CUST_0499,REST_048,2026-03-15 18:27:04,100.62,4,Clear,High,Delivered,32.0
ORD_01216,CUST_0521,REST_013,2026-01-17 05:50:00,280.68,6,Clear,Medium,Delivered,17.0
ORD_01217,CUST_0702,REST_003,2026-06-19 07:00:49,528.06,2,Clear,Medium,Delivered,17.0
ORD_01218,CUST_0862,REST_032,2026-03-02 08:27:15,221.84,4,Clear,High,Delivered,18.0
ORD_01219,CUST_0917,REST_035,2026-03-31 02:02:48,332.52,3,Cloudy,High,Delivered,26.0
ORD_01220,CUST_0972,REST_019,2026-02-02 14:37:02,166.39,1,Clear,Medium,Delivered,17.0
ORD_01221,CUST_0677,REST_014,2026-04-28 02:00:29,172.85,3,Clear,Low,Delivered,31.0
ORD_01222,CUST_0992,REST_048,2026-05-31 05:16:28,330.31,6,Clear,Medium,Delivered,35.0
ORD_01223,CUST_0139,REST_086,2026-01-01 13:51:15,452.38,5,Rain,Medium,Delivered,33.0
ORD_01224,CUST_0276,REST_081,2026-06-21 14:20:55,370.78,6,Clear,Medium,Delivered,20.0
ORD_01225,CUST_0291,REST_068,2026-04-25 22:07:53,100.84,5,Heavy Rain,Low,Delivered,18.0
ORD_01226,CUST_0053,REST_045,2026-05-24 10:58:35,174.72,3,Cloudy,Medium,Delivered,32.0
ORD_01227,CUST_0687,REST_019,2026-01-13 05:56:02,211.16,3,Clear,Medium,Delivered,25.0
ORD_01228,CUST_0110,REST_064,2026-05-02 23:09:06,157.15,5,Clear,Low,Delivered,10.0
ORD_01229,CUST_0715,REST_066,2026-06-11 01:44:47,224.38,2,Cloudy,High,Delivered,25.0
ORD_01230,CUST_0948,REST_079,2026-02-23 12:00:10,284.67,1,Cloudy,Low,Delivered,25.0
ORD_01231,CUST_0648,REST_066,2026-04-13 08:55:05,314.68,4,Cloudy,Low,Delivered,30.0
ORD_01232,CUST_0004,REST_075,2026-01-31 16:10:47,458.16,3,Rain,Medium,Cancelled,14.0
ORD_01233,CUST_0667,REST_045,2026-05-17 00:15:28,151.23,1,Cloudy,High,Delivered,37.0
ORD_01234,CUST_0684,REST_087,2026-05-24 03:32:25,100.0,4,Clear,High,Delivered,9.0
ORD_01235,CUST_0936,REST_074,2026-05-20 03:26:53,220.75,6,Rain,High,Delivered,15.0
ORD_01236,CUST_0870,REST_067,2026-01-13 22:20:01,510.86,4,Cloudy,Low,Delivered,10.0
ORD_01237,CUST_0047,REST_069,2026-05-25 06:48:02,139.44,3,Clear,High,Delivered,29.0
ORD_01238,CUST_0094,REST_003,2026-04-11 18:37:49,264.48,2,Cloudy,High,Delivered,7.0
ORD_01239,CUST_0940,REST_038,2026-01-30 06:52:26,265.78,2,Cloudy,Low,Delivered,35.0
ORD_01240,CUST_0560,REST_077,2026-03-05 21:44:17,201.4,1,Clear,Medium,Delivered,21.0
ORD_01241,CUST_0752,REST_042,2026-01-20 02:09:43,181.96,6,Clear,Medium,Cancelled,28.0
ORD_01242,CUST_0859,REST_083,2026-06-04 11:39:06,109.08,1,Clear,Medium,Delivered,17.0
ORD_01243,CUST_0213,REST_040,2026-01-26 18:53:15,100.0,5,Clear,High,Delivered,32.0
ORD_01244,CUST_0436,REST_050,2026-01-08 07:43:41,100.0,2,Clear,Low,Delivered,21.0
ORD_01245,CUST_0852,REST_035,2026-01-24 13:38:07,146.25,1,Clear,Medium,Delivered,25.0
ORD_01246,CUST_0508,REST_024,2026-04-09 21:16:53,331.48,5,Clear,Low,Delivered,34.0
ORD_01247,CUST_0836,REST_088,2026-01-07 01:26:06,171.28,6,Clear,Medium,Delivered,32.0
ORD_01248,CUST_0651,REST_017,2026-06-26 13:24:29,136.26,4,Rain,High,Delivered,15.0
ORD_01249,CUST_0205,REST_040,2026-03-28 05:06:17,111.05,1,Clear,Low,Delivered,30.0
ORD_01250,CUST_0381,REST_074,2026-05-31 03:58:06,260.15,5,Clear,Medium,Delivered,15.0
ORD_01251,CUST_0073,REST_066,2026-06-26 17:45:02,382.64,2,Clear,High,Cancelled,32.0
ORD_01252,CUST_0516,REST_044,2026-05-09 02:54:20,325.35,4,Rain,High,Delivered,19.0
ORD_01253,CUST_0076,REST_023,2026-02-19 07:06:17,253.0,1,Clear,Medium,Delivered,36.0
ORD_01254,CUST_0841,REST_006,2026-04-04 20:26:29,100.0,2,Clear,Low,Delivered,20.0
ORD_01255,CUST_0077,REST_066,2026-06-15 04:19:28,149.39,4,Clear,Medium,Delivered,32.0
ORD_01256,CUST_0816,REST_021,2026-02-27 03:14:02,529.02,3,Heavy Rain,High,Delivered,25.0
ORD_01257,CUST_0768,REST_035,2026-04-10 07:48:02,335.99,2,Cloudy,High,Delivered,30.0
ORD_01258,CUST_0410,REST_029,2026-03-26 01:04:28,100.0,3,Clear,Low,Delivered,33.0
ORD_01259,CUST_0614,REST_007,2026-03-20 12:49:52,175.81,6,Clear,Medium,Delivered,23.0
ORD_01260,CUST_0106,REST_093,2026-03-22 20:19:55,221.34,1,Clear,Low,Delivered,18.0
ORD_01261,CUST_0845,REST_053,2026-02-16 22:56:14,119.2,5,Clear,Low,Delivered,17.0
ORD_01262,CUST_0551,REST_037,2026-03-08 22:13:19,100.0,1,Rain,Medium,Delivered,16.0
ORD_01263,CUST_0476,REST_023,2026-03-09 05:25:31,191.4,2,Clear,Low,Delivered,37.0
ORD_01264,CUST_0826,REST_097,2026-03-25 07:56:08,117.53,3,Cloudy,Low,Delivered,19.0
ORD_01265,CUST_0275,REST_008,2026-06-30 21:27:24,117.79,3,Clear,Medium,Delivered,33.0
ORD_01266,CUST_0088,REST_076,2026-05-12 11:29:44,149.15,4,Cloudy,Medium,Delivered,15.0
ORD_01267,CUST_0723,REST_048,2026-01-29 12:57:40,168.42,1,Clear,High,Delivered,38.0
ORD_01268,CUST_0881,REST_010,2026-03-11 16:40:35,180.37,1,Clear,Medium,Delivered,24.0
ORD_01269,CUST_0077,REST_079,2026-03-02 03:41:31,111.48,2,Cloudy,Medium,Delivered,33.0
ORD_01270,CUST_0077,REST_024,2026-02-13 02:52:31,160.59,3,Clear,Medium,Delivered,38.0
ORD_01271,CUST_0442,REST_090,2026-01-17 10:54:32,100.0,2,Cloudy,Low,Delivered,38.0
ORD_01272,CUST_0540,REST_047,2026-05-26 04:16:56,215.09,2,Rain,Medium,Delivered,29.0
ORD_01273,CUST_0245,REST_053,2026-06-21 23:00:46,100.0,6,Clear,Low,Delivered,16.0
ORD_01274,CUST_0578,REST_039,2026-01-21 06:21:54,154.59,3,Rain,High,Delivered,22.0
ORD_01275,CUST_0778,REST_067,2026-05-23 03:15:14,300.53,2,Clear,Medium,Cancelled,20.0
ORD_01276,CUST_0382,REST_066,2026-01-21 13:25:05,101.23,3,Clear,Low,Delivered,33.0
ORD_01277,CUST_0982,REST_006,2026-05-06 23:15:28,268.82,2,Cloudy,Medium,Delivered,16.0
ORD_01278,CUST_0717,REST_021,2026-06-14 02:58:03,342.29,5,Cloudy,High,Delivered,25.0
ORD_01279,CUST_0570,REST_073,2026-06-01 04:17:13,100.0,2,Clear,Low,Delivered,35.0
ORD_01280,CUST_0713,REST_074,2026-03-10 04:29:53,166.79,2,Rain,Low,Delivered,6.0
ORD_01281,CUST_0737,REST_036,2026-06-10 17:09:43,100.0,5,Heavy Rain,High,Delivered,15.0
ORD_01282,CUST_0142,REST_003,2026-05-27 21:53:14,169.86,1,Clear,Low,Delivered,8.0
ORD_01283,CUST_0893,REST_088,2026-02-05 08:55:51,180.56,3,Rain,Low,Delivered,34.0
ORD_01284,CUST_0368,REST_086,2026-05-29 04:47:30,100.0,4,Cloudy,Medium,Delivered,38.0
ORD_01285,CUST_0084,REST_078,2026-02-20 18:24:22,522.52,5,Rain,Medium,Delivered,41.0
ORD_01286,CUST_0143,REST_042,2026-06-23 18:12:47,212.15,1,Clear,Medium,Delivered,33.0
ORD_01287,CUST_0352,REST_045,2026-03-08 18:15:50,113.64,2,Rain,Medium,Delivered,40.0
ORD_01288,CUST_0545,REST_044,2026-02-08 20:24:01,405.84,6,Clear,High,Delivered,27.0
ORD_01289,CUST_0913,REST_091,2026-05-22 01:29:12,100.0,1,Rain,High,Delivered,18.0
ORD_01290,CUST_0152,REST_033,2026-02-11 03:31:30,100.0,5,Cloudy,High,Delivered,26.0
ORD_01291,CUST_0158,REST_060,2026-02-27 11:21:37,100.0,6,Clear,Medium,Delivered,22.0
ORD_01292,CUST_0446,REST_086,2026-06-09 22:10:03,488.13,2,Clear,Low,Delivered,40.0
ORD_01293,CUST_0653,REST_093,2026-05-09 07:39:45,217.63,1,Rain,High,Delivered,16.0
ORD_01294,CUST_0958,REST_083,2026-05-15 12:35:03,260.52,4,Cloudy,Low,Delivered,17.0
ORD_01295,CUST_0763,REST_083,2026-03-24 04:38:44,213.91,3,Clear,High,Delivered,17.0
ORD_01296,CUST_0303,REST_070,2026-03-06 16:11:14,248.53,3,Clear,Low,Delivered,19.0
ORD_01297,CUST_0624,REST_083,2026-03-13 14:48:36,189.23,5,Rain,High,Delivered,14.0
ORD_01298,CUST_0656,REST_077,2026-04-10 04:51:54,210.4,2,Clear,High,Cancelled,18.0
ORD_01299,CUST_0450,REST_026,2026-03-27 22:11:38,192.32,2,Clear,Medium,Delivered,42.0
ORD_01300,CUST_0721,REST_086,2026-04-28 12:30:15,129.71,3,Rain,Low,Delivered,43.0
ORD_01301,CUST_0224,REST_021,2026-05-03 02:08:06,176.68,1,Clear,Low,Delivered,27.0
ORD_01302,CUST_0043,REST_100,2026-02-04 07:28:05,210.71,2,Clear,Medium,Delivered,38.0
ORD_01303,CUST_0264,REST_002,2026-02-12 05:19:41,192.64,4,Clear,Low,Delivered,41.0
ORD_01304,CUST_0756,REST_047,2026-06-27 14:38:52,100.0,4,Rain,Medium,Cancelled,33.0
ORD_01305,CUST_0003,REST_030,2026-02-25 09:51:28,100.0,2,Clear,Medium,Delivered,21.0
ORD_01306,CUST_0637,REST_027,2026-05-28 15:28:57,328.84,2,Cloudy,Medium,Delivered,28.0
ORD_01307,CUST_0268,REST_071,2026-01-09 21:48:00,153.11,3,Rain,Medium,Delivered,25.0
ORD_01308,CUST_0596,REST_020,2026-04-23 20:43:25,250.03,5,Clear,Medium,Delivered,20.0
ORD_01309,CUST_0016,REST_050,2026-05-02 09:43:05,100.0,3,Rain,Low,Delivered,26.0
ORD_01310,CUST_0334,REST_095,2026-02-06 20:26:05,100.0,5,Clear,Medium,Delivered,27.0
ORD_01311,CUST_0464,REST_023,2026-03-14 19:57:59,113.98,4,Cloudy,High,Delivered,40.0
ORD_01312,CUST_0059,REST_013,2026-02-20 17:57:59,160.39,5,Clear,Low,Delivered,18.0
ORD_01313,CUST_0177,REST_081,2026-01-01 18:06:37,125.73,3,Cloudy,Low,Delivered,27.0
ORD_01314,CUST_0063,REST_004,2026-03-05 10:02:46,369.32,2,Clear,High,Delivered,15.0
ORD_01315,CUST_0958,REST_014,2026-02-09 21:07:12,200.08,5,Clear,Low,Cancelled,32.0
ORD_01316,CUST_0561,REST_020,2026-03-08 03:34:38,501.16,3,Rain,Low,Delivered,17.0
ORD_01317,CUST_0307,REST_013,2026-02-16 18:52:14,226.43,4,Clear,Medium,Delivered,11.0
ORD_01318,CUST_0246,REST_003,2026-06-12 06:40:24,100.0,6,Rain,Low,Delivered,10.0
ORD_01319,CUST_0289,REST_090,2026-01-18 08:35:58,324.03,5,Clear,Low,Delivered,36.0
ORD_01320,CUST_0798,REST_090,2026-03-06 01:14:08,100.0,4,Clear,High,Delivered,31.0
ORD_01321,CUST_0955,REST_082,2026-03-08 01:06:59,205.78,4,Rain,Low,Delivered,38.0
ORD_01322,CUST_0332,REST_096,2026-02-27 21:58:58,118.38,1,Clear,High,Delivered,29.0
ORD_01323,CUST_0527,REST_078,2026-06-30 09:25:10,589.04,6,Rain,Low,Delivered,41.0
ORD_01324,CUST_0850,REST_047,2026-01-13 17:35:00,400.13,5,Clear,High,Delivered,34.0
ORD_01325,CUST_0255,REST_003,2026-01-21 05:30:44,120.54,3,Clear,Medium,Delivered,10.0
ORD_01326,CUST_0604,REST_001,2026-01-18 02:30:59,169.01,5,Cloudy,Low,Delivered,16.0
ORD_01327,CUST_0510,REST_090,2026-02-23 04:54:40,207.38,5,Clear,Medium,Delivered,40.0
ORD_01328,CUST_0791,REST_024,2026-05-30 19:21:24,291.45,6,Clear,High,Delivered,37.0
ORD_01329,CUST_0718,REST_035,2026-04-21 10:32:19,184.2,4,Cloudy,Low,Delivered,24.0
ORD_01330,CUST_0606,REST_014,2026-04-03 16:32:13,103.16,4,Clear,Medium,Delivered,32.0
ORD_01331,CUST_0737,REST_067,2026-06-23 03:03:21,122.16,4,Clear,Medium,Delivered,12.0
ORD_01332,CUST_0813,REST_013,2026-06-14 00:13:16,180.83,4,Rain,High,Delivered,13.0
ORD_01333,CUST_0830,REST_047,2026-04-30 18:08:07,357.43,6,Rain,Medium,Delivered,34.0
ORD_01334,CUST_0463,REST_050,2026-04-26 12:41:05,229.36,3,Clear,Low,Delivered,23.0
ORD_01335,CUST_0199,REST_078,2026-02-28 05:51:35,118.47,2,Cloudy,Low,Delivered,33.0
ORD_01336,CUST_0271,REST_085,2026-01-04 06:43:12,258.94,1,Cloudy,Medium,Delivered,16.0
ORD_01337,CUST_0746,REST_026,2026-04-25 07:24:12,146.52,4,Cloudy,High,Delivered,42.0
ORD_01338,CUST_0558,REST_003,2026-06-30 14:03:15,295.81,4,Clear,Medium,Delivered,9.0
ORD_01339,CUST_0064,REST_051,2026-06-17 14:35:30,727.68,1,Heavy Rain,Medium,Delivered,17.0
ORD_01340,CUST_0230,REST_040,2026-03-30 00:53:56,148.81,4,Clear,Low,Delivered,23.0
ORD_01341,CUST_0942,REST_068,2026-04-05 11:47:40,281.71,2,Cloudy,Medium,Delivered,26.0
ORD_01342,CUST_0952,REST_036,2026-01-01 02:30:12,120.31,5,Rain,Medium,Delivered,21.0
ORD_01343,CUST_0249,REST_051,2026-06-08 07:35:15,170.42,1,Cloudy,Medium,Delivered,12.0
ORD_01344,CUST_0246,REST_001,2026-05-16 22:06:15,184.24,3,Rain,High,Delivered,10.0
ORD_01345,CUST_0940,REST_033,2026-04-12 02:15:46,162.95,1,Clear,Low,Delivered,28.0
ORD_01346,CUST_0587,REST_007,2026-05-11 18:08:11,702.51,2,Clear,Low,Delivered,21.0
ORD_01347,CUST_0157,REST_052,2026-02-16 16:26:27,153.14,6,Rain,High,Delivered,33.0
ORD_01348,CUST_0735,REST_011,2026-03-24 08:21:20,250.33,3,Clear,Low,Delivered,20.0
ORD_01349,CUST_0702,REST_027,2026-02-04 18:18:46,100.0,5,Cloudy,Medium,Delivered,31.0
ORD_01350,CUST_0985,REST_014,2026-04-19 19:57:04,229.89,4,Clear,Medium,Delivered,26.0
ORD_01351,CUST_0564,REST_086,2026-03-13 03:33:18,339.72,1,Rain,Medium,Delivered,38.0
ORD_01352,CUST_0950,REST_080,2026-05-13 15:11:38,135.62,3,Cloudy,Low,Delivered,34.0
ORD_01353,CUST_0088,REST_046,2026-05-23 03:38:46,100.0,1,Clear,Low,Delivered,19.0
ORD_01354,CUST_0313,REST_076,2026-02-02 09:44:48,177.46,5,Clear,Medium,Delivered,19.0
ORD_01355,CUST_0851,REST_010,2026-04-06 23:11:54,182.99,1,Cloudy,Low,Delivered,31.0
ORD_01356,CUST_0066,REST_024,2026-05-17 18:51:08,269.95,3,Clear,Medium,Delivered,30.0
ORD_01357,CUST_0662,REST_061,2026-01-13 08:57:57,547.85,2,Cloudy,Medium,Delivered,37.0
ORD_01358,CUST_0020,REST_018,2026-02-27 00:47:33,147.08,6,Cloudy,Medium,Cancelled,33.0
ORD_01359,CUST_0033,REST_086,2026-06-02 21:42:13,113.19,3,Clear,Medium,Delivered,39.0
ORD_01360,CUST_0840,REST_009,2026-05-29 20:17:46,100.0,1,Rain,High,Delivered,18.0
ORD_01361,CUST_0793,REST_017,2026-04-21 17:07:40,202.14,5,Clear,Medium,Delivered,10.0
ORD_01362,CUST_0558,REST_058,2026-03-12 15:25:37,235.96,4,Clear,Medium,Delivered,25.0
ORD_01363,CUST_0073,REST_013,2026-06-03 17:56:01,134.27,4,Clear,High,Delivered,16.0
ORD_01364,CUST_0866,REST_050,2026-05-04 22:55:49,278.18,5,Cloudy,Medium,Delivered,29.0
ORD_01365,CUST_0825,REST_006,2026-04-17 22:19:21,234.15,1,Rain,High,Delivered,25.0
ORD_01366,CUST_0343,REST_085,2026-05-08 00:20:20,185.63,6,Clear,Low,Delivered,11.0
ORD_01367,CUST_0133,REST_051,2026-02-11 10:53:17,110.35,5,Clear,High,Delivered,21.0
ORD_01368,CUST_0055,REST_036,2026-01-30 19:50:46,139.07,1,Clear,Medium,Delivered,12.0
ORD_01369,CUST_0061,REST_071,2026-06-09 18:18:30,100.0,3,Rain,High,Delivered,31.0
ORD_01370,CUST_0857,REST_100,2026-02-14 02:20:04,206.37,6,Clear,High,Delivered,30.0
ORD_01371,CUST_0520,REST_025,2026-01-27 13:15:35,183.92,2,Cloudy,Low,Delivered,26.0
ORD_01372,CUST_0272,REST_011,2026-01-19 13:38:33,201.07,1,Clear,Medium,Delivered,19.0
ORD_01373,CUST_0246,REST_044,2026-06-23 23:25:41,239.22,4,Rain,Medium,Delivered,23.0
ORD_01374,CUST_0176,REST_014,2026-05-17 18:34:22,224.12,4,Cloudy,Low,Delivered,33.0
ORD_01375,CUST_0628,REST_029,2026-05-20 02:55:16,170.59,6,Rain,High,Delivered,32.0
ORD_01376,CUST_0317,REST_074,2026-06-17 02:36:03,186.19,2,Clear,Low,Delivered,6.0
ORD_01377,CUST_0783,REST_050,2026-01-06 21:33:10,100.0,1,Cloudy,High,Delivered,26.0
ORD_01378,CUST_0705,REST_005,2026-01-19 13:04:03,131.49,2,Rain,Low,Delivered,39.0
ORD_01379,CUST_0662,REST_072,2026-05-14 22:28:36,186.37,3,Cloudy,Medium,Delivered,24.0
ORD_01380,CUST_0131,REST_069,2026-06-30 21:11:48,120.94,2,Clear,Low,Cancelled,33.0
ORD_01381,CUST_0102,REST_088,2026-05-21 21:32:48,290.93,3,Heavy Rain,Low,Delivered,33.0
ORD_01382,CUST_0310,REST_057,2026-04-17 03:35:42,126.19,4,Clear,Medium,Delivered,27.0
ORD_01383,CUST_0782,REST_026,2026-02-24 14:44:02,204.17,3,Clear,Medium,Delivered,34.0
ORD_01384,CUST_0292,REST_006,2026-06-30 14:29:18,193.27,1,Clear,Low,Delivered,24.0
ORD_01385,CUST_0722,REST_016,2026-06-26 10:35:57,273.27,6,Cloudy,High,Cancelled,23.0
ORD_01386,CUST_0495,REST_060,2026-01-22 09:56:10,297.51,6,Rain,Low,Cancelled,16.0
ORD_01387,CUST_0361,REST_100,2026-03-30 13:32:02,265.53,1,Clear,High,Cancelled,29.0
ORD_01388,CUST_0338,REST_012,2026-06-27 15:28:49,100.0,1,Clear,Medium,Delivered,12.0
ORD_01389,CUST_0579,REST_075,2026-03-19 19:01:53,349.6,1,Cloudy,Medium,Cancelled,9.0
ORD_01390,CUST_0010,REST_003,2026-01-19 08:08:12,419.9,5,Clear,Low,Delivered,16.0
ORD_01391,CUST_0049,REST_063,2026-05-04 08:47:44,139.05,3,Rain,Medium,Cancelled,16.0
ORD_01392,CUST_0487,REST_064,2026-04-25 12:43:49,206.47,1,Rain,Medium,Delivered,11.0
ORD_01393,CUST_0623,REST_062,2026-05-05 20:13:40,111.06,6,Clear,Low,Delivered,23.0
ORD_01394,CUST_0321,REST_006,2026-05-30 16:16:53,100.0,2,Clear,Low,Delivered,25.0
ORD_01395,CUST_0731,REST_019,2026-04-24 19:04:36,120.75,2,Rain,Low,Delivered,27.0
ORD_01396,CUST_0569,REST_018,2026-05-28 00:27:50,134.68,5,Clear,Low,Delivered,40.0
ORD_01397,CUST_0795,REST_080,2026-06-23 09:56:48,149.13,3,Clear,Low,Delivered,28.0
ORD_01398,CUST_0971,REST_087,2026-06-02 02:49:48,106.98,3,Clear,Low,Delivered,12.0
ORD_01399,CUST_0625,REST_043,2026-06-09 04:04:02,121.1,3,Clear,Medium,Delivered,23.0
ORD_01400,CUST_0133,REST_073,2026-06-23 05:54:08,180.18,6,Rain,Medium,Delivered,34.0
ORD_01401,CUST_0583,REST_003,2026-04-13 22:13:32,118.67,6,Cloudy,Medium,Delivered,14.0
ORD_01402,CUST_0083,REST_072,2026-01-29 22:48:10,244.43,5,Heavy Rain,Low,Delivered,22.0
ORD_01403,CUST_0057,REST_038,2026-05-20 08:47:22,263.73,3,Clear,Medium,Cancelled,40.0
ORD_01404,CUST_0376,REST_068,2026-04-17 22:27:18,671.3,3,Clear,Medium,Delivered,28.0
ORD_01405,CUST_0349,REST_076,2026-03-11 02:50:42,336.68,1,Heavy Rain,Medium,Delivered,18.0
ORD_01406,CUST_0271,REST_044,2026-04-11 06:20:41,207.2,3,Rain,Medium,Delivered,22.0
ORD_01407,CUST_0483,REST_095,2026-01-07 10:41:28,128.88,6,Cloudy,Medium,Delivered,33.0
ORD_01408,CUST_0111,REST_089,2026-02-20 14:19:12,213.06,1,Clear,Low,Delivered,21.0
ORD_01409,CUST_0869,REST_080,2026-06-16 23:14:47,216.94,1,Rain,Medium,Delivered,31.0
ORD_01410,CUST_0887,REST_063,2026-02-04 06:45:36,136.68,3,Clear,Low,Cancelled,14.0
ORD_01411,CUST_0076,REST_042,2026-02-17 06:33:16,278.96,2,Cloudy,High,Delivered,33.0
ORD_01412,CUST_0158,REST_064,2026-04-12 02:51:57,100.0,4,Cloudy,High,Delivered,12.0
ORD_01413,CUST_0532,REST_054,2026-04-12 13:51:32,158.47,6,Cloudy,Medium,Delivered,25.0
ORD_01414,CUST_0933,REST_078,2026-06-16 12:29:45,246.1,2,Cloudy,High,Delivered,33.0
ORD_01415,CUST_0643,REST_077,2026-02-03 17:43:19,154.75,3,Cloudy,Medium,Delivered,22.0
ORD_01416,CUST_0329,REST_071,2026-04-25 15:07:33,161.79,3,Clear,Medium,Delivered,26.0
ORD_01417,CUST_0122,REST_076,2026-02-06 04:45:10,168.04,2,Clear,Low,Cancelled,20.0
ORD_01418,CUST_0041,REST_037,2026-05-26 13:54:02,114.48,3,Cloudy,Medium,Delivered,22.0
ORD_01419,CUST_0167,REST_004,2026-05-15 07:57:11,345.73,6,Clear,High,Delivered,12.0
ORD_01420,CUST_0922,REST_002,2026-03-24 20:16:28,103.55,1,Clear,High,Delivered,40.0
ORD_01421,CUST_0642,REST_099,2026-06-16 13:02:29,215.94,5,Clear,Medium,Delivered,26.0
ORD_01422,CUST_0023,REST_044,2026-06-14 22:21:46,227.58,3,Clear,Medium,Delivered,24.0
ORD_01423,CUST_0279,REST_067,2026-02-11 20:06:13,107.58,3,Heavy Rain,Medium,Delivered,11.0
ORD_01424,CUST_0763,REST_068,2026-01-13 19:33:46,188.71,2,Clear,High,Delivered,22.0
ORD_01425,CUST_0469,REST_076,2026-05-25 19:13:41,109.91,1,Cloudy,Medium,Cancelled,17.0
ORD_01426,CUST_0400,REST_083,2026-01-18 13:17:40,389.58,2,Cloudy,Medium,Delivered,12.0
ORD_01427,CUST_0009,REST_074,2026-04-20 05:36:39,100.0,6,Clear,Medium,Delivered,13.0
ORD_01428,CUST_0013,REST_062,2026-04-16 04:53:00,126.51,2,Rain,High,Delivered,20.0
ORD_01429,CUST_0924,REST_001,2026-05-12 08:48:49,100.0,3,Clear,High,Delivered,14.0
ORD_01430,CUST_0923,REST_017,2026-05-26 14:55:18,100.0,1,Rain,Low,Delivered,13.0
ORD_01431,CUST_0819,REST_016,2026-02-15 08:09:02,434.92,6,Clear,Low,Delivered,25.0
ORD_01432,CUST_0832,REST_009,2026-04-14 03:25:23,244.33,3,Clear,High,Delivered,20.0
ORD_01433,CUST_0052,REST_053,2026-02-09 22:16:48,195.81,6,Clear,High,Delivered,16.0
ORD_01434,CUST_0209,REST_073,2026-06-15 16:43:40,126.33,3,Clear,Medium,Delivered,32.0
ORD_01435,CUST_0550,REST_059,2026-05-06 15:28:36,298.62,3,Rain,Medium,Delivered,37.0
ORD_01436,CUST_0612,REST_009,2026-06-23 17:28:03,115.2,3,Clear,High,Delivered,17.0
ORD_01437,CUST_0705,REST_012,2026-05-21 12:20:06,280.48,5,Cloudy,High,Delivered,15.0
ORD_01438,CUST_0402,REST_041,2026-06-08 11:39:48,112.18,4,Clear,High,Delivered,39.0
ORD_01439,CUST_0191,REST_015,2026-04-08 04:25:17,127.17,1,Rain,Low,Delivered,34.0
ORD_01440,CUST_0051,REST_066,2026-01-25 13:08:30,275.08,5,Rain,Medium,Delivered,25.0
ORD_01441,CUST_0393,REST_075,2026-02-27 03:44:51,291.52,4,Clear,Low,Cancelled,16.0
ORD_01442,CUST_0653,REST_011,2026-02-28 21:42:08,251.79,6,Clear,High,Delivered,14.0
ORD_01443,CUST_0680,REST_008,2026-02-24 18:25:09,101.77,4,Cloudy,Low,Delivered,28.0
ORD_01444,CUST_0823,REST_055,2026-02-17 23:32:10,141.78,4,Clear,Medium,Delivered,36.0
ORD_01445,CUST_0621,REST_096,2026-01-03 07:34:33,197.61,5,Clear,Medium,Delivered,34.0
ORD_01446,CUST_0719,REST_006,2026-04-26 04:11:33,113.62,1,Cloudy,High,Delivered,16.0
ORD_01447,CUST_0939,REST_053,2026-02-05 11:41:19,385.3,2,Heavy Rain,Medium,Delivered,26.0
ORD_01448,CUST_0300,REST_020,2026-01-13 10:23:18,100.0,4,Rain,Low,Delivered,23.0
ORD_01449,CUST_0622,REST_039,2026-05-08 06:04:31,118.12,2,Cloudy,Medium,Delivered,30.0
ORD_01450,CUST_0196,REST_099,2026-01-07 03:31:28,136.97,2,Cloudy,Medium,Delivered,34.0
ORD_01451,CUST_0417,REST_072,2026-04-29 03:22:21,100.0,3,Heavy Rain,Medium,Delivered,24.0
ORD_01452,CUST_0664,REST_034,2026-04-02 10:24:19,100.0,2,Cloudy,High,Delivered,20.0
ORD_01453,CUST_0420,REST_057,2026-05-29 08:02:51,255.68,6,Clear,Medium,Delivered,18.0
ORD_01454,CUST_0755,REST_019,2026-06-27 12:33:44,184.32,6,Rain,Medium,Delivered,20.0
ORD_01455,CUST_0640,REST_071,2026-05-25 22:34:54,430.62,3,Clear,Medium,Delivered,25.0
ORD_01456,CUST_0617,REST_031,2026-01-20 04:33:47,424.06,1,Clear,High,Delivered,27.0
ORD_01457,CUST_0522,REST_082,2026-03-29 19:26:37,230.02,1,Cloudy,High,Delivered,38.0
ORD_01458,CUST_0356,REST_040,2026-05-22 10:11:05,215.35,6,Clear,Medium,Delivered,31.0
ORD_01459,CUST_0148,REST_014,2026-01-21 20:15:17,187.97,3,Clear,High,Delivered,31.0
ORD_01460,CUST_0365,REST_100,2026-01-04 05:27:13,100.0,1,Clear,Medium,Delivered,36.0
ORD_01461,CUST_0364,REST_081,2026-01-11 01:04:51,100.0,4,Cloudy,Medium,Delivered,26.0
ORD_01462,CUST_0971,REST_037,2026-01-25 17:13:41,191.59,1,Heavy Rain,High,Delivered,19.0
ORD_01463,CUST_0652,REST_044,2026-05-20 03:51:31,254.38,3,Clear,Medium,Delivered,17.0
ORD_01464,CUST_0702,REST_009,2026-03-10 06:39:58,212.58,6,Clear,Medium,Delivered,26.0
ORD_01465,CUST_0402,REST_058,2026-05-17 10:47:21,110.96,4,Clear,High,Delivered,19.0
ORD_01466,CUST_0606,REST_020,2026-02-15 09:10:46,303.56,2,Cloudy,Low,Delivered,22.0
ORD_01467,CUST_0492,REST_092,2026-03-14 12:38:03,409.67,2,Cloudy,Medium,Delivered,21.0
ORD_01468,CUST_0229,REST_050,2026-03-24 14:45:00,303.66,2,Clear,Medium,Delivered,27.0
ORD_01469,CUST_0575,REST_020,2026-04-20 22:06:45,312.4,6,Clear,Low,Delivered,20.0
ORD_01470,CUST_0852,REST_036,2026-01-18 17:12:12,133.28,3,Cloudy,High,Delivered,12.0
ORD_01471,CUST_0537,REST_027,2026-06-22 00:18:38,327.59,2,Cloudy,Low,Delivered,24.0
ORD_01472,CUST_0268,REST_072,2026-04-13 12:22:23,196.4,1,Clear,Low,Delivered,16.0
ORD_01473,CUST_0405,REST_032,2026-04-07 06:14:11,240.17,2,Clear,High,Delivered,15.0
ORD_01474,CUST_0793,REST_001,2026-01-19 11:45:06,221.63,5,Clear,Low,Delivered,10.0
ORD_01475,CUST_0011,REST_017,2026-04-24 04:12:11,169.56,6,Heavy Rain,Medium,Delivered,12.0
ORD_01476,CUST_0320,REST_009,2026-02-13 21:48:50,112.96,5,Rain,High,Delivered,23.0
ORD_01477,CUST_0713,REST_084,2026-01-31 08:14:05,173.27,2,Cloudy,High,Delivered,25.0
ORD_01478,CUST_0126,REST_045,2026-04-18 06:26:25,311.91,2,Rain,High,Delivered,40.0
ORD_01479,CUST_0306,REST_096,2026-05-14 15:26:18,142.19,5,Cloudy,Low,Delivered,31.0
ORD_01480,CUST_0702,REST_066,2026-02-16 13:46:26,296.29,6,Rain,Low,Delivered,33.0
ORD_01481,CUST_0511,REST_032,2026-03-11 07:51:24,271.89,6,Clear,Medium,Delivered,19.0
ORD_01482,CUST_0089,REST_045,2026-03-01 05:31:39,153.79,2,Clear,Low,Delivered,32.0
ORD_01483,CUST_0355,REST_009,2026-06-20 08:36:13,389.1,6,Cloudy,Medium,Delivered,21.0
ORD_01484,CUST_0628,REST_030,2026-05-02 05:02:01,149.07,4,Cloudy,Medium,Delivered,17.0
ORD_01485,CUST_0352,REST_084,2026-03-18 01:51:44,415.82,6,Clear,Medium,Cancelled,20.0
ORD_01486,CUST_0689,REST_038,2026-03-07 23:26:06,230.16,5,Clear,Low,Delivered,37.0
ORD_01487,CUST_0014,REST_060,2026-03-03 18:56:18,179.7,3,Clear,Medium,Delivered,20.0
ORD_01488,CUST_0257,REST_001,2026-04-04 18:07:04,111.24,5,Clear,Medium,Delivered,7.0
ORD_01489,CUST_0209,REST_005,2026-05-01 12:25:39,172.68,1,Clear,Low,Delivered,38.0
ORD_01490,CUST_0281,REST_063,2026-03-01 14:43:26,162.05,4,Cloudy,Medium,Delivered,18.0
ORD_01491,CUST_0443,REST_099,2026-02-26 16:49:54,100.0,3,Rain,Medium,Cancelled,34.0
ORD_01492,CUST_0840,REST_036,2026-01-26 06:43:59,160.82,2,Cloudy,High,Delivered,13.0
ORD_01493,CUST_0837,REST_065,2026-02-27 01:54:56,116.5,1,Rain,High,Delivered,15.0
ORD_01494,CUST_0389,REST_078,2026-03-29 08:02:08,250.21,1,Rain,Medium,Delivered,36.0
ORD_01495,CUST_0617,REST_073,2026-03-16 21:05:10,371.84,4,Clear,Medium,Delivered,35.0
ORD_01496,CUST_0483,REST_094,2026-03-04 12:23:16,100.0,3,Clear,Low,Delivered,21.0
ORD_01497,CUST_0147,REST_024,2026-04-06 20:37:50,464.88,1,Clear,Low,Delivered,31.0
ORD_01498,CUST_0279,REST_004,2026-04-04 00:32:17,168.9,3,Rain,High,Delivered,11.0
ORD_01499,CUST_0521,REST_078,2026-05-02 18:18:51,106.03,3,Clear,Low,Delivered,38.0
ORD_01500,CUST_0630,REST_089,2026-02-21 03:02:07,275.0,6,Cloudy,Medium,Cancelled,22.0
ORD_01501,CUST_0606,REST_068,2026-06-30 16:55:57,141.8,1,Clear,Low,Delivered,22.0
ORD_01502,CUST_0434,REST_025,2026-04-30 09:48:16,173.3,3,Rain,Low,Delivered,28.0
ORD_01503,CUST_0144,REST_074,2026-03-23 09:03:54,145.13,4,Clear,High,Delivered,5.0
ORD_01504,CUST_0289,REST_099,2026-01-31 20:41:18,115.68,1,Rain,Low,Cancelled,35.0
ORD_01505,CUST_0386,REST_007,2026-05-02 00:02:14,269.94,4,Clear,Medium,Delivered,18.0
ORD_01506,CUST_0014,REST_013,2026-04-02 20:45:15,154.86,4,Clear,Low,Delivered,16.0
ORD_01507,CUST_0257,REST_068,2026-03-24 10:37:36,100.0,3,Cloudy,Medium,Delivered,18.0
ORD_01508,CUST_0346,REST_043,2026-01-09 11:44:02,245.45,3,Heavy Rain,Medium,Delivered,19.0
ORD_01509,CUST_0698,REST_057,2026-05-15 06:47:06,100.0,6,Cloudy,Medium,Delivered,21.0
ORD_01510,CUST_0345,REST_036,2026-04-19 13:40:14,100.0,6,Rain,High,Delivered,22.0
ORD_01511,CUST_0400,REST_014,2026-06-06 01:23:17,349.3,1,Rain,Low,Cancelled,28.0
ORD_01512,CUST_0207,REST_082,2026-02-12 14:34:06,100.0,6,Rain,Medium,Delivered,29.0
ORD_01513,CUST_0858,REST_072,2026-06-05 16:50:45,100.0,2,Clear,Medium,Delivered,17.0
ORD_01514,CUST_0943,REST_096,2026-06-21 11:50:38,255.33,1,Clear,High,Delivered,33.0
ORD_01515,CUST_0172,REST_027,2026-04-30 02:26:14,153.37,4,Clear,Low,Delivered,34.0
ORD_01516,CUST_0464,REST_037,2026-06-20 05:18:34,160.82,6,Heavy Rain,Low,Delivered,18.0
ORD_01517,CUST_0270,REST_087,2026-01-05 04:32:29,152.48,6,Heavy Rain,Low,Delivered,15.0
ORD_01518,CUST_0221,REST_071,2026-06-10 03:39:06,205.91,6,Cloudy,Low,Delivered,22.0
ORD_01519,CUST_0152,REST_076,2026-03-08 13:23:28,119.82,3,Clear,Low,Delivered,22.0
ORD_01520,CUST_0623,REST_025,2026-05-12 06:21:42,408.24,4,Clear,Medium,Cancelled,34.0
ORD_01521,CUST_0183,REST_067,2026-06-18 01:19:13,100.0,6,Heavy Rain,Medium,Delivered,16.0
ORD_01522,CUST_0399,REST_090,2026-04-21 02:44:37,231.52,5,Clear,High,Delivered,36.0
ORD_01523,CUST_0851,REST_004,2026-04-06 11:21:32,258.05,5,Rain,Low,Delivered,10.0
ORD_01524,CUST_0072,REST_100,2026-05-20 19:03:19,119.37,4,Clear,High,Delivered,35.0
ORD_01525,CUST_0418,REST_079,2026-01-28 18:32:20,103.23,6,Clear,High,Cancelled,32.0
ORD_01526,CUST_0898,REST_096,2026-04-23 10:24:50,317.17,2,Rain,High,Delivered,34.0
ORD_01527,CUST_0283,REST_093,2026-05-29 07:40:10,105.11,2,Clear,High,Delivered,26.0
ORD_01528,CUST_0074,REST_074,2026-04-04 23:47:51,129.84,1,Clear,High,Delivered,9.0
ORD_01529,CUST_0355,REST_085,2026-03-19 00:24:55,295.31,1,Heavy Rain,High,Delivered,13.0
ORD_01530,CUST_0727,REST_016,2026-03-23 18:16:19,184.77,6,Cloudy,Medium,Delivered,25.0
ORD_01531,CUST_0497,REST_019,2026-03-17 16:29:59,100.0,1,Rain,Medium,Delivered,22.0
ORD_01532,CUST_0328,REST_029,2026-01-14 04:22:44,473.85,3,Rain,High,Delivered,25.0
ORD_01533,CUST_0988,REST_051,2026-06-16 11:17:48,135.44,2,Clear,Medium,Delivered,20.0
ORD_01534,CUST_0535,REST_018,2026-05-26 09:30:18,145.25,4,Clear,Low,Cancelled,41.0
ORD_01535,CUST_0580,REST_058,2026-01-01 21:28:52,208.65,6,Clear,High,Delivered,23.0
ORD_01536,CUST_0910,REST_044,2026-05-25 09:38:10,255.65,6,Clear,Medium,Delivered,22.0
ORD_01537,CUST_0447,REST_016,2026-01-24 22:01:02,533.05,5,Clear,High,Delivered,31.0
ORD_01538,CUST_0373,REST_065,2026-02-26 17:59:18,100.0,2,Rain,Low,Delivered,17.0
ORD_01539,CUST_0362,REST_002,2026-06-30 11:38:02,285.51,2,Clear,Medium,Delivered,41.0
ORD_01540,CUST_0093,REST_056,2026-03-30 12:13:33,272.78,2,Cloudy,Low,Delivered,29.0
ORD_01541,CUST_0321,REST_079,2026-06-09 01:49:14,168.1,1,Clear,High,Delivered,33.0
ORD_01542,CUST_0324,REST_028,2026-06-03 04:10:48,279.5,3,Clear,Low,Delivered,25.0
ORD_01543,CUST_0384,REST_065,2026-04-17 04:36:08,303.04,4,Clear,High,Delivered,21.0
ORD_01544,CUST_0575,REST_005,2026-01-04 23:53:04,100.0,1,Rain,Low,Delivered,34.0
ORD_01545,CUST_0736,REST_022,2026-06-15 03:04:00,474.55,3,Clear,Low,Delivered,27.0
ORD_01546,CUST_0737,REST_100,2026-02-26 11:28:25,100.0,2,Cloudy,Low,Delivered,35.0
ORD_01547,CUST_0881,REST_013,2026-02-03 11:58:19,100.0,3,Cloudy,Medium,Delivered,18.0
ORD_01548,CUST_0346,REST_065,2026-03-07 11:38:19,156.96,1,Clear,Medium,Delivered,16.0
ORD_01549,CUST_0849,REST_016,2026-06-25 06:09:46,522.55,2,Cloudy,Low,Cancelled,23.0
ORD_01550,CUST_0103,REST_086,2026-03-12 11:57:18,153.0,1,Rain,Medium,Delivered,33.0
ORD_01551,CUST_0215,REST_064,2026-05-19 01:44:20,178.12,4,Cloudy,Low,Delivered,7.0
ORD_01552,CUST_0192,REST_032,2026-04-18 13:27:28,398.47,2,Clear,High,Delivered,25.0
ORD_01553,CUST_0672,REST_080,2026-02-20 11:47:31,153.67,3,Cloudy,Low,Delivered,36.0
ORD_01554,CUST_0884,REST_051,2026-04-22 11:47:23,100.0,1,Cloudy,Medium,Delivered,16.0
ORD_01555,CUST_0719,REST_079,2026-06-23 13:30:56,144.1,5,Clear,Medium,Delivered,31.0
ORD_01556,CUST_0781,REST_058,2026-06-26 05:18:06,385.27,3,Clear,High,Delivered,17.0
ORD_01557,CUST_0194,REST_046,2026-04-07 20:12:17,188.48,3,Clear,High,Delivered,18.0
ORD_01558,CUST_0380,REST_052,2026-04-17 00:12:33,524.19,2,Clear,High,Delivered,30.0
ORD_01559,CUST_0403,REST_063,2026-06-05 09:18:07,272.02,6,Clear,Low,Cancelled,18.0
ORD_01560,CUST_0664,REST_076,2026-03-03 11:33:23,127.15,3,Clear,High,Delivered,19.0
ORD_01561,CUST_0749,REST_060,2026-03-20 11:23:51,186.44,1,Clear,High,Delivered,20.0
ORD_01562,CUST_0600,REST_065,2026-05-28 16:12:17,113.38,5,Rain,High,Delivered,18.0
ORD_01563,CUST_0011,REST_081,2026-06-15 09:14:21,125.51,4,Cloudy,Medium,Cancelled,21.0
ORD_01564,CUST_0187,REST_055,2026-04-20 01:56:40,2129.19,5,Rain,High,Delivered,41.0
ORD_01565,CUST_0726,REST_057,2026-03-29 12:27:58,317.43,1,Cloudy,Medium,Delivered,18.0
ORD_01566,CUST_0015,REST_092,2026-01-14 21:56:43,291.08,2,Clear,Medium,Cancelled,24.0
ORD_01567,CUST_0778,REST_071,2026-03-31 15:10:00,128.67,1,Clear,Medium,Delivered,26.0
ORD_01568,CUST_0297,REST_073,2026-02-02 15:45:05,429.78,6,Rain,Medium,Delivered,34.0
ORD_01569,CUST_0411,REST_086,2026-03-20 05:24:32,331.85,6,Clear,Medium,Delivered,35.0
ORD_01570,CUST_0956,REST_026,2026-04-06 11:08:41,510.25,6,Clear,Medium,Delivered,33.0
ORD_01571,CUST_0585,REST_012,2026-05-15 06:30:22,496.81,3,Clear,High,Delivered,11.0
ORD_01572,CUST_0052,REST_071,2026-06-30 07:35:37,100.0,2,Clear,Medium,Delivered,31.0
ORD_01573,CUST_0640,REST_046,2026-04-14 12:46:00,100.0,6,Clear,Medium,Delivered,17.0
ORD_01574,CUST_0028,REST_047,2026-04-22 23:13:34,104.37,4,Clear,Low,Delivered,30.0
ORD_01575,CUST_0577,REST_079,2026-02-23 15:31:13,107.86,4,Clear,High,Delivered,30.0
ORD_01576,CUST_0017,REST_038,2026-01-27 10:03:03,216.57,1,Cloudy,Medium,Delivered,35.0
ORD_01577,CUST_0351,REST_021,2026-01-11 08:58:37,132.72,6,Clear,Low,Delivered,27.0
ORD_01578,CUST_0428,REST_014,2026-04-28 22:47:46,566.76,3,Cloudy,High,Delivered,32.0
ORD_01579,CUST_0650,REST_002,2026-04-21 20:34:24,516.76,4,Cloudy,Low,Delivered,37.0
ORD_01580,CUST_0831,REST_072,2026-06-03 00:44:32,180.63,5,Cloudy,Low,Delivered,24.0
ORD_01581,CUST_0229,REST_070,2026-04-11 13:38:17,531.35,2,Clear,Medium,Delivered,16.0
ORD_01582,CUST_0766,REST_033,2026-03-08 00:55:13,410.95,5,Cloudy,Medium,Delivered,30.0
ORD_01583,CUST_0989,REST_006,2026-06-14 07:03:18,141.47,4,Clear,Low,Delivered,20.0
ORD_01584,CUST_0210,REST_090,2026-01-13 19:18:51,100.0,4,Clear,Medium,Delivered,30.0
ORD_01585,CUST_0431,REST_037,2026-04-05 03:49:57,160.79,1,Cloudy,High,Delivered,20.0
ORD_01586,CUST_0294,REST_014,2026-05-12 06:06:39,127.16,1,Clear,Low,Delivered,24.0
ORD_01587,CUST_0743,REST_037,2026-01-03 00:33:31,203.08,6,Clear,Low,Delivered,24.0
ORD_01588,CUST_0753,REST_008,2026-06-21 23:27:54,190.39,2,Clear,High,Delivered,28.0
ORD_01589,CUST_0582,REST_077,2026-03-14 10:05:37,187.67,6,Clear,Medium,Delivered,18.0
ORD_01590,CUST_0104,REST_013,2026-06-30 05:19:47,241.78,1,Clear,Medium,Delivered,14.0
ORD_01591,CUST_0204,REST_040,2026-03-22 02:28:01,100.0,3,Heavy Rain,Low,Delivered,31.0
ORD_01592,CUST_0053,REST_092,2026-02-08 21:42:24,227.29,2,Clear,Medium,Delivered,22.0
ORD_01593,CUST_0974,REST_058,2026-05-25 08:55:23,142.34,3,Clear,Medium,Delivered,20.0
ORD_01594,CUST_0940,REST_018,2026-02-04 12:26:42,202.35,6,Cloudy,High,Delivered,40.0
ORD_01595,CUST_0375,REST_057,2026-01-29 10:43:26,306.92,1,Cloudy,Medium,Delivered,28.0
ORD_01596,CUST_0842,REST_083,2026-03-09 21:33:39,100.0,2,Rain,Medium,Delivered,16.0
ORD_01597,CUST_0054,REST_038,2026-06-06 18:10:17,155.29,6,Rain,High,Delivered,30.0
ORD_01598,CUST_0276,REST_032,2026-05-10 03:01:40,169.83,4,Rain,High,Cancelled,24.0
ORD_01599,CUST_0335,REST_086,2026-06-23 03:40:20,136.61,6,Heavy Rain,Low,Delivered,39.0
ORD_01600,CUST_0031,REST_066,2026-03-06 00:59:58,297.35,5,Clear,High,Delivered,32.0
ORD_01601,CUST_0135,REST_077,2026-04-08 01:58:46,121.97,4,Cloudy,Medium,Delivered,18.0
ORD_01602,CUST_0058,REST_087,2026-03-07 07:29:17,133.56,3,Rain,Medium,Delivered,11.0
ORD_01603,CUST_0105,REST_025,2026-04-15 08:52:25,122.68,4,Cloudy,Medium,Delivered,29.0
ORD_01604,CUST_0266,REST_092,2026-01-07 15:53:27,330.51,6,Heavy Rain,Medium,Delivered,28.0
ORD_01605,CUST_0522,REST_058,2026-04-28 08:27:52,138.26,4,Clear,Low,Delivered,20.0
ORD_01606,CUST_0496,REST_075,2026-01-30 02:32:11,233.46,5,Clear,Medium,Delivered,9.0
ORD_01607,CUST_0253,REST_033,2026-04-21 05:50:30,537.34,6,Heavy Rain,Medium,Delivered,32.0
ORD_01608,CUST_0295,REST_088,2026-05-04 08:02:12,173.96,5,Clear,Low,Delivered,34.0
ORD_01609,CUST_0668,REST_066,2026-02-19 04:18:32,334.16,4,Cloudy,Medium,Delivered,33.0
ORD_01610,CUST_0158,REST_030,2026-01-11 16:30:47,454.52,5,Clear,High,Delivered,27.0
ORD_01611,CUST_0549,REST_081,2026-03-29 09:33:29,318.92,4,Cloudy,Medium,Delivered,22.0
ORD_01612,CUST_0631,REST_034,2026-01-31 20:00:56,179.6,2,Rain,Medium,Delivered,21.0
ORD_01613,CUST_0067,REST_086,2026-02-27 07:56:47,258.05,4,Clear,High,Delivered,40.0
ORD_01614,CUST_0754,REST_069,2026-03-16 15:03:35,100.0,1,Clear,Medium,Delivered,28.0
ORD_01615,CUST_0299,REST_048,2026-06-18 08:31:17,118.03,5,Clear,Low,Delivered,35.0
ORD_01616,CUST_0463,REST_040,2026-03-22 19:06:27,129.99,5,Rain,Medium,Delivered,31.0
ORD_01617,CUST_0725,REST_051,2026-04-08 17:46:00,621.62,3,Cloudy,Low,Delivered,14.0
ORD_01618,CUST_0820,REST_080,2026-01-01 11:45:51,115.94,3,Clear,High,Delivered,26.0
ORD_01619,CUST_0101,REST_013,2026-05-20 08:31:07,114.99,1,Clear,High,Delivered,17.0
ORD_01620,CUST_0056,REST_090,2026-06-16 01:14:48,102.09,5,Rain,Medium,Delivered,36.0
ORD_01621,CUST_0332,REST_031,2026-01-03 15:19:37,246.63,5,Rain,Medium,Delivered,32.0
ORD_01622,CUST_0836,REST_039,2026-06-12 05:20:09,196.06,3,Clear,Medium,Cancelled,24.0
ORD_01623,CUST_0751,REST_063,2026-05-27 08:05:28,329.55,3,Clear,Low,Delivered,14.0
ORD_01624,CUST_0393,REST_048,2026-04-04 19:53:33,262.22,4,Rain,High,Delivered,28.0
ORD_01625,CUST_0743,REST_087,2026-03-28 17:56:41,100.0,6,Cloudy,Medium,Delivered,10.0
ORD_01626,CUST_0874,REST_048,2026-05-25 13:59:54,116.28,5,Heavy Rain,Low,Delivered,28.0
ORD_01627,CUST_0381,REST_061,2026-02-12 03:12:59,384.11,5,Clear,High,Delivered,37.0
ORD_01628,CUST_0092,REST_012,2026-02-13 21:17:18,162.1,4,Cloudy,Low,Cancelled,15.0
ORD_01629,CUST_0791,REST_078,2026-02-15 17:33:30,348.34,5,Cloudy,High,Delivered,34.0
ORD_01630,CUST_0447,REST_056,2026-03-05 12:46:29,166.95,1,Rain,Medium,Delivered,33.0
ORD_01631,CUST_0109,REST_018,2026-01-28 13:13:41,106.46,3,Clear,Medium,Delivered,39.0
ORD_01632,CUST_0317,REST_027,2026-05-08 00:04:30,153.42,3,Clear,Low,Delivered,29.0
ORD_01633,CUST_0168,REST_028,2026-03-19 22:51:08,106.44,6,Clear,Medium,Delivered,27.0
ORD_01634,CUST_0812,REST_082,2026-02-23 07:58:36,132.81,3,Rain,High,Delivered,33.0
ORD_01635,CUST_0982,REST_080,2026-05-06 11:16:05,202.45,2,Clear,Medium,Cancelled,35.0
ORD_01636,CUST_0920,REST_052,2026-02-03 07:36:36,240.18,1,Clear,High,Delivered,31.0
ORD_01637,CUST_0435,REST_016,2026-01-31 06:08:13,100.0,1,Cloudy,Medium,Delivered,28.0
ORD_01638,CUST_0442,REST_077,2026-01-08 02:06:44,179.55,4,Clear,High,Delivered,20.0
ORD_01639,CUST_0218,REST_058,2026-04-09 11:17:21,131.28,2,Clear,High,Delivered,17.0
ORD_01640,CUST_0222,REST_093,2026-05-01 07:07:41,126.9,5,Clear,Medium,Delivered,20.0
ORD_01641,CUST_0673,REST_009,2026-05-19 07:45:26,195.0,6,Cloudy,Medium,Delivered,27.0
ORD_01642,CUST_0528,REST_026,2026-05-25 02:30:11,133.92,1,Cloudy,High,Delivered,36.0
ORD_01643,CUST_0278,REST_028,2026-04-08 06:01:17,387.68,2,Rain,Low,Delivered,28.0
ORD_01644,CUST_0569,REST_077,2026-05-31 22:52:02,348.43,2,Rain,High,Delivered,19.0
ORD_01645,CUST_0574,REST_036,2026-01-07 18:54:15,347.24,1,Clear,Medium,Delivered,22.0
ORD_01646,CUST_0875,REST_009,2026-01-15 22:58:54,138.08,4,Cloudy,Medium,Delivered,27.0
ORD_01647,CUST_0466,REST_047,2026-06-03 08:39:54,106.76,2,Clear,Low,Delivered,30.0
ORD_01648,CUST_0839,REST_078,2026-02-08 10:23:47,189.64,3,Clear,High,Delivered,32.0
ORD_01649,CUST_0754,REST_051,2026-05-05 06:34:56,166.89,2,Clear,Medium,Delivered,21.0
ORD_01650,CUST_0602,REST_076,2026-05-24 08:05:44,129.69,5,Clear,High,Delivered,13.0
ORD_01651,CUST_0584,REST_057,2026-05-08 16:22:05,100.0,1,Clear,Medium,Delivered,24.0
ORD_01652,CUST_0838,REST_032,2026-02-23 10:09:03,177.18,5,Clear,Low,Cancelled,24.0
ORD_01653,CUST_0030,REST_067,2026-04-12 23:40:38,145.15,4,Cloudy,High,Delivered,19.0
ORD_01654,CUST_0359,REST_057,2026-05-03 19:37:02,264.7,6,Clear,High,Delivered,21.0
ORD_01655,CUST_0919,REST_054,2026-05-07 21:09:47,261.34,3,Cloudy,High,Cancelled,24.0
ORD_01656,CUST_0288,REST_016,2026-05-07 09:56:01,332.1,1,Clear,Medium,Delivered,31.0
ORD_01657,CUST_0086,REST_062,2026-06-26 20:45:46,100.0,2,Clear,Medium,Delivered,24.0
ORD_01658,CUST_0234,REST_084,2026-03-26 13:10:23,226.01,3,Clear,Medium,Cancelled,25.0
ORD_01659,CUST_0747,REST_096,2026-02-07 06:50:03,121.5,2,Clear,Medium,Delivered,28.0
ORD_01660,CUST_0313,REST_056,2026-05-24 02:11:33,100.0,4,Clear,Low,Delivered,33.0
ORD_01661,CUST_0365,REST_023,2026-06-20 09:02:47,143.2,6,Cloudy,Low,Delivered,40.0
ORD_01662,CUST_0777,REST_017,2026-06-17 02:23:54,326.29,1,Rain,High,Delivered,10.0
ORD_01663,CUST_0799,REST_080,2026-01-31 23:47:16,147.71,4,Clear,Medium,Delivered,35.0
ORD_01664,CUST_0839,REST_038,2026-04-06 19:34:13,428.8,4,Clear,High,Delivered,40.0
ORD_01665,CUST_0905,REST_072,2026-05-01 11:29:47,245.15,6,Rain,Low,Delivered,15.0
ORD_01666,CUST_0269,REST_083,2026-04-06 03:38:17,145.95,4,Clear,High,Delivered,19.0
ORD_01667,CUST_0698,REST_030,2026-05-22 15:56:55,343.1,4,Clear,Medium,Delivered,21.0
ORD_01668,CUST_0131,REST_058,2026-01-08 00:46:52,231.59,2,Cloudy,High,Delivered,18.0
ORD_01669,CUST_0803,REST_098,2026-05-31 11:26:29,108.54,5,Cloudy,Medium,Cancelled,24.0
ORD_01670,CUST_0993,REST_078,2026-03-10 09:09:47,503.88,2,Cloudy,High,Delivered,35.0
ORD_01671,CUST_0789,REST_022,2026-04-25 17:11:20,209.08,6,Cloudy,Medium,Delivered,17.0
ORD_01672,CUST_0832,REST_017,2026-03-18 20:12:30,183.16,3,Clear,Medium,Delivered,18.0
ORD_01673,CUST_0351,REST_015,2026-01-11 00:46:03,113.23,6,Clear,Low,Delivered,33.0
ORD_01674,CUST_0180,REST_048,2026-05-16 09:27:20,346.8,6,Clear,Medium,Delivered,30.0
ORD_01675,CUST_0802,REST_032,2026-04-09 19:57:12,240.93,6,Rain,High,Delivered,24.0
ORD_01676,CUST_0480,REST_077,2026-03-30 06:17:09,256.23,6,Rain,Low,Delivered,14.0
ORD_01677,CUST_0889,REST_085,2026-06-22 04:50:51,137.12,4,Clear,Medium,Delivered,13.0
ORD_01678,CUST_0163,REST_040,2026-06-30 03:16:30,286.79,6,Clear,Low,Delivered,29.0
ORD_01679,CUST_0783,REST_097,2026-02-25 02:52:27,299.32,3,Clear,High,Delivered,10.0
ORD_01680,CUST_0888,REST_057,2026-03-12 23:46:48,125.48,6,Clear,High,Delivered,26.0
ORD_01681,CUST_0096,REST_058,2026-03-09 21:18:42,100.0,2,Clear,Medium,Cancelled,18.0
ORD_01682,CUST_0774,REST_091,2026-01-29 03:21:24,249.57,4,Cloudy,Low,Delivered,16.0
ORD_01683,CUST_0510,REST_099,2026-01-10 12:59:13,100.0,2,Heavy Rain,Medium,Delivered,32.0
ORD_01684,CUST_0365,REST_016,2026-02-23 18:42:03,197.08,4,Clear,Low,Delivered,27.0
ORD_01685,CUST_0981,REST_028,2026-02-11 21:30:20,141.74,2,Clear,Medium,Delivered,26.0
ORD_01686,CUST_0353,REST_098,2026-03-24 11:02:36,354.34,1,Clear,Low,Delivered,21.0
ORD_01687,CUST_0800,REST_001,2026-03-30 15:02:31,146.05,5,Clear,Medium,Delivered,16.0
ORD_01688,CUST_0436,REST_041,2026-06-15 21:49:46,333.29,5,Clear,Low,Delivered,31.0
ORD_01689,CUST_0083,REST_048,2026-03-30 14:33:48,136.62,4,Rain,Low,Delivered,30.0
ORD_01690,CUST_0225,REST_031,2026-05-28 22:38:27,314.19,1,Clear,Low,Delivered,31.0
ORD_01691,CUST_0412,REST_036,2026-01-04 13:38:13,562.95,3,Heavy Rain,Medium,Delivered,21.0
ORD_01692,CUST_0735,REST_033,2026-03-29 18:56:37,100.74,1,Cloudy,Medium,Delivered,28.0
ORD_01693,CUST_0981,REST_033,2026-03-24 02:28:47,212.86,4,Cloudy,Low,Cancelled,29.0
ORD_01694,CUST_0118,REST_082,2026-05-08 09:21:24,822.07,1,Clear,Medium,Delivered,38.0
ORD_01695,CUST_0482,REST_023,2026-06-13 20:45:31,188.03,3,Cloudy,High,Delivered,35.0
ORD_01696,CUST_0192,REST_060,2026-06-12 09:42:03,187.54,4,Clear,Low,Delivered,21.0
ORD_01697,CUST_0591,REST_087,2026-04-26 22:13:04,279.69,5,Clear,High,Delivered,15.0
ORD_01698,CUST_0590,REST_079,2026-05-19 18:20:42,185.41,6,Clear,Medium,Delivered,34.0
ORD_01699,CUST_0659,REST_090,2026-06-17 20:54:30,100.0,1,Rain,Low,Delivered,36.0
ORD_01700,CUST_0107,REST_030,2026-06-27 10:26:33,337.9,5,Clear,Medium,Delivered,19.0
ORD_01701,CUST_0382,REST_089,2026-05-17 20:04:30,100.0,5,Clear,Medium,Delivered,18.0
ORD_01702,CUST_0783,REST_045,2026-01-31 01:11:19,144.14,2,Clear,Medium,Delivered,33.0
ORD_01703,CUST_0390,REST_080,2026-06-10 22:22:40,352.16,3,Clear,Low,Delivered,36.0
ORD_01704,CUST_0244,REST_039,2026-05-05 22:58:49,148.99,6,Clear,High,Delivered,26.0
ORD_01705,CUST_0585,REST_045,2026-06-14 16:45:10,123.78,1,Clear,Medium,Cancelled,37.0
ORD_01706,CUST_0869,REST_078,2026-05-09 16:52:03,294.0,5,Cloudy,Medium,Delivered,37.0
ORD_01707,CUST_0468,REST_081,2026-05-04 21:02:29,113.51,5,Clear,Low,Delivered,20.0
ORD_01708,CUST_0866,REST_012,2026-04-15 14:19:20,100.0,3,Rain,Low,Delivered,14.0
ORD_01709,CUST_0934,REST_093,2026-06-09 20:32:14,210.82,6,Cloudy,Medium,Delivered,16.0
ORD_01710,CUST_0538,REST_032,2026-06-24 05:13:19,163.92,6,Clear,Medium,Delivered,16.0
ORD_01711,CUST_0210,REST_056,2026-01-15 05:13:11,100.0,5,Cloudy,High,Delivered,33.0
ORD_01712,CUST_0604,REST_024,2026-05-26 09:59:43,257.32,5,Cloudy,Medium,Delivered,33.0
ORD_01713,CUST_0637,REST_013,2026-06-25 09:05:35,234.03,5,Cloudy,Low,Delivered,17.0
ORD_01714,CUST_0947,REST_020,2026-02-16 17:04:36,148.73,5,Cloudy,Medium,Delivered,17.0
ORD_01715,CUST_0073,REST_079,2026-01-13 03:01:37,154.43,2,Cloudy,Low,Delivered,25.0
ORD_01716,CUST_0992,REST_056,2026-05-28 23:06:59,234.8,2,Clear,Medium,Delivered,29.0
ORD_01717,CUST_0635,REST_053,2026-04-19 03:29:49,348.87,6,Cloudy,High,Delivered,19.0
ORD_01718,CUST_0309,REST_068,2026-06-26 15:04:33,155.16,4,Clear,Medium,Delivered,27.0
ORD_01719,CUST_0696,REST_054,2026-05-18 20:24:22,259.84,1,Cloudy,High,Cancelled,28.0
ORD_01720,CUST_0699,REST_034,2026-06-21 04:11:02,247.36,3,Clear,High,Delivered,16.0
ORD_01721,CUST_0710,REST_028,2026-01-16 20:28:13,294.01,4,Rain,Medium,Delivered,26.0
ORD_01722,CUST_0590,REST_050,2026-03-09 08:33:02,185.23,2,Clear,Low,Delivered,28.0
ORD_01723,CUST_0860,REST_002,2026-01-05 20:20:18,109.75,2,Cloudy,Medium,Delivered,33.0
ORD_01724,CUST_0186,REST_094,2026-04-23 02:32:13,140.56,2,Rain,Low,Delivered,17.0
ORD_01725,CUST_0856,REST_026,2026-06-11 03:35:24,218.89,4,Rain,Medium,Delivered,35.0
ORD_01726,CUST_0253,REST_051,2026-01-29 12:47:34,492.83,2,Cloudy,High,Delivered,17.0
ORD_01727,CUST_0013,REST_047,2026-06-11 08:53:02,138.9,4,Clear,Medium,Delivered,29.0
ORD_01728,CUST_0299,REST_026,2026-01-12 23:20:16,282.2,2,Rain,High,Delivered,37.0
ORD_01729,CUST_0076,REST_084,2026-06-12 13:47:44,151.35,5,Cloudy,High,Delivered,24.0
ORD_01730,CUST_0051,REST_092,2026-01-16 23:06:16,192.63,5,Cloudy,High,Delivered,24.0
ORD_01731,CUST_0787,REST_084,2026-01-22 12:24:53,417.16,1,Rain,Low,Delivered,15.0
ORD_01732,CUST_0149,REST_075,2026-02-17 18:26:36,275.99,2,Clear,High,Delivered,14.0
ORD_01733,CUST_0731,REST_074,2026-05-05 15:53:49,100.0,1,Clear,Medium,Delivered,13.0
ORD_01734,CUST_0122,REST_061,2026-01-10 04:00:47,132.31,4,Cloudy,Low,Delivered,32.0
ORD_01735,CUST_0211,REST_023,2026-05-24 00:44:11,361.74,1,Rain,High,Delivered,32.0
ORD_01736,CUST_0280,REST_037,2026-01-06 22:46:44,195.98,2,Clear,High,Cancelled,17.0
ORD_01737,CUST_0538,REST_041,2026-03-31 06:29:00,100.0,4,Cloudy,Medium,Delivered,40.0
ORD_01738,CUST_0685,REST_052,2026-03-08 00:33:35,115.54,4,Clear,High,Delivered,24.0
ORD_01739,CUST_0156,REST_083,2026-03-20 23:55:49,266.91,5,Cloudy,Low,Delivered,16.0
ORD_01740,CUST_0238,REST_082,2026-02-04 15:51:17,313.23,4,Rain,Medium,Delivered,30.0
ORD_01741,CUST_0376,REST_049,2026-01-01 05:19:52,183.06,4,Clear,Low,Delivered,31.0
ORD_01742,CUST_0082,REST_027,2026-03-25 11:24:51,707.28,1,Cloudy,Medium,Delivered,31.0
ORD_01743,CUST_0492,REST_006,2026-01-22 19:58:58,285.23,6,Rain,Medium,Delivered,22.0
ORD_01744,CUST_0356,REST_074,2026-01-15 18:44:00,158.55,4,Clear,Low,Delivered,15.0
ORD_01745,CUST_0925,REST_066,2026-03-06 07:02:53,115.74,3,Clear,Medium,Delivered,29.0
ORD_01746,CUST_0273,REST_024,2026-06-08 13:31:10,106.04,6,Clear,Low,Delivered,35.0
ORD_01747,CUST_0580,REST_038,2026-01-08 05:12:01,218.0,5,Rain,Low,Delivered,34.0
ORD_01748,CUST_0044,REST_028,2026-05-18 16:44:06,138.54,5,Clear,Medium,Cancelled,26.0
ORD_01749,CUST_0573,REST_028,2026-06-19 19:53:25,455.12,4,Clear,Medium,Delivered,22.0
ORD_01750,CUST_0123,REST_066,2026-04-23 22:32:26,406.05,1,Clear,Medium,Delivered,27.0
ORD_01751,CUST_0349,REST_061,2026-05-26 00:35:51,256.77,6,Clear,Low,Delivered,33.0
ORD_01752,CUST_0708,REST_046,2026-05-28 05:45:33,100.0,5,Cloudy,Medium,Delivered,15.0
ORD_01753,CUST_0330,REST_069,2026-01-11 11:16:40,125.25,5,Rain,Low,Delivered,25.0
ORD_01754,CUST_0409,REST_075,2026-05-02 23:17:34,361.63,3,Clear,Medium,Delivered,11.0
ORD_01755,CUST_0991,REST_074,2026-04-04 13:22:45,133.0,4,Cloudy,High,Delivered,6.0
ORD_01756,CUST_0323,REST_043,2026-01-04 07:28:22,336.02,6,Cloudy,Low,Delivered,24.0
ORD_01757,CUST_0111,REST_059,2026-06-22 11:08:35,235.34,5,Clear,Medium,Delivered,33.0
ORD_01758,CUST_0770,REST_002,2026-03-08 11:30:09,186.5,5,Clear,Low,Delivered,41.0
ORD_01759,CUST_0089,REST_015,2026-04-21 11:25:44,123.15,5,Rain,Medium,Delivered,26.0
ORD_01760,CUST_0433,REST_037,2026-02-18 02:55:52,172.12,5,Cloudy,Medium,Delivered,15.0
ORD_01761,CUST_0710,REST_071,2026-06-08 22:59:26,201.2,1,Cloudy,High,Delivered,31.0
ORD_01762,CUST_0794,REST_020,2026-04-14 03:17:07,319.86,2,Clear,Medium,Delivered,15.0
ORD_01763,CUST_0712,REST_098,2026-03-02 13:47:23,111.37,3,Rain,Medium,Cancelled,19.0
ORD_01764,CUST_0099,REST_035,2026-02-23 12:44:18,156.88,1,Cloudy,Medium,Delivered,27.0
ORD_01765,CUST_0539,REST_034,2026-05-02 10:19:53,185.8,3,Rain,Low,Delivered,12.0
ORD_01766,CUST_0601,REST_086,2026-01-13 00:59:57,260.99,5,Heavy Rain,High,Delivered,38.0
ORD_01767,CUST_0146,REST_031,2026-05-19 07:42:18,109.99,3,Heavy Rain,Medium,Delivered,26.0
ORD_01768,CUST_0694,REST_087,2026-01-16 00:10:29,100.0,4,Rain,Low,Delivered,10.0
ORD_01769,CUST_0257,REST_019,2026-02-06 01:16:45,262.61,4,Clear,Medium,Delivered,18.0
ORD_01770,CUST_0189,REST_068,2026-04-21 09:02:05,100.0,2,Rain,Medium,Delivered,19.0
ORD_01771,CUST_0240,REST_024,2026-02-14 19:47:46,367.51,2,Clear,Low,Delivered,32.0
ORD_01772,CUST_0871,REST_084,2026-05-09 12:31:28,166.37,3,Rain,Medium,Delivered,23.0
ORD_01773,CUST_0899,REST_039,2026-02-04 14:58:59,100.0,1,Clear,Medium,Delivered,22.0
ORD_01774,CUST_0503,REST_092,2026-03-07 12:28:48,139.18,1,Cloudy,Medium,Delivered,23.0
ORD_01775,CUST_0708,REST_054,2026-05-16 22:01:05,223.3,5,Clear,Low,Delivered,29.0
ORD_01776,CUST_0809,REST_039,2026-05-28 14:28:34,135.24,1,Rain,High,Delivered,29.0
ORD_01777,CUST_0677,REST_017,2026-03-16 17:02:15,183.28,2,Clear,Low,Delivered,12.0
ORD_01778,CUST_0819,REST_019,2026-05-11 12:17:45,272.34,1,Clear,Medium,Delivered,26.0
ORD_01779,CUST_0271,REST_048,2026-01-22 10:37:55,162.19,5,Rain,Medium,Delivered,32.0
ORD_01780,CUST_0520,REST_035,2026-03-19 13:18:27,108.27,4,Cloudy,Low,Delivered,32.0
ORD_01781,CUST_0550,REST_032,2026-06-07 20:23:40,153.79,1,Clear,Low,Delivered,17.0
ORD_01782,CUST_0114,REST_047,2026-03-30 15:01:13,394.71,1,Clear,Low,Delivered,31.0
ORD_01783,CUST_0339,REST_047,2026-01-13 04:14:23,457.96,2,Clear,Low,Delivered,29.0
ORD_01784,CUST_0568,REST_064,2026-03-29 15:13:12,100.0,3,Cloudy,Low,Delivered,13.0
ORD_01785,CUST_0943,REST_046,2026-03-24 14:06:30,330.32,4,Heavy Rain,Medium,Delivered,14.0
ORD_01786,CUST_0986,REST_035,2026-05-11 09:56:31,208.01,3,Cloudy,Medium,Delivered,32.0
ORD_01787,CUST_0359,REST_094,2026-03-18 22:49:21,301.33,5,Clear,Medium,Delivered,15.0
ORD_01788,CUST_0650,REST_017,2026-01-31 02:56:02,133.92,5,Clear,Low,Delivered,12.0
ORD_01789,CUST_0614,REST_042,2026-04-27 06:42:59,100.0,3,Heavy Rain,High,Delivered,30.0
ORD_01790,CUST_0334,REST_029,2026-06-18 17:27:47,250.0,2,Clear,Low,Delivered,30.0
ORD_01791,CUST_0689,REST_070,2026-03-16 01:32:57,108.04,6,Cloudy,Medium,Delivered,20.0
ORD_01792,CUST_0169,REST_017,2026-05-06 05:15:35,100.0,2,Clear,Low,Delivered,13.0
ORD_01793,CUST_0339,REST_081,2026-04-24 05:39:05,100.0,6,Rain,Low,Delivered,29.0
ORD_01794,CUST_0798,REST_014,2026-04-23 10:21:49,252.27,6,Rain,Medium,Delivered,24.0
ORD_01795,CUST_0261,REST_024,2026-03-24 09:09:13,195.72,2,Clear,Medium,Delivered,31.0
ORD_01796,CUST_0887,REST_057,2026-04-02 02:53:09,278.76,6,Cloudy,Medium,Delivered,20.0
ORD_01797,CUST_0735,REST_050,2026-01-04 13:21:51,261.91,6,Cloudy,Medium,Delivered,25.0
ORD_01798,CUST_0199,REST_057,2026-06-04 15:58:58,143.81,6,Clear,High,Delivered,22.0
ORD_01799,CUST_0211,REST_061,2026-02-08 20:55:38,174.38,4,Clear,Medium,Delivered,35.0
ORD_01800,CUST_0287,REST_039,2026-01-22 11:15:36,136.83,5,Cloudy,Medium,Delivered,30.0
ORD_01801,CUST_0692,REST_055,2026-02-08 19:28:41,161.47,6,Clear,Low,Delivered,38.0
ORD_01802,CUST_0762,REST_096,2026-05-05 20:31:43,106.49,5,Rain,Low,Delivered,28.0
ORD_01803,CUST_0743,REST_036,2026-03-19 13:30:47,224.7,5,Clear,Medium,Delivered,20.0
ORD_01804,CUST_0472,REST_037,2026-02-10 05:06:16,327.44,4,Clear,Medium,Delivered,20.0
ORD_01805,CUST_0482,REST_014,2026-06-01 01:34:06,115.68,5,Clear,Medium,Delivered,30.0
ORD_01806,CUST_0023,REST_027,2026-02-19 08:43:11,366.76,3,Clear,Low,Delivered,27.0
ORD_01807,CUST_0560,REST_083,2026-01-30 03:12:52,192.95,1,Clear,High,Delivered,21.0
ORD_01808,CUST_0109,REST_031,2026-05-24 20:44:50,206.97,4,Clear,High,Delivered,28.0
ORD_01809,CUST_0296,REST_073,2026-02-26 12:05:23,100.0,1,Cloudy,Medium,Delivered,32.0
ORD_01810,CUST_0006,REST_081,2026-02-03 07:30:37,100.0,3,Heavy Rain,High,Delivered,27.0
ORD_01811,CUST_0550,REST_083,2026-03-09 17:57:32,196.23,2,Rain,High,Delivered,19.0
ORD_01812,CUST_0681,REST_044,2026-02-19 12:45:31,279.88,2,Clear,High,Cancelled,18.0
ORD_01813,CUST_0868,REST_068,2026-04-09 05:16:04,125.3,6,Rain,Medium,Delivered,21.0
ORD_01814,CUST_0795,REST_048,2026-02-25 02:49:12,454.21,2,Clear,High,Delivered,31.0
ORD_01815,CUST_0203,REST_057,2026-04-11 10:33:28,271.57,4,Clear,Low,Delivered,18.0
ORD_01816,CUST_0325,REST_075,2026-04-02 02:14:05,109.99,2,Clear,Medium,Delivered,8.0
ORD_01817,CUST_0825,REST_022,2026-06-13 21:22:26,184.37,4,Clear,Medium,Delivered,24.0
ORD_01818,CUST_0785,REST_004,2026-06-07 19:52:06,707.91,4,Rain,Medium,Delivered,14.0
ORD_01819,CUST_0244,REST_081,2026-02-19 20:53:03,100.0,1,Clear,Low,Delivered,19.0
ORD_01820,CUST_0327,REST_072,2026-05-15 03:56:05,242.39,2,Cloudy,High,Delivered,20.0
ORD_01821,CUST_0987,REST_046,2026-01-11 15:43:58,151.79,5,Clear,Medium,Delivered,23.0
ORD_01822,CUST_0047,REST_059,2026-01-22 00:08:51,267.41,2,Rain,Low,Delivered,36.0
ORD_01823,CUST_0761,REST_034,2026-01-31 20:10:39,363.94,2,Rain,Medium,Delivered,17.0
ORD_01824,CUST_0591,REST_011,2026-02-25 12:08:04,146.58,2,Clear,High,Delivered,23.0
ORD_01825,CUST_0622,REST_031,2026-01-05 11:31:09,335.43,6,Cloudy,High,Delivered,33.0
ORD_01826,CUST_0013,REST_011,2026-06-03 14:41:34,615.02,5,Cloudy,Medium,Delivered,23.0
ORD_01827,CUST_0907,REST_056,2026-06-28 13:48:57,188.0,5,Cloudy,Low,Delivered,31.0
ORD_01828,CUST_0380,REST_038,2026-01-22 11:18:41,279.13,4,Cloudy,Low,Cancelled,31.0
ORD_01829,CUST_0365,REST_021,2026-01-09 07:42:34,131.01,5,Cloudy,Low,Delivered,20.0
ORD_01830,CUST_0602,REST_094,2026-03-09 20:41:10,183.2,4,Clear,Low,Delivered,25.0
ORD_01831,CUST_0342,REST_010,2026-06-22 23:21:17,164.49,1,Cloudy,Medium,Delivered,31.0
ORD_01832,CUST_0860,REST_026,2026-05-04 10:50:59,280.99,4,Clear,Medium,Delivered,39.0
ORD_01833,CUST_0792,REST_091,2026-04-13 14:04:01,351.63,2,Clear,Low,Delivered,14.0
ORD_01834,CUST_0221,REST_008,2026-06-24 12:36:37,170.66,3,Rain,High,Cancelled,29.0
ORD_01835,CUST_0073,REST_008,2026-05-24 12:03:06,421.36,3,Clear,Medium,Delivered,32.0
ORD_01836,CUST_0746,REST_060,2026-02-17 13:54:51,420.53,6,Clear,High,Delivered,23.0
ORD_01837,CUST_0772,REST_072,2026-03-14 13:06:25,288.81,2,Clear,Medium,Cancelled,23.0
ORD_01838,CUST_0625,REST_034,2026-03-23 03:36:31,136.48,4,Clear,Medium,Delivered,21.0
ORD_01839,CUST_0046,REST_016,2026-03-21 19:24:41,129.48,2,Clear,Medium,Delivered,33.0
ORD_01840,CUST_0504,REST_013,2026-05-01 00:49:37,115.95,6,Heavy Rain,Medium,Delivered,18.0
ORD_01841,CUST_0274,REST_087,2026-06-08 01:18:14,305.53,5,Clear,Medium,Delivered,9.0
ORD_01842,CUST_0555,REST_076,2026-02-12 09:07:12,100.0,4,Cloudy,Medium,Delivered,16.0
ORD_01843,CUST_0208,REST_091,2026-01-03 15:18:14,263.03,2,Clear,High,Delivered,18.0
ORD_01844,CUST_0929,REST_022,2026-01-13 06:50:49,100.02,5,Cloudy,High,Delivered,19.0
ORD_01845,CUST_0861,REST_096,2026-05-03 19:39:32,285.13,6,Heavy Rain,Medium,Delivered,30.0
ORD_01846,CUST_0615,REST_027,2026-02-04 07:47:12,183.0,5,Clear,Low,Delivered,27.0
ORD_01847,CUST_0124,REST_064,2026-05-26 05:05:03,377.47,4,Rain,High,Delivered,9.0
ORD_01848,CUST_0010,REST_002,2026-05-08 16:51:49,339.61,6,Heavy Rain,Medium,Delivered,34.0
ORD_01849,CUST_0329,REST_097,2026-05-07 03:41:26,399.13,6,Cloudy,Medium,Delivered,18.0
ORD_01850,CUST_0187,REST_026,2026-03-02 03:41:36,404.82,6,Clear,Medium,Delivered,32.0
ORD_01851,CUST_0543,REST_092,2026-05-26 18:59:20,196.17,1,Cloudy,Low,Delivered,28.0
ORD_01852,CUST_0668,REST_083,2026-06-14 00:22:54,100.0,6,Rain,Low,Delivered,18.0
ORD_01853,CUST_0060,REST_069,2026-05-09 06:40:06,101.61,1,Clear,Low,Delivered,28.0
ORD_01854,CUST_0761,REST_097,2026-04-13 20:56:48,100.0,5,Clear,Low,Cancelled,10.0
ORD_01855,CUST_0899,REST_084,2026-05-19 20:04:50,100.0,1,Clear,Medium,Delivered,15.0
ORD_01856,CUST_0886,REST_030,2026-04-19 07:08:31,188.27,5,Clear,Low,Delivered,17.0
ORD_01857,CUST_0951,REST_008,2026-05-02 00:35:48,133.25,1,Rain,High,Delivered,27.0
ORD_01858,CUST_0782,REST_038,2026-05-17 02:30:11,164.17,5,Clear,Medium,Delivered,33.0
ORD_01859,CUST_0442,REST_061,2026-03-22 21:37:03,237.7,5,Clear,Medium,Delivered,36.0
ORD_01860,CUST_0217,REST_081,2026-05-27 09:26:22,153.36,6,Cloudy,Low,Cancelled,29.0
ORD_01861,CUST_0911,REST_065,2026-06-22 00:43:12,100.0,6,Clear,Medium,Delivered,21.0
ORD_01862,CUST_0002,REST_067,2026-01-19 10:40:03,176.04,5,Clear,Low,Cancelled,10.0
ORD_01863,CUST_0536,REST_046,2026-04-06 00:41:58,110.59,6,Cloudy,Medium,Delivered,22.0
ORD_01864,CUST_0718,REST_090,2026-01-16 20:15:06,156.19,5,Clear,High,Delivered,31.0
ORD_01865,CUST_0832,REST_095,2026-01-25 13:54:59,379.38,6,Clear,Medium,Delivered,25.0
ORD_01866,CUST_0711,REST_072,2026-06-08 20:46:00,156.21,3,Clear,Low,Cancelled,22.0
ORD_01867,CUST_0356,REST_043,2026-01-23 05:33:51,480.12,1,Cloudy,High,Delivered,18.0
ORD_01868,CUST_0626,REST_059,2026-02-02 10:52:23,398.38,5,Rain,Medium,Delivered,35.0
ORD_01869,CUST_0792,REST_046,2026-01-11 21:56:20,131.81,2,Rain,Low,Delivered,14.0
ORD_01870,CUST_0667,REST_072,2026-03-23 07:27:07,100.0,6,Clear,Medium,Delivered,24.0
ORD_01871,CUST_0165,REST_035,2026-01-10 05:25:18,176.11,6,Cloudy,High,Delivered,25.0
ORD_01872,CUST_0998,REST_039,2026-05-28 08:32:00,341.84,4,Rain,Low,Delivered,21.0
ORD_01873,CUST_0734,REST_092,2026-03-06 02:38:06,138.43,2,Clear,High,Delivered,28.0
ORD_01874,CUST_0091,REST_051,2026-04-29 21:17:12,298.7,2,Rain,Low,Delivered,15.0
ORD_01875,CUST_0167,REST_004,2026-04-06 20:42:57,352.36,3,Rain,Low,Delivered,17.0
ORD_01876,CUST_0959,REST_080,2026-03-30 08:30:29,118.43,1,Clear,Medium,Delivered,31.0
ORD_01877,CUST_0207,REST_077,2026-02-12 17:28:09,124.98,3,Clear,Low,Delivered,20.0
ORD_01878,CUST_0282,REST_084,2026-05-03 23:59:59,268.26,1,Clear,Medium,Delivered,20.0
ORD_01879,CUST_0065,REST_051,2026-05-14 17:26:05,197.06,5,Clear,Low,Delivered,19.0
ORD_01880,CUST_0888,REST_005,2026-04-15 13:20:52,124.3,3,Rain,Medium,Delivered,35.0
ORD_01881,CUST_0516,REST_055,2026-04-03 07:32:41,149.35,4,Rain,Low,Delivered,45.0
ORD_01882,CUST_0157,REST_020,2026-03-02 04:34:04,174.38,1,Clear,Medium,Delivered,15.0
ORD_01883,CUST_0761,REST_024,2026-02-23 22:21:50,100.0,3,Cloudy,Medium,Delivered,34.0
ORD_01884,CUST_0769,REST_036,2026-05-05 16:29:27,276.19,4,Cloudy,High,Delivered,15.0
ORD_01885,CUST_0747,REST_034,2026-05-17 18:10:02,139.31,2,Clear,Medium,Delivered,20.0
ORD_01886,CUST_0306,REST_054,2026-02-27 02:36:50,100.0,6,Cloudy,Medium,Delivered,24.0
ORD_01887,CUST_0878,REST_034,2026-02-24 10:25:57,178.91,5,Rain,Medium,Delivered,12.0
ORD_01888,CUST_0982,REST_083,2026-06-29 03:46:29,120.56,5,Clear,High,Delivered,16.0
ORD_01889,CUST_0395,REST_017,2026-06-09 09:30:01,458.91,2,Clear,Low,Delivered,12.0
ORD_01890,CUST_0074,REST_005,2026-01-05 21:29:54,131.37,3,Clear,Medium,Delivered,33.0
ORD_01891,CUST_0187,REST_089,2026-02-10 15:04:11,100.0,6,Clear,Medium,Delivered,22.0
ORD_01892,CUST_0574,REST_018,2026-04-05 04:51:55,239.69,2,Clear,Low,Delivered,32.0
ORD_01893,CUST_0337,REST_055,2026-02-26 10:20:30,126.06,4,Clear,High,Delivered,43.0
ORD_01894,CUST_0676,REST_053,2026-04-17 07:11:55,118.07,6,Cloudy,Medium,Delivered,24.0
ORD_01895,CUST_0568,REST_050,2026-03-03 05:01:26,239.9,1,Rain,Medium,Delivered,26.0
ORD_01896,CUST_0623,REST_072,2026-01-01 00:27:38,102.28,3,Clear,High,Delivered,22.0
ORD_01897,CUST_0730,REST_091,2026-01-27 21:12:03,100.0,6,Clear,Medium,Delivered,20.0
ORD_01898,CUST_0240,REST_079,2026-06-08 14:39:16,468.39,1,Rain,High,Delivered,29.0
ORD_01899,CUST_0533,REST_045,2026-04-24 22:37:28,249.32,2,Rain,High,Delivered,40.0
ORD_01900,CUST_0141,REST_013,2026-06-27 22:52:31,156.76,5,Clear,Medium,Delivered,17.0
ORD_01901,CUST_0265,REST_016,2026-03-28 16:21:45,180.93,6,Clear,Low,Delivered,24.0
ORD_01902,CUST_0139,REST_086,2026-06-02 04:19:10,239.42,6,Rain,Low,Delivered,37.0
ORD_01903,CUST_0459,REST_084,2026-03-23 17:39:24,309.62,1,Clear,Medium,Delivered,25.0
ORD_01904,CUST_0070,REST_013,2026-05-26 03:48:51,119.61,1,Clear,High,Delivered,13.0
ORD_01905,CUST_0385,REST_020,2026-01-22 09:53:27,221.71,5,Clear,Low,Cancelled,20.0
ORD_01906,CUST_0630,REST_066,2026-03-05 14:17:35,137.18,1,Clear,Low,Delivered,33.0
ORD_01907,CUST_0198,REST_099,2026-04-11 04:45:28,163.38,1,Clear,Low,Delivered,28.0
ORD_01908,CUST_0205,REST_047,2026-04-23 20:36:41,198.02,6,Clear,Medium,Delivered,27.0
ORD_01909,CUST_0726,REST_019,2026-05-11 12:07:48,180.61,5,Rain,High,Delivered,21.0
ORD_01910,CUST_0568,REST_045,2026-06-29 19:39:58,271.66,5,Rain,Low,Delivered,37.0
ORD_01911,CUST_0799,REST_037,2026-01-31 03:34:38,236.96,6,Heavy Rain,Low,Delivered,21.0
ORD_01912,CUST_0982,REST_054,2026-03-24 23:25:57,100.0,2,Clear,Medium,Delivered,28.0
ORD_01913,CUST_0805,REST_006,2026-04-04 10:36:26,100.0,2,Clear,High,Delivered,16.0
ORD_01914,CUST_0687,REST_014,2026-05-13 17:02:22,147.92,6,Rain,High,Delivered,30.0
ORD_01915,CUST_0859,REST_004,2026-02-01 11:29:31,495.59,1,Cloudy,High,Delivered,10.0
ORD_01916,CUST_0882,REST_086,2026-05-19 06:56:07,113.48,3,Clear,Low,Delivered,43.0
ORD_01917,CUST_0974,REST_055,2026-05-08 13:26:52,161.66,2,Clear,Medium,Delivered,41.0
ORD_01918,CUST_0640,REST_100,2026-06-05 04:37:40,134.96,2,Clear,High,Delivered,31.0
ORD_01919,CUST_0431,REST_034,2026-03-11 01:26:40,133.66,6,Clear,High,Delivered,19.0
ORD_01920,CUST_0890,REST_027,2026-04-22 02:03:35,199.94,6,Clear,Medium,Delivered,29.0
ORD_01921,CUST_0325,REST_007,2026-05-30 09:33:44,391.67,3,Heavy Rain,Medium,Delivered,20.0
ORD_01922,CUST_0442,REST_003,2026-03-10 08:54:47,232.94,3,Clear,High,Delivered,16.0
ORD_01923,CUST_0804,REST_047,2026-05-31 16:58:33,116.52,5,Heavy Rain,Medium,Delivered,33.0
ORD_01924,CUST_0288,REST_097,2026-03-05 00:47:55,824.09,6,Rain,Low,Delivered,13.0
ORD_01925,CUST_0226,REST_002,2026-05-25 04:40:17,189.28,2,Clear,Medium,Cancelled,35.0
ORD_01926,CUST_0064,REST_080,2026-03-08 04:41:07,131.96,4,Cloudy,High,Delivered,28.0
ORD_01927,CUST_0967,REST_025,2026-04-26 01:31:40,394.12,4,Cloudy,Medium,Delivered,28.0
ORD_01928,CUST_0938,REST_060,2026-01-20 18:23:26,140.05,1,Clear,High,Delivered,16.0
ORD_01929,CUST_0560,REST_079,2026-05-08 19:49:02,452.42,2,Clear,Medium,Delivered,30.0
ORD_01930,CUST_0714,REST_024,2026-01-28 22:43:45,112.3,4,Cloudy,Low,Delivered,36.0
ORD_01931,CUST_0498,REST_015,2026-02-14 02:25:05,398.03,2,Cloudy,Low,Delivered,33.0
ORD_01932,CUST_0849,REST_095,2026-03-02 11:54:17,202.47,6,Cloudy,High,Delivered,24.0
ORD_01933,CUST_0926,REST_014,2026-03-06 16:16:02,368.74,2,Clear,Medium,Delivered,25.0
ORD_01934,CUST_0917,REST_054,2026-06-20 16:10:05,515.93,4,Clear,Low,Delivered,20.0
ORD_01935,CUST_0060,REST_078,2026-06-21 16:24:39,100.0,2,Clear,High,Delivered,36.0
ORD_01936,CUST_0397,REST_006,2026-06-03 04:31:47,365.65,3,Clear,Medium,Delivered,26.0
ORD_01937,CUST_0257,REST_078,2026-02-14 13:58:30,100.0,1,Cloudy,High,Delivered,33.0
ORD_01938,CUST_0577,REST_081,2026-06-18 12:59:55,101.91,5,Rain,Medium,Delivered,24.0
ORD_01939,CUST_0239,REST_018,2026-03-26 03:01:38,116.53,4,Cloudy,Low,Delivered,34.0
ORD_01940,CUST_0801,REST_020,2026-02-11 07:57:13,239.13,6,Cloudy,Medium,Delivered,24.0
ORD_01941,CUST_0038,REST_062,2026-06-25 01:54:35,184.59,5,Cloudy,High,Delivered,24.0
ORD_01942,CUST_0025,REST_081,2026-05-12 10:01:50,165.35,1,Cloudy,Low,Delivered,24.0
ORD_01943,CUST_0410,REST_080,2026-01-02 20:45:01,196.45,3,Cloudy,High,Delivered,28.0
ORD_01944,CUST_0461,REST_040,2026-02-01 06:07:43,250.94,3,Clear,Low,Delivered,27.0
ORD_01945,CUST_0571,REST_039,2026-06-12 22:00:28,261.79,3,Heavy Rain,Medium,Delivered,27.0
ORD_01946,CUST_0988,REST_052,2026-01-10 16:53:14,330.89,3,Clear,Medium,Delivered,25.0
ORD_01947,CUST_0417,REST_032,2026-05-18 20:11:57,493.25,4,Clear,High,Delivered,23.0
ORD_01948,CUST_0357,REST_073,2026-06-03 16:08:34,179.15,4,Clear,Medium,Delivered,40.0
ORD_01949,CUST_0383,REST_027,2026-03-09 18:19:29,136.1,2,Clear,Medium,Delivered,30.0
ORD_01950,CUST_0809,REST_052,2026-01-06 10:26:36,254.03,6,Rain,High,Delivered,30.0
ORD_01951,CUST_0158,REST_097,2026-01-14 02:50:35,100.0,2,Clear,Low,Delivered,17.0
ORD_01952,CUST_0569,REST_063,2026-06-27 00:41:25,124.8,6,Rain,Low,Delivered,10.0
ORD_01953,CUST_0433,REST_074,2026-05-15 00:44:53,314.08,1,Clear,Low,Cancelled,11.0
ORD_01954,CUST_0048,REST_063,2026-05-24 13:27:12,169.31,2,Clear,Medium,Delivered,19.0
ORD_01955,CUST_0328,REST_017,2026-02-16 23:21:58,100.0,1,Clear,Medium,Delivered,12.0
ORD_01956,CUST_0433,REST_049,2026-02-28 03:41:15,100.0,1,Cloudy,High,Delivered,28.0
ORD_01957,CUST_0431,REST_100,2026-05-30 02:49:49,186.19,1,Rain,Medium,Cancelled,36.0
ORD_01958,CUST_0056,REST_081,2026-01-31 20:47:09,339.69,3,Clear,Low,Delivered,28.0
ORD_01959,CUST_0577,REST_082,2026-05-28 11:54:59,337.21,5,Clear,High,Delivered,38.0
ORD_01960,CUST_0268,REST_023,2026-04-03 23:48:28,192.67,5,Heavy Rain,Low,Delivered,39.0
ORD_01961,CUST_0069,REST_098,2026-06-05 09:31:06,547.25,4,Clear,High,Delivered,19.0
ORD_01962,CUST_0728,REST_072,2026-02-11 14:39:55,171.12,1,Clear,Low,Delivered,17.0
ORD_01963,CUST_0902,REST_013,2026-03-01 21:06:42,167.97,3,Clear,Low,Cancelled,18.0
ORD_01964,CUST_0601,REST_023,2026-01-25 11:25:32,100.0,2,Clear,Medium,Delivered,36.0
ORD_01965,CUST_0449,REST_057,2026-05-31 00:15:56,141.73,2,Clear,Low,Delivered,27.0
ORD_01966,CUST_0793,REST_062,2026-03-19 09:04:55,289.63,4,Clear,Low,Delivered,20.0
ORD_01967,CUST_0257,REST_054,2026-03-05 16:19:13,428.45,4,Rain,Medium,Delivered,25.0
ORD_01968,CUST_0672,REST_020,2026-01-03 13:58:00,114.82,1,Cloudy,Low,Delivered,25.0
ORD_01969,CUST_0490,REST_086,2026-06-29 02:13:00,233.75,1,Rain,Low,Delivered,36.0
ORD_01970,CUST_0746,REST_052,2026-02-11 01:59:11,322.4,2,Cloudy,Low,Delivered,26.0
ORD_01971,CUST_0643,REST_023,2026-03-21 20:09:59,182.39,2,Cloudy,Medium,Delivered,36.0
ORD_01972,CUST_0049,REST_035,2026-03-07 00:26:04,100.0,2,Cloudy,Medium,Delivered,32.0
ORD_01973,CUST_0659,REST_067,2026-02-05 20:59:46,207.68,2,Rain,Low,Delivered,18.0
ORD_01974,CUST_0316,REST_034,2026-01-29 15:10:36,275.55,5,Clear,Medium,Delivered,12.0
ORD_01975,CUST_0413,REST_033,2026-03-26 07:41:55,107.65,1,Clear,Medium,Delivered,27.0
ORD_01976,CUST_0434,REST_046,2026-05-23 11:58:41,157.62,1,Cloudy,Medium,Delivered,17.0
ORD_01977,CUST_0002,REST_081,2026-02-01 23:54:41,100.0,2,Heavy Rain,Medium,Delivered,25.0
ORD_01978,CUST_0841,REST_045,2026-03-24 02:53:41,100.0,3,Heavy Rain,Low,Delivered,39.0
ORD_01979,CUST_0952,REST_019,2026-01-30 17:13:24,318.89,2,Cloudy,Medium,Delivered,19.0
ORD_01980,CUST_0145,REST_094,2026-02-10 21:57:34,180.9,6,Clear,High,Delivered,15.0
ORD_01981,CUST_0956,REST_087,2026-03-23 13:07:43,436.47,4,Clear,Medium,Delivered,9.0
ORD_01982,CUST_0366,REST_015,2026-06-02 03:04:28,290.48,6,Rain,Low,Delivered,31.0
ORD_01983,CUST_0420,REST_078,2026-04-17 07:56:25,149.18,3,Clear,Low,Delivered,41.0
ORD_01984,CUST_0573,REST_066,2026-06-27 03:54:40,173.17,4,Clear,High,Delivered,28.0
ORD_01985,CUST_0785,REST_039,2026-01-25 19:27:58,247.5,3,Rain,Medium,Delivered,30.0
ORD_01986,CUST_0561,REST_018,2026-05-08 23:36:05,308.52,4,Clear,Medium,Delivered,35.0
ORD_01987,CUST_0844,REST_070,2026-05-19 17:42:58,216.47,2,Cloudy,Low,Delivered,20.0
ORD_01988,CUST_0444,REST_059,2026-03-11 10:30:10,332.98,2,Cloudy,High,Delivered,34.0
ORD_01989,CUST_0916,REST_032,2026-02-08 21:36:06,153.98,3,Clear,Low,Delivered,23.0
ORD_01990,CUST_0434,REST_021,2026-03-20 17:13:16,104.75,4,Clear,Medium,Delivered,27.0
ORD_01991,CUST_0643,REST_040,2026-03-29 16:54:36,174.92,5,Clear,Medium,Delivered,29.0
ORD_01992,CUST_0555,REST_092,2026-02-10 11:45:52,202.93,3,Cloudy,Medium,Delivered,23.0
ORD_01993,CUST_0057,REST_027,2026-01-18 17:11:28,100.0,3,Clear,Low,Delivered,34.0
ORD_01994,CUST_0562,REST_002,2026-05-10 20:31:09,100.0,6,Clear,Low,Delivered,38.0
ORD_01995,CUST_0964,REST_097,2026-04-20 00:59:08,231.84,1,Heavy Rain,High,Delivered,11.0
ORD_01996,CUST_0977,REST_080,2026-02-07 23:30:01,144.97,3,Clear,Medium,Delivered,32.0
ORD_01997,CUST_0178,REST_039,2026-03-11 22:24:02,165.47,5,Clear,High,Delivered,22.0
ORD_01998,CUST_0293,REST_086,2026-04-02 01:44:13,148.74,2,Clear,Medium,Delivered,40.0
ORD_01999,CUST_0046,REST_056,2026-05-22 21:43:51,418.36,4,Clear,High,Delivered,36.0
ORD_02000,CUST_0170,REST_013,2026-05-15 21:25:20,362.84,1,Heavy Rain,High,Delivered,17.0
ORD_02001,CUST_0271,REST_056,2026-04-17 18:52:57,100.0,4,Clear,Medium,Delivered,35.0
ORD_02002,CUST_0417,REST_066,2026-05-07 09:06:20,135.23,2,Clear,Medium,Delivered,25.0
ORD_02003,CUST_0848,REST_078,2026-01-25 12:09:07,289.31,3,Rain,Medium,Delivered,37.0
ORD_02004,CUST_0139,REST_056,2026-05-19 08:56:40,252.41,6,Cloudy,Medium,Delivered,34.0
ORD_02005,CUST_0247,REST_028,2026-02-25 15:30:21,177.19,5,Clear,Medium,Delivered,21.0
ORD_02006,CUST_0148,REST_064,2026-06-18 04:26:11,100.0,1,Rain,High,Delivered,11.0
ORD_02007,CUST_0230,REST_071,2026-05-03 15:53:45,124.54,5,Cloudy,Low,Delivered,27.0
ORD_02008,CUST_0792,REST_082,2026-03-29 23:20:07,136.43,5,Clear,Medium,Delivered,31.0
ORD_02009,CUST_0637,REST_064,2026-03-04 16:06:46,211.1,5,Cloudy,Medium,Delivered,11.0
ORD_02010,CUST_0704,REST_056,2026-05-24 18:45:54,462.69,5,Rain,Low,Delivered,33.0
ORD_02011,CUST_0374,REST_041,2026-05-18 02:57:58,124.24,2,Clear,Medium,Cancelled,36.0
ORD_02012,CUST_0080,REST_100,2026-05-04 15:50:22,103.1,5,Cloudy,High,Delivered,38.0
ORD_02013,CUST_0606,REST_041,2026-04-23 15:01:26,170.76,6,Heavy Rain,Medium,Cancelled,30.0
ORD_02014,CUST_0738,REST_100,2026-01-22 06:33:13,319.72,5,Cloudy,High,Delivered,29.0
ORD_02015,CUST_0065,REST_004,2026-02-16 05:25:54,100.0,2,Clear,Medium,Delivered,19.0
ORD_02016,CUST_0088,REST_057,2026-01-01 12:06:25,403.23,4,Clear,Medium,Delivered,28.0
ORD_02017,CUST_0088,REST_030,2026-03-05 04:19:26,164.91,2,Cloudy,Medium,Delivered,17.0
ORD_02018,CUST_0713,REST_088,2026-02-22 01:05:12,121.04,6,Clear,Low,Delivered,37.0
ORD_02019,CUST_0726,REST_084,2026-03-19 18:06:38,100.0,6,Heavy Rain,Medium,Delivered,21.0
ORD_02020,CUST_0204,REST_046,2026-06-17 20:32:16,267.36,3,Clear,Low,Delivered,23.0
ORD_02021,CUST_0913,REST_056,2026-05-01 12:45:49,164.99,2,Clear,High,Delivered,33.0
ORD_02022,CUST_0382,REST_031,2026-05-20 23:04:06,199.12,4,Cloudy,Low,Delivered,28.0
ORD_02023,CUST_0601,REST_088,2026-05-19 05:33:39,110.45,3,Cloudy,Low,Delivered,33.0
ORD_02024,CUST_0476,REST_007,2026-06-26 04:26:57,152.09,3,Clear,Medium,Delivered,17.0
ORD_02025,CUST_0573,REST_090,2026-06-24 06:23:10,138.71,1,Clear,Medium,Delivered,34.0
ORD_02026,CUST_0783,REST_077,2026-04-27 18:40:17,171.52,5,Cloudy,Low,Delivered,19.0
ORD_02027,CUST_0606,REST_054,2026-06-30 00:28:07,125.43,3,Rain,Low,Delivered,28.0
ORD_02028,CUST_0819,REST_008,2026-01-11 17:38:30,100.0,3,Cloudy,High,Delivered,26.0
ORD_02029,CUST_0539,REST_055,2026-05-30 12:01:15,812.95,6,Clear,Medium,Delivered,38.0
ORD_02030,CUST_0214,REST_069,2026-06-12 01:06:30,100.0,4,Clear,Low,Delivered,31.0
ORD_02031,CUST_0074,REST_044,2026-01-06 01:44:52,200.3,3,Rain,Medium,Delivered,18.0
ORD_02032,CUST_0061,REST_013,2026-01-15 10:48:29,100.0,4,Rain,Low,Cancelled,8.0
ORD_02033,CUST_0698,REST_093,2026-03-23 12:25:35,100.0,5,Clear,Low,Delivered,18.0
ORD_02034,CUST_0543,REST_020,2026-05-19 15:12:25,191.29,6,Cloudy,High,Delivered,16.0
ORD_02035,CUST_0219,REST_078,2026-06-29 01:07:19,199.52,1,Clear,Medium,Delivered,40.0
ORD_02036,CUST_0012,REST_032,2026-01-09 18:11:41,362.79,1,Cloudy,Low,Delivered,16.0
ORD_02037,CUST_0814,REST_060,2026-03-31 15:34:25,225.82,5,Rain,High,Delivered,17.0
ORD_02038,CUST_0415,REST_050,2026-03-16 16:43:48,166.93,5,Clear,High,Delivered,25.0
ORD_02039,CUST_0032,REST_027,2026-03-14 08:47:26,107.52,6,Cloudy,Low,Delivered,33.0
ORD_02040,CUST_0160,REST_025,2026-06-11 03:22:08,413.42,6,Clear,Medium,Delivered,35.0
ORD_02041,CUST_0237,REST_052,2026-05-23 10:22:45,302.13,2,Clear,High,Delivered,27.0
ORD_02042,CUST_0739,REST_068,2026-04-16 20:49:07,100.0,3,Cloudy,Medium,Cancelled,21.0
ORD_02043,CUST_0181,REST_021,2026-01-16 18:09:09,185.1,3,Clear,Medium,Delivered,24.0
ORD_02044,CUST_0829,REST_018,2026-03-31 19:47:34,196.22,3,Cloudy,Medium,Delivered,41.0
ORD_02045,CUST_0558,REST_039,2026-01-19 15:59:40,149.89,4,Clear,Medium,Delivered,24.0
ORD_02046,CUST_0341,REST_015,2026-01-01 17:02:10,277.14,2,Cloudy,Medium,Delivered,27.0
ORD_02047,CUST_0458,REST_053,2026-05-11 13:15:43,286.42,3,Clear,Medium,Cancelled,19.0
ORD_02048,CUST_0080,REST_038,2026-03-14 15:06:18,163.24,4,Cloudy,Low,Delivered,36.0
ORD_02049,CUST_0647,REST_048,2026-01-05 04:51:56,155.33,4,Cloudy,High,Cancelled,31.0
ORD_02050,CUST_0772,REST_052,2026-01-17 13:19:03,413.4,1,Heavy Rain,Low,Delivered,28.0
ORD_02051,CUST_0987,REST_088,2026-01-29 14:48:32,302.8,4,Rain,Medium,Delivered,30.0
ORD_02052,CUST_0820,REST_072,2026-02-18 08:51:17,188.63,5,Clear,Medium,Delivered,22.0
ORD_02053,CUST_0759,REST_028,2026-06-05 12:32:06,100.0,6,Clear,Medium,Delivered,22.0
ORD_02054,CUST_0473,REST_085,2026-03-18 14:36:31,219.03,4,Cloudy,Medium,Delivered,11.0
ORD_02055,CUST_0671,REST_016,2026-03-31 04:52:13,266.12,5,Cloudy,Medium,Cancelled,25.0
ORD_02056,CUST_0715,REST_016,2026-03-10 04:18:34,100.0,5,Clear,Low,Delivered,29.0
ORD_02057,CUST_0112,REST_035,2026-05-25 01:09:34,208.21,1,Clear,Medium,Delivered,33.0
ORD_02058,CUST_0980,REST_017,2026-01-07 19:14:59,144.14,1,Cloudy,High,Delivered,18.0
ORD_02059,CUST_0292,REST_073,2026-01-09 20:26:37,160.54,4,Rain,High,Delivered,37.0
ORD_02060,CUST_0950,REST_099,2026-05-15 08:18:41,110.05,1,Rain,Medium,Delivered,28.0
ORD_02061,CUST_0822,REST_052,2026-05-26 10:50:39,167.08,1,Clear,Medium,Delivered,24.0
ORD_02062,CUST_0631,REST_093,2026-06-01 10:07:53,389.79,6,Clear,Low,Delivered,24.0
ORD_02063,CUST_0383,REST_082,2026-03-10 06:38:48,141.81,3,Clear,Medium,Delivered,35.0
ORD_02064,CUST_0017,REST_012,2026-02-24 08:10:39,308.3,4,Clear,Medium,Delivered,17.0
ORD_02065,CUST_0493,REST_083,2026-02-20 00:31:18,116.34,4,Rain,Low,Delivered,12.0
ORD_02066,CUST_0331,REST_048,2026-02-14 15:43:43,275.15,4,Rain,High,Delivered,29.0
ORD_02067,CUST_0926,REST_022,2026-01-13 11:26:40,181.44,1,Clear,High,Delivered,24.0
ORD_02068,CUST_0739,REST_049,2026-05-14 23:31:35,220.0,6,Clear,Low,Delivered,31.0
ORD_02069,CUST_0873,REST_052,2026-02-24 11:00:30,181.99,1,Clear,Medium,Delivered,31.0
ORD_02070,CUST_0486,REST_079,2026-01-03 20:58:10,257.98,5,Rain,High,Delivered,31.0
ORD_02071,CUST_0406,REST_001,2026-04-23 09:20:03,100.0,2,Clear,Low,Delivered,7.0
ORD_02072,CUST_0117,REST_066,2026-06-24 17:19:39,100.0,2,Clear,Medium,Delivered,27.0
ORD_02073,CUST_0555,REST_064,2026-04-04 02:16:04,228.01,2,Cloudy,Medium,Delivered,12.0
ORD_02074,CUST_0880,REST_008,2026-01-19 00:55:44,100.0,3,Cloudy,Low,Delivered,33.0
ORD_02075,CUST_0115,REST_086,2026-05-29 18:50:06,135.39,1,Rain,Medium,Delivered,38.0
ORD_02076,CUST_0795,REST_025,2026-02-14 01:21:41,175.93,5,Clear,High,Delivered,36.0
ORD_02077,CUST_0549,REST_066,2026-06-08 05:26:33,114.95,5,Cloudy,Medium,Delivered,23.0
ORD_02078,CUST_0814,REST_073,2026-01-31 07:33:09,123.92,2,Clear,Medium,Delivered,41.0
ORD_02079,CUST_0625,REST_073,2026-03-15 14:10:34,210.48,6,Rain,Medium,Delivered,37.0
ORD_02080,CUST_0547,REST_077,2026-05-23 22:47:33,315.8,3,Rain,High,Delivered,15.0
ORD_02081,CUST_0644,REST_070,2026-06-19 06:30:15,107.0,3,Rain,High,Delivered,12.0
ORD_02082,CUST_0336,REST_094,2026-04-25 17:57:25,132.12,2,Clear,Low,Delivered,18.0
ORD_02083,CUST_0336,REST_079,2026-02-10 13:22:59,121.24,2,Rain,High,Delivered,31.0
ORD_02084,CUST_0981,REST_051,2026-04-18 06:13:34,100.0,1,Clear,Low,Delivered,21.0
ORD_02085,CUST_0922,REST_053,2026-06-26 09:28:35,195.97,6,Clear,Low,Delivered,21.0
ORD_02086,CUST_0889,REST_015,2026-01-13 17:02:48,303.11,3,Clear,Medium,Delivered,34.0
ORD_02087,CUST_0740,REST_050,2026-05-04 21:19:43,317.08,5,Cloudy,Medium,Delivered,24.0
ORD_02088,CUST_0147,REST_071,2026-04-22 09:46:29,112.29,2,Clear,Medium,Cancelled,31.0
ORD_02089,CUST_0122,REST_075,2026-06-12 03:57:43,100.0,1,Rain,Medium,Delivered,15.0
ORD_02090,CUST_0081,REST_038,2026-01-31 10:24:39,183.44,5,Cloudy,Low,Delivered,33.0
ORD_02091,CUST_0685,REST_040,2026-01-26 21:13:42,286.03,3,Clear,Low,Delivered,26.0
ORD_02092,CUST_0666,REST_066,2026-05-04 06:39:46,197.39,2,Cloudy,Medium,Delivered,28.0
ORD_02093,CUST_0662,REST_039,2026-03-11 14:29:13,212.54,6,Clear,Low,Delivered,29.0
ORD_02094,CUST_0375,REST_074,2026-03-05 18:14:08,339.68,2,Clear,Low,Delivered,15.0
ORD_02095,CUST_0570,REST_017,2026-04-29 21:53:56,120.72,6,Cloudy,Low,Delivered,16.0
ORD_02096,CUST_0063,REST_007,2026-06-23 23:29:03,160.62,1,Rain,High,Delivered,17.0
ORD_02097,CUST_0504,REST_039,2026-01-25 07:29:48,445.43,1,Clear,High,Delivered,23.0
ORD_02098,CUST_0668,REST_068,2026-04-03 02:31:10,162.67,3,Rain,Low,Delivered,25.0
ORD_02099,CUST_0449,REST_035,2026-02-26 14:28:41,100.0,6,Rain,Low,Delivered,32.0
ORD_02100,CUST_0428,REST_051,2026-03-27 03:21:29,125.44,2,Clear,Medium,Delivered,15.0
ORD_02101,CUST_0868,REST_047,2026-02-24 15:05:02,108.2,1,Cloudy,High,Delivered,29.0
ORD_02102,CUST_0427,REST_036,2026-06-01 01:24:43,220.62,2,Cloudy,Low,Delivered,21.0
ORD_02103,CUST_0421,REST_064,2026-04-29 03:05:13,110.74,3,Clear,High,Delivered,12.0
ORD_02104,CUST_0322,REST_095,2026-03-11 16:49:16,210.41,6,Rain,Medium,Delivered,29.0
ORD_02105,CUST_0913,REST_089,2026-06-07 04:03:29,120.92,2,Rain,High,Delivered,18.0
ORD_02106,CUST_0680,REST_013,2026-02-13 05:47:09,100.0,5,Clear,Low,Cancelled,9.0
ORD_02107,CUST_0166,REST_018,2026-01-10 19:07:34,214.57,2,Heavy Rain,High,Delivered,40.0
ORD_02108,CUST_0597,REST_021,2026-02-01 23:03:38,196.7,4,Clear,Medium,Delivered,24.0
ORD_02109,CUST_0957,REST_065,2026-03-10 09:08:28,240.99,4,Rain,High,Delivered,23.0
ORD_02110,CUST_0649,REST_100,2026-01-31 13:19:46,125.19,3,Clear,Medium,Delivered,38.0
ORD_02111,CUST_0461,REST_008,2026-06-08 21:58:20,118.07,3,Rain,Medium,Delivered,31.0
ORD_02112,CUST_0459,REST_048,2026-04-02 20:46:15,226.06,3,Clear,High,Cancelled,35.0
ORD_02113,CUST_0189,REST_085,2026-03-02 15:48:08,417.99,5,Cloudy,Medium,Delivered,12.0
ORD_02114,CUST_0464,REST_043,2026-01-31 17:23:09,182.39,6,Clear,Medium,Delivered,25.0
ORD_02115,CUST_0912,REST_053,2026-02-08 16:56:21,228.95,5,Clear,Medium,Cancelled,19.0
ORD_02116,CUST_0379,REST_085,2026-06-27 18:25:08,151.89,2,Clear,High,Delivered,16.0
ORD_02117,CUST_0002,REST_027,2026-03-30 08:00:34,100.0,1,Rain,High,Delivered,31.0
ORD_02118,CUST_0618,REST_019,2026-03-03 04:56:50,308.61,6,Clear,Low,Delivered,18.0
ORD_02119,CUST_0364,REST_023,2026-05-14 05:37:58,298.76,4,Cloudy,Medium,Cancelled,39.0
ORD_02120,CUST_0072,REST_050,2026-01-22 03:45:16,267.98,4,Rain,High,Delivered,20.0
ORD_02121,CUST_0427,REST_051,2026-01-09 06:29:24,164.01,4,Rain,Medium,Cancelled,21.0
ORD_02122,CUST_0638,REST_043,2026-03-31 01:19:39,251.74,2,Clear,High,Delivered,20.0
ORD_02123,CUST_0170,REST_099,2026-06-11 02:22:05,296.36,2,Rain,High,Delivered,32.0
ORD_02124,CUST_0205,REST_051,2026-06-17 12:46:29,441.9,3,Clear,High,Delivered,18.0
ORD_02125,CUST_0825,REST_069,2026-06-30 01:22:05,312.21,1,Cloudy,Medium,Delivered,34.0
ORD_02126,CUST_0337,REST_041,2026-05-28 04:56:53,187.75,3,Cloudy,High,Delivered,36.0
ORD_02127,CUST_0999,REST_072,2026-05-02 10:17:44,100.0,2,Clear,High,Cancelled,20.0
ORD_02128,CUST_0472,REST_011,2026-04-21 18:20:32,197.48,5,Clear,High,Delivered,23.0
ORD_02129,CUST_0195,REST_080,2026-02-08 14:07:35,208.75,3,Clear,Low,Delivered,35.0
ORD_02130,CUST_0670,REST_088,2026-06-26 12:50:33,267.73,6,Clear,Low,Delivered,39.0
ORD_02131,CUST_0653,REST_085,2026-06-27 07:55:24,381.7,2,Rain,Medium,Delivered,19.0
ORD_02132,CUST_0275,REST_052,2026-01-14 10:48:28,172.03,2,Clear,Medium,Delivered,24.0
ORD_02133,CUST_0007,REST_023,2026-01-05 21:54:12,575.67,5,Rain,Medium,Cancelled,32.0
ORD_02134,CUST_0905,REST_049,2026-03-15 14:10:36,100.0,5,Clear,Low,Delivered,24.0
ORD_02135,CUST_0979,REST_038,2026-02-04 21:46:29,228.29,5,Heavy Rain,Medium,Delivered,32.0
ORD_02136,CUST_0566,REST_047,2026-03-04 23:59:17,116.84,1,Cloudy,High,Delivered,32.0
ORD_02137,CUST_0616,REST_072,2026-03-19 23:00:18,100.0,6,Rain,High,Delivered,23.0
ORD_02138,CUST_0854,REST_007,2026-03-30 15:05:09,162.23,2,Clear,High,Delivered,22.0
ORD_02139,CUST_0850,REST_066,2026-04-15 23:47:25,100.0,5,Cloudy,Medium,Delivered,27.0
ORD_02140,CUST_0573,REST_094,2026-04-04 02:59:58,165.87,1,Clear,Medium,Delivered,19.0
ORD_02141,CUST_0599,REST_077,2026-03-10 06:56:13,184.77,4,Clear,Medium,Delivered,17.0
ORD_02142,CUST_0770,REST_062,2026-03-22 18:58:50,335.36,6,Cloudy,Medium,Cancelled,16.0
ORD_02143,CUST_0178,REST_087,2026-02-21 11:23:54,100.0,4,Cloudy,Medium,Delivered,8.0
ORD_02144,CUST_0242,REST_029,2026-01-28 00:46:00,298.76,4,Clear,Medium,Delivered,35.0
ORD_02145,CUST_0203,REST_038,2026-04-15 04:46:29,191.32,2,Cloudy,Low,Delivered,30.0
ORD_02146,CUST_0543,REST_084,2026-04-28 21:12:31,319.22,1,Cloudy,Medium,Delivered,17.0
ORD_02147,CUST_0801,REST_033,2026-04-30 01:22:54,142.96,1,Clear,Low,Delivered,23.0
ORD_02148,CUST_0462,REST_029,2026-04-30 22:11:55,100.0,4,Cloudy,Low,Delivered,33.0
ORD_02149,CUST_0080,REST_079,2026-03-03 00:55:24,100.0,6,Cloudy,Medium,Cancelled,33.0
ORD_02150,CUST_0523,REST_023,2026-01-05 08:37:25,100.0,3,Clear,Low,Delivered,36.0
ORD_02151,CUST_0417,REST_003,2026-05-24 15:46:08,235.76,4,Rain,Medium,Delivered,15.0
ORD_02152,CUST_0766,REST_093,2026-04-26 07:17:44,408.42,2,Cloudy,Low,Delivered,20.0
ORD_02153,CUST_0384,REST_045,2026-01-06 00:15:11,132.86,4,Rain,Medium,Delivered,32.0
ORD_02154,CUST_0391,REST_008,2026-03-15 07:26:06,256.22,6,Clear,High,Delivered,34.0
ORD_02155,CUST_0896,REST_086,2026-01-18 03:22:09,100.0,6,Rain,Medium,Delivered,39.0
ORD_02156,CUST_0799,REST_029,2026-02-07 17:13:52,200.17,4,Clear,Medium,Delivered,31.0
ORD_02157,CUST_0688,REST_002,2026-03-14 06:43:14,261.83,1,Clear,High,Delivered,35.0
ORD_02158,CUST_0126,REST_050,2026-01-21 13:42:26,100.0,4,Clear,Medium,Delivered,22.0
ORD_02159,CUST_0494,REST_065,2026-04-25 17:30:12,162.04,5,Rain,Low,Delivered,15.0
ORD_02160,CUST_0047,REST_020,2026-02-15 23:16:32,268.74,5,Cloudy,Low,Delivered,21.0
ORD_02161,CUST_0718,REST_052,2026-02-14 10:04:38,100.0,3,Clear,Medium,Delivered,27.0
ORD_02162,CUST_0476,REST_085,2026-03-06 16:23:12,377.85,2,Clear,Medium,Delivered,20.0
ORD_02163,CUST_0949,REST_037,2026-04-05 00:59:31,220.2,2,Clear,Low,Delivered,14.0
ORD_02164,CUST_0619,REST_072,2026-02-11 07:37:09,268.86,1,Clear,High,Delivered,14.0
ORD_02165,CUST_0464,REST_027,2026-03-27 17:00:46,144.46,2,Cloudy,Low,Delivered,26.0
ORD_02166,CUST_0787,REST_047,2026-02-05 18:40:00,100.0,3,Cloudy,High,Delivered,26.0
ORD_02167,CUST_0849,REST_099,2026-02-12 23:54:46,243.16,5,Rain,High,Delivered,26.0
ORD_02168,CUST_0123,REST_006,2026-02-03 08:12:09,173.22,1,Heavy Rain,High,Delivered,23.0
ORD_02169,CUST_0474,REST_060,2026-03-03 05:43:10,184.5,6,Cloudy,High,Delivered,21.0
ORD_02170,CUST_0134,REST_045,2026-04-30 14:17:10,329.7,5,Clear,Low,Delivered,37.0
ORD_02171,CUST_0619,REST_044,2026-05-20 13:24:34,275.65,3,Clear,Medium,Delivered,21.0
ORD_02172,CUST_0817,REST_083,2026-06-03 06:44:03,521.49,1,Cloudy,Low,Delivered,16.0
ORD_02173,CUST_0841,REST_018,2026-02-20 04:09:25,197.28,4,Clear,High,Delivered,31.0
ORD_02174,CUST_0562,REST_065,2026-01-25 11:33:49,123.94,2,Cloudy,Medium,Cancelled,16.0
ORD_02175,CUST_0849,REST_025,2026-03-24 16:06:02,163.43,3,Heavy Rain,Medium,Delivered,32.0
ORD_02176,CUST_0607,REST_027,2026-04-10 22:43:25,227.83,1,Rain,High,Delivered,24.0
ORD_02177,CUST_0780,REST_007,2026-06-21 20:49:23,316.94,5,Clear,Low,Delivered,23.0
ORD_02178,CUST_0023,REST_044,2026-06-12 11:54:01,100.0,1,Clear,Low,Delivered,19.0
ORD_02179,CUST_0566,REST_029,2026-03-30 02:25:30,182.13,4,Rain,Medium,Delivered,28.0
ORD_02180,CUST_0886,REST_095,2026-04-23 13:23:36,439.33,3,Rain,Medium,Delivered,29.0
ORD_02181,CUST_0766,REST_044,2026-02-03 10:57:12,158.84,1,Clear,Medium,Delivered,26.0
ORD_02182,CUST_0965,REST_036,2026-04-23 12:31:36,302.49,6,Cloudy,Medium,Delivered,18.0
ORD_02183,CUST_0235,REST_019,2026-05-12 14:16:15,237.75,3,Cloudy,High,Delivered,18.0
ORD_02184,CUST_0996,REST_006,2026-02-05 18:14:35,306.65,3,Clear,Low,Delivered,20.0
ORD_02185,CUST_0059,REST_025,2026-01-30 00:38:33,116.12,5,Clear,Medium,Delivered,33.0
ORD_02186,CUST_0164,REST_031,2026-02-17 23:43:01,116.4,2,Rain,Medium,Cancelled,34.0
ORD_02187,CUST_0771,REST_009,2026-04-09 04:24:17,183.3,6,Cloudy,Medium,Delivered,21.0
ORD_02188,CUST_0826,REST_084,2026-03-21 09:49:21,100.0,4,Clear,Medium,Delivered,16.0
ORD_02189,CUST_0216,REST_074,2026-05-16 13:45:30,156.28,1,Cloudy,Low,Delivered,8.0
ORD_02190,CUST_0183,REST_037,2026-02-18 11:34:11,208.32,2,Cloudy,Low,Delivered,24.0
ORD_02191,CUST_0569,REST_027,2026-02-20 10:52:02,483.74,5,Rain,Low,Delivered,28.0
ORD_02192,CUST_0657,REST_013,2026-06-06 08:32:05,226.22,2,Clear,Medium,Delivered,13.0
ORD_02193,CUST_0935,REST_041,2026-02-19 20:46:08,255.67,3,Heavy Rain,Low,Delivered,35.0
ORD_02194,CUST_0090,REST_066,2026-02-15 15:19:43,343.94,3,Clear,Medium,Delivered,23.0
ORD_02195,CUST_0964,REST_085,2026-02-25 17:12:59,106.64,4,Cloudy,Low,Delivered,16.0
ORD_02196,CUST_0311,REST_097,2026-02-02 04:34:28,165.54,6,Cloudy,High,Delivered,19.0
ORD_02197,CUST_0557,REST_024,2026-03-14 00:45:59,688.13,1,Clear,High,Delivered,38.0
ORD_02198,CUST_0972,REST_044,2026-03-10 21:28:41,173.55,1,Clear,Medium,Delivered,17.0
ORD_02199,CUST_0257,REST_098,2026-05-13 13:15:53,334.97,5,Rain,Medium,Delivered,22.0
ORD_02200,CUST_0533,REST_060,2026-05-13 20:52:25,307.99,4,Cloudy,High,Cancelled,24.0
ORD_02201,CUST_0979,REST_009,2026-04-09 02:15:36,100.0,1,Clear,Medium,Delivered,23.0
ORD_02202,CUST_0533,REST_002,2026-03-04 17:53:31,215.03,6,Clear,High,Delivered,39.0
ORD_02203,CUST_0052,REST_056,2026-03-10 11:37:59,196.51,3,Clear,Low,Delivered,37.0
ORD_02204,CUST_0338,REST_030,2026-06-29 07:51:46,217.34,4,Clear,High,Delivered,27.0
ORD_02205,CUST_0171,REST_022,2026-01-14 08:37:52,119.73,2,Heavy Rain,Medium,Delivered,21.0
ORD_02206,CUST_0948,REST_075,2026-03-26 20:46:59,100.0,4,Rain,Low,Cancelled,8.0
ORD_02207,CUST_0067,REST_081,2026-01-04 03:59:51,139.52,4,Heavy Rain,High,Delivered,21.0
ORD_02208,CUST_0625,REST_100,2026-03-04 01:07:14,171.78,6,Clear,High,Delivered,34.0
ORD_02209,CUST_0300,REST_013,2026-01-26 06:35:21,347.84,6,Cloudy,Medium,Delivered,17.0
ORD_02210,CUST_0672,REST_071,2026-01-03 18:06:03,492.51,1,Clear,High,Delivered,24.0
ORD_02211,CUST_0778,REST_016,2026-05-10 19:46:25,390.77,5,Rain,Low,Delivered,23.0
ORD_02212,CUST_0832,REST_097,2026-02-16 14:54:14,290.94,5,Clear,Medium,Delivered,11.0
ORD_02213,CUST_0232,REST_045,2026-04-29 11:45:23,104.34,6,Clear,Low,Delivered,41.0
ORD_02214,CUST_0975,REST_065,2026-03-22 20:16:52,144.76,1,Cloudy,Low,Delivered,16.0
ORD_02215,CUST_0837,REST_011,2026-05-13 05:47:13,203.46,1,Clear,High,Delivered,21.0
ORD_02216,CUST_0068,REST_070,2026-02-27 05:31:21,128.02,1,Cloudy,Medium,Delivered,10.0
ORD_02217,CUST_0506,REST_020,2026-06-10 09:56:17,249.0,6,Cloudy,Low,Delivered,23.0
ORD_02218,CUST_0028,REST_099,2026-03-02 22:54:00,269.42,5,Cloudy,Medium,Delivered,34.0
ORD_02219,CUST_0949,REST_063,2026-01-22 06:34:02,243.46,1,Heavy Rain,Low,Delivered,14.0
ORD_02220,CUST_0628,REST_090,2026-06-21 10:15:05,318.56,6,Clear,Medium,Delivered,35.0
ORD_02221,CUST_0051,REST_012,2026-06-14 21:50:25,110.22,2,Clear,Low,Delivered,16.0
ORD_02222,CUST_0693,REST_062,2026-05-20 14:31:03,302.79,2,Rain,High,Delivered,20.0
ORD_02223,CUST_0260,REST_094,2026-04-14 04:45:11,123.64,3,Cloudy,Low,Delivered,23.0
ORD_02224,CUST_0591,REST_092,2026-05-07 21:41:04,108.04,2,Clear,Medium,Delivered,26.0
ORD_02225,CUST_0785,REST_091,2026-04-30 05:16:00,242.9,4,Rain,Low,Delivered,20.0
ORD_02226,CUST_0620,REST_042,2026-04-21 18:49:00,353.8,3,Clear,Medium,Delivered,36.0
ORD_02227,CUST_0963,REST_083,2026-03-06 08:10:11,237.08,2,Clear,Low,Delivered,17.0
ORD_02228,CUST_0586,REST_069,2026-05-02 13:46:25,183.36,4,Clear,Medium,Delivered,26.0
ORD_02229,CUST_0687,REST_058,2026-03-08 15:21:02,214.99,2,Clear,Medium,Delivered,21.0
ORD_02230,CUST_0184,REST_005,2026-01-21 10:17:20,195.4,6,Clear,High,Delivered,35.0
ORD_02231,CUST_0023,REST_027,2026-01-28 13:10:32,100.0,4,Clear,Low,Delivered,32.0
ORD_02232,CUST_0786,REST_028,2026-04-05 12:21:16,100.0,1,Clear,High,Delivered,26.0
ORD_02233,CUST_0129,REST_026,2026-05-13 23:10:10,173.58,6,Clear,Low,Delivered,41.0
ORD_02234,CUST_0291,REST_091,2026-04-18 07:09:33,189.41,4,Clear,Low,Delivered,15.0
ORD_02235,CUST_0832,REST_049,2026-05-06 13:56:13,182.41,6,Cloudy,Low,Delivered,27.0
ORD_02236,CUST_0501,REST_021,2026-05-21 00:42:56,262.92,1,Clear,Low,Delivered,26.0
ORD_02237,CUST_0186,REST_001,2026-01-10 18:49:37,161.01,4,Clear,Medium,Delivered,8.0
ORD_02238,CUST_0479,REST_092,2026-06-04 05:34:31,247.06,4,Clear,High,Delivered,28.0
ORD_02239,CUST_0571,REST_058,2026-06-10 20:50:12,167.42,6,Clear,Low,Delivered,17.0
ORD_02240,CUST_0492,REST_079,2026-04-28 09:27:22,494.15,2,Clear,Medium,Delivered,34.0
ORD_02241,CUST_0513,REST_055,2026-05-13 23:31:50,189.5,4,Clear,Medium,Delivered,45.0
ORD_02242,CUST_0643,REST_081,2026-01-08 00:05:09,656.81,2,Cloudy,Medium,Delivered,21.0
ORD_02243,CUST_0067,REST_026,2026-03-31 21:15:27,220.0,4,Cloudy,Medium,Delivered,35.0
ORD_02244,CUST_0805,REST_084,2026-01-02 16:53:35,161.17,5,Rain,High,Delivered,17.0
ORD_02245,CUST_0467,REST_025,2026-05-12 00:58:56,110.53,3,Cloudy,Low,Delivered,32.0
ORD_02246,CUST_0285,REST_077,2026-06-04 01:33:41,100.0,2,Clear,High,Delivered,17.0
ORD_02247,CUST_0601,REST_033,2026-06-09 15:42:18,105.08,2,Clear,Low,Delivered,30.0
ORD_02248,CUST_0417,REST_089,2026-04-23 22:10:59,111.74,1,Rain,Medium,Delivered,17.0
ORD_02249,CUST_0100,REST_072,2026-06-02 18:35:51,225.24,5,Clear,Medium,Delivered,15.0
ORD_02250,CUST_0189,REST_069,2026-05-20 09:24:38,135.72,1,Clear,Medium,Cancelled,24.0
ORD_02251,CUST_0989,REST_006,2026-05-15 07:50:55,200.9,5,Clear,Low,Delivered,20.0
ORD_02252,CUST_0890,REST_023,2026-03-28 16:38:02,366.9,5,Cloudy,Low,Delivered,38.0
ORD_02253,CUST_0858,REST_030,2026-01-26 08:14:38,172.73,6,Rain,Low,Delivered,25.0
ORD_02254,CUST_0388,REST_078,2026-05-10 19:49:37,568.8,6,Rain,High,Delivered,35.0
ORD_02255,CUST_0241,REST_054,2026-01-27 11:40:21,100.0,6,Clear,Low,Delivered,29.0
ORD_02256,CUST_0782,REST_087,2026-04-09 08:32:53,166.86,4,Clear,Medium,Delivered,18.0
ORD_02257,CUST_0731,REST_011,2026-01-07 00:48:11,134.74,1,Rain,Low,Delivered,13.0
ORD_02258,CUST_0417,REST_031,2026-01-04 10:55:10,303.41,3,Cloudy,High,Delivered,28.0
ORD_02259,CUST_0918,REST_006,2026-02-23 17:01:15,100.0,5,Clear,Medium,Delivered,23.0
ORD_02260,CUST_0176,REST_011,2026-01-02 03:43:50,100.0,5,Cloudy,Low,Delivered,15.0
ORD_02261,CUST_0387,REST_077,2026-06-04 10:48:05,170.88,2,Cloudy,High,Delivered,18.0
ORD_02262,CUST_0471,REST_012,2026-05-02 00:09:21,425.5,4,Heavy Rain,Low,Delivered,20.0
ORD_02263,CUST_0853,REST_066,2026-03-12 06:27:03,205.25,3,Cloudy,Medium,Cancelled,25.0
ORD_02264,CUST_0233,REST_053,2026-05-21 04:30:43,100.0,6,Clear,Medium,Delivered,17.0
ORD_02265,CUST_0663,REST_099,2026-06-06 18:25:12,100.0,5,Cloudy,Medium,Delivered,34.0
ORD_02266,CUST_0452,REST_036,2026-02-03 15:19:35,454.93,2,Rain,High,Delivered,17.0
ORD_02267,CUST_0277,REST_017,2026-01-16 06:23:41,128.81,1,Cloudy,High,Delivered,11.0
ORD_02268,CUST_0229,REST_028,2026-03-04 03:35:46,107.92,5,Cloudy,High,Delivered,28.0
ORD_02269,CUST_0171,REST_092,2026-06-10 10:53:38,408.53,2,Heavy Rain,High,Delivered,22.0
ORD_02270,CUST_0735,REST_022,2026-01-14 08:03:19,316.11,1,Cloudy,Medium,Delivered,21.0
ORD_02271,CUST_0213,REST_007,2026-01-30 23:08:17,365.31,4,Clear,Low,Cancelled,20.0
ORD_02272,CUST_0282,REST_015,2026-04-12 10:19:36,107.5,6,Cloudy,High,Delivered,31.0
ORD_02273,CUST_0041,REST_096,2026-05-13 09:30:43,100.0,1,Cloudy,Medium,Delivered,27.0
ORD_02274,CUST_0122,REST_011,2026-06-02 03:08:14,195.05,5,Clear,Low,Delivered,22.0
ORD_02275,CUST_0227,REST_024,2026-04-25 22:08:37,217.96,3,Clear,Medium,Delivered,33.0
ORD_02276,CUST_0294,REST_067,2026-03-24 20:11:46,221.52,1,Cloudy,High,Delivered,17.0
ORD_02277,CUST_0600,REST_030,2026-03-01 17:37:38,408.71,3,Clear,Low,Delivered,20.0
ORD_02278,CUST_0267,REST_070,2026-04-05 21:04:18,100.0,3,Rain,High,Delivered,14.0
ORD_02279,CUST_0541,REST_066,2026-06-08 06:07:38,290.86,1,Clear,Medium,Delivered,23.0
ORD_02280,CUST_0759,REST_061,2026-01-19 11:06:04,100.0,4,Heavy Rain,Low,Delivered,31.0
ORD_02281,CUST_0828,REST_078,2026-01-08 10:25:13,290.22,1,Clear,High,Delivered,38.0
ORD_02282,CUST_0451,REST_041,2026-03-29 06:15:39,139.6,2,Clear,High,Cancelled,31.0
ORD_02283,CUST_0449,REST_082,2026-04-12 23:35:09,115.85,6,Clear,Low,Delivered,37.0
ORD_02284,CUST_0756,REST_051,2026-05-24 23:56:13,129.61,3,Cloudy,Medium,Delivered,20.0
ORD_02285,CUST_0061,REST_044,2026-05-14 23:10:21,100.0,6,Clear,Medium,Delivered,23.0
ORD_02286,CUST_0502,REST_095,2026-03-04 01:03:13,185.35,5,Clear,High,Delivered,29.0
ORD_02287,CUST_0147,REST_013,2026-05-10 07:46:31,118.51,3,Cloudy,Low,Delivered,18.0
ORD_02288,CUST_0686,REST_090,2026-01-31 21:41:51,279.35,5,Clear,Low,Delivered,38.0
ORD_02289,CUST_0945,REST_012,2026-01-29 16:11:52,257.76,2,Cloudy,Medium,Delivered,11.0
ORD_02290,CUST_0790,REST_082,2026-02-15 17:53:50,458.74,2,Rain,Medium,Delivered,29.0
ORD_02291,CUST_0334,REST_009,2026-02-01 17:28:30,221.73,6,Rain,Medium,Delivered,17.0
ORD_02292,CUST_0881,REST_085,2026-03-04 03:52:57,241.38,2,Clear,High,Delivered,11.0
ORD_02293,CUST_0953,REST_048,2026-05-07 01:44:34,391.53,1,Cloudy,High,Delivered,38.0
ORD_02294,CUST_0891,REST_049,2026-02-03 04:22:46,128.35,3,Clear,High,Delivered,26.0
ORD_02295,CUST_0142,REST_053,2026-05-11 03:36:42,100.0,5,Rain,Low,Delivered,23.0
ORD_02296,CUST_0044,REST_056,2026-01-23 01:47:53,202.36,6,Rain,High,Delivered,36.0
ORD_02297,CUST_0144,REST_040,2026-06-27 22:52:33,100.0,6,Clear,Medium,Delivered,30.0
ORD_02298,CUST_0865,REST_024,2026-06-20 00:53:55,699.01,2,Clear,Low,Delivered,39.0
ORD_02299,CUST_0333,REST_098,2026-05-19 23:17:15,403.64,2,Clear,Medium,Delivered,26.0
ORD_02300,CUST_0998,REST_072,2026-06-17 13:50:04,595.97,5,Clear,Low,Delivered,15.0
ORD_02301,CUST_0497,REST_033,2026-05-31 19:48:13,187.61,3,Cloudy,Medium,Cancelled,29.0
ORD_02302,CUST_0396,REST_023,2026-05-02 22:35:08,245.38,3,Cloudy,Medium,Delivered,35.0
ORD_02303,CUST_0055,REST_077,2026-05-08 19:59:33,140.79,6,Clear,High,Delivered,14.0
ORD_02304,CUST_0307,REST_054,2026-04-11 08:23:22,294.6,5,Cloudy,Low,Delivered,22.0
ORD_02305,CUST_0870,REST_053,2026-03-07 09:16:36,100.0,6,Rain,Medium,Delivered,19.0
ORD_02306,CUST_0423,REST_049,2026-04-18 15:35:40,100.0,4,Cloudy,Low,Delivered,25.0
ORD_02307,CUST_0417,REST_078,2026-01-26 06:02:32,117.34,3,Clear,High,Delivered,39.0
ORD_02308,CUST_0673,REST_078,2026-01-02 13:38:33,100.0,5,Cloudy,Medium,Delivered,38.0
ORD_02309,CUST_0797,REST_080,2026-04-09 09:05:23,408.65,5,Cloudy,Low,Delivered,35.0
ORD_02310,CUST_0325,REST_049,2026-02-17 06:02:44,492.07,6,Rain,Low,Delivered,24.0
ORD_02311,CUST_0710,REST_060,2026-02-24 20:18:27,100.0,2,Clear,Medium,Delivered,16.0
ORD_02312,CUST_0671,REST_090,2026-05-21 17:13:49,368.87,5,Clear,Medium,Delivered,39.0
ORD_02313,CUST_0080,REST_090,2026-03-09 18:16:12,305.9,6,Cloudy,Medium,Delivered,36.0
ORD_02314,CUST_0031,REST_065,2026-02-14 23:47:19,100.0,1,Cloudy,Low,Delivered,19.0
ORD_02315,CUST_0985,REST_032,2026-01-08 17:49:35,146.26,2,Cloudy,Medium,Delivered,15.0
ORD_02316,CUST_0112,REST_079,2026-05-10 02:50:52,131.75,2,Clear,Low,Delivered,24.0
ORD_02317,CUST_0558,REST_021,2026-04-19 00:04:39,273.53,3,Cloudy,Medium,Delivered,24.0
ORD_02318,CUST_0865,REST_018,2026-04-27 13:49:02,100.0,4,Clear,High,Delivered,36.0
ORD_02319,CUST_0717,REST_094,2026-05-02 20:34:58,171.68,3,Clear,Medium,Delivered,18.0
ORD_02320,CUST_0564,REST_060,2026-03-11 13:18:56,124.3,1,Cloudy,Low,Delivered,16.0
ORD_02321,CUST_0650,REST_013,2026-01-02 12:40:53,235.18,6,Clear,High,Delivered,16.0
ORD_02322,CUST_0472,REST_024,2026-06-10 00:24:01,160.9,2,Clear,Low,Delivered,37.0
ORD_02323,CUST_0074,REST_030,2026-03-04 21:02:41,135.05,2,Cloudy,Medium,Delivered,20.0
ORD_02324,CUST_0553,REST_002,2026-06-25 11:12:50,161.21,5,Cloudy,Medium,Delivered,42.0
ORD_02325,CUST_0479,REST_083,2026-02-18 01:54:47,555.47,4,Clear,Low,Delivered,18.0
ORD_02326,CUST_0589,REST_025,2026-06-23 21:17:54,144.13,4,Cloudy,Low,Delivered,29.0
ORD_02327,CUST_0387,REST_050,2026-04-30 07:19:27,102.25,5,Clear,Low,Delivered,27.0
ORD_02328,CUST_0699,REST_014,2026-03-13 09:35:50,249.86,1,Clear,High,Delivered,29.0
ORD_02329,CUST_0882,REST_006,2026-03-08 07:06:01,167.51,4,Clear,High,Delivered,21.0
ORD_02330,CUST_0564,REST_076,2026-06-25 19:57:45,100.0,2,Clear,Medium,Delivered,18.0
ORD_02331,CUST_0930,REST_084,2026-01-01 02:58:48,618.52,1,Heavy Rain,Low,Delivered,20.0
ORD_02332,CUST_0433,REST_087,2026-02-28 20:56:28,149.33,3,Clear,High,Delivered,18.0
ORD_02333,CUST_0412,REST_030,2026-03-12 18:07:03,147.26,3,Rain,Medium,Delivered,22.0
ORD_02334,CUST_0467,REST_030,2026-05-03 17:22:56,197.93,1,Rain,Medium,Delivered,23.0
ORD_02335,CUST_0599,REST_038,2026-01-27 19:12:54,469.45,2,Heavy Rain,Medium,Delivered,33.0
ORD_02336,CUST_0621,REST_058,2026-02-03 19:03:18,100.0,3,Clear,Medium,Delivered,19.0
ORD_02337,CUST_0992,REST_094,2026-04-20 02:46:15,210.99,6,Rain,Medium,Delivered,23.0
ORD_02338,CUST_0909,REST_041,2026-04-10 06:40:15,571.35,2,Heavy Rain,Medium,Delivered,31.0
ORD_02339,CUST_0737,REST_094,2026-02-02 20:46:33,194.57,5,Clear,Medium,Delivered,23.0
ORD_02340,CUST_0994,REST_057,2026-05-30 04:44:04,100.0,4,Clear,High,Delivered,22.0
ORD_02341,CUST_0993,REST_036,2026-02-28 10:32:24,129.01,1,Clear,Medium,Delivered,21.0
ORD_02342,CUST_0248,REST_064,2026-05-05 19:00:07,203.12,4,Cloudy,Medium,Delivered,6.0
ORD_02343,CUST_0581,REST_098,2026-04-21 01:08:53,376.89,5,Cloudy,Low,Delivered,28.0
ORD_02344,CUST_0120,REST_016,2026-03-05 07:05:57,150.41,3,Clear,High,Delivered,29.0
ORD_02345,CUST_0067,REST_088,2026-06-15 14:10:04,285.62,6,Rain,Low,Delivered,33.0
ORD_02346,CUST_0573,REST_078,2026-01-13 06:59:59,100.0,2,Clear,Low,Delivered,33.0
ORD_02347,CUST_0956,REST_090,2026-05-05 20:06:06,100.0,2,Rain,High,Delivered,32.0
ORD_02348,CUST_0327,REST_072,2026-02-02 08:28:37,139.0,5,Clear,Low,Delivered,14.0
ORD_02349,CUST_0920,REST_014,2026-02-18 12:18:53,399.78,1,Cloudy,Medium,Delivered,29.0
ORD_02350,CUST_0703,REST_031,2026-02-15 12:49:07,188.27,4,Clear,High,Delivered,27.0
ORD_02351,CUST_0470,REST_066,2026-04-08 19:39:47,212.6,6,Clear,Medium,Delivered,30.0
ORD_02352,CUST_0493,REST_068,2026-03-12 05:15:09,211.23,3,Cloudy,Low,Delivered,21.0
ORD_02353,CUST_0701,REST_065,2026-03-15 18:56:01,333.64,1,Clear,Medium,Delivered,18.0
ORD_02354,CUST_0663,REST_055,2026-06-15 16:18:36,129.59,6,Cloudy,High,Delivered,45.0
ORD_02355,CUST_0286,REST_084,2026-04-21 02:49:14,264.69,6,Rain,Medium,Delivered,19.0
ORD_02356,CUST_0956,REST_078,2026-01-26 00:15:57,114.78,5,Clear,Medium,Delivered,39.0
ORD_02357,CUST_0914,REST_040,2026-02-19 22:21:23,539.58,5,Rain,High,Delivered,29.0
ORD_02358,CUST_0608,REST_025,2026-01-18 14:44:36,116.72,2,Clear,Medium,Delivered,28.0
ORD_02359,CUST_0312,REST_025,2026-02-23 06:55:56,111.57,3,Clear,High,Cancelled,29.0
ORD_02360,CUST_0309,REST_003,2026-06-02 08:51:07,245.26,1,Clear,Medium,Delivered,15.0
ORD_02361,CUST_0775,REST_069,2026-05-08 01:08:15,189.4,2,Heavy Rain,Medium,Delivered,24.0
ORD_02362,CUST_0097,REST_026,2026-03-09 23:55:00,216.97,3,Clear,Medium,Delivered,39.0
ORD_02363,CUST_0965,REST_040,2026-05-28 08:23:11,205.41,4,Rain,Low,Delivered,30.0
ORD_02364,CUST_0113,REST_038,2026-04-12 07:10:12,100.0,4,Heavy Rain,Low,Delivered,36.0
ORD_02365,CUST_0988,REST_038,2026-06-25 13:37:07,440.25,2,Clear,Medium,Delivered,35.0
ORD_02366,CUST_0637,REST_068,2026-02-27 00:28:48,296.32,1,Cloudy,Medium,Delivered,24.0
ORD_02367,CUST_0456,REST_007,2026-01-05 14:10:05,382.77,3,Rain,Medium,Cancelled,25.0
ORD_02368,CUST_0463,REST_094,2026-03-04 01:09:45,135.56,4,Clear,High,Delivered,18.0
ORD_02369,CUST_0948,REST_030,2026-03-28 09:29:27,227.94,4,Clear,Medium,Cancelled,20.0
ORD_02370,CUST_0132,REST_019,2026-04-27 02:05:53,202.06,1,Clear,High,Delivered,21.0
ORD_02371,CUST_0930,REST_035,2026-02-25 11:31:20,337.11,2,Rain,Medium,Delivered,27.0
ORD_02372,CUST_0965,REST_033,2026-06-02 14:00:22,343.14,5,Rain,Medium,Delivered,26.0
ORD_02373,CUST_0929,REST_033,2026-02-13 06:14:04,201.58,6,Clear,Medium,Delivered,31.0
ORD_02374,CUST_0121,REST_078,2026-03-23 00:04:33,100.0,3,Clear,Medium,Delivered,36.0
ORD_02375,CUST_0197,REST_038,2026-04-02 20:09:28,482.42,4,Rain,High,Delivered,32.0
ORD_02376,CUST_0806,REST_010,2026-06-04 22:24:41,246.11,6,Clear,Low,Delivered,26.0
ORD_02377,CUST_0482,REST_057,2026-06-03 15:45:44,129.72,6,Cloudy,Medium,Delivered,27.0
ORD_02378,CUST_0634,REST_028,2026-04-04 19:55:54,226.69,5,Clear,Low,Delivered,26.0
ORD_02379,CUST_0794,REST_078,2026-02-24 15:01:44,100.0,6,Rain,Low,Delivered,33.0
ORD_02380,CUST_0897,REST_100,2026-04-06 23:38:01,323.9,1,Rain,Medium,Delivered,31.0
ORD_02381,CUST_0772,REST_038,2026-04-13 18:25:00,100.0,2,Clear,Low,Cancelled,35.0
ORD_02382,CUST_0039,REST_016,2026-05-24 03:52:03,160.54,3,Clear,Medium,Delivered,31.0
ORD_02383,CUST_0566,REST_021,2026-02-19 10:04:25,207.36,1,Clear,High,Delivered,22.0
ORD_02384,CUST_0512,REST_092,2026-02-25 23:32:53,320.97,2,Clear,High,Cancelled,20.0
ORD_02385,CUST_0474,REST_097,2026-02-25 07:31:14,192.21,1,Clear,Low,Delivered,14.0
ORD_02386,CUST_0161,REST_006,2026-06-14 18:07:54,257.04,4,Cloudy,Medium,Delivered,19.0
ORD_02387,CUST_0289,REST_041,2026-05-31 07:37:12,178.49,4,Clear,High,Delivered,34.0
ORD_02388,CUST_0200,REST_015,2026-06-06 03:52:02,178.09,5,Clear,Low,Delivered,30.0
ORD_02389,CUST_0788,REST_003,2026-04-08 17:53:53,190.0,1,Rain,Medium,Delivered,9.0
ORD_02390,CUST_0528,REST_043,2026-01-12 11:00:55,163.37,6,Cloudy,High,Delivered,19.0
ORD_02391,CUST_0917,REST_047,2026-04-24 16:48:07,100.0,4,Clear,Low,Delivered,28.0
ORD_02392,CUST_0685,REST_099,2026-05-30 11:51:42,118.8,2,Cloudy,High,Delivered,31.0
ORD_02393,CUST_0503,REST_014,2026-05-12 19:21:42,207.4,5,Rain,Medium,Delivered,31.0
ORD_02394,CUST_0248,REST_066,2026-06-21 09:32:02,158.06,6,Cloudy,Low,Delivered,27.0
ORD_02395,CUST_0383,REST_029,2026-04-14 09:37:43,166.39,3,Clear,Medium,Delivered,33.0
ORD_02396,CUST_0218,REST_004,2026-06-24 10:46:01,151.74,1,Clear,Medium,Delivered,13.0
ORD_02397,CUST_0087,REST_026,2026-05-10 14:57:48,112.73,4,Rain,Low,Delivered,35.0
ORD_02398,CUST_0082,REST_012,2026-05-25 09:48:12,138.21,6,Rain,Medium,Delivered,16.0
ORD_02399,CUST_0062,REST_002,2026-03-25 09:40:09,153.12,2,Cloudy,Medium,Delivered,39.0
ORD_02400,CUST_0799,REST_017,2026-03-11 04:53:32,181.79,1,Clear,Medium,Delivered,13.0
ORD_02401,CUST_0500,REST_035,2026-02-15 00:07:19,225.06,2,Cloudy,Low,Delivered,28.0
ORD_02402,CUST_0042,REST_010,2026-06-03 21:32:31,164.14,5,Rain,High,Delivered,33.0
ORD_02403,CUST_0012,REST_086,2026-03-12 17:14:04,102.89,4,Clear,Medium,Delivered,33.0
ORD_02404,CUST_0833,REST_043,2026-06-13 00:28:24,100.0,4,Clear,High,Delivered,24.0
ORD_02405,CUST_0746,REST_021,2026-04-16 15:26:33,756.42,5,Cloudy,High,Delivered,17.0
ORD_02406,CUST_0841,REST_015,2026-03-14 15:13:09,100.0,2,Rain,Medium,Delivered,33.0
ORD_02407,CUST_0643,REST_035,2026-02-24 01:24:20,136.29,1,Clear,Low,Delivered,30.0
ORD_02408,CUST_0115,REST_085,2026-03-22 09:24:49,240.89,2,Cloudy,High,Delivered,15.0
ORD_02409,CUST_0218,REST_085,2026-02-10 23:44:10,221.07,1,Cloudy,High,Delivered,19.0
ORD_02410,CUST_0649,REST_085,2026-03-15 22:52:56,241.41,6,Cloudy,Low,Delivered,11.0
ORD_02411,CUST_0106,REST_060,2026-03-10 12:09:09,142.1,5,Cloudy,Medium,Delivered,16.0
ORD_02412,CUST_0691,REST_044,2026-02-02 12:50:47,206.69,3,Cloudy,Low,Cancelled,22.0
ORD_02413,CUST_0528,REST_096,2026-03-05 12:33:12,187.49,1,Clear,Low,Delivered,25.0
ORD_02414,CUST_0472,REST_005,2026-06-30 07:32:23,152.68,4,Clear,Medium,Delivered,36.0
ORD_02415,CUST_0754,REST_073,2026-05-27 07:43:53,207.47,6,Cloudy,Low,Delivered,33.0
ORD_02416,CUST_0846,REST_018,2026-05-14 23:58:58,323.91,4,Clear,High,Delivered,40.0
ORD_02417,CUST_0893,REST_021,2026-01-15 07:23:56,179.07,6,Cloudy,High,Delivered,21.0
ORD_02418,CUST_0387,REST_072,2026-02-14 00:42:58,179.73,4,Cloudy,Medium,Delivered,24.0
ORD_02419,CUST_0226,REST_098,2026-04-25 23:46:41,326.19,2,Clear,Low,Delivered,27.0
ORD_02420,CUST_0481,REST_074,2026-04-23 22:42:39,307.58,2,Cloudy,Medium,Delivered,6.0
ORD_02421,CUST_0754,REST_051,2026-04-29 13:52:48,433.19,2,Cloudy,Medium,Delivered,11.0
ORD_02422,CUST_0408,REST_041,2026-02-21 03:47:27,100.0,6,Clear,Medium,Delivered,33.0
ORD_02423,CUST_0457,REST_024,2026-02-08 20:30:27,298.22,6,Clear,Low,Cancelled,30.0
ORD_02424,CUST_0653,REST_024,2026-03-26 15:44:17,252.36,4,Rain,Medium,Delivered,37.0
ORD_02425,CUST_0898,REST_096,2026-05-25 12:13:01,111.37,1,Clear,Medium,Delivered,35.0
ORD_02426,CUST_0711,REST_097,2026-05-17 18:49:01,208.17,6,Cloudy,High,Delivered,19.0
ORD_02427,CUST_0624,REST_038,2026-03-28 22:42:09,323.15,4,Clear,High,Delivered,32.0
ORD_02428,CUST_0639,REST_044,2026-05-31 06:10:20,114.89,1,Clear,Medium,Delivered,25.0
ORD_02429,CUST_0021,REST_057,2026-01-24 04:02:34,231.23,2,Clear,Medium,Delivered,21.0
ORD_02430,CUST_0659,REST_059,2026-02-01 20:44:42,292.73,6,Rain,Low,Delivered,39.0
ORD_02431,CUST_0601,REST_034,2026-05-13 02:55:48,100.58,3,Clear,Low,Delivered,18.0
ORD_02432,CUST_0815,REST_075,2026-06-29 18:32:19,167.63,2,Clear,High,Delivered,13.0
ORD_02433,CUST_0918,REST_095,2026-02-11 15:54:56,213.91,5,Cloudy,Medium,Delivered,28.0
ORD_02434,CUST_0203,REST_082,2026-02-10 05:52:30,116.99,1,Clear,Low,Delivered,35.0
ORD_02435,CUST_0417,REST_023,2026-05-11 04:33:18,111.77,3,Clear,Medium,Delivered,42.0
ORD_02436,CUST_0416,REST_086,2026-04-09 04:22:16,168.3,2,Clear,High,Delivered,43.0
ORD_02437,CUST_0448,REST_043,2026-01-23 18:20:45,281.72,6,Clear,Medium,Cancelled,20.0
ORD_02438,CUST_0512,REST_082,2026-01-20 16:00:19,258.28,3,Cloudy,Low,Delivered,36.0
ORD_02439,CUST_0085,REST_040,2026-01-15 21:28:36,112.87,4,Clear,High,Delivered,27.0
ORD_02440,CUST_0167,REST_047,2026-03-05 23:53:42,259.48,1,Clear,Medium,Delivered,34.0
ORD_02441,CUST_0384,REST_041,2026-04-08 19:10:09,114.46,5,Rain,Medium,Delivered,32.0
ORD_02442,CUST_0468,REST_047,2026-03-18 16:47:51,100.0,4,Rain,Low,Delivered,28.0
ORD_02443,CUST_0072,REST_020,2026-03-17 06:44:26,148.13,3,Rain,High,Delivered,18.0
ORD_02444,CUST_0810,REST_077,2026-01-24 07:14:39,336.18,2,Rain,High,Delivered,14.0
ORD_02445,CUST_0997,REST_065,2026-06-12 10:54:41,260.03,1,Cloudy,Medium,Delivered,15.0
ORD_02446,CUST_0521,REST_068,2026-06-24 05:36:26,181.12,6,Cloudy,Low,Delivered,25.0
ORD_02447,CUST_0793,REST_024,2026-04-16 14:23:21,144.14,5,Cloudy,Medium,Delivered,32.0
ORD_02448,CUST_0473,REST_100,2026-05-07 00:10:12,146.3,2,Rain,Low,Delivered,30.0
ORD_02449,CUST_0993,REST_036,2026-02-04 17:00:11,192.45,5,Cloudy,Low,Delivered,15.0
ORD_02450,CUST_0258,REST_045,2026-04-13 16:22:09,100.72,6,Clear,Medium,Delivered,32.0
ORD_02451,CUST_0275,REST_002,2026-03-03 20:13:53,149.69,1,Rain,Low,Delivered,37.0
ORD_02452,CUST_0750,REST_028,2026-02-15 08:37:39,161.01,3,Rain,High,Cancelled,21.0
ORD_02453,CUST_0020,REST_026,2026-04-03 23:20:35,100.0,5,Rain,Low,Delivered,39.0
ORD_02454,CUST_0490,REST_023,2026-03-07 06:02:39,114.3,1,Clear,Medium,Delivered,42.0
ORD_02455,CUST_0745,REST_079,2026-01-02 23:18:36,227.19,5,Clear,Low,Delivered,33.0
ORD_02456,CUST_0490,REST_036,2026-01-10 23:59:56,182.22,2,Clear,Medium,Delivered,16.0
ORD_02457,CUST_0733,REST_091,2026-06-07 05:49:35,152.96,5,Cloudy,Low,Delivered,18.0
ORD_02458,CUST_0326,REST_006,2026-04-21 22:02:13,109.81,2,Clear,Medium,Delivered,24.0
ORD_02459,CUST_0529,REST_035,2026-05-10 14:49:29,431.5,2,Clear,High,Cancelled,34.0
ORD_02460,CUST_0892,REST_038,2026-06-11 00:47:43,114.33,1,Clear,High,Delivered,31.0
ORD_02461,CUST_0089,REST_035,2026-05-07 16:40:22,208.17,4,Clear,Medium,Delivered,28.0
ORD_02462,CUST_0486,REST_100,2026-02-28 00:50:36,138.61,6,Cloudy,Low,Delivered,34.0
ORD_02463,CUST_0708,REST_074,2026-04-12 20:55:21,184.93,5,Rain,Low,Delivered,11.0
ORD_02464,CUST_0350,REST_094,2026-02-22 06:16:03,233.15,3,Clear,Medium,Delivered,24.0
ORD_02465,CUST_0084,REST_053,2026-02-05 07:47:13,100.0,2,Cloudy,Low,Delivered,18.0
ORD_02466,CUST_0387,REST_038,2026-04-07 11:03:26,180.61,4,Clear,Medium,Delivered,36.0
ORD_02467,CUST_0087,REST_093,2026-02-28 20:04:56,348.94,2,Clear,High,Delivered,22.0
ORD_02468,CUST_0307,REST_059,2026-04-11 10:27:29,477.63,4,Cloudy,High,Delivered,33.0
ORD_02469,CUST_0850,REST_043,2026-03-22 22:48:16,168.76,4,Cloudy,High,Delivered,25.0
ORD_02470,CUST_0154,REST_004,2026-02-13 15:40:55,185.48,3,Rain,High,Delivered,15.0
ORD_02471,CUST_0440,REST_005,2026-04-18 12:14:49,611.69,4,Clear,Medium,Delivered,38.0
ORD_02472,CUST_0740,REST_068,2026-02-07 16:40:46,338.39,3,Rain,Medium,Delivered,20.0
ORD_02473,CUST_0960,REST_100,2026-03-06 09:05:44,129.09,1,Clear,Medium,Delivered,29.0
ORD_02474,CUST_0264,REST_045,2026-02-14 20:01:20,128.97,2,Clear,High,Cancelled,40.0
ORD_02475,CUST_0977,REST_080,2026-06-25 13:16:06,306.77,3,Clear,Low,Delivered,32.0
ORD_02476,CUST_0735,REST_025,2026-02-28 10:30:25,103.95,6,Rain,Medium,Delivered,26.0
ORD_02477,CUST_0421,REST_078,2026-01-31 17:03:01,329.72,2,Clear,Low,Delivered,40.0
ORD_02478,CUST_0493,REST_011,2026-03-23 13:21:32,217.86,6,Clear,Low,Delivered,22.0
ORD_02479,CUST_0633,REST_029,2026-05-28 07:36:58,240.99,5,Cloudy,Medium,Delivered,33.0
ORD_02480,CUST_0993,REST_034,2026-04-27 03:57:24,157.4,6,Clear,Medium,Delivered,16.0
ORD_02481,CUST_0411,REST_086,2026-03-30 08:15:59,128.2,1,Clear,Medium,Delivered,34.0
ORD_02482,CUST_0173,REST_014,2026-05-07 09:23:45,405.08,5,Clear,Medium,Delivered,29.0
ORD_02483,CUST_0004,REST_024,2026-01-28 19:18:41,158.27,5,Clear,Medium,Delivered,37.0
ORD_02484,CUST_0854,REST_059,2026-04-14 08:22:23,144.6,4,Cloudy,Low,Cancelled,32.0
ORD_02485,CUST_0640,REST_039,2026-05-17 00:14:33,173.46,6,Cloudy,Medium,Delivered,23.0
ORD_02486,CUST_0986,REST_026,2026-03-08 22:38:01,201.58,4,Clear,High,Delivered,40.0
ORD_02487,CUST_0992,REST_043,2026-03-25 09:52:37,102.83,6,Clear,Medium,Delivered,16.0
ORD_02488,CUST_0472,REST_036,2026-04-05 02:42:02,132.86,5,Rain,Medium,Delivered,15.0
ORD_02489,CUST_0110,REST_039,2026-02-02 10:47:07,129.03,4,Cloudy,Medium,Delivered,24.0
ORD_02490,CUST_0867,REST_061,2026-03-02 03:33:36,288.56,2,Cloudy,High,Delivered,34.0
ORD_02491,CUST_0037,REST_016,2026-01-01 16:37:14,111.35,6,Clear,Medium,Delivered,29.0
ORD_02492,CUST_0992,REST_059,2026-03-09 16:47:08,100.0,6,Clear,Low,Delivered,35.0
ORD_02493,CUST_0583,REST_096,2026-04-04 20:01:55,100.0,4,Heavy Rain,High,Delivered,33.0
ORD_02494,CUST_0801,REST_006,2026-03-25 11:44:59,100.0,6,Cloudy,High,Delivered,26.0
ORD_02495,CUST_0031,REST_098,2026-03-20 02:37:35,383.31,5,Clear,High,Delivered,21.0
ORD_02496,CUST_0951,REST_056,2026-03-19 14:05:29,182.9,4,Clear,Medium,Delivered,37.0
ORD_02497,CUST_0381,REST_008,2026-04-06 06:12:42,238.81,4,Clear,High,Delivered,32.0
ORD_02498,CUST_0268,REST_094,2026-06-18 01:22:07,243.49,3,Clear,Medium,Delivered,15.0
ORD_02499,CUST_0011,REST_027,2026-04-06 15:15:00,186.96,3,Rain,Medium,Delivered,29.0
ORD_02500,CUST_0344,REST_071,2026-06-10 01:15:45,173.97,5,Rain,High,Delivered,27.0
ORD_02501,CUST_0840,REST_027,2026-03-07 22:01:05,321.98,2,Clear,High,Delivered,32.0
ORD_02502,CUST_0544,REST_089,2026-05-15 11:58:22,196.43,6,Clear,Medium,Delivered,16.0
ORD_02503,CUST_0569,REST_046,2026-04-21 23:42:14,391.31,1,Rain,High,Delivered,23.0
ORD_02504,CUST_0166,REST_041,2026-04-19 03:28:06,255.05,6,Clear,Low,Delivered,30.0
ORD_02505,CUST_0700,REST_079,2026-02-03 09:14:13,129.05,1,Cloudy,Low,Delivered,25.0
ORD_02506,CUST_0342,REST_025,2026-05-26 07:50:23,137.91,5,Cloudy,Medium,Delivered,31.0
ORD_02507,CUST_0482,REST_086,2026-04-23 23:39:12,121.5,2,Cloudy,Medium,Cancelled,35.0
ORD_02508,CUST_0019,REST_018,2026-01-27 06:04:59,354.13,2,Cloudy,Low,Cancelled,41.0
ORD_02509,CUST_0628,REST_012,2026-01-14 05:17:32,145.07,2,Cloudy,Medium,Delivered,16.0
ORD_02510,CUST_0980,REST_087,2026-03-08 19:00:27,116.84,3,Heavy Rain,Low,Delivered,9.0
ORD_02511,CUST_0184,REST_051,2026-02-11 09:08:34,216.13,5,Clear,Medium,Delivered,20.0
ORD_02512,CUST_0782,REST_039,2026-01-11 08:08:40,171.84,1,Rain,High,Cancelled,25.0
ORD_02513,CUST_0545,REST_089,2026-04-02 16:41:45,213.15,2,Clear,Medium,Delivered,22.0
ORD_02514,CUST_0010,REST_010,2026-02-13 19:59:12,512.55,5,Clear,Medium,Cancelled,29.0
ORD_02515,CUST_0592,REST_094,2026-01-30 17:58:09,299.52,6,Clear,High,Delivered,16.0
ORD_02516,CUST_0192,REST_074,2026-05-24 07:52:06,183.99,1,Cloudy,Medium,Delivered,9.0
ORD_02517,CUST_0320,REST_098,2026-06-16 08:08:41,100.0,3,Clear,High,Delivered,27.0
ORD_02518,CUST_0702,REST_077,2026-01-26 20:22:35,137.69,4,Rain,Medium,Delivered,17.0
ORD_02519,CUST_0580,REST_054,2026-04-26 05:04:30,268.02,1,Cloudy,High,Cancelled,26.0
ORD_02520,CUST_0475,REST_029,2026-05-09 11:39:58,100.0,6,Clear,High,Delivered,33.0
ORD_02521,CUST_0860,REST_041,2026-01-18 08:26:03,588.47,1,Cloudy,Medium,Delivered,34.0
ORD_02522,CUST_0637,REST_009,2026-04-16 15:04:35,182.72,1,Rain,Medium,Delivered,23.0
ORD_02523,CUST_0427,REST_063,2026-06-13 05:44:03,186.21,4,Cloudy,Medium,Delivered,13.0
ORD_02524,CUST_0848,REST_077,2026-03-25 15:00:06,125.63,2,Clear,Medium,Delivered,21.0
ORD_02525,CUST_0059,REST_037,2026-04-23 11:02:24,238.22,6,Rain,Medium,Delivered,18.0
ORD_02526,CUST_0436,REST_014,2026-02-15 23:42:49,100.0,4,Cloudy,Medium,Delivered,23.0
ORD_02527,CUST_0097,REST_073,2026-05-30 04:00:43,596.27,1,Clear,Medium,Delivered,34.0
ORD_02528,CUST_0496,REST_072,2026-02-25 20:43:36,374.11,6,Clear,Medium,Delivered,15.0
ORD_02529,CUST_0787,REST_039,2026-05-13 05:17:21,311.49,3,Clear,High,Delivered,25.0
ORD_02530,CUST_0661,REST_040,2026-01-31 04:08:14,100.0,1,Rain,High,Delivered,31.0
ORD_02531,CUST_0278,REST_054,2026-04-14 15:33:36,202.95,3,Clear,Low,Cancelled,28.0
ORD_02532,CUST_0265,REST_003,2026-02-21 17:02:29,352.48,5,Clear,Low,Delivered,9.0
ORD_02533,CUST_0009,REST_055,2026-01-27 15:47:55,251.19,3,Rain,Low,Delivered,45.0
ORD_02534,CUST_0457,REST_033,2026-05-29 05:18:42,104.46,1,Clear,Low,Delivered,24.0
ORD_02535,CUST_0795,REST_096,2026-01-26 17:41:52,126.78,4,Rain,Low,Delivered,26.0
ORD_02536,CUST_0273,REST_071,2026-04-23 06:30:19,141.38,1,Clear,High,Delivered,26.0
ORD_02537,CUST_0940,REST_019,2026-01-24 00:14:12,130.07,1,Cloudy,High,Delivered,26.0
ORD_02538,CUST_0813,REST_034,2026-01-28 21:22:33,420.24,5,Clear,Medium,Delivered,17.0
ORD_02539,CUST_0008,REST_078,2026-01-08 09:07:57,100.0,2,Rain,Medium,Delivered,35.0
ORD_02540,CUST_0208,REST_050,2026-05-07 13:03:31,260.02,1,Cloudy,Medium,Delivered,28.0
ORD_02541,CUST_0914,REST_047,2026-04-11 08:48:04,100.0,5,Rain,High,Delivered,30.0
ORD_02542,CUST_0637,REST_046,2026-01-28 08:31:28,106.84,4,Cloudy,High,Delivered,19.0
ORD_02543,CUST_0123,REST_056,2026-01-10 06:56:00,100.0,5,Clear,Low,Delivered,37.0
ORD_02544,CUST_0033,REST_057,2026-05-02 15:03:16,134.02,5,Clear,Low,Delivered,18.0
ORD_02545,CUST_0513,REST_083,2026-06-11 02:14:29,416.09,3,Clear,Low,Delivered,20.0
ORD_02546,CUST_0204,REST_051,2026-02-25 23:13:40,209.69,2,Cloudy,Medium,Delivered,20.0
ORD_02547,CUST_0518,REST_054,2026-04-30 16:14:57,100.0,2,Rain,Medium,Delivered,20.0
ORD_02548,CUST_0809,REST_090,2026-06-30 11:01:12,317.17,6,Clear,Medium,Delivered,32.0
ORD_02549,CUST_0951,REST_081,2026-06-21 08:33:56,356.81,4,Cloudy,High,Delivered,23.0
ORD_02550,CUST_0517,REST_028,2026-06-11 01:40:10,191.95,6,Heavy Rain,Medium,Delivered,29.0
ORD_02551,CUST_0443,REST_019,2026-05-14 23:57:46,555.08,5,Clear,High,Delivered,20.0
ORD_02552,CUST_0592,REST_027,2026-05-29 20:42:44,284.82,4,Rain,Low,Delivered,31.0
ORD_02553,CUST_0786,REST_048,2026-01-05 06:40:25,263.87,4,Clear,Low,Delivered,38.0
ORD_02554,CUST_0689,REST_019,2026-01-14 22:24:40,116.53,2,Cloudy,Medium,Delivered,20.0
ORD_02555,CUST_0850,REST_097,2026-02-08 14:07:46,255.97,2,Clear,Low,Delivered,14.0
ORD_02556,CUST_0833,REST_051,2026-06-30 23:36:20,204.23,2,Clear,High,Delivered,19.0
ORD_02557,CUST_0339,REST_007,2026-03-10 13:42:35,241.27,1,Clear,Low,Delivered,17.0
ORD_02558,CUST_0438,REST_029,2026-01-04 03:36:36,124.4,5,Heavy Rain,Medium,Delivered,32.0
ORD_02559,CUST_0445,REST_043,2026-01-22 11:08:49,194.5,4,Rain,Low,Delivered,19.0
ORD_02560,CUST_0136,REST_069,2026-06-16 03:51:22,115.67,5,Clear,Low,Delivered,33.0
ORD_02561,CUST_0387,REST_094,2026-05-04 20:06:27,100.0,4,Heavy Rain,High,Cancelled,20.0
ORD_02562,CUST_0025,REST_058,2026-05-08 20:13:14,313.9,4,Cloudy,High,Delivered,17.0
ORD_02563,CUST_0506,REST_008,2026-02-27 01:10:09,100.0,6,Rain,Medium,Delivered,31.0
ORD_02564,CUST_0325,REST_042,2026-01-02 19:37:24,192.28,4,Clear,High,Delivered,28.0
ORD_02565,CUST_0695,REST_076,2026-03-09 23:04:41,217.71,4,Clear,Medium,Delivered,12.0
ORD_02566,CUST_0680,REST_042,2026-05-17 10:59:24,216.94,3,Cloudy,Medium,Delivered,37.0
ORD_02567,CUST_0979,REST_013,2026-04-19 14:42:51,155.14,3,Clear,High,Delivered,8.0
ORD_02568,CUST_0338,REST_026,2026-02-17 18:33:37,210.43,6,Clear,Low,Delivered,39.0
ORD_02569,CUST_0690,REST_018,2026-04-03 05:02:17,234.87,1,Clear,Low,Delivered,32.0
ORD_02570,CUST_0885,REST_042,2026-02-06 15:55:58,271.57,2,Clear,Medium,Delivered,31.0
ORD_02571,CUST_0095,REST_051,2026-04-26 05:18:37,470.31,4,Clear,Medium,Delivered,12.0
ORD_02572,CUST_0545,REST_084,2026-01-24 05:20:56,206.19,5,Heavy Rain,Low,Delivered,25.0
ORD_02573,CUST_0623,REST_016,2026-03-23 09:27:37,187.77,3,Clear,Low,Delivered,26.0
ORD_02574,CUST_0146,REST_003,2026-05-02 03:25:09,110.09,2,Clear,High,Cancelled,15.0
ORD_02575,CUST_0893,REST_091,2026-02-07 10:45:59,230.39,1,Cloudy,Medium,Delivered,11.0
ORD_02576,CUST_0953,REST_079,2026-03-15 17:07:36,261.66,2,Cloudy,Medium,Delivered,27.0
ORD_02577,CUST_0231,REST_098,2026-01-25 00:33:18,163.08,4,Cloudy,High,Delivered,27.0
ORD_02578,CUST_0784,REST_045,2026-04-07 11:32:28,244.58,2,Rain,Medium,Delivered,36.0
ORD_02579,CUST_0848,REST_022,2026-05-05 14:32:39,154.33,4,Clear,Medium,Delivered,26.0
ORD_02580,CUST_0495,REST_023,2026-02-24 05:52:20,262.18,6,Clear,High,Delivered,41.0
ORD_02581,CUST_0038,REST_059,2026-06-04 05:36:20,299.45,3,Rain,High,Delivered,34.0
ORD_02582,CUST_0425,REST_062,2026-02-05 04:29:09,297.15,3,Rain,Medium,Delivered,19.0
ORD_02583,CUST_0647,REST_068,2026-06-02 13:41:01,193.41,4,Cloudy,Medium,Delivered,27.0
ORD_02584,CUST_0846,REST_054,2026-05-25 00:05:52,102.31,5,Clear,Medium,Delivered,28.0
ORD_02585,CUST_0747,REST_057,2026-03-07 01:32:28,129.47,3,Clear,Medium,Delivered,19.0
ORD_02586,CUST_0437,REST_023,2026-05-31 00:31:22,251.47,5,Clear,Low,Delivered,39.0
ORD_02587,CUST_0831,REST_060,2026-06-17 07:11:35,697.04,4,Cloudy,Medium,Delivered,24.0
ORD_02588,CUST_0368,REST_073,2026-03-01 18:07:45,150.3,6,Clear,Low,Delivered,36.0
ORD_02589,CUST_0345,REST_088,2026-04-24 06:07:17,232.92,4,Clear,Low,Delivered,34.0
ORD_02590,CUST_0160,REST_085,2026-06-22 10:17:33,133.51,6,Clear,Medium,Delivered,18.0
ORD_02591,CUST_0550,REST_055,2026-04-11 01:18:00,106.09,3,Clear,High,Cancelled,42.0
ORD_02592,CUST_0662,REST_080,2026-06-14 10:34:20,124.96,5,Clear,Low,Delivered,35.0
ORD_02593,CUST_0912,REST_063,2026-06-07 16:06:58,100.0,4,Clear,Low,Delivered,16.0
ORD_02594,CUST_0820,REST_056,2026-05-27 12:30:09,381.61,3,Cloudy,Medium,Delivered,34.0
ORD_02595,CUST_0541,REST_055,2026-03-24 02:59:53,100.0,6,Clear,Medium,Delivered,44.0
ORD_02596,CUST_0144,REST_025,2026-01-03 00:49:08,156.79,4,Cloudy,Low,Delivered,36.0
ORD_02597,CUST_0588,REST_026,2026-05-17 04:37:46,100.0,6,Clear,Low,Delivered,38.0
ORD_02598,CUST_0657,REST_049,2026-04-12 04:26:32,111.45,2,Clear,Medium,Delivered,32.0
ORD_02599,CUST_0741,REST_063,2026-02-20 23:27:01,386.48,6,Cloudy,High,Delivered,15.0
ORD_02600,CUST_0576,REST_045,2026-01-13 05:14:37,202.47,2,Clear,Low,Delivered,36.0
ORD_02601,CUST_0859,REST_073,2026-01-29 00:43:11,106.59,3,Cloudy,Medium,Delivered,36.0
ORD_02602,CUST_0345,REST_079,2026-02-11 00:21:27,131.07,4,Cloudy,Medium,Delivered,31.0
ORD_02603,CUST_0269,REST_039,2026-03-20 23:44:55,118.98,3,Rain,Low,Delivered,20.0
ORD_02604,CUST_0840,REST_097,2026-02-14 01:48:22,176.98,1,Clear,Low,Delivered,10.0
ORD_02605,CUST_0696,REST_065,2026-02-12 21:29:56,199.36,6,Clear,Medium,Delivered,15.0
ORD_02606,CUST_0773,REST_069,2026-03-12 10:38:09,514.18,3,Cloudy,High,Delivered,33.0
ORD_02607,CUST_0268,REST_056,2026-04-10 22:48:45,100.0,3,Clear,Low,Delivered,33.0
ORD_02608,CUST_0169,REST_009,2026-05-04 13:39:26,177.83,2,Clear,Medium,Delivered,25.0
ORD_02609,CUST_0771,REST_070,2026-06-14 13:43:05,152.39,6,Cloudy,Medium,Delivered,16.0
ORD_02610,CUST_0739,REST_028,2026-05-23 10:51:05,305.09,2,Clear,High,Delivered,27.0
ORD_02611,CUST_0033,REST_045,2026-02-14 11:29:56,220.34,4,Clear,Low,Delivered,35.0
ORD_02612,CUST_0377,REST_026,2026-06-01 16:19:55,250.81,3,Cloudy,Medium,Delivered,38.0
ORD_02613,CUST_0214,REST_028,2026-06-12 01:30:07,219.16,6,Heavy Rain,High,Delivered,28.0
ORD_02614,CUST_0562,REST_040,2026-06-29 14:23:34,108.57,3,Rain,High,Delivered,32.0
ORD_02615,CUST_0440,REST_015,2026-04-30 22:35:07,352.9,4,Clear,Medium,Delivered,32.0
ORD_02616,CUST_0492,REST_006,2026-05-16 01:04:38,281.23,5,Cloudy,Medium,Delivered,25.0
ORD_02617,CUST_0393,REST_027,2026-03-26 16:46:34,299.93,4,Clear,Medium,Delivered,33.0
ORD_02618,CUST_0489,REST_038,2026-01-05 17:49:19,363.3,2,Clear,Medium,Delivered,31.0
ORD_02619,CUST_0722,REST_068,2026-03-16 13:23:24,228.09,2,Rain,Medium,Delivered,19.0
ORD_02620,CUST_0946,REST_075,2026-05-15 21:19:10,409.34,3,Clear,Medium,Delivered,14.0
ORD_02621,CUST_0029,REST_085,2026-06-03 15:32:33,223.12,2,Clear,High,Delivered,12.0
ORD_02622,CUST_0039,REST_064,2026-02-10 08:33:42,160.7,6,Rain,Medium,Delivered,6.0
ORD_02623,CUST_0859,REST_030,2026-04-08 04:19:17,180.62,4,Rain,Medium,Delivered,17.0
ORD_02624,CUST_0612,REST_082,2026-06-29 06:57:58,178.91,3,Rain,High,Delivered,28.0
ORD_02625,CUST_0173,REST_099,2026-01-29 04:52:26,136.23,4,Rain,High,Delivered,30.0
ORD_02626,CUST_0017,REST_003,2026-05-21 11:59:27,444.76,4,Cloudy,Medium,Delivered,11.0
ORD_02627,CUST_0056,REST_062,2026-04-27 09:52:39,213.36,3,Clear,Medium,Delivered,21.0
ORD_02628,CUST_0226,REST_012,2026-04-24 12:52:35,190.97,5,Cloudy,Medium,Delivered,13.0
ORD_02629,CUST_0558,REST_091,2026-05-29 06:55:28,224.43,2,Clear,Low,Delivered,14.0
ORD_02630,CUST_0067,REST_030,2026-06-01 15:17:59,933.48,1,Clear,Low,Delivered,18.0
ORD_02631,CUST_0197,REST_085,2026-02-23 08:15:03,100.0,1,Rain,Medium,Delivered,21.0
ORD_02632,CUST_0654,REST_038,2026-05-24 12:15:46,113.89,1,Clear,Low,Delivered,38.0
ORD_02633,CUST_0835,REST_085,2026-01-08 09:55:46,100.0,2,Clear,Medium,Delivered,19.0
ORD_02634,CUST_0023,REST_060,2026-05-22 09:05:08,159.5,5,Clear,Medium,Delivered,17.0
ORD_02635,CUST_0999,REST_038,2026-04-20 09:06:05,207.48,4,Clear,Medium,Delivered,31.0
ORD_02636,CUST_0606,REST_015,2026-03-27 11:22:10,140.34,3,Rain,Low,Delivered,35.0
ORD_02637,CUST_0754,REST_018,2026-06-19 01:57:02,134.71,5,Cloudy,Low,Delivered,38.0
ORD_02638,CUST_0237,REST_052,2026-05-23 15:22:53,196.04,1,Cloudy,Low,Delivered,26.0
ORD_02639,CUST_0957,REST_029,2026-03-20 11:37:56,137.53,6,Cloudy,Low,Delivered,29.0
ORD_02640,CUST_0919,REST_060,2026-03-17 23:27:42,214.99,2,Cloudy,High,Delivered,17.0
ORD_02641,CUST_0923,REST_021,2026-06-09 22:07:19,334.56,2,Rain,Medium,Delivered,18.0
ORD_02642,CUST_0566,REST_017,2026-05-30 00:02:24,263.06,3,Cloudy,Low,Delivered,15.0
ORD_02643,CUST_0138,REST_018,2026-03-09 07:19:45,294.29,6,Rain,Low,Delivered,31.0
ORD_02644,CUST_0473,REST_057,2026-05-08 00:44:17,329.39,4,Heavy Rain,Medium,Delivered,25.0
ORD_02645,CUST_0845,REST_037,2026-01-16 07:40:59,211.78,5,Heavy Rain,Medium,Delivered,24.0
ORD_02646,CUST_0784,REST_060,2026-06-28 19:01:35,166.13,6,Cloudy,Low,Cancelled,14.0
ORD_02647,CUST_0553,REST_038,2026-03-02 06:11:15,118.54,5,Rain,High,Delivered,34.0
ORD_02648,CUST_0610,REST_012,2026-01-29 12:17:28,146.18,5,Clear,High,Delivered,19.0
ORD_02649,CUST_0695,REST_075,2026-06-23 09:36:33,135.91,4,Rain,Low,Delivered,7.0
ORD_02650,CUST_0640,REST_084,2026-02-22 22:12:43,271.08,4,Rain,Medium,Delivered,24.0
ORD_02651,CUST_0229,REST_073,2026-06-04 12:38:05,219.36,4,Rain,Medium,Delivered,38.0
ORD_02652,CUST_0317,REST_001,2026-02-09 04:19:22,265.93,3,Rain,Medium,Delivered,13.0
ORD_02653,CUST_0598,REST_058,2026-04-19 22:40:12,100.0,2,Clear,High,Delivered,19.0
ORD_02654,CUST_0768,REST_003,2026-06-27 18:12:46,398.4,1,Clear,Low,Delivered,10.0
ORD_02655,CUST_0721,REST_063,2026-01-28 01:31:39,143.33,4,Clear,Medium,Delivered,18.0
ORD_02656,CUST_0727,REST_021,2026-04-12 16:51:36,100.0,2,Rain,Medium,Delivered,21.0
ORD_02657,CUST_0886,REST_023,2026-04-01 00:23:02,142.37,4,Clear,Medium,Delivered,32.0
ORD_02658,CUST_0612,REST_009,2026-01-14 22:25:13,710.57,1,Clear,High,Delivered,25.0
ORD_02659,CUST_0561,REST_083,2026-05-05 07:28:23,146.46,6,Cloudy,Low,Delivered,21.0
ORD_02660,CUST_0201,REST_055,2026-06-28 01:13:36,151.59,4,Cloudy,Low,Delivered,39.0
ORD_02661,CUST_0948,REST_019,2026-06-15 16:31:56,163.1,2,Rain,Medium,Delivered,25.0
ORD_02662,CUST_0258,REST_062,2026-05-20 08:14:44,167.04,3,Cloudy,Low,Cancelled,25.0
ORD_02663,CUST_0480,REST_087,2026-04-15 02:27:36,117.94,6,Rain,Low,Delivered,18.0
ORD_02664,CUST_0888,REST_091,2026-03-06 20:14:19,196.13,6,Cloudy,Medium,Delivered,17.0
ORD_02665,CUST_0178,REST_091,2026-04-27 02:19:15,327.53,6,Rain,Low,Delivered,19.0
ORD_02666,CUST_0757,REST_039,2026-04-08 04:45:05,215.48,1,Clear,Medium,Delivered,26.0
ORD_02667,CUST_0123,REST_100,2026-06-08 12:18:13,100.0,2,Clear,Low,Delivered,38.0
ORD_02668,CUST_0342,REST_076,2026-02-04 20:46:57,150.0,5,Rain,Low,Delivered,17.0
ORD_02669,CUST_0171,REST_027,2026-03-17 00:16:02,133.84,5,Cloudy,Medium,Delivered,32.0
ORD_02670,CUST_0845,REST_046,2026-01-24 12:07:09,186.63,5,Cloudy,Low,Delivered,16.0
ORD_02671,CUST_0648,REST_034,2026-06-12 08:11:51,376.81,3,Clear,High,Delivered,16.0
ORD_02672,CUST_0059,REST_033,2026-06-03 05:10:54,167.02,4,Clear,Medium,Delivered,23.0
ORD_02673,CUST_0705,REST_092,2026-01-15 08:07:11,172.69,4,Cloudy,Medium,Delivered,24.0
ORD_02674,CUST_0465,REST_095,2026-04-15 03:58:10,481.88,4,Clear,High,Delivered,28.0
ORD_02675,CUST_0780,REST_096,2026-06-20 13:26:09,293.51,3,Clear,Low,Delivered,35.0
ORD_02676,CUST_0260,REST_050,2026-04-03 20:42:45,248.58,5,Clear,Medium,Delivered,26.0
ORD_02677,CUST_0373,REST_020,2026-03-17 06:48:34,532.18,6,Cloudy,High,Delivered,15.0
ORD_02678,CUST_0973,REST_040,2026-06-28 10:21:35,237.32,4,Cloudy,Low,Cancelled,29.0
ORD_02679,CUST_0095,REST_099,2026-04-06 11:25:52,100.0,6,Heavy Rain,High,Delivered,31.0
ORD_02680,CUST_0125,REST_095,2026-06-10 09:17:31,286.57,6,Cloudy,Low,Cancelled,30.0
ORD_02681,CUST_0041,REST_058,2026-01-22 07:50:53,100.0,3,Rain,Low,Delivered,16.0
ORD_02682,CUST_0891,REST_031,2026-04-14 23:09:50,232.43,3,Cloudy,High,Delivered,26.0
ORD_02683,CUST_0254,REST_038,2026-06-03 16:54:05,100.0,2,Cloudy,Low,Delivered,30.0
ORD_02684,CUST_0007,REST_086,2026-05-17 17:27:46,140.22,4,Clear,Medium,Delivered,40.0
ORD_02685,CUST_0471,REST_045,2026-05-27 02:33:25,148.4,5,Clear,High,Delivered,38.0
ORD_02686,CUST_0728,REST_041,2026-03-12 21:35:59,118.68,1,Cloudy,High,Delivered,38.0
ORD_02687,CUST_0511,REST_009,2026-01-05 20:36:34,149.62,3,Clear,Medium,Delivered,18.0
ORD_02688,CUST_0581,REST_009,2026-06-06 19:00:24,319.87,6,Rain,High,Delivered,20.0
ORD_02689,CUST_0069,REST_063,2026-02-01 03:32:22,122.4,2,Cloudy,Medium,Delivered,17.0
ORD_02690,CUST_0081,REST_079,2026-05-18 12:22:05,244.65,1,Rain,Low,Delivered,29.0
ORD_02691,CUST_0542,REST_077,2026-06-17 01:09:56,106.58,3,Heavy Rain,Medium,Delivered,13.0
ORD_02692,CUST_0585,REST_022,2026-03-12 00:11:29,163.33,2,Clear,Medium,Delivered,26.0
ORD_02693,CUST_0262,REST_016,2026-02-23 20:18:48,216.61,6,Clear,Medium,Delivered,24.0
ORD_02694,CUST_0089,REST_032,2026-01-07 00:33:56,104.78,4,Cloudy,Medium,Delivered,21.0
ORD_02695,CUST_0915,REST_066,2026-01-25 04:58:46,100.0,2,Clear,Medium,Delivered,31.0
ORD_02696,CUST_0208,REST_090,2026-03-07 04:33:12,237.59,3,Clear,Medium,Delivered,37.0
ORD_02697,CUST_0213,REST_014,2026-05-08 19:39:47,336.2,4,Rain,High,Delivered,24.0
ORD_02698,CUST_0834,REST_038,2026-02-13 22:36:08,173.56,6,Heavy Rain,Medium,Delivered,32.0
ORD_02699,CUST_0266,REST_098,2026-04-09 17:45:20,140.96,5,Rain,Low,Cancelled,25.0
ORD_02700,CUST_0912,REST_008,2026-04-07 23:39:55,197.48,2,Cloudy,High,Delivered,27.0
ORD_02701,CUST_0293,REST_100,2026-06-23 05:54:13,186.89,1,Clear,Medium,Cancelled,33.0
ORD_02702,CUST_0207,REST_021,2026-02-05 03:32:33,207.18,6,Cloudy,High,Delivered,18.0
ORD_02703,CUST_0333,REST_056,2026-04-28 15:57:27,100.0,4,Clear,Low,Delivered,27.0
ORD_02704,CUST_0077,REST_046,2026-06-29 18:53:08,100.68,6,Cloudy,Medium,Delivered,18.0
ORD_02705,CUST_0288,REST_043,2026-03-19 02:50:54,113.88,4,Clear,Low,Delivered,22.0
ORD_02706,CUST_0047,REST_092,2026-04-06 14:04:47,196.96,6,Rain,Low,Delivered,22.0
ORD_02707,CUST_0622,REST_046,2026-06-27 17:52:02,200.78,5,Rain,Medium,Delivered,13.0
ORD_02708,CUST_0200,REST_048,2026-06-15 13:27:29,257.21,2,Cloudy,Medium,Delivered,37.0
ORD_02709,CUST_0427,REST_070,2026-05-28 11:06:31,208.86,1,Rain,High,Delivered,11.0
ORD_02710,CUST_0210,REST_084,2026-01-09 02:37:42,100.0,5,Clear,Medium,Delivered,17.0
ORD_02711,CUST_0888,REST_031,2026-03-29 11:09:28,401.76,2,Clear,Low,Delivered,27.0
ORD_02712,CUST_0420,REST_033,2026-01-08 16:16:39,364.88,1,Rain,Medium,Delivered,31.0
ORD_02713,CUST_0154,REST_044,2026-02-24 10:44:10,100.0,6,Heavy Rain,Medium,Delivered,26.0
ORD_02714,CUST_0522,REST_071,2026-03-06 06:20:51,217.67,1,Cloudy,High,Delivered,22.0
ORD_02715,CUST_0415,REST_008,2026-04-30 03:50:55,130.65,3,Clear,Medium,Cancelled,26.0
ORD_02716,CUST_0353,REST_073,2026-06-24 16:18:53,195.66,1,Rain,Low,Delivered,40.0
ORD_02717,CUST_0157,REST_002,2026-01-15 18:40:28,323.54,2,Clear,Medium,Delivered,42.0
ORD_02718,CUST_0261,REST_017,2026-05-18 21:14:41,584.97,5,Cloudy,Medium,Delivered,12.0
ORD_02719,CUST_0077,REST_052,2026-02-18 04:48:33,274.02,5,Clear,Medium,Delivered,30.0
ORD_02720,CUST_0769,REST_045,2026-01-23 12:30:53,213.2,3,Rain,High,Delivered,39.0
ORD_02721,CUST_0983,REST_037,2026-06-17 20:56:58,150.37,2,Clear,Medium,Delivered,24.0
ORD_02722,CUST_0488,REST_042,2026-01-31 23:34:13,200.37,1,Rain,Medium,Delivered,29.0
ORD_02723,CUST_0131,REST_044,2026-01-07 19:57:26,382.94,3,Clear,Medium,Delivered,26.0
ORD_02724,CUST_0579,REST_081,2026-05-20 22:18:19,176.87,6,Clear,Low,Delivered,28.0
ORD_02725,CUST_0455,REST_038,2026-06-20 05:11:01,111.35,4,Rain,Medium,Delivered,32.0
ORD_02726,CUST_0740,REST_099,2026-05-18 10:20:01,100.0,6,Clear,Medium,Delivered,32.0
ORD_02727,CUST_0163,REST_094,2026-06-02 19:04:03,240.37,2,Cloudy,Medium,Delivered,17.0
ORD_02728,CUST_0015,REST_006,2026-01-22 03:35:46,207.68,3,Clear,Medium,Delivered,19.0
ORD_02729,CUST_0232,REST_068,2026-05-26 10:43:38,127.07,5,Rain,High,Delivered,22.0
ORD_02730,CUST_0195,REST_051,2026-03-15 14:46:04,318.72,3,Clear,Low,Delivered,17.0
ORD_02731,CUST_0861,REST_035,2026-03-14 05:53:23,143.74,4,Clear,Low,Delivered,24.0
ORD_02732,CUST_0542,REST_058,2026-01-04 16:08:52,168.33,2,Cloudy,High,Delivered,22.0
ORD_02733,CUST_0359,REST_057,2026-06-23 08:15:18,179.62,3,Clear,High,Delivered,20.0
ORD_02734,CUST_0850,REST_073,2026-06-18 05:53:33,149.45,6,Clear,Medium,Delivered,38.0
ORD_02735,CUST_0331,REST_006,2026-02-21 02:52:08,206.38,1,Cloudy,High,Delivered,26.0
ORD_02736,CUST_0427,REST_013,2026-05-19 22:10:38,341.5,6,Cloudy,Low,Delivered,17.0
ORD_02737,CUST_0497,REST_059,2026-06-03 18:55:22,100.0,2,Clear,Low,Delivered,40.0
ORD_02738,CUST_0828,REST_086,2026-04-17 18:18:09,237.15,3,Cloudy,High,Delivered,35.0
ORD_02739,CUST_0486,REST_092,2026-01-31 17:41:27,199.28,6,Rain,High,Delivered,26.0
ORD_02740,CUST_0808,REST_030,2026-04-13 10:53:06,197.27,3,Clear,Low,Delivered,26.0
ORD_02741,CUST_0449,REST_100,2026-03-12 02:08:40,292.81,6,Cloudy,Low,Delivered,32.0
ORD_02742,CUST_0413,REST_002,2026-06-20 18:59:37,186.25,2,Cloudy,Low,Delivered,34.0
ORD_02743,CUST_0330,REST_058,2026-02-26 22:45:47,236.07,5,Clear,Low,Cancelled,17.0
ORD_02744,CUST_0732,REST_036,2026-01-16 00:33:03,268.73,6,Clear,High,Delivered,15.0
ORD_02745,CUST_0889,REST_072,2026-01-04 02:19:47,137.36,1,Clear,Medium,Delivered,18.0
ORD_02746,CUST_0991,REST_045,2026-03-01 03:43:26,213.7,6,Rain,Medium,Delivered,36.0
ORD_02747,CUST_0147,REST_009,2026-02-13 23:52:47,157.92,2,Clear,Medium,Delivered,24.0
ORD_02748,CUST_0259,REST_065,2026-02-28 18:25:54,168.52,6,Rain,High,Delivered,24.0
ORD_02749,CUST_0292,REST_077,2026-03-07 16:14:01,151.85,1,Cloudy,Low,Delivered,17.0
ORD_02750,CUST_0811,REST_050,2026-01-14 19:15:49,234.88,1,Clear,Medium,Delivered,24.0
ORD_02751,CUST_0143,REST_079,2026-02-20 20:18:55,189.6,2,Cloudy,High,Delivered,25.0
ORD_02752,CUST_0993,REST_032,2026-04-07 17:46:49,225.2,3,Heavy Rain,Low,Delivered,19.0
ORD_02753,CUST_0937,REST_098,2026-05-28 15:31:56,179.53,6,Clear,High,Delivered,24.0
ORD_02754,CUST_0747,REST_043,2026-06-28 09:52:08,100.0,5,Clear,Medium,Delivered,25.0
ORD_02755,CUST_0627,REST_095,2026-04-10 23:41:26,184.43,1,Cloudy,Low,Delivered,25.0
ORD_02756,CUST_0365,REST_078,2026-04-09 19:26:27,187.72,1,Clear,Low,Delivered,37.0
ORD_02757,CUST_0090,REST_054,2026-02-27 14:57:54,207.15,6,Clear,Medium,Delivered,19.0
ORD_02758,CUST_0720,REST_047,2026-05-30 14:47:21,130.77,3,Clear,Medium,Delivered,29.0
ORD_02759,CUST_0164,REST_014,2026-06-09 05:42:59,100.0,6,Clear,Medium,Delivered,23.0
ORD_02760,CUST_0481,REST_048,2026-02-09 09:19:14,255.58,2,Clear,Low,Delivered,34.0
ORD_02761,CUST_0084,REST_055,2026-02-21 23:43:59,155.95,5,Rain,Medium,Delivered,40.0
ORD_02762,CUST_0077,REST_029,2026-02-12 20:56:27,199.18,6,Heavy Rain,Low,Delivered,34.0
ORD_02763,CUST_0673,REST_047,2026-03-07 19:57:06,155.27,1,Clear,Medium,Delivered,34.0
ORD_02764,CUST_0517,REST_063,2026-02-28 23:29:15,180.67,1,Clear,Medium,Delivered,10.0
ORD_02765,CUST_0485,REST_019,2026-05-23 16:30:53,141.58,2,Clear,Medium,Delivered,25.0
ORD_02766,CUST_0590,REST_091,2026-03-01 02:59:24,106.44,3,Clear,Low,Cancelled,14.0
ORD_02767,CUST_0603,REST_009,2026-01-23 12:18:32,235.23,6,Clear,Low,Delivered,27.0
ORD_02768,CUST_0599,REST_037,2026-04-06 09:24:51,130.1,4,Clear,Low,Delivered,20.0
ORD_02769,CUST_0782,REST_092,2026-04-22 20:19:36,198.38,3,Rain,Low,Delivered,18.0
ORD_02770,CUST_0104,REST_052,2026-06-01 16:12:11,227.18,1,Clear,Low,Delivered,33.0
ORD_02771,CUST_0452,REST_057,2026-01-28 01:48:46,131.27,6,Clear,Medium,Cancelled,28.0
ORD_02772,CUST_0487,REST_088,2026-04-09 03:12:41,100.0,1,Clear,Medium,Delivered,36.0
ORD_02773,CUST_0339,REST_028,2026-06-30 13:44:06,688.38,5,Clear,Medium,Delivered,26.0
ORD_02774,CUST_0687,REST_036,2026-06-21 10:44:45,135.6,3,Rain,Medium,Delivered,20.0
ORD_02775,CUST_0566,REST_064,2026-03-29 11:01:24,255.41,4,Clear,Low,Cancelled,7.0
ORD_02776,CUST_0900,REST_018,2026-03-17 16:29:04,526.74,5,Heavy Rain,High,Delivered,36.0
ORD_02777,CUST_0478,REST_089,2026-06-02 17:05:50,279.9,4,Clear,Low,Delivered,25.0
ORD_02778,CUST_0723,REST_035,2026-05-03 09:32:04,153.66,5,Cloudy,Medium,Delivered,28.0
ORD_02779,CUST_0607,REST_068,2026-04-21 13:38:29,174.7,3,Heavy Rain,High,Delivered,23.0
ORD_02780,CUST_0223,REST_078,2026-02-18 15:51:02,114.67,1,Clear,Medium,Delivered,35.0
ORD_02781,CUST_0009,REST_039,2026-06-19 01:49:37,294.4,4,Clear,Low,Delivered,30.0
ORD_02782,CUST_0053,REST_090,2026-03-28 13:43:21,247.51,3,Rain,Medium,Delivered,30.0
ORD_02783,CUST_0077,REST_008,2026-01-14 03:28:56,136.6,4,Clear,Low,Delivered,25.0
ORD_02784,CUST_0718,REST_088,2026-04-29 12:11:49,102.19,3,Cloudy,Medium,Delivered,31.0
ORD_02785,CUST_0503,REST_080,2026-05-16 12:16:49,100.0,5,Clear,Medium,Delivered,32.0
ORD_02786,CUST_0316,REST_084,2026-05-29 21:57:35,311.87,3,Clear,Medium,Delivered,24.0
ORD_02787,CUST_0814,REST_015,2026-04-05 01:20:01,193.68,5,Clear,Low,Delivered,34.0
ORD_02788,CUST_0822,REST_007,2026-05-05 03:05:22,204.02,1,Rain,High,Delivered,17.0
ORD_02789,CUST_0842,REST_017,2026-05-01 14:34:40,115.28,5,Clear,Medium,Delivered,19.0
ORD_02790,CUST_0624,REST_086,2026-03-19 18:26:00,100.0,2,Clear,Low,Delivered,33.0
ORD_02791,CUST_0863,REST_086,2026-01-22 14:11:41,307.8,1,Cloudy,Medium,Delivered,33.0
ORD_02792,CUST_0165,REST_064,2026-05-18 02:24:42,185.51,6,Clear,Medium,Delivered,9.0
ORD_02793,CUST_0279,REST_012,2026-05-02 15:18:11,298.56,6,Clear,Medium,Delivered,19.0
ORD_02794,CUST_0027,REST_082,2026-01-26 20:55:00,146.6,3,Clear,Low,Delivered,31.0
ORD_02795,CUST_0070,REST_056,2026-04-29 08:11:27,159.13,3,Cloudy,Low,Delivered,29.0
ORD_02796,CUST_0218,REST_046,2026-04-18 08:22:46,268.36,2,Cloudy,High,Delivered,22.0
ORD_02797,CUST_0962,REST_047,2026-06-03 04:24:32,271.18,3,Clear,Low,Delivered,31.0
ORD_02798,CUST_0365,REST_079,2026-03-14 08:32:45,281.09,1,Clear,Low,Delivered,32.0
ORD_02799,CUST_0701,REST_016,2026-01-01 11:30:10,154.11,1,Cloudy,High,Delivered,27.0
ORD_02800,CUST_0845,REST_069,2026-01-21 20:52:17,254.17,5,Rain,Medium,Delivered,25.0
ORD_02801,CUST_0947,REST_002,2026-06-12 22:50:31,333.62,4,Clear,Medium,Delivered,35.0
ORD_02802,CUST_0306,REST_092,2026-04-18 06:59:48,171.12,3,Clear,Medium,Delivered,27.0
ORD_02803,CUST_0124,REST_054,2026-06-03 22:15:44,136.67,2,Clear,Medium,Delivered,26.0
ORD_02804,CUST_0019,REST_027,2026-02-21 04:32:27,379.37,6,Cloudy,Medium,Delivered,25.0
ORD_02805,CUST_0257,REST_031,2026-05-14 23:22:57,126.48,1,Heavy Rain,High,Delivered,34.0
ORD_02806,CUST_0296,REST_041,2026-03-31 10:03:12,256.27,1,Clear,Low,Delivered,40.0
ORD_02807,CUST_0928,REST_036,2026-03-21 12:04:30,175.54,1,Clear,Low,Delivered,16.0
ORD_02808,CUST_0022,REST_047,2026-04-25 05:22:29,100.0,4,Clear,Low,Delivered,30.0
ORD_02809,CUST_0880,REST_043,2026-04-17 19:22:16,337.22,4,Clear,Medium,Cancelled,19.0
ORD_02810,CUST_0989,REST_065,2026-04-04 04:22:50,100.0,3,Clear,Medium,Delivered,17.0
ORD_02811,CUST_0450,REST_050,2026-03-01 16:49:58,100.0,6,Rain,Low,Delivered,21.0
ORD_02812,CUST_0552,REST_093,2026-02-23 15:06:12,242.26,2,Clear,Medium,Delivered,18.0
ORD_02813,CUST_0550,REST_001,2026-03-12 06:47:59,242.23,4,Rain,Low,Delivered,8.0
ORD_02814,CUST_0048,REST_072,2026-01-30 10:55:55,127.65,5,Clear,Medium,Cancelled,15.0
ORD_02815,CUST_0695,REST_057,2026-02-28 08:33:48,196.63,4,Rain,High,Delivered,19.0
ORD_02816,CUST_0587,REST_016,2026-04-07 15:20:50,100.0,1,Cloudy,Medium,Delivered,33.0
ORD_02817,CUST_0721,REST_028,2026-02-22 10:51:07,267.42,2,Clear,Low,Delivered,20.0
ORD_02818,CUST_0183,REST_086,2026-04-28 07:11:23,207.96,3,Rain,Low,Cancelled,40.0
ORD_02819,CUST_0435,REST_082,2026-06-01 13:09:11,176.78,4,Clear,Low,Delivered,32.0
ORD_02820,CUST_0107,REST_022,2026-04-30 08:16:09,183.36,1,Cloudy,Medium,Delivered,25.0
ORD_02821,CUST_0188,REST_041,2026-03-10 09:22:27,237.77,5,Rain,Medium,Delivered,40.0
ORD_02822,CUST_0776,REST_076,2026-04-16 21:46:00,178.41,5,Clear,High,Delivered,16.0
ORD_02823,CUST_0086,REST_019,2026-02-17 04:19:32,100.0,3,Cloudy,Medium,Delivered,17.0
ORD_02824,CUST_0836,REST_089,2026-06-25 19:00:29,606.67,3,Rain,Medium,Delivered,23.0
ORD_02825,CUST_0843,REST_050,2026-06-20 00:52:37,350.88,4,Heavy Rain,High,Delivered,22.0
ORD_02826,CUST_0456,REST_059,2026-03-12 23:43:21,100.0,3,Cloudy,Medium,Delivered,39.0
ORD_02827,CUST_0137,REST_069,2026-06-20 17:48:27,149.93,6,Clear,Low,Delivered,34.0
ORD_02828,CUST_0858,REST_034,2026-04-25 21:55:22,159.2,6,Cloudy,Medium,Delivered,21.0
ORD_02829,CUST_0898,REST_039,2026-03-19 07:02:14,328.12,1,Cloudy,Medium,Delivered,21.0
ORD_02830,CUST_0336,REST_074,2026-06-12 09:22:14,100.0,1,Cloudy,Medium,Delivered,10.0
ORD_02831,CUST_0607,REST_007,2026-02-08 06:43:28,137.76,1,Rain,Low,Delivered,19.0
ORD_02832,CUST_0838,REST_052,2026-01-11 07:01:37,100.0,6,Clear,Low,Delivered,26.0
ORD_02833,CUST_0757,REST_060,2026-05-18 01:56:07,154.96,4,Clear,Low,Delivered,22.0
ORD_02834,CUST_0469,REST_052,2026-06-01 05:29:35,139.79,4,Cloudy,Low,Delivered,32.0
ORD_02835,CUST_0602,REST_079,2026-01-07 10:55:15,189.39,3,Heavy Rain,High,Delivered,31.0
ORD_02836,CUST_0571,REST_024,2026-04-26 05:41:57,129.97,4,Clear,Medium,Delivered,31.0
ORD_02837,CUST_0403,REST_026,2026-05-20 00:33:14,119.93,1,Heavy Rain,Medium,Delivered,40.0
ORD_02838,CUST_0540,REST_090,2026-03-10 14:17:15,254.88,2,Rain,Medium,Delivered,30.0
ORD_02839,CUST_0072,REST_090,2026-02-04 21:03:53,232.77,1,Rain,Medium,Delivered,36.0
ORD_02840,CUST_0782,REST_010,2026-06-24 05:07:27,245.49,6,Rain,High,Delivered,30.0
ORD_02841,CUST_0024,REST_017,2026-05-02 03:29:54,164.47,2,Rain,Medium,Delivered,11.0
ORD_02842,CUST_0624,REST_078,2026-05-24 16:10:30,132.36,3,Rain,Medium,Delivered,37.0
ORD_02843,CUST_0812,REST_002,2026-01-22 10:42:58,169.8,5,Cloudy,Medium,Delivered,38.0
ORD_02844,CUST_0485,REST_077,2026-06-14 15:39:54,238.8,4,Clear,High,Delivered,20.0
ORD_02845,CUST_0056,REST_027,2026-03-02 13:41:35,100.0,4,Clear,High,Delivered,29.0
ORD_02846,CUST_0986,REST_073,2026-05-14 07:14:30,225.15,6,Clear,High,Delivered,41.0
ORD_02847,CUST_0223,REST_071,2026-06-10 04:10:35,214.87,1,Clear,Low,Delivered,31.0
ORD_02848,CUST_0632,REST_048,2026-06-17 17:38:02,187.58,1,Clear,Low,Delivered,37.0
ORD_02849,CUST_0179,REST_074,2026-05-10 05:14:51,166.98,2,Rain,Low,Delivered,13.0
ORD_02850,CUST_0800,REST_009,2026-04-19 19:33:14,100.0,4,Cloudy,Medium,Delivered,19.0
ORD_02851,CUST_0434,REST_086,2026-04-10 15:32:55,142.32,6,Clear,Medium,Delivered,40.0
ORD_02852,CUST_0937,REST_023,2026-03-13 12:34:10,485.02,3,Rain,Low,Delivered,35.0
ORD_02853,CUST_0450,REST_071,2026-05-29 08:25:37,182.56,1,Clear,Medium,Delivered,31.0
ORD_02854,CUST_0793,REST_073,2026-04-09 08:59:17,153.08,4,Clear,Low,Delivered,32.0
ORD_02855,CUST_0884,REST_027,2026-01-14 14:31:11,182.97,5,Rain,High,Delivered,30.0
ORD_02856,CUST_0492,REST_088,2026-03-18 04:01:55,220.33,6,Clear,Low,Delivered,31.0
ORD_02857,CUST_0189,REST_093,2026-03-11 15:47:35,260.43,2,Cloudy,Medium,Delivered,19.0
ORD_02858,CUST_0578,REST_081,2026-05-27 14:31:56,159.83,1,Clear,Medium,Delivered,21.0
ORD_02859,CUST_0810,REST_084,2026-01-21 14:13:02,229.0,1,Cloudy,Medium,Delivered,20.0
ORD_02860,CUST_0961,REST_071,2026-03-12 06:21:33,455.85,3,Rain,Low,Delivered,30.0
ORD_02861,CUST_0420,REST_043,2026-02-26 15:46:41,315.27,1,Clear,High,Delivered,15.0
ORD_02862,CUST_0249,REST_007,2026-01-25 05:40:35,656.66,6,Heavy Rain,Medium,Delivered,25.0
ORD_02863,CUST_0588,REST_092,2026-02-24 00:26:57,126.31,4,Clear,High,Delivered,24.0
ORD_02864,CUST_0649,REST_083,2026-06-02 19:55:57,455.73,4,Cloudy,High,Delivered,20.0
ORD_02865,CUST_0164,REST_063,2026-04-30 17:09:37,117.35,4,Rain,Medium,Delivered,17.0
ORD_02866,CUST_0745,REST_084,2026-06-22 07:06:41,220.18,5,Rain,High,Delivered,17.0
ORD_02867,CUST_0255,REST_044,2026-04-03 08:11:44,271.2,5,Clear,High,Delivered,25.0
ORD_02868,CUST_0476,REST_039,2026-05-26 10:38:11,136.88,1,Clear,High,Delivered,21.0
ORD_02869,CUST_0806,REST_040,2026-05-18 14:28:49,190.26,5,Cloudy,High,Delivered,32.0
ORD_02870,CUST_0417,REST_007,2026-06-10 16:17:44,299.09,5,Clear,High,Delivered,26.0
ORD_02871,CUST_0170,REST_070,2026-03-28 17:28:08,122.65,3,Clear,Medium,Delivered,19.0
ORD_02872,CUST_0317,REST_025,2026-06-18 15:51:11,454.03,5,Rain,Low,Delivered,34.0
ORD_02873,CUST_0174,REST_059,2026-03-28 18:41:14,100.0,2,Cloudy,High,Delivered,34.0
ORD_02874,CUST_0470,REST_013,2026-03-04 04:36:42,526.8,2,Clear,Medium,Cancelled,13.0
ORD_02875,CUST_0345,REST_086,2026-05-18 00:45:10,314.42,2,Clear,Low,Delivered,34.0
ORD_02876,CUST_0445,REST_081,2026-05-12 04:27:17,172.54,1,Rain,Medium,Delivered,23.0
ORD_02877,CUST_0018,REST_086,2026-02-02 11:59:39,145.26,4,Cloudy,Medium,Delivered,38.0
ORD_02878,CUST_0070,REST_098,2026-03-05 13:59:30,137.16,3,Cloudy,Medium,Delivered,22.0
ORD_02879,CUST_0338,REST_062,2026-01-07 11:23:41,168.23,1,Clear,Low,Delivered,18.0
ORD_02880,CUST_0628,REST_008,2026-05-01 08:28:13,176.5,4,Clear,Low,Cancelled,31.0
ORD_02881,CUST_0592,REST_045,2026-06-26 11:39:10,361.54,3,Clear,Medium,Delivered,33.0
ORD_02882,CUST_0527,REST_018,2026-01-14 20:28:06,535.26,3,Cloudy,Medium,Delivered,31.0
ORD_02883,CUST_0688,REST_088,2026-02-06 23:12:53,202.28,3,Clear,Medium,Delivered,30.0
ORD_02884,CUST_0456,REST_060,2026-01-16 23:39:54,113.85,2,Cloudy,High,Delivered,24.0
ORD_02885,CUST_0269,REST_060,2026-01-27 21:49:22,134.27,2,Cloudy,High,Delivered,17.0
ORD_02886,CUST_0631,REST_002,2026-03-04 23:00:19,163.91,2,Cloudy,Low,Delivered,32.0
ORD_02887,CUST_0811,REST_066,2026-03-11 18:44:10,102.87,3,Clear,Low,Delivered,31.0
ORD_02888,CUST_0188,REST_091,2026-05-17 00:08:41,100.0,6,Rain,Medium,Delivered,10.0
ORD_02889,CUST_0569,REST_014,2026-03-27 16:58:26,574.45,3,Cloudy,Medium,Delivered,27.0
ORD_02890,CUST_0711,REST_048,2026-05-27 07:25:16,214.1,2,Clear,Low,Delivered,35.0
ORD_02891,CUST_0529,REST_056,2026-06-04 08:41:09,114.64,3,Clear,Medium,Delivered,35.0
ORD_02892,CUST_0434,REST_012,2026-06-03 12:24:07,284.04,2,Cloudy,High,Delivered,19.0
ORD_02893,CUST_0288,REST_096,2026-06-25 09:19:03,100.0,2,Clear,High,Delivered,32.0
ORD_02894,CUST_0918,REST_092,2026-05-13 05:08:53,100.0,2,Clear,Medium,Delivered,23.0
ORD_02895,CUST_0567,REST_055,2026-06-15 15:20:48,116.55,6,Clear,Low,Delivered,40.0
ORD_02896,CUST_0499,REST_028,2026-06-30 19:21:54,450.33,4,Clear,Low,Delivered,27.0
ORD_02897,CUST_0441,REST_089,2026-05-20 15:31:10,157.73,3,Heavy Rain,Low,Delivered,17.0
ORD_02898,CUST_0781,REST_004,2026-03-07 16:47:28,100.0,1,Cloudy,Low,Delivered,11.0
ORD_02899,CUST_0303,REST_090,2026-06-20 04:22:38,352.67,2,Cloudy,Medium,Cancelled,35.0
ORD_02900,CUST_0087,REST_036,2026-04-23 12:17:48,153.16,6,Rain,Medium,Delivered,19.0
ORD_02901,CUST_0830,REST_050,2026-06-06 19:50:54,100.0,1,Cloudy,Low,Delivered,26.0
ORD_02902,CUST_0438,REST_003,2026-03-09 02:36:04,152.3,4,Cloudy,High,Delivered,14.0
ORD_02903,CUST_0541,REST_001,2026-01-07 19:22:42,241.42,3,Clear,Medium,Delivered,11.0
ORD_02904,CUST_0022,REST_017,2026-02-07 12:56:29,226.38,6,Cloudy,Medium,Delivered,18.0
ORD_02905,CUST_0833,REST_071,2026-04-03 06:14:25,487.42,2,Clear,High,Delivered,26.0
ORD_02906,CUST_0797,REST_062,2026-02-02 13:09:54,113.41,2,Clear,Medium,Cancelled,24.0
ORD_02907,CUST_0560,REST_048,2026-02-26 15:24:24,185.99,2,Clear,High,Delivered,29.0
ORD_02908,CUST_0517,REST_062,2026-05-26 21:38:02,123.38,6,Clear,Low,Delivered,20.0
ORD_02909,CUST_0762,REST_069,2026-05-13 02:35:59,100.0,1,Clear,Low,Delivered,34.0
ORD_02910,CUST_0675,REST_019,2026-03-10 16:58:31,295.02,4,Clear,Medium,Delivered,20.0
ORD_02911,CUST_0503,REST_034,2026-04-04 03:27:40,233.88,3,Rain,Medium,Delivered,16.0
ORD_02912,CUST_0714,REST_099,2026-01-05 19:24:34,211.88,4,Clear,Low,Delivered,29.0
ORD_02913,CUST_0467,REST_049,2026-04-03 01:13:30,229.23,2,Rain,Medium,Delivered,23.0
ORD_02914,CUST_0101,REST_080,2026-04-04 15:39:29,124.34,4,Cloudy,Low,Delivered,35.0
ORD_02915,CUST_0583,REST_047,2026-02-07 01:43:48,104.26,1,Cloudy,Medium,Delivered,28.0
ORD_02916,CUST_0942,REST_091,2026-02-19 06:16:59,185.06,5,Clear,Medium,Delivered,19.0
ORD_02917,CUST_0675,REST_050,2026-04-21 20:11:40,343.32,5,Rain,Medium,Delivered,30.0
ORD_02918,CUST_0685,REST_089,2026-02-01 05:03:07,438.97,3,Clear,Medium,Delivered,24.0
ORD_02919,CUST_0141,REST_026,2026-04-27 04:12:16,280.76,3,Cloudy,High,Delivered,39.0
ORD_02920,CUST_0138,REST_056,2026-01-25 02:20:03,184.2,4,Cloudy,Medium,Cancelled,34.0
ORD_02921,CUST_0578,REST_078,2026-04-08 20:39:03,210.27,3,Clear,High,Delivered,33.0
ORD_02922,CUST_0710,REST_014,2026-05-20 14:39:44,182.43,6,Clear,Low,Delivered,31.0
ORD_02923,CUST_0840,REST_078,2026-06-27 22:05:08,103.1,1,Clear,Medium,Delivered,39.0
ORD_02924,CUST_0228,REST_025,2026-04-18 09:09:15,183.75,2,Rain,Medium,Delivered,35.0
ORD_02925,CUST_0281,REST_100,2026-04-30 18:45:07,100.0,2,Rain,High,Delivered,34.0
ORD_02926,CUST_0684,REST_004,2026-04-25 18:57:57,169.31,4,Rain,High,Delivered,14.0
ORD_02927,CUST_0828,REST_079,2026-02-17 07:54:14,445.79,2,Clear,High,Delivered,32.0
ORD_02928,CUST_0431,REST_032,2026-05-04 12:15:36,285.02,4,Clear,Low,Delivered,25.0
ORD_02929,CUST_0040,REST_082,2026-01-14 15:39:28,109.1,3,Clear,High,Delivered,33.0
ORD_02930,CUST_0519,REST_078,2026-03-07 17:33:46,174.19,3,Rain,Low,Cancelled,33.0
ORD_02931,CUST_0686,REST_065,2026-04-10 02:46:01,114.56,6,Clear,Low,Delivered,20.0
ORD_02932,CUST_0663,REST_061,2026-03-09 11:19:27,175.15,6,Clear,Low,Delivered,41.0
ORD_02933,CUST_0211,REST_020,2026-05-19 11:20:03,321.38,1,Rain,Medium,Delivered,16.0
ORD_02934,CUST_0302,REST_074,2026-01-30 10:03:01,259.6,2,Cloudy,Medium,Delivered,6.0
ORD_02935,CUST_0086,REST_010,2026-05-11 00:19:37,710.72,6,Cloudy,Low,Delivered,30.0
ORD_02936,CUST_0397,REST_088,2026-02-10 03:55:50,349.28,1,Clear,Low,Delivered,36.0
ORD_02937,CUST_0253,REST_034,2026-01-20 12:22:30,202.8,5,Clear,Medium,Delivered,18.0
ORD_02938,CUST_0533,REST_061,2026-03-25 18:43:19,263.07,6,Rain,High,Delivered,35.0
ORD_02939,CUST_0769,REST_092,2026-04-03 22:33:33,162.17,1,Cloudy,Medium,Cancelled,21.0
ORD_02940,CUST_0891,REST_027,2026-02-27 06:04:09,100.0,4,Clear,Medium,Delivered,31.0
ORD_02941,CUST_0915,REST_040,2026-03-10 10:01:59,371.73,4,Clear,Medium,Delivered,31.0
ORD_02942,CUST_0381,REST_065,2026-03-14 18:29:59,315.75,1,Clear,High,Delivered,21.0
ORD_02943,CUST_0444,REST_033,2026-04-18 18:56:47,158.76,3,Cloudy,High,Delivered,23.0
ORD_02944,CUST_0033,REST_068,2026-02-28 17:30:51,210.75,5,Clear,Medium,Delivered,21.0
ORD_02945,CUST_0260,REST_071,2026-04-20 19:55:26,358.71,1,Cloudy,Medium,Cancelled,24.0
ORD_02946,CUST_0234,REST_009,2026-03-31 11:02:13,288.73,6,Cloudy,High,Cancelled,26.0
ORD_02947,CUST_0515,REST_016,2026-03-01 07:26:00,100.0,3,Rain,High,Delivered,25.0
ORD_02948,CUST_0859,REST_005,2026-06-08 20:20:18,207.26,1,Clear,Low,Delivered,34.0
ORD_02949,CUST_0308,REST_098,2026-05-01 09:51:49,165.31,2,Rain,Medium,Delivered,26.0
ORD_02950,CUST_0739,REST_023,2026-05-27 18:25:24,334.34,6,Cloudy,High,Delivered,32.0
ORD_02951,CUST_0796,REST_043,2026-05-04 06:27:42,319.6,6,Clear,Medium,Delivered,16.0
ORD_02952,CUST_0070,REST_089,2026-02-13 06:54:39,374.37,4,Heavy Rain,Medium,Delivered,22.0
ORD_02953,CUST_0454,REST_057,2026-01-20 17:17:34,100.0,2,Clear,Medium,Delivered,26.0
ORD_02954,CUST_0439,REST_051,2026-03-05 20:34:31,117.77,2,Cloudy,Low,Delivered,17.0
ORD_02955,CUST_0825,REST_013,2026-01-16 08:58:43,334.54,6,Clear,Medium,Delivered,8.0
ORD_02956,CUST_0364,REST_024,2026-01-14 07:37:55,130.92,5,Cloudy,High,Delivered,35.0
ORD_02957,CUST_0983,REST_011,2026-06-03 17:57:16,100.0,3,Cloudy,Medium,Delivered,18.0
ORD_02958,CUST_0766,REST_052,2026-04-01 18:58:06,242.97,4,Clear,High,Delivered,23.0
ORD_02959,CUST_0481,REST_017,2026-04-05 01:29:51,134.16,2,Cloudy,High,Delivered,10.0
ORD_02960,CUST_0144,REST_037,2026-01-24 09:50:01,485.11,4,Cloudy,Medium,Delivered,15.0
ORD_02961,CUST_0024,REST_013,2026-05-28 22:40:42,213.34,6,Rain,High,Delivered,13.0
ORD_02962,CUST_0965,REST_062,2026-06-23 00:14:17,197.98,3,Clear,Low,Delivered,18.0
ORD_02963,CUST_0425,REST_091,2026-06-07 08:44:12,147.96,1,Clear,Medium,Delivered,13.0
ORD_02964,CUST_0746,REST_084,2026-02-09 00:08:36,434.83,2,Cloudy,Medium,Delivered,20.0
ORD_02965,CUST_0845,REST_097,2026-04-17 18:35:54,220.79,3,Clear,Medium,Delivered,17.0
ORD_02966,CUST_0175,REST_096,2026-02-20 14:11:40,144.8,4,Cloudy,Low,Delivered,25.0
ORD_02967,CUST_0844,REST_008,2026-05-23 04:02:52,117.13,6,Clear,Low,Delivered,25.0
ORD_02968,CUST_0325,REST_056,2026-05-29 20:51:26,174.09,3,Clear,Low,Delivered,34.0
ORD_02969,CUST_0869,REST_093,2026-02-16 13:53:09,105.88,1,Rain,Medium,Delivered,23.0
ORD_02970,CUST_0671,REST_083,2026-01-29 03:29:51,319.22,3,Rain,High,Delivered,21.0
ORD_02971,CUST_0860,REST_070,2026-01-29 11:31:26,100.0,6,Cloudy,High,Delivered,20.0
ORD_02972,CUST_0348,REST_044,2026-05-19 13:04:42,167.88,4,Rain,Low,Delivered,22.0
ORD_02973,CUST_0798,REST_060,2026-05-01 19:58:11,253.55,2,Cloudy,Medium,Delivered,19.0
ORD_02974,CUST_0018,REST_041,2026-06-14 21:41:53,218.8,2,Cloudy,Low,Delivered,37.0
ORD_02975,CUST_0044,REST_021,2026-03-25 05:40:11,122.18,5,Heavy Rain,Medium,Delivered,18.0
ORD_02976,CUST_0155,REST_086,2026-06-22 23:32:11,260.64,4,Cloudy,High,Delivered,34.0
ORD_02977,CUST_0867,REST_042,2026-01-23 04:45:53,111.35,5,Cloudy,High,Delivered,27.0
ORD_02978,CUST_0922,REST_074,2026-03-22 12:26:19,179.05,5,Clear,Low,Delivered,10.0
ORD_02979,CUST_0377,REST_074,2026-04-19 07:03:43,259.44,6,Rain,Low,Delivered,10.0
ORD_02980,CUST_0743,REST_029,2026-06-07 16:15:14,233.83,6,Clear,Low,Delivered,30.0
ORD_02981,CUST_0883,REST_080,2026-01-11 12:00:33,125.05,6,Clear,Medium,Delivered,36.0
ORD_02982,CUST_0828,REST_065,2026-05-20 11:29:52,350.24,1,Clear,High,Delivered,16.0
ORD_02983,CUST_0402,REST_017,2026-04-15 20:30:05,190.13,4,Clear,Medium,Delivered,16.0
ORD_02984,CUST_0225,REST_030,2026-06-18 14:04:07,272.78,2,Clear,High,Delivered,19.0
ORD_02985,CUST_0217,REST_026,2026-01-14 02:02:03,420.32,4,Rain,Medium,Delivered,32.0
ORD_02986,CUST_0568,REST_053,2026-06-25 21:18:39,335.17,6,Cloudy,Low,Delivered,16.0
ORD_02987,CUST_0031,REST_019,2026-06-18 12:23:59,335.65,1,Clear,Low,Delivered,25.0
ORD_02988,CUST_0869,REST_053,2026-04-06 14:39:32,201.54,4,Rain,Low,Delivered,18.0
ORD_02989,CUST_0059,REST_085,2026-03-12 12:00:09,280.53,4,Cloudy,High,Delivered,18.0
ORD_02990,CUST_0892,REST_017,2026-05-26 13:14:24,203.87,5,Cloudy,High,Delivered,19.0
ORD_02991,CUST_0898,REST_046,2026-03-10 02:56:44,100.0,4,Clear,High,Cancelled,19.0
ORD_02992,CUST_0353,REST_085,2026-03-18 00:11:27,214.11,5,Rain,Low,Delivered,12.0
ORD_02993,CUST_0935,REST_053,2026-02-10 08:07:36,208.72,5,Clear,High,Delivered,17.0
ORD_02994,CUST_0445,REST_064,2026-06-13 23:48:51,249.9,3,Clear,Low,Delivered,9.0
ORD_02995,CUST_0235,REST_045,2026-04-23 09:23:03,168.95,6,Clear,Low,Delivered,33.0
ORD_02996,CUST_0107,REST_049,2026-04-15 13:22:36,119.25,1,Cloudy,Medium,Delivered,27.0
ORD_02997,CUST_0191,REST_019,2026-02-04 21:57:15,260.1,5,Cloudy,Medium,Delivered,26.0
ORD_02998,CUST_0992,REST_071,2026-06-24 09:30:04,100.0,4,Clear,High,Delivered,27.0
ORD_02999,CUST_0530,REST_081,2026-05-19 07:07:37,404.38,5,Clear,Medium,Delivered,20.0
ORD_03000,CUST_0913,REST_065,2026-05-09 07:03:11,159.61,5,Cloudy,Low,Delivered,23.0
ORD_03001,CUST_0738,REST_037,2026-05-14 21:43:50,207.48,5,Cloudy,Low,Delivered,14.0
ORD_03002,CUST_0679,REST_070,2026-01-12 00:36:42,246.46,2,Clear,Low,Delivered,11.0
ORD_03003,CUST_0583,REST_026,2026-03-05 05:38:38,250.86,2,Rain,Low,Cancelled,38.0
ORD_03004,CUST_0874,REST_002,2026-06-12 17:07:54,100.0,2,Heavy Rain,Low,Cancelled,36.0
ORD_03005,CUST_0566,REST_059,2026-03-08 20:41:42,285.22,2,Clear,Medium,Delivered,30.0
ORD_03006,CUST_0245,REST_096,2026-06-28 07:50:08,214.16,3,Cloudy,Low,Cancelled,28.0
ORD_03007,CUST_0995,REST_005,2026-01-28 18:21:41,127.82,5,Clear,High,Delivered,38.0
ORD_03008,CUST_0862,REST_037,2026-06-20 19:26:36,120.02,3,Cloudy,Medium,Delivered,18.0
ORD_03009,CUST_0076,REST_031,2026-01-14 13:44:45,150.85,4,Clear,Medium,Delivered,27.0
ORD_03010,CUST_0547,REST_076,2026-06-26 07:10:33,100.0,6,Clear,Medium,Delivered,20.0
ORD_03011,CUST_0267,REST_099,2026-05-04 14:43:53,467.43,1,Rain,Medium,Delivered,25.0
ORD_03012,CUST_0317,REST_094,2026-05-25 11:30:17,410.5,3,Rain,Medium,Delivered,15.0
ORD_03013,CUST_0812,REST_048,2026-03-09 05:08:10,232.39,2,Clear,Low,Delivered,37.0
ORD_03014,CUST_0121,REST_006,2026-06-16 15:50:03,160.31,2,Clear,High,Delivered,20.0
ORD_03015,CUST_0836,REST_015,2026-04-29 17:41:53,162.65,4,Clear,Low,Delivered,34.0
ORD_03016,CUST_0025,REST_015,2026-01-26 13:31:05,275.05,5,Cloudy,High,Delivered,31.0
ORD_03017,CUST_0432,REST_061,2026-04-08 12:21:28,476.66,1,Rain,Low,Delivered,35.0
ORD_03018,CUST_0160,REST_016,2026-03-15 18:48:28,132.46,3,Cloudy,High,Delivered,28.0
ORD_03019,CUST_0596,REST_020,2026-05-02 22:53:24,100.0,5,Cloudy,Medium,Delivered,20.0
ORD_03020,CUST_0114,REST_077,2026-04-19 19:54:47,424.62,5,Rain,Medium,Delivered,20.0
ORD_03021,CUST_0735,REST_044,2026-01-09 02:17:24,100.0,6,Cloudy,Low,Delivered,25.0
ORD_03022,CUST_0900,REST_042,2026-03-28 15:03:34,104.1,6,Cloudy,Low,Cancelled,31.0
ORD_03023,CUST_0502,REST_046,2026-05-06 10:40:06,158.26,3,Cloudy,High,Delivered,16.0
ORD_03024,CUST_0166,REST_095,2026-03-21 03:24:56,100.0,3,Rain,High,Delivered,23.0
ORD_03025,CUST_0703,REST_034,2026-01-08 01:10:26,334.18,3,Clear,Medium,Cancelled,17.0
ORD_03026,CUST_0175,REST_064,2026-01-14 23:01:33,290.41,3,Clear,Medium,Delivered,12.0
ORD_03027,CUST_0001,REST_029,2026-03-11 03:42:08,132.14,2,Clear,Low,Delivered,31.0
ORD_03028,CUST_0899,REST_003,2026-03-08 01:20:49,366.42,5,Rain,Medium,Delivered,7.0
ORD_03029,CUST_0741,REST_009,2026-06-24 11:21:15,402.26,5,Clear,Low,Delivered,22.0
ORD_03030,CUST_0086,REST_075,2026-04-21 10:28:37,170.33,2,Clear,Low,Delivered,14.0
ORD_03031,CUST_0574,REST_075,2026-06-26 06:29:45,141.48,5,Heavy Rain,Medium,Delivered,9.0
ORD_03032,CUST_0320,REST_025,2026-04-18 18:30:17,628.15,3,Rain,Medium,Delivered,26.0
ORD_03033,CUST_0401,REST_086,2026-03-02 14:58:35,269.52,1,Heavy Rain,Low,Delivered,39.0
ORD_03034,CUST_0382,REST_042,2026-04-10 06:55:40,208.72,6,Clear,Low,Delivered,30.0
ORD_03035,CUST_0718,REST_046,2026-03-05 01:12:45,383.73,6,Rain,Medium,Delivered,17.0
ORD_03036,CUST_0617,REST_073,2026-01-01 13:30:48,214.02,5,Clear,Low,Delivered,33.0
ORD_03037,CUST_0318,REST_084,2026-05-04 14:38:42,137.26,1,Clear,High,Delivered,21.0
ORD_03038,CUST_0803,REST_059,2026-05-17 03:18:49,189.44,6,Clear,Medium,Delivered,30.0
ORD_03039,CUST_0250,REST_021,2026-03-09 05:41:21,320.94,1,Cloudy,Low,Delivered,20.0
ORD_03040,CUST_0525,REST_074,2026-04-18 09:22:24,100.0,2,Clear,High,Delivered,12.0
ORD_03041,CUST_0675,REST_022,2026-04-03 12:45:51,154.71,4,Cloudy,Medium,Delivered,23.0
ORD_03042,CUST_0555,REST_029,2026-03-14 16:43:13,387.87,5,Rain,Medium,Delivered,31.0
ORD_03043,CUST_0898,REST_063,2026-05-30 01:15:18,136.79,2,Clear,Medium,Delivered,16.0
ORD_03044,CUST_0952,REST_073,2026-01-29 03:15:29,424.27,2,Clear,Low,Delivered,36.0
ORD_03045,CUST_0623,REST_061,2026-01-24 23:13:16,394.69,1,Clear,Medium,Cancelled,41.0
ORD_03046,CUST_0717,REST_064,2026-01-19 16:27:48,174.86,5,Rain,Medium,Delivered,15.0
ORD_03047,CUST_0896,REST_069,2026-06-27 13:41:42,132.6,2,Clear,Medium,Delivered,26.0
ORD_03048,CUST_0256,REST_040,2026-05-27 00:10:33,154.77,3,Clear,Medium,Delivered,32.0
ORD_03049,CUST_0307,REST_075,2026-05-25 16:19:03,784.89,2,Clear,Medium,Delivered,13.0
ORD_03050,CUST_0950,REST_001,2026-02-01 18:54:15,508.23,3,Rain,High,Delivered,14.0
ORD_03051,CUST_0144,REST_065,2026-06-17 21:07:40,194.21,4,Clear,Medium,Delivered,21.0
ORD_03052,CUST_0658,REST_062,2026-04-01 07:55:27,129.74,3,Clear,Medium,Delivered,20.0
ORD_03053,CUST_0391,REST_054,2026-04-05 05:55:58,193.32,3,Clear,Medium,Delivered,27.0
ORD_03054,CUST_0813,REST_060,2026-04-19 22:46:31,207.29,1,Rain,Low,Delivered,24.0
ORD_03055,CUST_0676,REST_046,2026-03-10 18:40:25,100.0,2,Clear,High,Delivered,18.0
ORD_03056,CUST_0169,REST_005,2026-04-20 05:18:48,189.43,4,Cloudy,High,Delivered,35.0
ORD_03057,CUST_0990,REST_022,2026-06-09 17:23:12,375.15,2,Clear,Low,Delivered,27.0
ORD_03058,CUST_0298,REST_090,2026-02-06 22:39:23,100.0,3,Heavy Rain,High,Delivered,35.0
ORD_03059,CUST_0233,REST_053,2026-01-14 16:08:16,285.61,6,Cloudy,Medium,Delivered,25.0
ORD_03060,CUST_0903,REST_070,2026-03-06 15:43:57,386.12,3,Cloudy,Medium,Delivered,13.0
ORD_03061,CUST_0271,REST_032,2026-05-08 05:39:58,133.18,2,Clear,Low,Delivered,20.0
ORD_03062,CUST_0060,REST_011,2026-01-30 20:17:49,460.26,4,Clear,Medium,Delivered,16.0
ORD_03063,CUST_0296,REST_010,2026-02-14 18:43:25,124.0,6,Clear,Medium,Delivered,28.0
ORD_03064,CUST_0467,REST_039,2026-05-08 14:55:37,231.04,4,Cloudy,Low,Delivered,25.0
ORD_03065,CUST_0235,REST_098,2026-06-30 14:16:26,153.13,1,Heavy Rain,Medium,Delivered,18.0
ORD_03066,CUST_0677,REST_031,2026-03-19 07:03:33,153.11,3,Clear,High,Delivered,31.0
ORD_03067,CUST_0706,REST_012,2026-01-30 04:58:37,129.09,3,Rain,Medium,Delivered,16.0
ORD_03068,CUST_0234,REST_080,2026-05-13 07:09:36,266.19,1,Clear,Medium,Delivered,26.0
ORD_03069,CUST_0368,REST_038,2026-02-11 09:21:08,289.12,2,Rain,Medium,Delivered,36.0
ORD_03070,CUST_0695,REST_067,2026-05-02 09:04:36,174.96,3,Clear,Low,Delivered,19.0
ORD_03071,CUST_0845,REST_066,2026-01-12 10:34:54,100.0,2,Clear,High,Delivered,27.0
ORD_03072,CUST_0232,REST_052,2026-04-08 18:50:54,226.27,4,Clear,High,Delivered,30.0
ORD_03073,CUST_0873,REST_005,2026-02-04 06:50:27,228.63,6,Cloudy,Medium,Delivered,35.0
ORD_03074,CUST_0491,REST_011,2026-05-13 18:54:34,160.9,6,Cloudy,Low,Delivered,22.0
ORD_03075,CUST_0619,REST_025,2026-02-18 00:45:56,506.22,6,Clear,Low,Delivered,30.0
ORD_03076,CUST_0503,REST_035,2026-04-04 20:21:47,100.0,5,Cloudy,Low,Delivered,25.0
ORD_03077,CUST_0890,REST_035,2026-06-18 00:03:44,100.0,1,Clear,Medium,Delivered,27.0
ORD_03078,CUST_0735,REST_022,2026-01-26 14:39:06,121.27,6,Clear,Low,Cancelled,20.0
ORD_03079,CUST_0592,REST_037,2026-06-14 13:56:58,267.93,3,Clear,Medium,Delivered,23.0
ORD_03080,CUST_0746,REST_086,2026-06-07 11:32:21,101.42,1,Cloudy,Medium,Delivered,42.0
ORD_03081,CUST_0381,REST_055,2026-04-13 23:26:14,105.69,4,Cloudy,Low,Cancelled,42.0
ORD_03082,CUST_0696,REST_075,2026-06-27 11:04:07,305.84,4,Cloudy,Medium,Delivered,9.0
ORD_03083,CUST_0428,REST_096,2026-02-02 03:00:14,233.78,4,Cloudy,Low,Delivered,25.0
ORD_03084,CUST_0697,REST_099,2026-01-22 05:20:01,223.05,4,Clear,High,Delivered,31.0
ORD_03085,CUST_0646,REST_095,2026-03-04 00:08:30,278.6,5,Rain,Medium,Delivered,31.0
ORD_03086,CUST_0732,REST_072,2026-06-28 17:33:02,143.47,2,Clear,Medium,Delivered,19.0
ORD_03087,CUST_0800,REST_064,2026-02-10 21:34:14,147.17,2,Cloudy,Low,Delivered,7.0
ORD_03088,CUST_0364,REST_020,2026-05-13 08:27:01,282.98,6,Clear,High,Delivered,16.0
ORD_03089,CUST_0202,REST_098,2026-01-29 23:20:40,100.0,5,Cloudy,Medium,Delivered,18.0
ORD_03090,CUST_0882,REST_004,2026-04-14 17:43:10,100.0,2,Cloudy,Medium,Delivered,14.0
ORD_03091,CUST_0146,REST_018,2026-06-29 13:30:15,142.84,4,Clear,Low,Delivered,38.0
ORD_03092,CUST_0836,REST_051,2026-06-16 05:05:33,302.47,2,Cloudy,Medium,Delivered,11.0
ORD_03093,CUST_0639,REST_068,2026-05-21 23:15:27,208.63,1,Clear,Low,Delivered,18.0
ORD_03094,CUST_0457,REST_020,2026-02-26 02:30:18,290.47,6,Clear,High,Delivered,15.0
ORD_03095,CUST_0135,REST_009,2026-05-25 08:18:53,100.0,2,Cloudy,High,Delivered,26.0
ORD_03096,CUST_0626,REST_080,2026-06-29 14:16:14,215.62,1,Rain,Medium,Delivered,30.0
ORD_03097,CUST_0264,REST_026,2026-01-09 17:18:43,259.73,3,Clear,High,Delivered,38.0
ORD_03098,CUST_0064,REST_025,2026-05-02 20:50:37,100.0,1,Clear,Low,Delivered,29.0
ORD_03099,CUST_0491,REST_068,2026-02-17 17:20:44,291.24,1,Cloudy,Low,Cancelled,18.0
ORD_03100,CUST_0647,REST_041,2026-05-25 05:50:00,170.49,4,Cloudy,Low,Delivered,30.0
ORD_03101,CUST_0041,REST_059,2026-04-02 03:45:04,981.65,4,Clear,Low,Delivered,39.0
ORD_03102,CUST_0296,REST_045,2026-03-17 21:01:46,100.0,6,Rain,High,Delivered,34.0
ORD_03103,CUST_0003,REST_041,2026-01-29 23:33:57,384.91,4,Cloudy,Low,Delivered,34.0
ORD_03104,CUST_0913,REST_038,2026-01-31 04:57:35,145.94,1,Clear,High,Delivered,34.0
ORD_03105,CUST_0706,REST_019,2026-04-20 12:26:47,100.0,5,Clear,High,Delivered,25.0
ORD_03106,CUST_0975,REST_014,2026-05-07 14:47:22,135.66,4,Clear,Medium,Delivered,31.0
ORD_03107,CUST_0110,REST_021,2026-04-05 11:16:10,211.16,4,Cloudy,Low,Delivered,25.0
ORD_03108,CUST_0221,REST_015,2026-06-25 05:54:59,320.73,1,Clear,Low,Delivered,33.0
ORD_03109,CUST_0370,REST_003,2026-04-01 05:13:53,467.35,3,Heavy Rain,Low,Delivered,17.0
ORD_03110,CUST_0368,REST_037,2026-01-30 03:24:10,396.25,3,Clear,Medium,Delivered,22.0
ORD_03111,CUST_0436,REST_046,2026-05-12 03:56:01,106.6,2,Cloudy,Medium,Delivered,20.0
ORD_03112,CUST_0918,REST_016,2026-02-02 06:04:15,337.51,6,Clear,Medium,Delivered,30.0
ORD_03113,CUST_0004,REST_014,2026-06-29 00:07:21,224.8,3,Rain,High,Delivered,30.0
ORD_03114,CUST_0244,REST_009,2026-04-22 00:34:56,126.47,4,Rain,Medium,Delivered,24.0
ORD_03115,CUST_0902,REST_007,2026-04-11 05:46:07,161.33,5,Clear,Low,Delivered,20.0
ORD_03116,CUST_0166,REST_014,2026-05-12 09:59:16,122.68,2,Rain,High,Delivered,32.0
ORD_03117,CUST_0026,REST_006,2026-05-25 20:21:03,185.01,6,Clear,Medium,Delivered,18.0
ORD_03118,CUST_0395,REST_085,2026-01-25 20:50:52,121.35,5,Cloudy,Low,Delivered,14.0
ORD_03119,CUST_0474,REST_015,2026-02-28 09:17:41,102.99,5,Rain,High,Delivered,34.0
ORD_03120,CUST_0017,REST_052,2026-03-06 18:26:43,235.93,4,Cloudy,High,Delivered,29.0
ORD_03121,CUST_0728,REST_072,2026-04-06 04:06:59,256.16,1,Rain,High,Delivered,22.0
ORD_03122,CUST_0092,REST_034,2026-05-23 00:24:52,163.5,1,Rain,Low,Delivered,22.0
ORD_03123,CUST_0483,REST_001,2026-02-21 03:19:09,384.6,1,Heavy Rain,Medium,Delivered,17.0
ORD_03124,CUST_0543,REST_096,2026-05-10 12:32:31,157.08,3,Clear,Low,Delivered,35.0
ORD_03125,CUST_0205,REST_069,2026-04-19 14:11:42,153.47,1,Clear,High,Delivered,30.0
ORD_03126,CUST_0502,REST_094,2026-01-21 10:59:48,260.67,6,Cloudy,Low,Cancelled,22.0
ORD_03127,CUST_0931,REST_086,2026-05-28 17:51:11,168.54,4,Cloudy,Low,Delivered,35.0
ORD_03128,CUST_0400,REST_020,2026-04-10 12:44:29,189.93,3,Cloudy,High,Delivered,22.0
ORD_03129,CUST_0207,REST_080,2026-02-04 00:14:53,100.0,6,Clear,High,Delivered,29.0
ORD_03130,CUST_0619,REST_007,2026-04-29 11:06:21,182.95,1,Rain,Medium,Delivered,21.0
ORD_03131,CUST_0146,REST_007,2026-02-21 21:34:05,100.0,6,Heavy Rain,Low,Delivered,16.0
ORD_03132,CUST_0879,REST_050,2026-04-10 16:29:44,100.0,5,Clear,Medium,Delivered,21.0
ORD_03133,CUST_0101,REST_002,2026-01-19 23:08:07,100.0,4,Clear,High,Delivered,38.0
ORD_03134,CUST_0880,REST_047,2026-06-24 13:38:32,102.16,4,Clear,Medium,Delivered,29.0
ORD_03135,CUST_0830,REST_014,2026-03-27 19:32:12,134.04,6,Clear,Low,Delivered,32.0
ORD_03136,CUST_0880,REST_031,2026-06-19 03:38:26,138.72,2,Cloudy,Low,Cancelled,30.0
ORD_03137,CUST_0241,REST_050,2026-01-11 03:57:49,261.22,4,Rain,High,Delivered,26.0
ORD_03138,CUST_0923,REST_061,2026-01-01 13:41:54,204.86,5,Clear,Medium,Delivered,32.0
ORD_03139,CUST_0759,REST_041,2026-06-07 10:09:20,100.0,4,Cloudy,Medium,Delivered,39.0
ORD_03140,CUST_0163,REST_014,2026-03-09 05:38:53,189.77,2,Cloudy,Medium,Delivered,26.0
ORD_03141,CUST_0884,REST_005,2026-06-05 20:46:33,215.95,4,Clear,Medium,Delivered,35.0
ORD_03142,CUST_0173,REST_075,2026-04-28 18:53:32,151.3,4,Cloudy,High,Delivered,14.0
ORD_03143,CUST_0502,REST_005,2026-05-18 07:40:37,175.3,2,Cloudy,Medium,Delivered,36.0
ORD_03144,CUST_0547,REST_064,2026-06-12 19:53:39,201.27,4,Rain,Medium,Delivered,11.0
ORD_03145,CUST_0284,REST_029,2026-05-16 15:14:18,276.04,6,Clear,Low,Delivered,29.0
ORD_03146,CUST_0359,REST_075,2026-03-29 04:30:06,100.0,3,Cloudy,Low,Delivered,16.0
ORD_03147,CUST_0381,REST_005,2026-06-23 06:28:45,158.48,6,Clear,High,Delivered,35.0
ORD_03148,CUST_0870,REST_096,2026-01-17 13:11:51,415.54,4,Clear,High,Delivered,25.0
ORD_03149,CUST_0905,REST_036,2026-01-04 19:21:37,395.11,1,Clear,Medium,Delivered,15.0
ORD_03150,CUST_0972,REST_079,2026-01-28 17:08:58,289.46,1,Clear,Low,Delivered,32.0
ORD_03151,CUST_0911,REST_019,2026-05-16 00:38:57,243.53,3,Clear,Low,Delivered,18.0
ORD_03152,CUST_0533,REST_064,2026-01-05 06:20:06,450.36,4,Clear,High,Delivered,16.0
ORD_03153,CUST_0820,REST_022,2026-05-17 10:36:44,520.51,5,Cloudy,Low,Delivered,22.0
ORD_03154,CUST_0163,REST_034,2026-05-12 14:53:18,168.85,4,Cloudy,High,Delivered,13.0
ORD_03155,CUST_0609,REST_056,2026-01-29 10:47:00,106.36,1,Clear,Low,Delivered,35.0
ORD_03156,CUST_0307,REST_017,2026-01-19 08:40:44,156.23,2,Clear,High,Delivered,14.0
ORD_03157,CUST_0339,REST_076,2026-03-14 14:55:28,995.44,3,Cloudy,High,Delivered,20.0
ORD_03158,CUST_0055,REST_089,2026-02-13 16:22:30,100.0,2,Clear,Low,Cancelled,25.0
ORD_03159,CUST_0983,REST_056,2026-02-28 18:11:43,139.94,5,Clear,High,Delivered,31.0
ORD_03160,CUST_0333,REST_017,2026-03-24 03:50:30,100.0,4,Cloudy,Low,Delivered,18.0
ORD_03161,CUST_0127,REST_074,2026-05-02 13:39:53,194.15,5,Clear,Low,Delivered,6.0
ORD_03162,CUST_0940,REST_092,2026-02-13 14:13:57,100.0,2,Clear,Medium,Delivered,28.0
ORD_03163,CUST_0705,REST_082,2026-02-01 03:59:47,170.75,4,Clear,Medium,Delivered,34.0
ORD_03164,CUST_0243,REST_018,2026-01-13 23:52:11,100.0,6,Clear,Medium,Delivered,38.0
ORD_03165,CUST_0861,REST_045,2026-05-12 12:06:23,254.6,6,Heavy Rain,Medium,Delivered,34.0
ORD_03166,CUST_0600,REST_096,2026-02-27 04:16:12,355.06,5,Clear,Low,Delivered,25.0
ORD_03167,CUST_0848,REST_078,2026-06-24 14:46:47,146.76,6,Cloudy,Low,Delivered,32.0
ORD_03168,CUST_0409,REST_056,2026-04-01 04:16:27,168.29,6,Cloudy,Medium,Delivered,36.0
ORD_03169,CUST_0503,REST_080,2026-04-09 09:58:55,165.69,1,Clear,Medium,Delivered,30.0
ORD_03170,CUST_0727,REST_050,2026-03-17 11:22:18,200.24,6,Clear,Medium,Delivered,28.0
ORD_03171,CUST_0604,REST_058,2026-02-02 15:54:57,177.51,1,Rain,Medium,Delivered,19.0
ORD_03172,CUST_0303,REST_018,2026-06-02 04:17:37,276.57,3,Rain,High,Delivered,31.0
ORD_03173,CUST_0464,REST_080,2026-06-22 04:56:15,357.16,1,Clear,Medium,Delivered,26.0
ORD_03174,CUST_0235,REST_081,2026-01-31 05:45:05,115.85,1,Clear,Low,Delivered,20.0
ORD_03175,CUST_0696,REST_007,2026-05-20 10:03:30,152.91,2,Rain,Medium,Delivered,16.0
ORD_03176,CUST_0038,REST_076,2026-03-30 12:00:37,297.64,1,Clear,Medium,Delivered,19.0
ORD_03177,CUST_0139,REST_098,2026-01-09 09:44:32,100.0,1,Clear,Medium,Delivered,19.0
ORD_03178,CUST_0195,REST_010,2026-03-31 12:08:10,100.0,2,Clear,Medium,Delivered,34.0
ORD_03179,CUST_0527,REST_069,2026-03-09 00:18:57,205.3,1,Clear,Medium,Delivered,31.0
ORD_03180,CUST_0769,REST_085,2026-03-08 00:13:29,238.17,6,Clear,Low,Cancelled,21.0
ORD_03181,CUST_0647,REST_003,2026-01-27 16:35:42,121.84,1,Clear,Medium,Delivered,11.0
ORD_03182,CUST_0001,REST_083,2026-03-27 05:08:01,131.86,3,Cloudy,Low,Delivered,11.0
ORD_03183,CUST_0561,REST_044,2026-04-19 01:02:51,119.33,1,Cloudy,Medium,Delivered,20.0
ORD_03184,CUST_0096,REST_099,2026-01-02 14:47:28,112.53,1,Clear,Medium,Delivered,26.0
ORD_03185,CUST_0713,REST_070,2026-04-13 04:08:18,265.45,3,Clear,Medium,Delivered,15.0
ORD_03186,CUST_0413,REST_014,2026-01-18 13:56:31,100.0,2,Cloudy,Medium,Delivered,27.0
ORD_03187,CUST_0538,REST_004,2026-05-17 22:53:45,156.64,6,Clear,Low,Delivered,17.0
ORD_03188,CUST_0855,REST_018,2026-05-23 09:49:02,110.17,1,Clear,High,Cancelled,33.0
ORD_03189,CUST_0429,REST_093,2026-04-07 09:25:16,100.0,6,Clear,Medium,Delivered,20.0
ORD_03190,CUST_0235,REST_099,2026-02-23 00:30:24,292.54,5,Clear,Medium,Delivered,34.0
ORD_03191,CUST_0349,REST_052,2026-03-02 07:50:46,136.2,6,Rain,Low,Delivered,29.0
ORD_03192,CUST_0756,REST_038,2026-01-10 21:44:20,201.07,2,Cloudy,Low,Delivered,38.0
ORD_03193,CUST_0870,REST_080,2026-02-27 04:51:52,100.0,2,Clear,Medium,Cancelled,28.0
ORD_03194,CUST_0481,REST_020,2026-02-18 14:17:05,120.53,1,Cloudy,Medium,Delivered,18.0
ORD_03195,CUST_0839,REST_088,2026-02-27 17:08:32,274.75,3,Clear,Low,Delivered,29.0
ORD_03196,CUST_0396,REST_099,2026-02-06 03:39:04,752.2,2,Clear,Medium,Delivered,26.0
ORD_03197,CUST_0351,REST_044,2026-03-18 00:55:19,100.0,3,Clear,Medium,Cancelled,19.0
ORD_03198,CUST_0416,REST_051,2026-02-14 08:20:57,162.29,5,Cloudy,Medium,Delivered,20.0
ORD_03199,CUST_0886,REST_019,2026-04-01 23:32:21,227.41,3,Clear,Medium,Delivered,23.0
ORD_03200,CUST_0916,REST_068,2026-03-16 07:45:34,129.17,4,Clear,High,Delivered,24.0
ORD_03201,CUST_0887,REST_097,2026-02-02 07:18:28,289.23,3,Clear,Low,Delivered,9.0
ORD_03202,CUST_0051,REST_066,2026-01-04 15:31:51,112.54,2,Clear,Medium,Delivered,31.0
ORD_03203,CUST_0081,REST_013,2026-05-10 07:56:23,197.28,3,Cloudy,Low,Delivered,10.0
ORD_03204,CUST_0036,REST_062,2026-06-19 12:48:29,136.03,3,Rain,Medium,Delivered,17.0
ORD_03205,CUST_0067,REST_061,2026-02-17 06:52:52,354.49,4,Cloudy,Medium,Cancelled,32.0
ORD_03206,CUST_0641,REST_030,2026-02-16 09:18:03,124.96,4,Cloudy,Low,Delivered,19.0
ORD_03207,CUST_0882,REST_098,2026-06-09 22:19:50,149.38,1,Rain,Medium,Delivered,23.0
ORD_03208,CUST_0667,REST_030,2026-04-09 09:27:08,304.94,2,Clear,High,Delivered,26.0
ORD_03209,CUST_0757,REST_051,2026-03-31 13:58:36,102.98,1,Clear,Low,Cancelled,14.0
ORD_03210,CUST_0623,REST_088,2026-03-27 01:10:27,188.26,4,Clear,Medium,Delivered,30.0
ORD_03211,CUST_0680,REST_048,2026-06-07 04:55:13,100.0,3,Clear,High,Delivered,35.0
ORD_03212,CUST_0481,REST_033,2026-05-11 09:05:45,100.0,4,Clear,Medium,Cancelled,23.0
ORD_03213,CUST_0468,REST_074,2026-05-21 18:08:02,223.67,5,Clear,Medium,Delivered,14.0
ORD_03214,CUST_0142,REST_082,2026-04-20 21:32:59,105.12,3,Clear,High,Delivered,35.0
ORD_03215,CUST_0356,REST_019,2026-04-09 14:18:40,134.35,1,Cloudy,Low,Cancelled,18.0
ORD_03216,CUST_0709,REST_071,2026-01-21 17:42:50,237.74,3,Rain,Low,Delivered,29.0
ORD_03217,CUST_0471,REST_057,2026-03-15 06:15:06,131.82,5,Clear,High,Delivered,21.0
ORD_03218,CUST_0621,REST_019,2026-01-10 01:15:29,285.02,4,Clear,High,Delivered,20.0
ORD_03219,CUST_0888,REST_088,2026-04-18 21:29:48,204.1,2,Cloudy,Low,Delivered,35.0
ORD_03220,CUST_0591,REST_079,2026-06-07 22:47:44,230.36,6,Clear,Medium,Delivered,26.0
ORD_03221,CUST_0902,REST_041,2026-04-04 17:09:27,358.72,2,Clear,Medium,Delivered,39.0
ORD_03222,CUST_0673,REST_042,2026-04-28 10:59:43,216.13,2,Clear,High,Delivered,29.0
ORD_03223,CUST_0439,REST_087,2026-04-05 19:19:47,422.57,4,Cloudy,Medium,Delivered,11.0
ORD_03224,CUST_0531,REST_052,2026-03-21 09:19:46,299.22,2,Rain,High,Delivered,32.0
ORD_03225,CUST_0127,REST_004,2026-01-19 06:24:16,135.92,5,Cloudy,High,Delivered,11.0
ORD_03226,CUST_0205,REST_004,2026-04-01 20:03:45,369.16,4,Clear,High,Delivered,18.0
ORD_03227,CUST_0029,REST_005,2026-01-19 02:51:14,209.58,2,Clear,Medium,Delivered,38.0
ORD_03228,CUST_0445,REST_041,2026-06-15 16:05:54,145.9,6,Clear,Medium,Delivered,38.0
ORD_03229,CUST_0966,REST_087,2026-02-11 21:13:09,211.26,1,Rain,Low,Delivered,12.0
ORD_03230,CUST_0719,REST_061,2026-04-08 09:03:37,334.21,4,Cloudy,Medium,Cancelled,33.0
ORD_03231,CUST_0464,REST_075,2026-03-28 06:52:07,232.82,4,Clear,Medium,Delivered,13.0
ORD_03232,CUST_0280,REST_055,2026-06-27 12:01:57,493.89,3,Cloudy,Medium,Cancelled,37.0
ORD_03233,CUST_0151,REST_075,2026-01-08 05:16:01,329.51,2,Clear,Medium,Delivered,12.0
ORD_03234,CUST_0240,REST_013,2026-05-25 19:27:41,241.71,1,Heavy Rain,Medium,Delivered,18.0
ORD_03235,CUST_0266,REST_014,2026-01-30 16:22:07,103.1,6,Rain,High,Delivered,26.0
ORD_03236,CUST_0694,REST_060,2026-04-01 17:35:34,164.21,5,Clear,Medium,Delivered,20.0
ORD_03237,CUST_0105,REST_072,2026-05-26 13:41:04,188.56,4,Cloudy,Low,Delivered,19.0
ORD_03238,CUST_0937,REST_025,2026-04-15 00:33:26,265.91,5,Clear,Medium,Delivered,32.0
ORD_03239,CUST_0433,REST_082,2026-06-29 03:24:08,257.37,5,Clear,High,Delivered,31.0
ORD_03240,CUST_0913,REST_044,2026-05-16 14:53:24,198.99,5,Cloudy,High,Delivered,27.0
ORD_03241,CUST_0497,REST_082,2026-06-15 09:57:20,193.68,3,Cloudy,Low,Delivered,33.0
ORD_03242,CUST_0440,REST_010,2026-05-15 02:43:32,269.41,5,Clear,Medium,Delivered,33.0
ORD_03243,CUST_0748,REST_071,2026-04-11 09:28:26,113.04,2,Cloudy,High,Delivered,27.0
ORD_03244,CUST_0685,REST_050,2026-02-26 04:02:56,460.6,2,Cloudy,Low,Delivered,29.0
ORD_03245,CUST_0158,REST_044,2026-02-09 23:21:45,100.0,1,Clear,Low,Delivered,24.0
ORD_03246,CUST_0172,REST_014,2026-03-08 19:11:26,403.62,1,Clear,Low,Delivered,32.0
ORD_03247,CUST_0494,REST_015,2026-05-21 20:49:47,176.82,6,Cloudy,Medium,Delivered,34.0
ORD_03248,CUST_0970,REST_016,2026-01-29 11:08:08,314.64,5,Clear,Medium,Delivered,25.0
ORD_03249,CUST_0311,REST_002,2026-03-16 15:35:20,221.43,5,Rain,Low,Delivered,36.0
ORD_03250,CUST_0403,REST_030,2026-01-23 11:40:49,219.27,3,Clear,Medium,Delivered,26.0
ORD_03251,CUST_0669,REST_030,2026-01-14 07:15:02,245.88,5,Clear,Low,Delivered,19.0
ORD_03252,CUST_0770,REST_082,2026-03-15 20:24:15,282.87,5,Clear,Medium,Delivered,32.0
ORD_03253,CUST_0676,REST_031,2026-01-29 16:28:11,151.28,5,Cloudy,Medium,Delivered,27.0
ORD_03254,CUST_0659,REST_077,2026-01-12 22:13:32,320.26,4,Cloudy,Medium,Delivered,14.0
ORD_03255,CUST_0903,REST_020,2026-01-02 22:49:21,100.0,4,Clear,Low,Delivered,21.0
ORD_03256,CUST_0666,REST_049,2026-02-09 07:34:19,180.74,3,Clear,Medium,Cancelled,30.0
ORD_03257,CUST_0463,REST_035,2026-06-12 01:12:19,287.09,3,Rain,Medium,Delivered,28.0
ORD_03258,CUST_0367,REST_023,2026-06-18 20:35:01,313.33,2,Clear,Medium,Delivered,34.0
ORD_03259,CUST_0550,REST_097,2026-04-30 13:56:29,233.56,3,Clear,Medium,Delivered,12.0
ORD_03260,CUST_0643,REST_099,2026-02-24 22:34:25,146.0,6,Clear,Medium,Delivered,27.0
ORD_03261,CUST_0870,REST_100,2026-02-24 22:54:25,296.84,2,Clear,Low,Delivered,30.0
ORD_03262,CUST_0255,REST_061,2026-01-07 18:41:38,125.44,5,Clear,Low,Cancelled,39.0
ORD_03263,CUST_0208,REST_084,2026-05-26 13:30:12,474.98,3,Clear,Low,Delivered,18.0
ORD_03264,CUST_0450,REST_055,2026-02-23 06:06:39,173.02,6,Clear,Medium,Delivered,40.0
ORD_03265,CUST_0095,REST_067,2026-02-22 15:43:49,100.0,3,Rain,Medium,Delivered,12.0
ORD_03266,CUST_0860,REST_008,2026-03-15 08:12:46,100.0,3,Clear,High,Delivered,31.0
ORD_03267,CUST_0839,REST_040,2026-02-13 10:37:02,185.68,2,Rain,Medium,Delivered,33.0
ORD_03268,CUST_0478,REST_059,2026-05-28 20:31:07,195.76,2,Cloudy,High,Delivered,33.0
ORD_03269,CUST_0683,REST_032,2026-03-07 00:29:49,535.56,1,Clear,Medium,Delivered,22.0
ORD_03270,CUST_0762,REST_093,2026-04-23 13:28:40,102.39,2,Cloudy,Medium,Delivered,17.0
ORD_03271,CUST_0190,REST_007,2026-04-20 13:36:57,185.25,2,Clear,High,Delivered,24.0
ORD_03272,CUST_0711,REST_002,2026-06-01 01:45:02,101.22,4,Clear,Low,Cancelled,33.0
ORD_03273,CUST_0484,REST_085,2026-03-12 02:00:45,138.25,3,Rain,Medium,Delivered,13.0
ORD_03274,CUST_0733,REST_006,2026-03-01 16:27:08,457.69,2,Cloudy,Low,Delivered,18.0
ORD_03275,CUST_0536,REST_092,2026-04-06 21:52:52,100.0,3,Rain,High,Delivered,22.0
ORD_03276,CUST_0756,REST_036,2026-04-28 11:47:59,250.35,3,Rain,Medium,Delivered,14.0
ORD_03277,CUST_0423,REST_032,2026-05-10 01:28:10,225.0,4,Clear,Low,Delivered,22.0
ORD_03278,CUST_0836,REST_045,2026-01-29 02:36:21,178.88,3,Clear,Medium,Delivered,41.0
ORD_03279,CUST_0640,REST_042,2026-04-18 11:12:41,241.22,6,Clear,Low,Delivered,33.0
ORD_03280,CUST_0605,REST_053,2026-06-24 08:42:35,100.0,2,Rain,High,Delivered,26.0
ORD_03281,CUST_0812,REST_009,2026-02-23 12:06:31,450.78,3,Rain,Medium,Delivered,17.0
ORD_03282,CUST_0133,REST_075,2026-04-22 14:14:07,522.52,1,Cloudy,Medium,Delivered,12.0
ORD_03283,CUST_0055,REST_087,2026-03-13 01:49:54,186.03,1,Clear,Medium,Delivered,9.0
ORD_03284,CUST_0989,REST_075,2026-06-28 18:17:37,687.26,4,Clear,High,Delivered,14.0
ORD_03285,CUST_0510,REST_049,2026-01-01 06:30:39,145.55,6,Rain,High,Delivered,32.0
ORD_03286,CUST_0670,REST_002,2026-04-24 08:52:34,225.93,2,Rain,High,Delivered,39.0
ORD_03287,CUST_0541,REST_067,2026-05-07 01:01:17,398.43,4,Clear,High,Delivered,16.0
ORD_03288,CUST_0410,REST_011,2026-04-15 05:34:32,140.83,1,Clear,Low,Delivered,20.0
ORD_03289,CUST_0211,REST_050,2026-06-04 04:09:51,100.0,6,Clear,High,Delivered,20.0
ORD_03290,CUST_0666,REST_035,2026-06-18 06:03:10,100.0,2,Clear,Medium,Delivered,31.0
ORD_03291,CUST_0293,REST_015,2026-01-18 04:58:29,563.1,3,Rain,High,Delivered,26.0
ORD_03292,CUST_0987,REST_075,2026-02-22 15:33:13,135.51,2,Clear,Medium,Delivered,9.0
ORD_03293,CUST_0734,REST_031,2026-02-28 22:54:19,163.67,5,Cloudy,Low,Delivered,29.0
ORD_03294,CUST_0115,REST_092,2026-02-28 14:43:15,100.0,2,Clear,Medium,Delivered,20.0
ORD_03295,CUST_0949,REST_062,2026-01-03 19:52:41,305.39,3,Clear,Low,Delivered,16.0
ORD_03296,CUST_0670,REST_028,2026-06-04 03:40:34,117.94,5,Clear,Medium,Delivered,29.0
ORD_03297,CUST_0259,REST_096,2026-01-18 03:56:28,138.35,6,Rain,Medium,Delivered,35.0
ORD_03298,CUST_0763,REST_025,2026-03-22 16:13:05,213.73,4,Cloudy,Low,Delivered,28.0
ORD_03299,CUST_0122,REST_084,2026-01-11 11:40:30,100.97,6,Clear,High,Cancelled,23.0
ORD_03300,CUST_0299,REST_092,2026-05-10 10:23:27,164.31,2,Clear,High,Delivered,19.0
ORD_03301,CUST_0775,REST_025,2026-06-30 18:27:41,391.98,4,Clear,High,Delivered,30.0
ORD_03302,CUST_0381,REST_075,2026-02-28 15:58:27,229.42,2,Clear,High,Delivered,9.0
ORD_03303,CUST_0561,REST_083,2026-02-23 17:40:24,194.77,1,Cloudy,Medium,Delivered,19.0
ORD_03304,CUST_0889,REST_092,2026-03-28 09:08:51,204.01,1,Cloudy,Medium,Delivered,24.0
ORD_03305,CUST_0841,REST_001,2026-02-24 06:45:48,146.35,3,Clear,Low,Delivered,16.0
ORD_03306,CUST_0501,REST_059,2026-03-19 17:51:11,543.42,6,Rain,High,Delivered,32.0
ORD_03307,CUST_0297,REST_069,2026-05-11 07:16:43,115.97,1,Cloudy,High,Delivered,25.0
ORD_03308,CUST_0362,REST_074,2026-02-15 19:16:36,203.57,5,Clear,Medium,Delivered,6.0
ORD_03309,CUST_0589,REST_042,2026-03-08 07:20:31,193.11,5,Clear,High,Delivered,31.0
ORD_03310,CUST_0463,REST_034,2026-01-21 17:10:06,315.71,2,Rain,Medium,Delivered,20.0
ORD_03311,CUST_0438,REST_100,2026-06-12 03:11:51,332.54,4,Cloudy,Medium,Delivered,29.0
ORD_03312,CUST_0127,REST_066,2026-04-25 22:05:53,178.11,5,Clear,High,Delivered,24.0
ORD_03313,CUST_0197,REST_018,2026-04-19 06:47:23,212.7,2,Cloudy,Medium,Delivered,38.0
ORD_03314,CUST_0221,REST_077,2026-04-09 00:32:58,217.17,4,Clear,Medium,Delivered,14.0
ORD_03315,CUST_0995,REST_005,2026-06-23 14:17:25,100.0,1,Rain,Medium,Delivered,33.0
ORD_03316,CUST_0091,REST_020,2026-02-15 10:40:27,100.0,2,Rain,Medium,Delivered,20.0
ORD_03317,CUST_0411,REST_066,2026-06-23 20:19:47,129.96,4,Cloudy,Medium,Delivered,28.0
ORD_03318,CUST_0008,REST_075,2026-01-12 00:36:13,133.1,3,Cloudy,Medium,Delivered,12.0
ORD_03319,CUST_0544,REST_062,2026-01-21 13:39:42,100.0,6,Clear,Medium,Delivered,19.0
ORD_03320,CUST_0468,REST_094,2026-01-09 00:45:20,273.77,6,Cloudy,Medium,Delivered,18.0
ORD_03321,CUST_0320,REST_096,2026-03-07 21:42:46,181.48,3,Rain,Medium,Delivered,33.0
ORD_03322,CUST_0394,REST_032,2026-01-06 01:00:43,161.08,5,Clear,High,Delivered,25.0
ORD_03323,CUST_0269,REST_058,2026-02-04 19:53:12,100.0,6,Cloudy,Low,Delivered,18.0
ORD_03324,CUST_0191,REST_050,2026-02-05 14:12:32,176.89,4,Rain,Low,Delivered,20.0
ORD_03325,CUST_0861,REST_038,2026-02-25 10:55:44,100.0,3,Clear,Low,Delivered,37.0
ORD_03326,CUST_0675,REST_055,2026-03-29 08:45:52,165.73,5,Clear,High,Delivered,45.0
ORD_03327,CUST_0061,REST_028,2026-06-22 05:46:17,187.68,2,Cloudy,Medium,Delivered,26.0
ORD_03328,CUST_0438,REST_074,2026-04-26 20:33:26,207.07,2,Rain,High,Delivered,15.0
ORD_03329,CUST_0264,REST_086,2026-04-12 07:57:35,100.0,4,Rain,Medium,Delivered,35.0
ORD_03330,CUST_0797,REST_081,2026-03-04 12:31:22,205.13,4,Cloudy,Medium,Delivered,27.0
ORD_03331,CUST_0095,REST_022,2026-06-19 12:15:20,102.23,4,Rain,High,Delivered,23.0
ORD_03332,CUST_0553,REST_043,2026-01-23 15:58:23,115.95,6,Cloudy,Low,Delivered,21.0
ORD_03333,CUST_0926,REST_083,2026-05-10 23:29:22,269.04,4,Clear,Medium,Delivered,15.0
ORD_03334,CUST_0470,REST_081,2026-04-24 14:16:55,548.82,3,Rain,Medium,Delivered,21.0
ORD_03335,CUST_0661,REST_088,2026-06-04 19:43:52,186.47,3,Clear,Low,Cancelled,38.0
ORD_03336,CUST_0716,REST_036,2026-02-07 16:14:58,115.65,5,Clear,Medium,Delivered,16.0
ORD_03337,CUST_0779,REST_096,2026-06-05 20:14:51,201.09,3,Clear,Low,Delivered,27.0
ORD_03338,CUST_0514,REST_052,2026-06-01 16:26:51,303.83,6,Clear,Low,Delivered,25.0
ORD_03339,CUST_0690,REST_036,2026-01-20 03:26:26,255.07,2,Clear,Medium,Delivered,12.0
ORD_03340,CUST_0937,REST_028,2026-03-27 07:53:52,819.51,5,Clear,High,Delivered,22.0
ORD_03341,CUST_0194,REST_078,2026-06-06 03:45:53,122.31,3,Clear,Low,Delivered,39.0
ORD_03342,CUST_0482,REST_058,2026-02-20 01:55:43,208.25,4,Clear,Medium,Cancelled,20.0
ORD_03343,CUST_0899,REST_036,2026-04-14 17:06:14,424.92,3,Clear,Low,Delivered,17.0
ORD_03344,CUST_0336,REST_070,2026-01-25 20:06:42,410.5,1,Rain,Medium,Delivered,15.0
ORD_03345,CUST_0435,REST_009,2026-02-04 21:42:30,100.0,5,Rain,Medium,Cancelled,21.0
ORD_03346,CUST_0196,REST_021,2026-04-15 19:18:23,180.94,6,Rain,High,Delivered,18.0
ORD_03347,CUST_0855,REST_064,2026-05-24 12:23:32,410.14,3,Clear,High,Delivered,10.0
ORD_03348,CUST_0249,REST_076,2026-01-01 16:19:51,888.78,3,Cloudy,Low,Delivered,22.0
ORD_03349,CUST_0498,REST_061,2026-06-04 20:23:48,266.96,6,Clear,Low,Delivered,40.0
ORD_03350,CUST_0212,REST_094,2026-05-12 12:56:15,148.07,2,Clear,Low,Delivered,17.0
ORD_03351,CUST_0665,REST_095,2026-04-06 00:30:42,104.06,4,Cloudy,High,Delivered,32.0
ORD_03352,CUST_0670,REST_040,2026-04-02 16:47:52,614.19,4,Cloudy,Medium,Delivered,33.0
ORD_03353,CUST_0466,REST_056,2026-01-02 14:38:38,270.64,2,Rain,Low,Delivered,28.0
ORD_03354,CUST_0874,REST_004,2026-06-01 18:15:34,113.7,2,Cloudy,Low,Delivered,12.0
ORD_03355,CUST_0651,REST_031,2026-03-26 03:01:56,162.11,1,Clear,Medium,Delivered,35.0
ORD_03356,CUST_0221,REST_027,2026-03-10 19:24:06,214.99,6,Rain,Low,Delivered,32.0
ORD_03357,CUST_0273,REST_058,2026-03-17 20:49:14,244.47,5,Cloudy,High,Delivered,21.0
ORD_03358,CUST_0154,REST_025,2026-02-01 13:16:57,110.52,4,Rain,Medium,Delivered,35.0
ORD_03359,CUST_0249,REST_069,2026-03-09 20:28:40,129.31,2,Rain,Medium,Delivered,32.0
ORD_03360,CUST_0279,REST_070,2026-05-05 07:18:44,100.0,2,Clear,Medium,Delivered,12.0
ORD_03361,CUST_0440,REST_005,2026-06-08 09:15:34,321.14,6,Clear,Low,Delivered,32.0
ORD_03362,CUST_0948,REST_091,2026-01-29 14:13:14,150.22,5,Clear,Medium,Delivered,18.0
ORD_03363,CUST_0816,REST_008,2026-01-07 19:42:32,234.27,2,Clear,Medium,Delivered,29.0
ORD_03364,CUST_0276,REST_009,2026-04-23 22:08:32,396.33,1,Clear,Medium,Delivered,26.0
ORD_03365,CUST_0514,REST_015,2026-06-27 12:39:47,204.57,5,Clear,Medium,Delivered,29.0
ORD_03366,CUST_0088,REST_100,2026-04-08 09:47:12,170.35,1,Rain,High,Delivered,31.0
ORD_03367,CUST_0799,REST_007,2026-03-23 07:54:15,201.67,3,Rain,Low,Delivered,25.0
ORD_03368,CUST_0923,REST_096,2026-02-14 00:42:10,187.68,4,Cloudy,Medium,Delivered,34.0
ORD_03369,CUST_0642,REST_072,2026-03-26 13:05:37,359.74,2,Clear,Medium,Delivered,19.0
ORD_03370,CUST_0505,REST_015,2026-02-12 04:17:01,215.07,5,Clear,Medium,Delivered,32.0
ORD_03371,CUST_0590,REST_037,2026-05-29 18:03:15,134.37,1,Cloudy,Low,Delivered,24.0
ORD_03372,CUST_0772,REST_083,2026-04-11 06:06:18,322.57,4,Clear,Medium,Delivered,20.0
ORD_03373,CUST_0241,REST_039,2026-03-31 04:56:50,356.65,4,Rain,Low,Delivered,24.0
ORD_03374,CUST_0653,REST_006,2026-02-24 00:36:58,100.0,2,Rain,Low,Cancelled,23.0
ORD_03375,CUST_0740,REST_083,2026-05-30 15:18:28,421.17,4,Clear,Medium,Delivered,20.0
ORD_03376,CUST_0675,REST_057,2026-01-13 00:54:22,221.54,2,Cloudy,Medium,Delivered,18.0
ORD_03377,CUST_0236,REST_092,2026-06-27 22:25:32,211.83,3,Clear,High,Delivered,18.0
ORD_03378,CUST_0128,REST_081,2026-02-25 10:20:39,315.34,2,Cloudy,Medium,Delivered,22.0
ORD_03379,CUST_0503,REST_019,2026-02-13 06:30:33,132.71,6,Clear,Medium,Delivered,24.0
ORD_03380,CUST_0200,REST_063,2026-04-09 22:51:35,306.37,1,Clear,Medium,Delivered,20.0
ORD_03381,CUST_0962,REST_031,2026-02-26 14:51:34,147.34,6,Cloudy,Medium,Delivered,33.0
ORD_03382,CUST_0902,REST_075,2026-06-07 16:03:51,100.0,4,Cloudy,Low,Delivered,12.0
ORD_03383,CUST_0543,REST_079,2026-03-29 04:54:36,104.71,4,Cloudy,Low,Delivered,28.0
ORD_03384,CUST_0502,REST_010,2026-01-22 00:57:00,247.61,4,Clear,Low,Delivered,33.0
ORD_03385,CUST_0650,REST_087,2026-04-04 03:56:52,107.77,2,Cloudy,Medium,Delivered,17.0
ORD_03386,CUST_0492,REST_067,2026-05-07 21:07:05,439.46,5,Rain,High,Delivered,11.0
ORD_03387,CUST_0021,REST_062,2026-06-09 11:47:05,348.66,2,Heavy Rain,High,Delivered,19.0
ORD_03388,CUST_0234,REST_003,2026-03-19 11:04:26,377.43,1,Rain,High,Delivered,11.0
ORD_03389,CUST_0714,REST_018,2026-02-12 12:25:47,194.15,2,Rain,High,Delivered,32.0
ORD_03390,CUST_0791,REST_025,2026-03-10 08:59:43,208.89,4,Cloudy,Medium,Delivered,33.0
ORD_03391,CUST_0643,REST_020,2026-05-31 20:53:14,100.0,3,Cloudy,Low,Cancelled,24.0
ORD_03392,CUST_0416,REST_058,2026-04-16 19:43:08,313.46,1,Clear,Medium,Delivered,19.0
ORD_03393,CUST_0148,REST_093,2026-03-01 05:40:37,223.39,6,Clear,High,Delivered,20.0
ORD_03394,CUST_0970,REST_086,2026-05-18 14:59:51,247.65,3,Rain,Medium,Delivered,33.0
ORD_03395,CUST_0029,REST_050,2026-02-02 22:13:34,458.78,1,Rain,Medium,Delivered,20.0
ORD_03396,CUST_0361,REST_079,2026-04-21 04:15:08,129.89,1,Cloudy,Low,Delivered,34.0
ORD_03397,CUST_0308,REST_010,2026-05-07 22:34:40,169.12,4,Clear,Medium,Delivered,24.0
ORD_03398,CUST_0883,REST_021,2026-04-16 04:39:17,216.95,6,Clear,Medium,Delivered,24.0
ORD_03399,CUST_0942,REST_029,2026-06-14 08:24:05,108.37,2,Clear,Medium,Delivered,34.0
ORD_03400,CUST_0162,REST_096,2026-01-09 18:29:18,163.5,6,Clear,High,Delivered,26.0
ORD_03401,CUST_0869,REST_010,2026-05-02 05:45:16,237.73,4,Clear,Low,Delivered,31.0
ORD_03402,CUST_0852,REST_013,2026-01-11 17:30:28,151.57,4,Rain,High,Delivered,13.0
ORD_03403,CUST_0061,REST_047,2026-04-03 10:23:47,372.39,4,Clear,Low,Delivered,28.0
ORD_03404,CUST_0125,REST_023,2026-01-22 04:01:04,100.0,3,Cloudy,High,Delivered,37.0
ORD_03405,CUST_0456,REST_050,2026-02-19 13:32:58,336.14,6,Clear,Medium,Delivered,23.0
ORD_03406,CUST_0071,REST_087,2026-04-21 11:32:09,260.77,6,Heavy Rain,Medium,Delivered,18.0
ORD_03407,CUST_0838,REST_095,2026-04-22 17:56:58,132.57,1,Rain,Low,Delivered,25.0
ORD_03408,CUST_0907,REST_004,2026-01-18 10:01:35,109.02,5,Clear,Medium,Delivered,19.0
ORD_03409,CUST_0876,REST_067,2026-06-30 14:54:31,100.0,2,Heavy Rain,High,Delivered,13.0
ORD_03410,CUST_0466,REST_085,2026-04-01 04:23:49,117.06,4,Cloudy,Low,Delivered,19.0
ORD_03411,CUST_0243,REST_053,2026-05-20 00:31:30,322.45,6,Clear,Low,Delivered,23.0
ORD_03412,CUST_0490,REST_002,2026-03-03 07:24:43,175.77,6,Cloudy,Medium,Delivered,42.0
ORD_03413,CUST_0761,REST_068,2026-05-16 04:34:58,343.66,1,Clear,Low,Delivered,25.0
ORD_03414,CUST_0221,REST_065,2026-03-08 22:24:43,128.9,2,Cloudy,Low,Delivered,15.0
ORD_03415,CUST_0473,REST_079,2026-06-17 08:29:57,267.44,5,Rain,Medium,Delivered,28.0
ORD_03416,CUST_0959,REST_057,2026-04-22 09:40:43,122.17,5,Rain,Low,Delivered,23.0
ORD_03417,CUST_0533,REST_097,2026-02-18 04:22:54,106.58,4,Clear,Medium,Delivered,17.0
ORD_03418,CUST_0494,REST_070,2026-04-07 04:32:54,170.9,5,Clear,High,Delivered,19.0
ORD_03419,CUST_0899,REST_007,2026-02-11 23:13:11,125.75,5,Clear,Medium,Delivered,25.0
ORD_03420,CUST_0082,REST_019,2026-06-24 07:02:28,100.0,2,Clear,Low,Delivered,22.0
ORD_03421,CUST_0856,REST_044,2026-01-26 16:29:29,163.98,2,Clear,Medium,Delivered,17.0
ORD_03422,CUST_0879,REST_063,2026-02-20 05:40:05,192.2,4,Clear,Medium,Delivered,10.0
ORD_03423,CUST_0998,REST_065,2026-06-04 08:03:59,364.16,6,Cloudy,Medium,Delivered,21.0
ORD_03424,CUST_0522,REST_039,2026-04-09 02:54:35,303.46,1,Rain,Medium,Delivered,22.0
ORD_03425,CUST_0923,REST_083,2026-05-27 06:07:12,354.59,4,Clear,High,Cancelled,17.0
ORD_03426,CUST_0012,REST_026,2026-03-27 18:21:25,269.4,3,Clear,Medium,Delivered,36.0
ORD_03427,CUST_0263,REST_044,2026-06-20 12:05:28,217.66,5,Clear,Low,Delivered,17.0
ORD_03428,CUST_0657,REST_012,2026-03-16 14:08:09,100.0,1,Clear,Medium,Delivered,21.0
ORD_03429,CUST_0449,REST_022,2026-04-19 00:29:07,196.85,6,Clear,Medium,Delivered,24.0
ORD_03430,CUST_0192,REST_077,2026-06-06 13:49:01,251.7,6,Clear,High,Delivered,20.0
ORD_03431,CUST_0762,REST_092,2026-05-11 18:12:29,404.07,2,Cloudy,High,Delivered,23.0
ORD_03432,CUST_0114,REST_014,2026-05-14 05:54:33,264.4,3,Rain,Medium,Delivered,24.0
ORD_03433,CUST_0026,REST_086,2026-05-28 04:00:28,358.6,6,Clear,Medium,Delivered,41.0
ORD_03434,CUST_0783,REST_030,2026-01-01 18:52:32,102.76,3,Cloudy,Medium,Delivered,18.0
ORD_03435,CUST_0499,REST_044,2026-06-04 19:30:34,151.48,5,Clear,Medium,Delivered,22.0
ORD_03436,CUST_0508,REST_084,2026-03-20 18:25:28,229.56,2,Rain,Low,Delivered,24.0
ORD_03437,CUST_0545,REST_091,2026-03-08 15:59:11,343.27,1,Clear,Medium,Delivered,13.0
ORD_03438,CUST_0062,REST_038,2026-02-13 08:53:55,167.36,2,Clear,Medium,Delivered,35.0
ORD_03439,CUST_0229,REST_059,2026-04-18 15:42:25,173.24,5,Clear,Medium,Delivered,33.0
ORD_03440,CUST_0815,REST_042,2026-05-23 16:03:27,264.52,6,Clear,Medium,Delivered,37.0
ORD_03441,CUST_0607,REST_052,2026-03-02 23:17:52,100.0,3,Cloudy,Medium,Cancelled,25.0
ORD_03442,CUST_0035,REST_063,2026-03-10 01:25:22,438.81,5,Heavy Rain,Medium,Delivered,20.0
ORD_03443,CUST_0705,REST_061,2026-05-29 13:51:18,111.77,6,Rain,Medium,Delivered,38.0
ORD_03444,CUST_0456,REST_034,2026-01-27 07:26:02,100.0,4,Clear,Medium,Delivered,16.0
ORD_03445,CUST_0588,REST_039,2026-03-23 20:07:11,182.28,3,Cloudy,Medium,Delivered,20.0
ORD_03446,CUST_0891,REST_041,2026-06-23 14:14:17,461.35,5,Cloudy,Low,Delivered,37.0
ORD_03447,CUST_0502,REST_037,2026-04-19 05:27:27,250.27,1,Rain,Low,Delivered,16.0
ORD_03448,CUST_0761,REST_065,2026-06-15 00:51:29,273.99,1,Cloudy,Low,Delivered,18.0
ORD_03449,CUST_0595,REST_079,2026-03-30 13:48:30,185.45,6,Cloudy,Low,Delivered,32.0
ORD_03450,CUST_0025,REST_032,2026-02-18 12:03:55,166.7,6,Cloudy,Medium,Delivered,17.0
ORD_03451,CUST_0569,REST_008,2026-01-03 09:05:32,100.0,1,Cloudy,Medium,Delivered,28.0
ORD_03452,CUST_0032,REST_097,2026-02-26 01:36:58,100.0,4,Clear,Low,Delivered,16.0
ORD_03453,CUST_0831,REST_018,2026-03-14 05:50:41,201.94,2,Clear,High,Delivered,36.0
ORD_03454,CUST_0012,REST_045,2026-03-12 01:32:52,373.12,1,Cloudy,Medium,Delivered,34.0
ORD_03455,CUST_0319,REST_093,2026-03-23 02:13:43,219.04,6,Rain,Medium,Delivered,23.0
ORD_03456,CUST_0845,REST_096,2026-04-20 22:37:16,255.44,6,Clear,Low,Delivered,29.0
ORD_03457,CUST_0604,REST_033,2026-05-14 19:51:56,433.13,4,Heavy Rain,Low,Cancelled,28.0
ORD_03458,CUST_0001,REST_005,2026-01-06 12:39:23,217.2,1,Clear,Medium,Delivered,41.0
ORD_03459,CUST_0435,REST_082,2026-03-27 18:41:29,169.45,4,Clear,High,Delivered,30.0
ORD_03460,CUST_0838,REST_074,2026-04-10 02:01:11,115.56,1,Clear,Low,Delivered,12.0
ORD_03461,CUST_0136,REST_036,2026-05-17 14:10:10,551.27,2,Rain,Medium,Delivered,15.0
ORD_03462,CUST_0196,REST_097,2026-02-04 23:34:48,242.16,5,Clear,High,Delivered,17.0
ORD_03463,CUST_0133,REST_023,2026-02-24 11:39:43,107.88,1,Clear,Medium,Delivered,36.0
ORD_03464,CUST_0985,REST_040,2026-01-09 03:48:34,100.0,5,Clear,Medium,Delivered,23.0
ORD_03465,CUST_0086,REST_005,2026-02-02 21:09:59,361.11,1,Cloudy,Medium,Delivered,39.0
ORD_03466,CUST_0476,REST_034,2026-02-22 04:54:25,102.45,2,Rain,High,Delivered,19.0
ORD_03467,CUST_0807,REST_024,2026-01-18 08:24:50,502.51,6,Clear,Medium,Delivered,33.0
ORD_03468,CUST_0791,REST_017,2026-05-23 09:54:08,100.0,5,Rain,High,Delivered,12.0
ORD_03469,CUST_0324,REST_095,2026-02-23 16:35:09,396.4,4,Rain,Medium,Delivered,31.0
ORD_03470,CUST_0180,REST_071,2026-01-09 10:24:26,236.94,1,Clear,High,Delivered,27.0
ORD_03471,CUST_0516,REST_081,2026-05-04 04:12:37,193.49,6,Rain,High,Delivered,29.0
ORD_03472,CUST_0638,REST_092,2026-05-20 00:00:44,164.6,1,Clear,Medium,Delivered,25.0
ORD_03473,CUST_0175,REST_022,2026-04-15 02:12:06,512.81,4,Clear,Medium,Delivered,19.0
ORD_03474,CUST_0763,REST_015,2026-04-19 13:26:23,267.44,2,Cloudy,Medium,Delivered,31.0
ORD_03475,CUST_0021,REST_015,2026-03-11 01:20:51,110.3,3,Cloudy,High,Delivered,29.0
ORD_03476,CUST_0997,REST_025,2026-06-02 01:34:40,100.0,1,Clear,High,Delivered,28.0
ORD_03477,CUST_0952,REST_053,2026-02-13 21:55:46,199.84,4,Clear,Low,Delivered,19.0
ORD_03478,CUST_0105,REST_021,2026-03-04 07:53:12,181.17,3,Rain,Medium,Delivered,18.0
ORD_03479,CUST_0578,REST_066,2026-01-24 12:12:52,100.0,1,Cloudy,High,Delivered,27.0
ORD_03480,CUST_0443,REST_091,2026-01-30 15:05:09,175.83,5,Clear,Medium,Delivered,17.0
ORD_03481,CUST_0775,REST_032,2026-05-11 12:58:56,132.2,6,Clear,Medium,Delivered,19.0
ORD_03482,CUST_0049,REST_021,2026-04-16 08:19:09,182.2,6,Clear,Low,Delivered,18.0
ORD_03483,CUST_0528,REST_068,2026-01-11 19:40:36,270.23,4,Clear,Medium,Delivered,24.0
ORD_03484,CUST_0145,REST_044,2026-06-21 17:39:32,411.96,5,Cloudy,High,Delivered,24.0
ORD_03485,CUST_0340,REST_083,2026-01-28 11:21:24,298.83,2,Cloudy,High,Delivered,21.0
ORD_03486,CUST_0762,REST_066,2026-03-17 15:29:51,121.9,3,Clear,Low,Delivered,26.0
ORD_03487,CUST_0855,REST_090,2026-04-14 04:16:30,222.05,4,Rain,Medium,Delivered,32.0
ORD_03488,CUST_0354,REST_098,2026-03-04 03:50:07,187.67,1,Clear,High,Delivered,25.0
ORD_03489,CUST_0075,REST_014,2026-04-19 17:06:29,100.0,6,Cloudy,High,Delivered,32.0
ORD_03490,CUST_0802,REST_015,2026-02-16 12:46:02,225.66,1,Clear,Medium,Delivered,27.0
ORD_03491,CUST_0929,REST_020,2026-06-27 06:50:09,503.29,3,Clear,Low,Delivered,21.0
ORD_03492,CUST_0794,REST_034,2026-01-19 04:47:44,184.53,5,Clear,Medium,Delivered,21.0
ORD_03493,CUST_0578,REST_036,2026-05-08 21:06:57,100.0,5,Cloudy,High,Delivered,19.0
ORD_03494,CUST_0637,REST_083,2026-02-23 13:15:40,184.32,4,Clear,Medium,Delivered,15.0
ORD_03495,CUST_0319,REST_009,2026-06-12 02:48:41,100.0,4,Clear,High,Delivered,23.0
ORD_03496,CUST_0087,REST_071,2026-03-28 03:28:37,291.48,5,Clear,Medium,Delivered,29.0
ORD_03497,CUST_0553,REST_030,2026-03-09 04:30:23,241.94,4,Clear,High,Delivered,24.0
ORD_03498,CUST_0982,REST_077,2026-01-31 21:24:46,165.01,5,Clear,High,Delivered,16.0
ORD_03499,CUST_0698,REST_091,2026-02-11 10:29:56,151.09,3,Cloudy,Medium,Delivered,13.0
ORD_03500,CUST_0866,REST_063,2026-06-12 10:28:59,161.3,4,Clear,High,Cancelled,12.0
ORD_03501,CUST_0892,REST_035,2026-06-21 05:26:51,182.1,5,Cloudy,High,Delivered,29.0
ORD_03502,CUST_0847,REST_013,2026-05-02 11:44:30,118.54,4,Heavy Rain,High,Cancelled,11.0
ORD_03503,CUST_0778,REST_079,2026-03-21 20:15:01,100.0,1,Cloudy,Medium,Delivered,34.0
ORD_03504,CUST_0783,REST_046,2026-01-30 21:05:17,339.1,6,Rain,Medium,Delivered,16.0
ORD_03505,CUST_0042,REST_056,2026-05-11 01:40:09,146.65,1,Rain,Medium,Delivered,33.0
ORD_03506,CUST_0093,REST_009,2026-04-04 17:52:22,198.72,2,Rain,Low,Delivered,26.0
ORD_03507,CUST_0697,REST_087,2026-06-29 02:35:59,212.07,5,Clear,Medium,Delivered,12.0
ORD_03508,CUST_0727,REST_036,2026-06-21 13:54:32,216.4,2,Rain,Medium,Delivered,12.0
ORD_03509,CUST_0507,REST_003,2026-02-26 03:47:13,100.0,5,Rain,Low,Delivered,11.0
ORD_03510,CUST_0529,REST_098,2026-02-28 22:43:52,100.0,6,Clear,High,Delivered,23.0
ORD_03511,CUST_0956,REST_019,2026-05-30 15:42:30,131.13,4,Clear,Medium,Delivered,17.0
ORD_03512,CUST_0265,REST_028,2026-04-06 01:46:09,225.35,5,Heavy Rain,Medium,Delivered,21.0
ORD_03513,CUST_0626,REST_023,2026-02-18 12:48:39,121.47,1,Cloudy,Medium,Delivered,37.0
ORD_03514,CUST_0292,REST_007,2026-06-13 10:33:14,149.13,4,Clear,Low,Delivered,22.0
ORD_03515,CUST_0969,REST_076,2026-05-05 16:35:11,584.07,6,Rain,High,Delivered,18.0
ORD_03516,CUST_0464,REST_014,2026-03-24 15:27:20,100.0,1,Clear,Medium,Delivered,29.0
ORD_03517,CUST_0804,REST_046,2026-02-08 08:12:19,119.67,4,Clear,Medium,Delivered,21.0
ORD_03518,CUST_0560,REST_015,2026-06-27 01:04:15,514.47,5,Cloudy,Medium,Delivered,27.0
ORD_03519,CUST_0819,REST_067,2026-06-07 00:53:12,176.88,5,Cloudy,Medium,Delivered,12.0
ORD_03520,CUST_0097,REST_015,2026-04-23 05:25:37,122.94,1,Rain,Medium,Delivered,32.0
ORD_03521,CUST_0887,REST_051,2026-04-25 01:56:10,344.75,3,Clear,Low,Delivered,16.0
ORD_03522,CUST_0095,REST_088,2026-02-25 10:41:40,186.86,5,Rain,Low,Delivered,29.0
ORD_03523,CUST_0326,REST_008,2026-03-16 06:12:42,149.67,3,Clear,Medium,Delivered,33.0
ORD_03524,CUST_0074,REST_069,2026-06-23 04:49:37,201.5,4,Cloudy,High,Delivered,30.0
ORD_03525,CUST_0336,REST_062,2026-03-25 22:51:44,126.22,3,Clear,Medium,Delivered,16.0
ORD_03526,CUST_0068,REST_051,2026-06-20 09:06:37,103.58,1,Clear,Low,Delivered,14.0
ORD_03527,CUST_0758,REST_063,2026-01-23 05:57:24,170.29,2,Rain,Low,Delivered,16.0
ORD_03528,CUST_0918,REST_068,2026-02-03 02:14:41,103.95,2,Clear,Medium,Delivered,21.0
ORD_03529,CUST_0077,REST_078,2026-06-27 12:00:13,182.34,1,Rain,Medium,Delivered,36.0
ORD_03530,CUST_0208,REST_016,2026-06-17 13:39:24,220.29,2,Clear,Low,Delivered,33.0
ORD_03531,CUST_0884,REST_084,2026-04-07 05:51:02,289.8,1,Clear,Medium,Delivered,23.0
ORD_03532,CUST_0766,REST_024,2026-03-23 05:16:55,337.09,5,Clear,Low,Delivered,33.0
ORD_03533,CUST_0221,REST_006,2026-02-04 08:45:37,145.02,3,Cloudy,Medium,Delivered,18.0
ORD_03534,CUST_0262,REST_057,2026-02-27 02:26:14,238.57,2,Clear,Medium,Delivered,23.0
ORD_03535,CUST_0410,REST_031,2026-04-24 06:49:23,237.67,5,Cloudy,High,Delivered,29.0
ORD_03536,CUST_0331,REST_006,2026-01-13 16:53:04,217.09,2,Cloudy,Low,Delivered,24.0
ORD_03537,CUST_0344,REST_099,2026-06-01 16:37:35,139.25,4,Clear,Medium,Delivered,26.0
ORD_03538,CUST_0989,REST_079,2026-03-21 15:48:58,102.98,1,Clear,High,Delivered,33.0
ORD_03539,CUST_0771,REST_029,2026-06-18 10:10:58,238.91,1,Clear,Medium,Delivered,29.0
ORD_03540,CUST_0820,REST_067,2026-02-10 01:19:22,100.0,5,Rain,Medium,Delivered,18.0
ORD_03541,CUST_0074,REST_075,2026-04-12 11:00:11,156.44,4,Clear,Medium,Delivered,16.0
ORD_03542,CUST_0637,REST_003,2026-04-07 16:20:04,100.0,3,Clear,Low,Delivered,13.0
ORD_03543,CUST_0700,REST_028,2026-01-18 07:19:26,100.0,4,Clear,Medium,Delivered,23.0
ORD_03544,CUST_0254,REST_074,2026-04-23 14:25:32,111.9,4,Cloudy,High,Delivered,12.0
ORD_03545,CUST_0959,REST_097,2026-01-29 01:28:39,331.36,6,Cloudy,Medium,Delivered,10.0
ORD_03546,CUST_0833,REST_048,2026-01-12 21:41:52,264.66,3,Rain,Medium,Delivered,31.0
ORD_03547,CUST_0820,REST_080,2026-06-04 17:53:01,133.66,3,Rain,Medium,Delivered,31.0
ORD_03548,CUST_0747,REST_010,2026-03-23 10:42:48,270.74,4,Clear,Medium,Delivered,30.0
ORD_03549,CUST_0986,REST_033,2026-06-12 00:00:18,295.36,2,Clear,Medium,Delivered,33.0
ORD_03550,CUST_0762,REST_100,2026-06-23 03:00:36,165.94,6,Cloudy,Low,Delivered,35.0
ORD_03551,CUST_0332,REST_067,2026-06-22 01:04:40,100.0,2,Rain,Medium,Delivered,13.0
ORD_03552,CUST_0398,REST_069,2026-04-13 16:52:36,161.68,4,Clear,Medium,Delivered,32.0
ORD_03553,CUST_0345,REST_012,2026-06-27 03:45:28,171.77,2,Clear,High,Delivered,17.0
ORD_03554,CUST_0584,REST_057,2026-06-02 05:24:57,100.0,3,Rain,Medium,Delivered,19.0
ORD_03555,CUST_0747,REST_044,2026-05-09 17:48:39,221.82,3,Clear,Medium,Delivered,25.0
ORD_03556,CUST_0836,REST_013,2026-03-21 06:12:26,211.43,2,Clear,Low,Delivered,14.0
ORD_03557,CUST_0668,REST_024,2026-06-08 02:29:52,231.54,3,Rain,Low,Delivered,33.0
ORD_03558,CUST_0455,REST_044,2026-04-21 06:49:55,211.33,1,Rain,Medium,Delivered,19.0
ORD_03559,CUST_0906,REST_057,2026-04-14 10:22:17,270.81,3,Clear,High,Delivered,26.0
ORD_03560,CUST_0115,REST_096,2026-05-04 19:00:03,164.25,4,Clear,Medium,Delivered,31.0
ORD_03561,CUST_0313,REST_016,2026-06-29 06:22:03,202.55,5,Clear,Medium,Delivered,25.0
ORD_03562,CUST_0228,REST_096,2026-02-06 00:45:19,145.66,2,Rain,High,Delivered,29.0
ORD_03563,CUST_0834,REST_100,2026-01-04 12:44:16,131.44,6,Heavy Rain,Low,Delivered,30.0
ORD_03564,CUST_0858,REST_021,2026-01-06 20:38:33,378.43,2,Rain,Medium,Delivered,19.0
ORD_03565,CUST_0245,REST_076,2026-05-30 22:08:03,100.0,3,Clear,Medium,Delivered,18.0
ORD_03566,CUST_0818,REST_051,2026-02-24 04:01:18,293.6,3,Clear,Medium,Delivered,19.0
ORD_03567,CUST_0526,REST_021,2026-02-20 21:20:50,128.86,5,Cloudy,High,Delivered,21.0
ORD_03568,CUST_0528,REST_060,2026-04-09 13:56:21,120.0,5,Clear,Medium,Delivered,24.0
ORD_03569,CUST_0950,REST_051,2026-01-26 13:00:10,209.32,6,Cloudy,Medium,Delivered,14.0
ORD_03570,CUST_0427,REST_021,2026-03-21 09:07:16,100.0,4,Cloudy,Medium,Delivered,20.0
ORD_03571,CUST_0042,REST_006,2026-02-13 14:55:00,115.72,1,Clear,Medium,Delivered,18.0
ORD_03572,CUST_0465,REST_073,2026-06-26 08:22:41,113.63,4,Rain,Low,Delivered,39.0
ORD_03573,CUST_0622,REST_065,2026-02-26 19:07:07,160.49,6,Clear,High,Delivered,24.0
ORD_03574,CUST_0278,REST_076,2026-02-04 00:45:22,116.48,2,Cloudy,Low,Delivered,12.0
ORD_03575,CUST_0836,REST_058,2026-04-23 16:36:10,437.3,3,Clear,Medium,Delivered,17.0
ORD_03576,CUST_0019,REST_078,2026-04-18 19:47:33,487.05,4,Cloudy,Medium,Delivered,32.0
ORD_03577,CUST_0066,REST_006,2026-06-30 14:37:21,100.0,3,Cloudy,High,Delivered,26.0
ORD_03578,CUST_0167,REST_065,2026-04-09 08:09:34,244.54,3,Clear,Medium,Delivered,25.0
ORD_03579,CUST_0585,REST_086,2026-02-26 13:38:11,290.69,4,Clear,Medium,Delivered,39.0
ORD_03580,CUST_0403,REST_034,2026-04-10 03:25:05,244.36,4,Clear,Medium,Delivered,17.0
ORD_03581,CUST_0912,REST_056,2026-02-02 06:53:28,126.22,5,Clear,Medium,Cancelled,27.0
ORD_03582,CUST_0822,REST_075,2026-04-16 06:15:14,158.5,6,Cloudy,Medium,Delivered,9.0
ORD_03583,CUST_0409,REST_003,2026-01-17 15:59:37,120.11,6,Clear,High,Delivered,17.0
ORD_03584,CUST_0112,REST_042,2026-04-11 21:57:41,143.86,1,Clear,Low,Delivered,30.0
ORD_03585,CUST_0274,REST_062,2026-05-25 22:17:18,100.0,5,Clear,Medium,Delivered,24.0
ORD_03586,CUST_0407,REST_006,2026-01-08 01:39:44,170.18,1,Cloudy,Medium,Delivered,26.0
ORD_03587,CUST_0373,REST_006,2026-02-26 11:32:12,100.0,4,Cloudy,High,Delivered,22.0
ORD_03588,CUST_0597,REST_063,2026-03-11 06:06:34,162.38,6,Clear,Medium,Delivered,12.0
ORD_03589,CUST_0651,REST_020,2026-01-09 19:13:17,100.0,6,Cloudy,Low,Delivered,18.0
ORD_03590,CUST_0039,REST_021,2026-02-19 19:39:42,203.11,1,Rain,Low,Delivered,27.0
ORD_03591,CUST_0105,REST_002,2026-04-07 01:26:54,124.75,2,Clear,Medium,Cancelled,38.0
ORD_03592,CUST_0324,REST_090,2026-04-21 08:10:26,212.69,5,Cloudy,Medium,Delivered,33.0
ORD_03593,CUST_0793,REST_095,2026-05-23 22:27:35,328.61,5,Clear,Medium,Delivered,31.0
ORD_03594,CUST_0959,REST_090,2026-04-13 05:15:00,434.5,5,Clear,Medium,Cancelled,35.0
ORD_03595,CUST_0992,REST_056,2026-02-04 11:40:31,100.0,6,Cloudy,Medium,Delivered,28.0
ORD_03596,CUST_0414,REST_096,2026-02-26 12:25:43,114.57,3,Clear,Medium,Delivered,35.0
ORD_03597,CUST_0429,REST_010,2026-06-21 09:35:27,153.44,6,Rain,High,Delivered,24.0
ORD_03598,CUST_0635,REST_087,2026-06-20 09:02:22,233.5,3,Clear,Low,Delivered,15.0
ORD_03599,CUST_0730,REST_070,2026-05-25 10:10:41,100.0,6,Clear,Medium,Delivered,20.0
ORD_03600,CUST_0889,REST_023,2026-06-21 18:07:18,105.62,4,Cloudy,Medium,Delivered,34.0
ORD_03601,CUST_0061,REST_092,2026-01-09 23:18:48,194.75,6,Cloudy,Low,Delivered,24.0
ORD_03602,CUST_0612,REST_030,2026-05-24 21:28:38,189.94,4,Cloudy,Medium,Delivered,20.0
ORD_03603,CUST_0307,REST_078,2026-03-30 03:26:10,223.12,3,Clear,Medium,Delivered,33.0
ORD_03604,CUST_0354,REST_037,2026-03-29 14:43:18,231.37,5,Rain,Low,Delivered,22.0
ORD_03605,CUST_0393,REST_055,2026-05-10 01:19:42,218.38,3,Heavy Rain,Medium,Delivered,40.0
ORD_03606,CUST_0204,REST_096,2026-04-15 23:48:29,201.65,1,Clear,Medium,Delivered,30.0
ORD_03607,CUST_0258,REST_049,2026-06-22 21:34:56,186.92,5,Rain,Low,Delivered,28.0
ORD_03608,CUST_0486,REST_034,2026-03-03 22:36:44,261.29,6,Cloudy,Medium,Delivered,14.0
ORD_03609,CUST_0517,REST_044,2026-02-15 12:00:12,100.0,6,Clear,Medium,Delivered,22.0
ORD_03610,CUST_0446,REST_022,2026-06-12 11:31:14,423.85,6,Clear,Low,Delivered,20.0
ORD_03611,CUST_0709,REST_031,2026-06-26 15:20:20,100.0,6,Clear,Low,Delivered,27.0
ORD_03612,CUST_0180,REST_007,2026-06-19 19:07:07,100.13,6,Heavy Rain,Medium,Delivered,18.0
ORD_03613,CUST_0342,REST_021,2026-04-20 13:39:49,160.02,3,Clear,Medium,Delivered,20.0
ORD_03614,CUST_0133,REST_016,2026-04-02 20:25:22,262.42,4,Cloudy,High,Delivered,33.0
ORD_03615,CUST_0443,REST_020,2026-04-07 18:18:54,100.0,3,Clear,Low,Delivered,15.0
ORD_03616,CUST_0836,REST_043,2026-04-03 20:21:55,178.49,2,Cloudy,Low,Delivered,21.0
ORD_03617,CUST_0253,REST_044,2026-04-22 13:02:44,280.29,3,Clear,Low,Cancelled,21.0
ORD_03618,CUST_0265,REST_047,2026-05-12 08:53:18,313.24,5,Rain,Medium,Delivered,34.0
ORD_03619,CUST_0093,REST_019,2026-06-06 22:48:34,123.53,6,Clear,Medium,Cancelled,25.0
ORD_03620,CUST_0662,REST_048,2026-05-03 10:38:55,153.63,3,Rain,Medium,Delivered,33.0
ORD_03621,CUST_0411,REST_096,2026-03-22 23:17:24,129.17,4,Rain,High,Delivered,32.0
ORD_03622,CUST_0138,REST_079,2026-04-30 09:59:13,146.06,6,Cloudy,Medium,Delivered,32.0
ORD_03623,CUST_0208,REST_069,2026-04-02 16:20:41,102.77,1,Clear,High,Delivered,29.0
ORD_03624,CUST_0637,REST_011,2026-01-29 00:14:16,111.15,2,Clear,Low,Delivered,19.0
ORD_03625,CUST_0746,REST_079,2026-01-20 20:09:45,230.19,5,Rain,Low,Delivered,29.0
ORD_03626,CUST_0573,REST_029,2026-04-02 19:22:47,194.88,4,Clear,Low,Delivered,30.0
ORD_03627,CUST_0307,REST_045,2026-01-20 08:00:11,237.55,2,Clear,Low,Delivered,33.0
ORD_03628,CUST_0266,REST_068,2026-01-16 16:15:59,203.92,3,Cloudy,High,Delivered,22.0
ORD_03629,CUST_0646,REST_036,2026-05-23 07:12:53,267.04,2,Clear,Medium,Delivered,17.0
ORD_03630,CUST_0318,REST_048,2026-05-21 00:38:17,293.83,6,Clear,Medium,Cancelled,37.0
ORD_03631,CUST_0113,REST_087,2026-06-26 00:26:34,100.0,6,Cloudy,Medium,Delivered,12.0
ORD_03632,CUST_0901,REST_015,2026-06-18 11:08:50,113.31,1,Clear,Low,Delivered,29.0
ORD_03633,CUST_0378,REST_044,2026-06-25 18:52:10,159.61,2,Clear,Low,Delivered,22.0
ORD_03634,CUST_0454,REST_067,2026-02-10 01:00:33,179.03,2,Cloudy,Medium,Delivered,15.0
ORD_03635,CUST_0191,REST_096,2026-05-08 13:01:10,125.39,6,Clear,Medium,Delivered,32.0
ORD_03636,CUST_0891,REST_074,2026-05-02 22:09:43,299.35,3,Cloudy,High,Delivered,12.0
ORD_03637,CUST_0440,REST_040,2026-03-09 05:54:01,538.6,3,Clear,Medium,Delivered,32.0
ORD_03638,CUST_0187,REST_086,2026-01-09 19:05:04,200.82,5,Cloudy,Medium,Delivered,33.0
ORD_03639,CUST_0831,REST_014,2026-04-20 18:39:09,189.88,3,Clear,Low,Delivered,24.0
ORD_03640,CUST_0367,REST_063,2026-03-10 08:34:06,289.22,2,Clear,High,Delivered,20.0
ORD_03641,CUST_0089,REST_081,2026-03-23 22:17:25,100.0,1,Clear,Low,Delivered,19.0
ORD_03642,CUST_0187,REST_085,2026-04-25 20:17:26,184.13,3,Clear,High,Delivered,20.0
ORD_03643,CUST_0819,REST_051,2026-05-13 05:32:14,310.59,6,Rain,Medium,Delivered,17.0
ORD_03644,CUST_0946,REST_079,2026-04-08 03:53:48,127.26,6,Clear,Low,Delivered,31.0
ORD_03645,CUST_0132,REST_058,2026-02-04 15:06:32,100.0,5,Cloudy,Medium,Delivered,17.0
ORD_03646,CUST_0872,REST_015,2026-06-02 18:24:11,163.66,5,Rain,High,Delivered,28.0
ORD_03647,CUST_0635,REST_065,2026-02-26 18:20:18,175.32,2,Cloudy,Medium,Delivered,21.0
ORD_03648,CUST_0560,REST_088,2026-01-23 07:38:57,109.97,3,Clear,Low,Delivered,36.0
ORD_03649,CUST_0800,REST_055,2026-05-28 02:42:28,574.15,3,Clear,Low,Delivered,40.0
ORD_03650,CUST_0376,REST_076,2026-04-07 11:56:28,139.31,5,Rain,Medium,Delivered,19.0
ORD_03651,CUST_0691,REST_010,2026-03-20 14:45:02,100.0,3,Cloudy,Low,Delivered,25.0
ORD_03652,CUST_0692,REST_042,2026-05-07 04:11:21,172.17,2,Cloudy,High,Delivered,33.0
ORD_03653,CUST_0099,REST_095,2026-01-22 13:34:56,298.67,1,Clear,High,Delivered,27.0
ORD_03654,CUST_0842,REST_011,2026-05-09 07:02:20,183.02,6,Rain,High,Delivered,18.0
ORD_03655,CUST_0034,REST_016,2026-05-29 21:22:45,236.77,2,Cloudy,Low,Delivered,29.0
ORD_03656,CUST_0932,REST_073,2026-02-15 08:39:04,112.24,3,Clear,Medium,Delivered,40.0
ORD_03657,CUST_0582,REST_078,2026-05-03 00:38:06,410.85,2,Cloudy,Low,Delivered,37.0
ORD_03658,CUST_0171,REST_019,2026-03-27 01:38:16,246.89,6,Clear,Medium,Delivered,27.0
ORD_03659,CUST_0366,REST_031,2026-06-19 12:20:38,322.54,4,Clear,High,Delivered,26.0
ORD_03660,CUST_0784,REST_073,2026-05-23 04:00:13,221.59,6,Rain,Medium,Delivered,36.0
ORD_03661,CUST_0059,REST_100,2026-04-12 03:18:34,285.34,6,Clear,High,Delivered,38.0
ORD_03662,CUST_0181,REST_053,2026-05-31 01:15:10,112.15,4,Cloudy,High,Delivered,26.0
ORD_03663,CUST_0019,REST_090,2026-01-28 02:09:27,138.34,3,Clear,Low,Delivered,40.0
ORD_03664,CUST_0226,REST_008,2026-02-27 21:22:33,380.15,3,Clear,Medium,Delivered,27.0
ORD_03665,CUST_0473,REST_024,2026-02-10 23:32:45,427.46,1,Clear,Low,Cancelled,36.0
ORD_03666,CUST_0095,REST_008,2026-06-14 10:08:33,100.0,6,Heavy Rain,Medium,Delivered,30.0
ORD_03667,CUST_0881,REST_083,2026-05-31 17:06:53,207.96,2,Clear,Low,Delivered,14.0
ORD_03668,CUST_0297,REST_048,2026-02-07 09:01:25,143.02,1,Clear,High,Delivered,38.0
ORD_03669,CUST_0593,REST_030,2026-05-04 12:47:00,123.55,3,Cloudy,Medium,Delivered,19.0
ORD_03670,CUST_0175,REST_058,2026-02-18 15:57:56,212.02,3,Clear,Medium,Delivered,20.0
ORD_03671,CUST_0222,REST_086,2026-06-01 10:06:52,339.52,5,Clear,Medium,Delivered,40.0
ORD_03672,CUST_0615,REST_055,2026-04-21 09:13:54,232.39,1,Clear,High,Delivered,37.0
ORD_03673,CUST_0054,REST_073,2026-04-06 03:26:42,152.06,3,Clear,Medium,Delivered,36.0
ORD_03674,CUST_0695,REST_062,2026-02-22 09:43:01,240.61,4,Clear,Low,Delivered,24.0
ORD_03675,CUST_0863,REST_048,2026-06-23 03:08:11,148.71,5,Clear,Medium,Delivered,28.0
ORD_03676,CUST_0403,REST_004,2026-03-27 10:14:49,227.39,2,Clear,Medium,Delivered,18.0
ORD_03677,CUST_0318,REST_037,2026-01-22 20:06:20,390.75,5,Rain,Medium,Delivered,23.0
ORD_03678,CUST_0867,REST_008,2026-03-26 17:10:01,100.0,6,Clear,Low,Cancelled,31.0
ORD_03679,CUST_0349,REST_001,2026-02-26 19:42:14,281.04,6,Rain,Low,Cancelled,13.0
ORD_03680,CUST_0443,REST_092,2026-01-02 02:37:36,100.0,2,Cloudy,High,Delivered,25.0
ORD_03681,CUST_0833,REST_070,2026-05-07 06:37:17,356.23,4,Clear,Low,Delivered,11.0
ORD_03682,CUST_0580,REST_047,2026-04-04 04:49:06,127.69,2,Heavy Rain,Medium,Delivered,30.0
ORD_03683,CUST_0540,REST_100,2026-01-10 04:08:59,100.0,1,Clear,Low,Delivered,31.0
ORD_03684,CUST_0786,REST_075,2026-04-10 15:56:16,265.71,2,Clear,Low,Delivered,8.0
ORD_03685,CUST_0282,REST_005,2026-02-28 01:24:57,221.47,2,Clear,Low,Delivered,39.0
ORD_03686,CUST_0360,REST_050,2026-02-20 22:47:30,104.63,5,Cloudy,Medium,Delivered,24.0
ORD_03687,CUST_0915,REST_024,2026-01-21 03:06:44,100.0,4,Clear,High,Delivered,35.0
ORD_03688,CUST_0823,REST_047,2026-04-25 03:26:48,163.51,2,Clear,Medium,Delivered,27.0
ORD_03689,CUST_0631,REST_018,2026-06-13 23:48:34,100.0,1,Clear,Medium,Delivered,40.0
ORD_03690,CUST_0892,REST_084,2026-03-14 12:50:49,101.11,5,Cloudy,Medium,Delivered,25.0
ORD_03691,CUST_0953,REST_028,2026-06-12 18:13:17,193.17,4,Clear,Medium,Delivered,29.0
ORD_03692,CUST_0646,REST_077,2026-05-11 09:39:05,106.57,4,Clear,High,Delivered,15.0
ORD_03693,CUST_0641,REST_005,2026-02-02 19:38:32,229.2,3,Clear,Medium,Delivered,33.0
ORD_03694,CUST_0008,REST_030,2026-01-08 12:07:11,411.41,6,Rain,Medium,Delivered,17.0
ORD_03695,CUST_0993,REST_001,2026-03-10 12:18:08,167.05,1,Clear,Medium,Delivered,8.0
ORD_03696,CUST_0563,REST_086,2026-05-17 04:56:05,194.72,6,Clear,High,Delivered,41.0
ORD_03697,CUST_0491,REST_082,2026-01-10 07:37:44,550.02,5,Rain,Medium,Delivered,28.0
ORD_03698,CUST_0341,REST_046,2026-01-04 04:10:44,100.0,5,Clear,Low,Delivered,17.0
ORD_03699,CUST_0472,REST_069,2026-05-18 02:06:50,349.04,1,Cloudy,Low,Delivered,25.0
ORD_03700,CUST_0793,REST_031,2026-05-25 21:25:01,326.68,4,Heavy Rain,High,Delivered,29.0
ORD_03701,CUST_0687,REST_070,2026-01-27 16:18:49,290.0,2,Rain,High,Delivered,20.0
ORD_03702,CUST_0695,REST_091,2026-06-17 11:42:25,368.88,1,Clear,Low,Delivered,16.0
ORD_03703,CUST_0704,REST_056,2026-04-13 12:28:20,211.52,5,Clear,High,Delivered,31.0
ORD_03704,CUST_0249,REST_089,2026-01-01 21:55:44,131.55,6,Clear,Medium,Delivered,16.0
ORD_03705,CUST_0235,REST_093,2026-05-07 12:03:36,330.97,1,Rain,Medium,Delivered,18.0
ORD_03706,CUST_0083,REST_028,2026-05-01 01:40:57,338.01,4,Heavy Rain,Low,Delivered,28.0
ORD_03707,CUST_0093,REST_016,2026-01-23 23:15:40,332.93,3,Clear,High,Delivered,31.0
ORD_03708,CUST_0885,REST_054,2026-02-25 16:10:33,185.76,3,Cloudy,Low,Delivered,19.0
ORD_03709,CUST_0394,REST_053,2026-04-03 03:27:20,122.25,2,Rain,Medium,Delivered,25.0
ORD_03710,CUST_0824,REST_012,2026-03-01 04:21:09,201.39,2,Clear,Low,Delivered,14.0
ORD_03711,CUST_0268,REST_020,2026-06-14 07:55:38,304.36,4,Clear,High,Cancelled,19.0
ORD_03712,CUST_0417,REST_082,2026-03-20 12:10:48,318.43,6,Clear,Low,Delivered,37.0
ORD_03713,CUST_0632,REST_034,2026-04-20 04:22:21,143.12,2,Clear,Low,Delivered,14.0
ORD_03714,CUST_0583,REST_053,2026-04-29 15:50:26,215.61,3,Rain,Low,Delivered,18.0
ORD_03715,CUST_0529,REST_064,2026-04-06 06:19:58,100.0,4,Rain,Low,Delivered,6.0
ORD_03716,CUST_0253,REST_023,2026-01-20 23:08:51,311.6,4,Clear,Medium,Delivered,37.0
ORD_03717,CUST_0957,REST_027,2026-02-21 16:02:45,117.82,4,Clear,Low,Delivered,27.0
ORD_03718,CUST_0122,REST_017,2026-01-15 13:35:15,279.19,1,Clear,High,Delivered,17.0
ORD_03719,CUST_0892,REST_048,2026-03-29 09:22:56,100.0,6,Rain,Medium,Delivered,33.0
ORD_03720,CUST_0010,REST_021,2026-02-25 08:30:14,319.67,6,Cloudy,Medium,Delivered,19.0
ORD_03721,CUST_0799,REST_050,2026-01-27 09:51:32,216.37,2,Cloudy,Low,Delivered,26.0
ORD_03722,CUST_0316,REST_040,2026-01-10 10:39:42,117.95,6,Cloudy,Medium,Delivered,25.0
ORD_03723,CUST_0838,REST_095,2026-02-24 02:14:31,265.14,5,Clear,Low,Delivered,31.0
ORD_03724,CUST_0273,REST_003,2026-06-30 13:39:04,131.01,3,Clear,High,Delivered,14.0
ORD_03725,CUST_0306,REST_017,2026-03-21 08:36:52,273.76,2,Heavy Rain,Medium,Delivered,12.0
ORD_03726,CUST_0805,REST_061,2026-04-21 08:40:23,155.9,6,Clear,High,Cancelled,41.0
ORD_03727,CUST_0210,REST_050,2026-02-08 11:06:20,100.0,3,Cloudy,Medium,Delivered,21.0
ORD_03728,CUST_0958,REST_090,2026-03-31 13:42:56,105.6,2,Clear,High,Delivered,32.0
ORD_03729,CUST_0730,REST_087,2026-05-17 21:54:40,143.06,5,Cloudy,Low,Delivered,11.0
ORD_03730,CUST_0753,REST_006,2026-01-19 07:55:50,384.72,3,Cloudy,Low,Delivered,18.0
ORD_03731,CUST_0886,REST_028,2026-02-11 21:09:18,297.56,5,Cloudy,Medium,Delivered,27.0
ORD_03732,CUST_0464,REST_072,2026-02-08 17:38:29,442.8,3,Rain,High,Delivered,24.0
ORD_03733,CUST_0712,REST_055,2026-06-21 23:19:32,450.11,1,Clear,Medium,Cancelled,44.0
ORD_03734,CUST_0728,REST_058,2026-06-26 12:09:17,135.08,1,Cloudy,Low,Delivered,16.0
ORD_03735,CUST_0717,REST_045,2026-01-22 14:45:40,163.42,3,Clear,Medium,Delivered,39.0
ORD_03736,CUST_0925,REST_072,2026-04-21 12:45:49,144.57,3,Rain,High,Delivered,20.0
ORD_03737,CUST_0416,REST_019,2026-01-24 22:06:16,125.29,5,Clear,Low,Delivered,17.0
ORD_03738,CUST_0216,REST_029,2026-04-18 20:06:15,100.0,6,Rain,Low,Delivered,30.0
ORD_03739,CUST_0080,REST_023,2026-01-16 10:30:09,179.81,4,Clear,High,Cancelled,37.0
ORD_03740,CUST_0779,REST_032,2026-02-23 17:51:02,100.0,3,Clear,High,Delivered,23.0
ORD_03741,CUST_0480,REST_010,2026-02-17 15:04:21,177.9,2,Clear,Medium,Delivered,33.0
ORD_03742,CUST_0902,REST_091,2026-03-26 00:31:53,580.37,2,Heavy Rain,High,Delivered,20.0
ORD_03743,CUST_0891,REST_049,2026-02-25 00:02:57,136.98,2,Clear,Low,Delivered,30.0
ORD_03744,CUST_0547,REST_065,2026-02-05 17:19:55,201.77,1,Clear,Medium,Delivered,21.0
ORD_03745,CUST_0801,REST_029,2026-05-10 15:08:44,298.47,6,Clear,Medium,Delivered,31.0
ORD_03746,CUST_0018,REST_059,2026-01-16 00:48:18,211.49,5,Clear,Medium,Delivered,34.0
ORD_03747,CUST_0165,REST_045,2026-02-21 10:39:47,212.91,6,Clear,High,Delivered,33.0
ORD_03748,CUST_0525,REST_067,2026-05-26 15:55:50,148.51,1,Cloudy,High,Delivered,19.0
ORD_03749,CUST_0202,REST_051,2026-03-18 22:18:15,159.57,6,Clear,Medium,Delivered,15.0
ORD_03750,CUST_0741,REST_095,2026-04-12 21:50:36,106.91,6,Cloudy,Low,Delivered,23.0
ORD_03751,CUST_0346,REST_011,2026-03-10 20:23:22,288.68,2,Clear,Medium,Delivered,23.0
ORD_03752,CUST_0366,REST_086,2026-06-01 00:31:45,100.0,3,Clear,Medium,Delivered,42.0
ORD_03753,CUST_0977,REST_082,2026-06-09 11:39:03,309.23,2,Cloudy,Low,Delivered,33.0
ORD_03754,CUST_0448,REST_099,2026-04-17 08:31:06,100.0,6,Clear,High,Delivered,26.0
ORD_03755,CUST_0513,REST_006,2026-01-17 13:28:08,307.8,3,Clear,Low,Delivered,16.0
ORD_03756,CUST_0319,REST_067,2026-01-22 19:53:26,149.22,5,Clear,Low,Delivered,10.0
ORD_03757,CUST_0217,REST_062,2026-04-01 22:46:23,100.0,4,Clear,Medium,Delivered,15.0
ORD_03758,CUST_0034,REST_005,2026-04-19 08:30:56,249.29,3,Cloudy,Medium,Delivered,34.0
ORD_03759,CUST_0871,REST_009,2026-06-29 16:05:09,302.12,1,Cloudy,Medium,Cancelled,21.0
ORD_03760,CUST_0266,REST_028,2026-01-25 20:43:11,142.46,2,Cloudy,Medium,Delivered,23.0
ORD_03761,CUST_0640,REST_083,2026-05-10 12:35:51,269.44,2,Clear,Medium,Delivered,21.0
ORD_03762,CUST_0724,REST_092,2026-04-01 11:47:00,100.0,6,Clear,Low,Delivered,18.0
ORD_03763,CUST_0775,REST_091,2026-01-08 23:39:23,100.0,6,Clear,Low,Delivered,20.0
ORD_03764,CUST_0824,REST_077,2026-03-02 01:32:46,369.01,6,Cloudy,Medium,Delivered,17.0
ORD_03765,CUST_0080,REST_038,2026-04-03 06:06:06,160.29,6,Clear,Medium,Delivered,32.0
ORD_03766,CUST_0677,REST_043,2026-03-25 01:25:40,100.0,2,Clear,High,Cancelled,18.0
ORD_03767,CUST_0413,REST_021,2026-01-12 23:08:07,123.42,3,Rain,Medium,Delivered,21.0
ORD_03768,CUST_0252,REST_091,2026-03-19 12:29:37,109.09,5,Clear,Medium,Delivered,13.0
ORD_03769,CUST_0012,REST_062,2026-02-09 02:00:48,165.46,3,Heavy Rain,Medium,Delivered,18.0
ORD_03770,CUST_0401,REST_046,2026-06-23 17:16:30,147.83,1,Clear,Low,Delivered,22.0
ORD_03771,CUST_0816,REST_070,2026-04-14 18:17:23,200.02,2,Rain,Medium,Delivered,10.0
ORD_03772,CUST_0724,REST_038,2026-06-04 15:00:03,174.48,3,Clear,Medium,Delivered,31.0
ORD_03773,CUST_0282,REST_049,2026-06-26 12:19:46,382.93,2,Rain,High,Delivered,24.0
ORD_03774,CUST_0112,REST_075,2026-01-13 10:38:11,228.95,1,Clear,Low,Delivered,8.0
ORD_03775,CUST_0723,REST_081,2026-03-29 12:06:42,233.16,4,Clear,Low,Delivered,28.0
ORD_03776,CUST_0378,REST_039,2026-03-09 10:06:09,344.07,4,Clear,Low,Delivered,20.0
ORD_03777,CUST_0751,REST_071,2026-01-24 22:27:31,146.38,4,Heavy Rain,Low,Delivered,30.0
ORD_03778,CUST_0268,REST_030,2026-02-02 12:48:29,100.0,2,Heavy Rain,Medium,Delivered,24.0
ORD_03779,CUST_0917,REST_021,2026-06-28 04:53:59,352.07,3,Clear,High,Delivered,17.0
ORD_03780,CUST_0298,REST_001,2026-06-30 17:22:08,195.33,2,Cloudy,Medium,Cancelled,14.0
ORD_03781,CUST_0317,REST_089,2026-04-22 19:43:19,195.71,5,Cloudy,High,Delivered,16.0
ORD_03782,CUST_0570,REST_032,2026-06-19 08:07:10,127.95,3,Clear,Medium,Delivered,24.0
ORD_03783,CUST_0509,REST_008,2026-03-12 07:31:30,129.12,1,Clear,Low,Delivered,26.0
ORD_03784,CUST_0950,REST_069,2026-06-01 07:23:05,288.79,6,Heavy Rain,Low,Delivered,32.0
ORD_03785,CUST_0546,REST_030,2026-06-14 22:47:05,311.55,4,Clear,Low,Delivered,24.0
ORD_03786,CUST_0775,REST_008,2026-01-11 07:05:15,278.97,3,Clear,Medium,Delivered,25.0
ORD_03787,CUST_0365,REST_019,2026-03-31 23:30:03,280.38,3,Clear,Medium,Delivered,20.0
ORD_03788,CUST_0547,REST_059,2026-03-17 05:51:33,247.89,4,Clear,High,Cancelled,37.0
ORD_03789,CUST_0271,REST_055,2026-03-25 02:12:44,194.87,1,Cloudy,High,Delivered,43.0
ORD_03790,CUST_0961,REST_030,2026-02-10 02:26:20,164.6,2,Clear,Medium,Delivered,23.0
ORD_03791,CUST_0474,REST_079,2026-01-18 10:17:39,352.72,2,Clear,Medium,Cancelled,24.0
ORD_03792,CUST_0739,REST_036,2026-01-18 07:58:08,147.59,6,Clear,Medium,Cancelled,19.0
ORD_03793,CUST_0537,REST_055,2026-05-01 01:25:17,222.18,3,Clear,Low,Delivered,35.0
ORD_03794,CUST_0234,REST_044,2026-04-18 06:44:48,116.49,4,Clear,High,Delivered,25.0
ORD_03795,CUST_0059,REST_027,2026-04-22 15:08:52,126.14,5,Rain,Low,Delivered,31.0
ORD_03796,CUST_0251,REST_077,2026-06-22 18:30:51,159.19,1,Clear,Medium,Delivered,15.0
ORD_03797,CUST_0847,REST_078,2026-02-02 00:42:39,116.49,2,Rain,Medium,Delivered,40.0
ORD_03798,CUST_0086,REST_054,2026-02-02 09:41:43,281.13,1,Clear,Medium,Delivered,29.0
ORD_03799,CUST_0763,REST_048,2026-02-15 21:46:56,100.0,1,Clear,Medium,Delivered,31.0
ORD_03800,CUST_0390,REST_030,2026-04-18 15:54:25,191.44,6,Clear,High,Delivered,20.0
ORD_03801,CUST_0180,REST_039,2026-01-18 00:29:26,194.98,1,Cloudy,Low,Delivered,25.0
ORD_03802,CUST_0719,REST_013,2026-01-08 13:00:31,100.0,4,Rain,Low,Delivered,9.0
ORD_03803,CUST_0856,REST_016,2026-03-08 20:31:35,142.23,6,Clear,Medium,Delivered,26.0
ORD_03804,CUST_0149,REST_044,2026-06-09 03:22:19,208.65,4,Clear,Low,Cancelled,20.0
ORD_03805,CUST_0583,REST_071,2026-06-27 19:40:29,229.48,6,Cloudy,Medium,Delivered,28.0
ORD_03806,CUST_0121,REST_027,2026-01-21 23:22:26,162.01,4,Clear,High,Delivered,25.0
ORD_03807,CUST_0765,REST_045,2026-04-01 15:55:54,263.04,6,Cloudy,High,Delivered,39.0
ORD_03808,CUST_0605,REST_035,2026-01-11 00:59:55,170.69,6,Clear,Medium,Delivered,33.0
ORD_03809,CUST_0256,REST_079,2026-05-16 16:42:52,182.64,3,Cloudy,High,Delivered,34.0
ORD_03810,CUST_0766,REST_028,2026-04-08 01:58:23,208.18,4,Cloudy,Medium,Delivered,20.0
ORD_03811,CUST_0864,REST_099,2026-03-01 00:23:35,301.83,3,Clear,High,Delivered,33.0
ORD_03812,CUST_0800,REST_007,2026-03-09 22:16:32,125.01,6,Cloudy,Low,Delivered,24.0
ORD_03813,CUST_0309,REST_062,2026-03-09 04:43:52,138.69,2,Clear,Medium,Delivered,20.0
ORD_03814,CUST_0059,REST_051,2026-01-25 22:19:07,125.48,6,Clear,High,Cancelled,20.0
ORD_03815,CUST_0069,REST_046,2026-01-08 23:01:33,151.0,2,Clear,Medium,Delivered,17.0
ORD_03816,CUST_0446,REST_020,2026-05-17 07:55:56,397.2,2,Clear,High,Delivered,21.0
ORD_03817,CUST_0388,REST_096,2026-02-06 19:50:07,248.39,2,Clear,Low,Delivered,32.0
ORD_03818,CUST_0086,REST_038,2026-05-15 11:22:41,100.0,2,Heavy Rain,High,Delivered,37.0
ORD_03819,CUST_0786,REST_061,2026-03-09 00:43:47,130.29,4,Cloudy,Medium,Delivered,33.0
ORD_03820,CUST_0227,REST_032,2026-01-04 08:11:55,222.52,5,Clear,Low,Delivered,17.0
ORD_03821,CUST_0593,REST_026,2026-05-15 02:10:55,110.1,4,Rain,Low,Delivered,36.0
ORD_03822,CUST_0626,REST_058,2026-01-04 03:02:33,121.64,5,Clear,Low,Cancelled,19.0
ORD_03823,CUST_0184,REST_039,2026-03-28 05:30:42,379.83,4,Cloudy,High,Delivered,21.0
ORD_03824,CUST_0792,REST_020,2026-04-26 01:22:11,129.37,2,Clear,Medium,Delivered,19.0
ORD_03825,CUST_0322,REST_082,2026-01-04 11:26:14,306.45,1,Cloudy,High,Delivered,28.0
ORD_03826,CUST_0909,REST_050,2026-01-14 10:12:20,361.56,6,Cloudy,Medium,Delivered,30.0
ORD_03827,CUST_0318,REST_079,2026-01-16 19:39:29,121.1,5,Cloudy,High,Delivered,30.0
ORD_03828,CUST_0566,REST_052,2026-06-11 23:36:34,111.11,1,Clear,Medium,Delivered,33.0
ORD_03829,CUST_0399,REST_086,2026-02-10 20:52:25,155.73,2,Clear,Low,Delivered,39.0
ORD_03830,CUST_0709,REST_022,2026-01-29 16:32:42,100.0,5,Clear,Low,Delivered,17.0
ORD_03831,CUST_0899,REST_053,2026-04-28 05:37:22,193.75,1,Clear,High,Delivered,18.0
ORD_03832,CUST_0293,REST_085,2026-02-25 23:47:25,161.89,4,Clear,Medium,Delivered,18.0
ORD_03833,CUST_0293,REST_066,2026-04-06 21:45:56,221.03,2,Cloudy,Low,Delivered,33.0
ORD_03834,CUST_0485,REST_043,2026-03-07 16:46:51,390.85,4,Rain,Low,Delivered,23.0
ORD_03835,CUST_0899,REST_082,2026-03-25 00:28:26,284.18,4,Clear,Low,Delivered,30.0
ORD_03836,CUST_0447,REST_023,2026-02-28 00:38:51,237.24,2,Clear,High,Delivered,37.0
ORD_03837,CUST_0803,REST_077,2026-01-08 09:15:00,100.0,5,Rain,Medium,Delivered,17.0
ORD_03838,CUST_0692,REST_064,2026-06-14 19:53:07,231.33,6,Rain,Medium,Delivered,11.0
ORD_03839,CUST_0983,REST_009,2026-01-28 18:14:47,467.52,3,Clear,High,Delivered,21.0
ORD_03840,CUST_0892,REST_007,2026-05-28 18:47:17,100.0,3,Clear,Medium,Delivered,21.0
ORD_03841,CUST_0412,REST_041,2026-02-06 13:16:21,264.85,6,Cloudy,High,Delivered,35.0
ORD_03842,CUST_0508,REST_054,2026-03-04 01:55:28,166.06,2,Rain,Medium,Delivered,28.0
ORD_03843,CUST_0734,REST_065,2026-03-07 19:33:41,113.59,3,Clear,High,Delivered,20.0
ORD_03844,CUST_0786,REST_002,2026-06-06 19:51:46,281.64,6,Cloudy,Low,Delivered,39.0
ORD_03845,CUST_0890,REST_004,2026-02-25 04:36:25,464.21,1,Cloudy,Medium,Delivered,19.0
ORD_03846,CUST_0244,REST_078,2026-02-10 17:24:12,277.65,6,Clear,Medium,Delivered,36.0
ORD_03847,CUST_0420,REST_032,2026-05-02 21:24:26,147.8,5,Cloudy,Low,Delivered,17.0
ORD_03848,CUST_0929,REST_100,2026-03-20 20:59:40,107.89,6,Clear,Medium,Delivered,34.0
ORD_03849,CUST_0960,REST_002,2026-06-25 18:57:41,196.28,4,Cloudy,Medium,Delivered,37.0
ORD_03850,CUST_0154,REST_064,2026-01-15 03:34:25,293.02,4,Cloudy,Low,Delivered,16.0
ORD_03851,CUST_0816,REST_014,2026-01-24 12:03:44,146.51,2,Clear,Medium,Delivered,31.0
ORD_03852,CUST_0424,REST_020,2026-04-27 08:28:26,154.51,4,Cloudy,High,Delivered,18.0
ORD_03853,CUST_0273,REST_089,2026-02-14 15:19:58,855.85,1,Cloudy,Medium,Delivered,16.0
ORD_03854,CUST_0936,REST_049,2026-01-07 15:44:47,328.08,6,Heavy Rain,Medium,Delivered,28.0
ORD_03855,CUST_0647,REST_008,2026-06-27 08:38:58,341.23,1,Clear,Low,Delivered,32.0
ORD_03856,CUST_0825,REST_092,2026-03-15 12:33:40,100.0,2,Clear,Low,Delivered,25.0
ORD_03857,CUST_0520,REST_063,2026-02-08 17:59:10,122.86,4,Heavy Rain,Medium,Delivered,11.0
ORD_03858,CUST_0128,REST_046,2026-01-29 10:24:35,188.87,3,Cloudy,High,Delivered,15.0
ORD_03859,CUST_0373,REST_021,2026-04-04 05:43:50,104.52,6,Rain,High,Delivered,24.0
ORD_03860,CUST_0568,REST_087,2026-05-21 20:10:11,437.12,3,Clear,Medium,Delivered,18.0
ORD_03861,CUST_0638,REST_032,2026-05-13 21:01:27,393.73,5,Clear,Medium,Delivered,23.0
ORD_03862,CUST_0159,REST_008,2026-06-01 17:56:41,135.17,2,Clear,Medium,Delivered,31.0
ORD_03863,CUST_0571,REST_095,2026-03-31 23:31:36,483.55,5,Rain,Medium,Cancelled,32.0
ORD_03864,CUST_0570,REST_016,2026-02-03 20:08:48,180.85,3,Rain,Medium,Delivered,23.0
ORD_03865,CUST_0652,REST_040,2026-03-12 21:03:10,753.07,3,Cloudy,High,Cancelled,25.0
ORD_03866,CUST_0176,REST_027,2026-02-01 23:24:20,196.29,3,Clear,Low,Delivered,34.0
ORD_03867,CUST_0927,REST_018,2026-03-28 06:06:36,248.86,5,Clear,High,Delivered,38.0
ORD_03868,CUST_0620,REST_035,2026-05-12 10:10:11,391.48,2,Cloudy,Low,Delivered,24.0
ORD_03869,CUST_0211,REST_052,2026-04-15 21:43:49,366.02,6,Cloudy,Medium,Cancelled,29.0
ORD_03870,CUST_0447,REST_015,2026-03-14 11:00:32,240.06,6,Cloudy,High,Delivered,29.0
ORD_03871,CUST_0586,REST_063,2026-03-20 01:59:49,167.73,1,Clear,Medium,Delivered,16.0
ORD_03872,CUST_0167,REST_053,2026-02-08 04:28:00,240.51,1,Clear,Low,Delivered,19.0
ORD_03873,CUST_0460,REST_091,2026-01-25 11:43:09,115.71,3,Clear,Low,Delivered,17.0
ORD_03874,CUST_0916,REST_081,2026-04-25 11:25:04,197.09,2,Cloudy,Medium,Cancelled,24.0
ORD_03875,CUST_0357,REST_066,2026-04-26 20:15:03,100.0,2,Clear,Low,Delivered,32.0
ORD_03876,CUST_0304,REST_031,2026-02-25 18:28:49,100.0,4,Rain,Medium,Delivered,35.0
ORD_03877,CUST_0233,REST_061,2026-03-26 11:11:21,186.37,4,Cloudy,Medium,Delivered,38.0
ORD_03878,CUST_0327,REST_064,2026-02-22 05:30:20,362.95,5,Clear,High,Cancelled,6.0
ORD_03879,CUST_0884,REST_098,2026-01-13 10:20:13,301.63,4,Clear,Low,Delivered,26.0
ORD_03880,CUST_0182,REST_034,2026-05-19 03:28:21,173.29,6,Rain,Medium,Delivered,22.0
ORD_03881,CUST_0634,REST_055,2026-05-19 05:17:03,473.83,6,Clear,Medium,Delivered,43.0
ORD_03882,CUST_0334,REST_059,2026-06-01 09:05:33,132.56,5,Clear,Medium,Delivered,35.0
ORD_03883,CUST_0715,REST_003,2026-04-08 08:35:27,100.0,1,Rain,Low,Delivered,15.0
ORD_03884,CUST_0967,REST_017,2026-01-09 02:51:17,100.0,3,Cloudy,Medium,Delivered,15.0
ORD_03885,CUST_0029,REST_078,2026-06-10 10:31:17,100.0,2,Cloudy,Medium,Delivered,36.0
ORD_03886,CUST_0714,REST_078,2026-01-17 21:01:11,284.05,1,Clear,Low,Delivered,34.0
ORD_03887,CUST_0093,REST_046,2026-03-12 13:55:47,127.85,6,Rain,High,Delivered,15.0
ORD_03888,CUST_0841,REST_038,2026-01-03 16:08:02,233.58,1,Clear,High,Delivered,32.0
ORD_03889,CUST_0868,REST_035,2026-03-29 22:19:49,448.3,5,Clear,Low,Cancelled,25.0
ORD_03890,CUST_0688,REST_001,2026-03-13 08:33:07,100.0,3,Clear,Medium,Delivered,10.0
ORD_03891,CUST_0330,REST_029,2026-04-13 14:25:21,235.85,6,Clear,Medium,Delivered,33.0
ORD_03892,CUST_0723,REST_004,2026-04-26 23:57:57,243.82,5,Heavy Rain,Low,Delivered,15.0
ORD_03893,CUST_0184,REST_061,2026-04-20 10:29:45,112.91,1,Cloudy,Medium,Delivered,33.0
ORD_03894,CUST_0095,REST_097,2026-03-29 22:27:48,381.77,2,Cloudy,High,Delivered,16.0
ORD_03895,CUST_0785,REST_017,2026-01-25 14:29:46,154.74,4,Heavy Rain,Medium,Delivered,18.0
ORD_03896,CUST_0649,REST_028,2026-05-01 00:24:08,146.78,5,Clear,High,Delivered,19.0
ORD_03897,CUST_0749,REST_050,2026-06-24 14:01:46,579.05,6,Clear,Medium,Delivered,20.0
ORD_03898,CUST_0353,REST_090,2026-03-06 17:17:25,241.66,1,Cloudy,Low,Delivered,38.0
ORD_03899,CUST_0930,REST_008,2026-06-25 18:10:05,301.54,4,Cloudy,Low,Delivered,32.0
ORD_03900,CUST_0941,REST_034,2026-01-28 20:04:31,381.91,4,Clear,Medium,Delivered,18.0
ORD_03901,CUST_0984,REST_059,2026-03-16 03:19:06,126.75,1,Clear,Medium,Delivered,32.0
ORD_03902,CUST_0265,REST_018,2026-01-13 05:09:34,360.47,3,Clear,Low,Delivered,34.0
ORD_03903,CUST_0647,REST_095,2026-01-06 21:12:57,137.55,1,Clear,Medium,Delivered,29.0
ORD_03904,CUST_0656,REST_059,2026-01-30 14:07:51,134.35,6,Clear,High,Delivered,38.0
ORD_03905,CUST_0019,REST_027,2026-01-20 02:20:24,156.08,2,Clear,High,Delivered,31.0
ORD_03906,CUST_0743,REST_016,2026-02-07 07:24:39,128.75,6,Clear,Low,Delivered,30.0
ORD_03907,CUST_0646,REST_010,2026-05-13 19:59:26,284.91,4,Clear,Low,Delivered,24.0
ORD_03908,CUST_0626,REST_076,2026-04-10 04:51:30,209.97,2,Clear,High,Delivered,17.0
ORD_03909,CUST_0499,REST_022,2026-03-30 11:04:24,138.36,5,Heavy Rain,High,Delivered,22.0
ORD_03910,CUST_0139,REST_016,2026-03-14 19:23:30,262.69,4,Rain,Medium,Delivered,27.0
ORD_03911,CUST_0637,REST_012,2026-06-11 08:57:59,155.81,3,Cloudy,High,Delivered,21.0
ORD_03912,CUST_0716,REST_075,2026-05-01 22:46:17,151.34,1,Heavy Rain,Low,Delivered,7.0
ORD_03913,CUST_0573,REST_084,2026-03-19 02:54:00,186.19,5,Heavy Rain,Low,Delivered,17.0
ORD_03914,CUST_0762,REST_051,2026-01-05 05:19:18,233.9,6,Clear,Low,Delivered,14.0
ORD_03915,CUST_0810,REST_001,2026-05-15 00:44:51,224.62,2,Clear,Low,Delivered,16.0
ORD_03916,CUST_0525,REST_027,2026-01-23 18:41:02,148.44,5,Heavy Rain,High,Delivered,30.0
ORD_03917,CUST_0908,REST_067,2026-02-02 05:59:36,288.85,3,Cloudy,Medium,Delivered,14.0
ORD_03918,CUST_0255,REST_012,2026-03-25 07:46:26,160.4,1,Clear,Low,Delivered,12.0
ORD_03919,CUST_0085,REST_030,2026-01-18 14:28:30,126.44,5,Cloudy,High,Delivered,19.0
ORD_03920,CUST_0458,REST_009,2026-03-09 17:44:18,100.0,6,Clear,High,Cancelled,17.0
ORD_03921,CUST_0532,REST_053,2026-03-09 06:51:21,311.3,2,Clear,Low,Delivered,21.0
ORD_03922,CUST_0562,REST_061,2026-03-27 11:13:02,182.51,5,Clear,Medium,Delivered,38.0
ORD_03923,CUST_0676,REST_054,2026-02-16 18:35:28,203.56,1,Clear,Medium,Delivered,22.0
ORD_03924,CUST_0092,REST_037,2026-03-29 20:10:38,322.21,6,Clear,Medium,Delivered,15.0
ORD_03925,CUST_0600,REST_065,2026-04-04 21:28:19,139.41,5,Rain,Medium,Delivered,18.0
ORD_03926,CUST_0069,REST_042,2026-05-16 19:47:03,100.0,2,Clear,Low,Delivered,36.0
ORD_03927,CUST_0037,REST_049,2026-01-10 10:12:36,188.36,1,Clear,Medium,Delivered,26.0
ORD_03928,CUST_0765,REST_004,2026-03-24 21:01:21,214.73,3,Clear,High,Delivered,13.0
ORD_03929,CUST_0764,REST_064,2026-06-06 02:20:34,156.87,3,Cloudy,High,Delivered,8.0
ORD_03930,CUST_0140,REST_079,2026-06-07 20:33:20,407.71,4,Heavy Rain,Low,Delivered,32.0
ORD_03931,CUST_0867,REST_051,2026-05-23 22:52:01,100.0,5,Clear,Low,Delivered,17.0
ORD_03932,CUST_0893,REST_091,2026-01-14 10:52:00,335.64,2,Clear,High,Delivered,18.0
ORD_03933,CUST_0680,REST_072,2026-01-27 22:54:57,280.1,5,Clear,Medium,Delivered,20.0
ORD_03934,CUST_0566,REST_060,2026-01-03 12:25:22,233.04,1,Cloudy,Medium,Delivered,23.0
ORD_03935,CUST_0898,REST_087,2026-06-23 03:06:40,100.0,4,Clear,Medium,Delivered,11.0
ORD_03936,CUST_0178,REST_079,2026-04-15 21:03:38,367.29,2,Clear,Medium,Delivered,28.0
ORD_03937,CUST_0809,REST_091,2026-04-03 14:27:04,103.08,5,Clear,Medium,Delivered,16.0
ORD_03938,CUST_0813,REST_031,2026-06-09 22:49:45,137.11,2,Clear,Medium,Delivered,31.0
ORD_03939,CUST_0871,REST_072,2026-03-12 21:37:40,165.04,1,Rain,Low,Delivered,22.0
ORD_03940,CUST_0618,REST_094,2026-05-03 12:12:31,226.8,4,Clear,High,Delivered,17.0
ORD_03941,CUST_0137,REST_058,2026-06-08 16:23:19,257.67,2,Clear,High,Delivered,22.0
ORD_03942,CUST_0190,REST_082,2026-02-14 18:04:52,296.21,1,Rain,High,Delivered,38.0
ORD_03943,CUST_0640,REST_004,2026-03-22 12:31:51,283.93,3,Rain,High,Delivered,18.0
ORD_03944,CUST_0342,REST_022,2026-02-06 11:41:42,208.33,2,Clear,Medium,Delivered,27.0
ORD_03945,CUST_0559,REST_003,2026-05-26 15:01:31,227.87,4,Heavy Rain,Low,Delivered,10.0
ORD_03946,CUST_0005,REST_079,2026-06-03 00:51:47,100.0,6,Cloudy,Low,Delivered,32.0
ORD_03947,CUST_0972,REST_099,2026-01-20 20:42:06,119.93,6,Clear,Low,Delivered,25.0
ORD_03948,CUST_0257,REST_047,2026-02-23 11:00:06,296.64,2,Clear,Medium,Delivered,28.0
ORD_03949,CUST_0812,REST_038,2026-01-21 14:31:01,287.28,2,Clear,Medium,Delivered,33.0
ORD_03950,CUST_0662,REST_033,2026-01-03 15:29:12,269.91,1,Clear,High,Delivered,27.0
ORD_03951,CUST_0806,REST_078,2026-05-09 06:27:55,136.6,5,Clear,Medium,Delivered,36.0
ORD_03952,CUST_0243,REST_048,2026-03-15 19:56:09,299.1,6,Cloudy,Medium,Cancelled,28.0
ORD_03953,CUST_0787,REST_065,2026-03-06 10:57:18,100.0,5,Rain,Medium,Delivered,22.0
ORD_03954,CUST_0720,REST_026,2026-01-09 16:40:47,327.85,6,Clear,Low,Delivered,42.0
ORD_03955,CUST_0415,REST_008,2026-05-29 00:43:56,157.04,2,Clear,High,Delivered,26.0
ORD_03956,CUST_0627,REST_050,2026-02-28 06:53:12,457.74,4,Clear,Medium,Delivered,26.0
ORD_03957,CUST_0707,REST_080,2026-01-22 05:00:13,100.0,4,Cloudy,Low,Delivered,32.0
ORD_03958,CUST_0343,REST_038,2026-02-15 08:47:48,478.13,6,Rain,High,Delivered,38.0
ORD_03959,CUST_0682,REST_010,2026-06-02 20:19:03,148.59,6,Clear,Medium,Cancelled,34.0
ORD_03960,CUST_0379,REST_042,2026-02-08 14:30:30,147.13,1,Cloudy,Medium,Cancelled,37.0
ORD_03961,CUST_0594,REST_037,2026-01-03 20:36:08,201.78,2,Clear,Medium,Delivered,20.0
ORD_03962,CUST_0666,REST_026,2026-06-17 22:18:30,123.55,2,Cloudy,Medium,Delivered,39.0
ORD_03963,CUST_0653,REST_092,2026-01-24 11:34:11,174.2,5,Clear,Low,Delivered,21.0
ORD_03964,CUST_0826,REST_012,2026-02-03 23:21:39,120.82,1,Clear,High,Delivered,20.0
ORD_03965,CUST_0146,REST_084,2026-05-14 14:03:22,123.27,3,Clear,High,Delivered,18.0
ORD_03966,CUST_0323,REST_049,2026-04-29 06:37:27,236.94,4,Rain,Medium,Delivered,32.0
ORD_03967,CUST_0122,REST_014,2026-01-10 07:21:09,110.4,4,Cloudy,Medium,Delivered,30.0
ORD_03968,CUST_0252,REST_046,2026-03-31 11:56:40,118.81,2,Heavy Rain,High,Delivered,16.0
ORD_03969,CUST_0855,REST_035,2026-06-19 20:27:09,100.0,1,Clear,Medium,Delivered,27.0
ORD_03970,CUST_0899,REST_029,2026-02-19 08:10:49,137.39,3,Clear,High,Delivered,34.0
ORD_03971,CUST_0311,REST_012,2026-06-14 06:14:53,372.93,4,Clear,Medium,Delivered,13.0
ORD_03972,CUST_0601,REST_082,2026-04-28 09:18:30,113.83,1,Cloudy,Medium,Delivered,30.0
ORD_03973,CUST_0475,REST_044,2026-06-30 20:14:27,121.22,3,Rain,Medium,Delivered,27.0
ORD_03974,CUST_0570,REST_066,2026-04-04 17:13:06,201.67,6,Rain,Medium,Delivered,26.0
ORD_03975,CUST_0492,REST_002,2026-05-08 11:19:51,147.83,2,Cloudy,Low,Delivered,33.0
ORD_03976,CUST_0575,REST_059,2026-02-10 20:44:22,617.38,5,Cloudy,High,Delivered,32.0
ORD_03977,CUST_0347,REST_017,2026-01-06 15:30:43,165.77,4,Rain,Medium,Delivered,20.0
ORD_03978,CUST_0820,REST_010,2026-06-08 08:42:20,217.97,4,Clear,High,Cancelled,25.0
ORD_03979,CUST_0487,REST_018,2026-01-12 17:06:27,304.62,3,Rain,Low,Delivered,41.0
ORD_03980,CUST_0473,REST_022,2026-04-26 13:12:16,301.42,5,Rain,Medium,Delivered,22.0
ORD_03981,CUST_0382,REST_083,2026-05-09 06:25:35,206.09,6,Clear,High,Delivered,13.0
ORD_03982,CUST_0280,REST_058,2026-04-15 02:08:58,165.9,1,Cloudy,High,Delivered,16.0
ORD_03983,CUST_0072,REST_053,2026-06-27 08:55:02,551.82,2,Clear,High,Delivered,24.0
ORD_03984,CUST_0521,REST_001,2026-05-07 21:10:08,171.59,1,Clear,High,Delivered,14.0
ORD_03985,CUST_0366,REST_088,2026-01-01 04:00:25,142.18,3,Cloudy,Low,Delivered,33.0
ORD_03986,CUST_0933,REST_061,2026-02-22 04:12:09,127.08,4,Clear,High,Delivered,39.0
ORD_03987,CUST_0094,REST_100,2026-01-01 21:29:07,100.0,6,Clear,Low,Delivered,32.0
ORD_03988,CUST_0373,REST_089,2026-02-11 22:07:38,284.83,4,Rain,Low,Delivered,20.0
ORD_03989,CUST_0339,REST_100,2026-03-09 14:04:45,100.0,1,Clear,Low,Delivered,38.0
ORD_03990,CUST_0437,REST_031,2026-02-24 12:26:10,180.7,6,Clear,High,Delivered,36.0
ORD_03991,CUST_0336,REST_031,2026-06-08 08:33:38,161.96,2,Cloudy,Low,Delivered,29.0
ORD_03992,CUST_0664,REST_066,2026-01-17 02:36:59,621.4,3,Clear,Low,Delivered,25.0
ORD_03993,CUST_0492,REST_019,2026-03-06 00:21:52,100.0,2,Clear,Low,Delivered,26.0
ORD_03994,CUST_0917,REST_053,2026-06-03 12:56:03,110.43,3,Clear,Medium,Delivered,24.0
ORD_03995,CUST_0868,REST_076,2026-05-14 06:59:25,168.2,2,Clear,High,Delivered,15.0
ORD_03996,CUST_0040,REST_074,2026-06-06 15:06:08,162.61,1,Clear,Medium,Cancelled,11.0
ORD_03997,CUST_0359,REST_095,2026-03-08 13:38:53,133.99,5,Rain,Medium,Delivered,27.0
ORD_03998,CUST_0574,REST_022,2026-06-15 14:35:24,173.37,6,Clear,Low,Delivered,23.0
ORD_03999,CUST_0254,REST_023,2026-05-06 03:49:00,100.0,3,Clear,Low,Delivered,39.0
ORD_04000,CUST_0966,REST_087,2026-06-21 20:36:39,220.62,1,Heavy Rain,Low,Delivered,15.0
ORD_04001,CUST_0581,REST_015,2026-06-18 03:39:58,100.0,4,Rain,Medium,Cancelled,35.0
ORD_04002,CUST_0398,REST_026,2026-04-29 21:30:06,178.72,4,Clear,Medium,Delivered,37.0
ORD_04003,CUST_0757,REST_003,2026-03-21 21:18:08,130.3,2,Cloudy,Low,Delivered,11.0
ORD_04004,CUST_0877,REST_087,2026-05-21 07:17:31,317.02,4,Cloudy,High,Delivered,18.0
ORD_04005,CUST_0170,REST_020,2026-02-23 07:55:41,476.0,5,Cloudy,High,Delivered,16.0
ORD_04006,CUST_0690,REST_040,2026-02-15 07:47:33,151.1,3,Rain,Low,Delivered,30.0
ORD_04007,CUST_0701,REST_039,2026-06-16 10:55:18,389.51,2,Clear,Low,Delivered,24.0
ORD_04008,CUST_0511,REST_072,2026-05-08 04:13:50,152.34,3,Clear,High,Delivered,21.0
ORD_04009,CUST_0260,REST_018,2026-02-07 21:27:53,106.55,3,Clear,Low,Delivered,36.0
ORD_04010,CUST_0584,REST_041,2026-04-15 00:02:19,473.55,1,Cloudy,Medium,Delivered,37.0
ORD_04011,CUST_0984,REST_070,2026-05-13 13:49:37,241.39,4,Cloudy,Medium,Delivered,10.0
ORD_04012,CUST_0459,REST_027,2026-02-18 21:12:35,181.72,6,Clear,High,Delivered,32.0
ORD_04013,CUST_0529,REST_100,2026-02-11 11:58:50,264.53,3,Clear,Medium,Delivered,36.0
ORD_04014,CUST_0882,REST_015,2026-03-11 10:05:33,210.78,5,Heavy Rain,Low,Delivered,28.0
ORD_04015,CUST_0341,REST_037,2026-04-02 21:12:18,174.5,5,Clear,Low,Delivered,18.0
ORD_04016,CUST_0057,REST_058,2026-01-12 05:49:48,100.0,6,Clear,Low,Delivered,21.0
ORD_04017,CUST_0218,REST_005,2026-05-12 01:46:52,156.21,4,Rain,Medium,Delivered,38.0
ORD_04018,CUST_0619,REST_073,2026-01-19 07:41:44,255.39,4,Clear,Medium,Cancelled,38.0
ORD_04019,CUST_0816,REST_007,2026-02-08 10:57:58,169.44,2,Clear,High,Delivered,18.0
ORD_04020,CUST_0940,REST_041,2026-01-05 14:53:05,297.76,2,Clear,Medium,Delivered,36.0
ORD_04021,CUST_0685,REST_084,2026-03-27 02:33:14,223.86,2,Cloudy,Medium,Delivered,15.0
ORD_04022,CUST_0731,REST_010,2026-06-14 14:20:11,111.84,4,Clear,Medium,Cancelled,28.0
ORD_04023,CUST_0464,REST_062,2026-04-27 15:59:36,100.0,3,Rain,Low,Delivered,23.0
ORD_04024,CUST_0247,REST_026,2026-04-24 02:59:55,166.26,1,Clear,High,Delivered,33.0
ORD_04025,CUST_0730,REST_068,2026-04-14 05:12:13,135.87,6,Cloudy,Low,Delivered,20.0
ORD_04026,CUST_0373,REST_024,2026-02-22 06:42:54,218.11,6,Clear,Low,Delivered,37.0
ORD_04027,CUST_0417,REST_078,2026-04-06 01:46:18,122.12,6,Clear,Low,Delivered,33.0
ORD_04028,CUST_0031,REST_041,2026-01-14 19:45:41,129.22,2,Cloudy,Medium,Delivered,37.0
ORD_04029,CUST_0368,REST_065,2026-04-26 05:43:09,323.5,1,Clear,High,Delivered,20.0
ORD_04030,CUST_0559,REST_017,2026-05-12 12:45:54,196.67,5,Cloudy,Low,Delivered,16.0
ORD_04031,CUST_0646,REST_024,2026-01-13 19:41:06,123.16,4,Clear,Medium,Delivered,33.0
ORD_04032,CUST_0108,REST_027,2026-06-30 13:20:19,183.04,5,Clear,Low,Delivered,33.0
ORD_04033,CUST_0584,REST_007,2026-04-24 20:19:22,386.99,2,Cloudy,High,Delivered,22.0
ORD_04034,CUST_0839,REST_073,2026-01-12 18:52:44,213.06,3,Cloudy,Medium,Delivered,41.0
ORD_04035,CUST_0418,REST_099,2026-01-06 16:09:27,251.17,2,Clear,Medium,Delivered,35.0
ORD_04036,CUST_0620,REST_012,2026-04-24 07:08:00,119.85,1,Rain,Medium,Delivered,20.0
ORD_04037,CUST_0821,REST_085,2026-01-28 11:55:40,318.79,2,Clear,High,Cancelled,13.0
ORD_04038,CUST_0398,REST_003,2026-04-11 14:13:15,648.69,6,Clear,Medium,Delivered,17.0
ORD_04039,CUST_0272,REST_079,2026-04-28 00:04:10,117.3,3,Clear,Medium,Delivered,28.0
ORD_04040,CUST_0683,REST_085,2026-01-05 23:53:20,100.0,3,Clear,Medium,Cancelled,16.0
ORD_04041,CUST_0116,REST_010,2026-01-25 00:17:58,199.65,4,Clear,Medium,Delivered,32.0
ORD_04042,CUST_0841,REST_033,2026-05-08 06:07:30,293.4,4,Rain,Low,Delivered,26.0
ORD_04043,CUST_0586,REST_046,2026-01-29 10:22:05,172.39,6,Clear,Medium,Delivered,20.0
ORD_04044,CUST_0256,REST_059,2026-04-24 13:27:22,101.57,3,Clear,Low,Delivered,37.0
ORD_04045,CUST_0081,REST_052,2026-06-13 17:02:30,170.76,6,Heavy Rain,Medium,Delivered,32.0
ORD_04046,CUST_0780,REST_006,2026-01-19 11:38:32,251.88,3,Clear,Medium,Delivered,21.0
ORD_04047,CUST_0128,REST_002,2026-02-23 15:08:02,144.91,1,Clear,Low,Delivered,39.0
ORD_04048,CUST_0838,REST_029,2026-04-16 04:04:18,253.15,2,Clear,Medium,Delivered,29.0
ORD_04049,CUST_0915,REST_040,2026-04-24 17:40:49,343.98,4,Clear,High,Delivered,23.0
ORD_04050,CUST_0235,REST_097,2026-02-17 20:00:57,206.88,1,Clear,Medium,Delivered,12.0
ORD_04051,CUST_0553,REST_061,2026-02-03 03:54:24,178.51,2,Clear,Low,Delivered,41.0
ORD_04052,CUST_0181,REST_068,2026-03-27 17:47:20,286.04,4,Cloudy,High,Delivered,23.0
ORD_04053,CUST_0157,REST_068,2026-03-24 14:49:57,113.2,6,Cloudy,Medium,Delivered,26.0
ORD_04054,CUST_0454,REST_029,2026-01-01 12:00:37,107.22,1,Rain,Low,Delivered,28.0
ORD_04055,CUST_0571,REST_062,2026-02-04 20:15:51,156.55,5,Cloudy,Medium,Delivered,20.0
ORD_04056,CUST_0857,REST_060,2026-03-13 17:08:36,138.31,5,Clear,Medium,Delivered,23.0
ORD_04057,CUST_0761,REST_084,2026-03-30 01:58:00,116.53,4,Clear,Medium,Delivered,25.0
ORD_04058,CUST_0704,REST_041,2026-01-20 04:01:34,496.09,1,Cloudy,Medium,Delivered,34.0
ORD_04059,CUST_0024,REST_087,2026-03-31 00:47:22,598.6,2,Clear,Medium,Delivered,16.0
ORD_04060,CUST_0473,REST_082,2026-05-08 20:03:48,149.23,2,Clear,High,Delivered,37.0
ORD_04061,CUST_0400,REST_089,2026-01-10 02:09:05,190.65,1,Cloudy,Medium,Delivered,21.0
ORD_04062,CUST_0948,REST_065,2026-04-20 04:04:05,163.48,5,Clear,Medium,Delivered,17.0
ORD_04063,CUST_0592,REST_064,2026-05-21 10:26:54,333.33,1,Rain,High,Delivered,7.0
ORD_04064,CUST_0134,REST_079,2026-01-27 05:56:24,371.71,5,Clear,Medium,Delivered,26.0
ORD_04065,CUST_0421,REST_063,2026-06-10 21:59:46,100.0,5,Heavy Rain,High,Delivered,15.0
ORD_04066,CUST_0213,REST_098,2026-02-04 10:17:13,235.52,6,Rain,Low,Delivered,27.0
ORD_04067,CUST_0900,REST_048,2026-03-20 14:34:39,100.0,6,Clear,Low,Cancelled,35.0
ORD_04068,CUST_0482,REST_020,2026-02-08 10:59:47,476.78,2,Cloudy,High,Cancelled,22.0
ORD_04069,CUST_0348,REST_037,2026-04-28 04:05:29,230.94,4,Cloudy,Low,Delivered,18.0
ORD_04070,CUST_0166,REST_064,2026-03-26 11:34:18,115.26,3,Cloudy,Low,Delivered,6.0
ORD_04071,CUST_0937,REST_091,2026-04-08 15:32:55,158.74,1,Clear,Medium,Delivered,10.0
ORD_04072,CUST_0348,REST_086,2026-01-16 00:03:01,154.63,5,Clear,Medium,Delivered,39.0
ORD_04073,CUST_0849,REST_005,2026-06-27 23:04:12,241.97,1,Clear,Medium,Delivered,32.0
ORD_04074,CUST_0398,REST_034,2026-03-06 11:51:02,321.52,4,Clear,Low,Delivered,15.0
ORD_04075,CUST_0583,REST_039,2026-03-17 16:00:06,100.0,4,Rain,Low,Delivered,29.0
ORD_04076,CUST_0726,REST_067,2026-04-04 06:21:55,498.36,3,Clear,Medium,Delivered,14.0
ORD_04077,CUST_0435,REST_081,2026-03-27 03:37:50,438.4,3,Clear,Medium,Delivered,26.0
ORD_04078,CUST_0577,REST_062,2026-04-25 00:50:19,112.01,5,Clear,Medium,Delivered,24.0
ORD_04079,CUST_0221,REST_088,2026-06-30 13:50:39,188.68,6,Rain,Medium,Delivered,37.0
ORD_04080,CUST_0308,REST_024,2026-06-17 04:35:17,464.49,3,Cloudy,Medium,Delivered,29.0
ORD_04081,CUST_0991,REST_003,2026-04-20 01:50:00,357.13,6,Rain,Low,Delivered,15.0
ORD_04082,CUST_0798,REST_071,2026-02-12 19:40:18,150.62,6,Rain,High,Delivered,25.0
ORD_04083,CUST_0697,REST_089,2026-04-02 15:39:51,283.69,5,Rain,Low,Delivered,19.0
ORD_04084,CUST_0719,REST_067,2026-06-06 18:24:03,942.43,2,Cloudy,Low,Delivered,19.0
ORD_04085,CUST_0466,REST_079,2026-02-28 18:30:17,192.07,6,Clear,Medium,Delivered,28.0
ORD_04086,CUST_0099,REST_093,2026-01-31 14:35:56,128.0,5,Clear,Low,Delivered,24.0
ORD_04087,CUST_0242,REST_050,2026-06-10 21:11:46,199.3,3,Cloudy,Medium,Delivered,27.0
ORD_04088,CUST_0158,REST_029,2026-06-24 15:52:29,207.6,1,Clear,Medium,Delivered,34.0
ORD_04089,CUST_0610,REST_074,2026-06-23 00:07:34,135.84,3,Cloudy,Medium,Delivered,9.0
ORD_04090,CUST_0554,REST_032,2026-03-16 06:17:45,231.11,4,Clear,Medium,Delivered,25.0
ORD_04091,CUST_0651,REST_087,2026-06-17 02:44:40,100.0,3,Cloudy,High,Delivered,17.0
ORD_04092,CUST_0795,REST_039,2026-06-25 23:58:35,125.71,2,Clear,Medium,Delivered,24.0
ORD_04093,CUST_0920,REST_009,2026-06-24 04:41:29,275.07,5,Clear,Medium,Delivered,17.0
ORD_04094,CUST_0227,REST_014,2026-01-08 21:37:02,100.0,6,Cloudy,High,Delivered,31.0
ORD_04095,CUST_0423,REST_068,2026-06-20 00:53:44,297.9,4,Clear,Medium,Cancelled,20.0
ORD_04096,CUST_0072,REST_064,2026-05-06 14:06:20,100.0,5,Cloudy,Medium,Delivered,6.0
ORD_04097,CUST_0243,REST_020,2026-05-26 17:20:55,100.0,5,Cloudy,Medium,Delivered,19.0
ORD_04098,CUST_0530,REST_028,2026-04-18 10:24:11,137.77,6,Heavy Rain,Medium,Delivered,28.0
ORD_04099,CUST_0589,REST_014,2026-02-05 20:13:38,212.25,3,Rain,High,Delivered,25.0
ORD_04100,CUST_0045,REST_044,2026-05-21 00:31:42,375.74,1,Clear,Low,Delivered,22.0
ORD_04101,CUST_0472,REST_098,2026-04-06 21:59:03,187.11,4,Cloudy,High,Delivered,24.0
ORD_04102,CUST_0371,REST_077,2026-02-18 11:13:55,158.28,6,Clear,Medium,Delivered,22.0
ORD_04103,CUST_0855,REST_095,2026-05-16 05:10:29,249.33,2,Clear,High,Delivered,26.0
ORD_04104,CUST_0652,REST_097,2026-01-29 20:41:31,112.28,2,Cloudy,Low,Delivered,12.0
ORD_04105,CUST_0689,REST_039,2026-01-10 16:55:37,195.72,1,Cloudy,High,Delivered,21.0
ORD_04106,CUST_0734,REST_028,2026-06-10 12:53:21,100.0,1,Clear,Low,Delivered,20.0
ORD_04107,CUST_0927,REST_064,2026-03-30 18:19:04,189.7,3,Clear,Medium,Delivered,12.0
ORD_04108,CUST_0092,REST_089,2026-04-06 20:12:54,168.78,2,Rain,Medium,Delivered,26.0
ORD_04109,CUST_0022,REST_032,2026-04-04 18:22:31,116.47,4,Clear,Medium,Delivered,19.0
ORD_04110,CUST_0172,REST_009,2026-01-10 20:11:02,198.5,6,Rain,Medium,Delivered,21.0
ORD_04111,CUST_0604,REST_028,2026-05-24 10:58:55,197.79,1,Cloudy,Low,Delivered,20.0
ORD_04112,CUST_0192,REST_095,2026-02-08 00:32:10,346.02,1,Clear,Medium,Delivered,29.0
ORD_04113,CUST_0077,REST_017,2026-03-28 23:34:17,100.0,1,Clear,Low,Delivered,11.0
ORD_04114,CUST_0281,REST_087,2026-02-27 17:55:47,173.85,6,Clear,Medium,Delivered,12.0
ORD_04115,CUST_0364,REST_077,2026-01-04 04:40:16,119.33,4,Rain,Medium,Delivered,16.0
ORD_04116,CUST_0179,REST_055,2026-06-05 07:26:39,292.47,2,Rain,Low,Delivered,37.0
ORD_04117,CUST_0238,REST_010,2026-05-11 20:52:02,274.42,4,Cloudy,Medium,Delivered,25.0
ORD_04118,CUST_0135,REST_080,2026-04-30 03:53:58,239.69,6,Clear,Medium,Cancelled,28.0
ORD_04119,CUST_0877,REST_006,2026-04-20 22:51:38,123.09,4,Cloudy,Low,Delivered,26.0
ORD_04120,CUST_0902,REST_048,2026-06-27 10:07:38,295.01,3,Clear,High,Delivered,32.0
ORD_04121,CUST_0280,REST_075,2026-05-26 07:17:26,100.0,6,Cloudy,Medium,Delivered,12.0
ORD_04122,CUST_0019,REST_067,2026-04-19 17:41:46,100.0,1,Clear,Low,Delivered,13.0
ORD_04123,CUST_0595,REST_092,2026-06-06 19:38:52,100.0,2,Rain,Low,Delivered,24.0
ORD_04124,CUST_0740,REST_041,2026-04-05 19:52:48,177.97,3,Cloudy,Medium,Delivered,31.0
ORD_04125,CUST_0371,REST_079,2026-02-01 05:24:41,262.79,3,Clear,Medium,Delivered,29.0
ORD_04126,CUST_0777,REST_060,2026-01-08 08:40:24,100.0,6,Rain,Low,Delivered,22.0
ORD_04127,CUST_0112,REST_077,2026-06-02 12:32:59,375.22,5,Clear,Low,Delivered,21.0
ORD_04128,CUST_0763,REST_042,2026-01-24 16:55:49,194.83,1,Clear,Medium,Delivered,31.0
ORD_04129,CUST_0676,REST_081,2026-02-15 01:34:04,100.0,2,Clear,Medium,Delivered,22.0
ORD_04130,CUST_0870,REST_071,2026-02-17 20:31:07,191.62,2,Cloudy,Low,Delivered,29.0
ORD_04131,CUST_0680,REST_028,2026-05-14 03:06:46,330.59,2,Rain,Medium,Cancelled,24.0
ORD_04132,CUST_0221,REST_013,2026-06-21 02:48:32,252.07,6,Rain,High,Delivered,11.0
ORD_04133,CUST_0920,REST_081,2026-03-17 23:11:28,331.79,1,Cloudy,High,Delivered,19.0
ORD_04134,CUST_0304,REST_015,2026-02-08 10:48:19,100.0,6,Clear,High,Delivered,34.0
ORD_04135,CUST_0703,REST_036,2026-02-07 20:28:38,144.36,2,Clear,High,Delivered,21.0
ORD_04136,CUST_0325,REST_092,2026-04-26 23:23:57,109.01,4,Clear,Low,Cancelled,20.0
ORD_04137,CUST_0437,REST_015,2026-06-22 03:37:30,466.23,4,Rain,Low,Delivered,31.0
ORD_04138,CUST_0438,REST_075,2026-06-07 17:37:50,257.66,1,Heavy Rain,Medium,Delivered,7.0
ORD_04139,CUST_0170,REST_056,2026-02-06 14:14:23,867.71,2,Clear,Medium,Delivered,32.0
ORD_04140,CUST_0375,REST_095,2026-01-23 02:00:10,140.16,6,Rain,High,Delivered,25.0
ORD_04141,CUST_0557,REST_004,2026-02-22 12:17:59,121.68,5,Cloudy,Low,Delivered,11.0
ORD_04142,CUST_0381,REST_099,2026-03-02 01:15:37,167.58,5,Clear,Medium,Delivered,35.0
ORD_04143,CUST_0986,REST_098,2026-05-08 10:42:48,386.87,5,Cloudy,Medium,Delivered,24.0
ORD_04144,CUST_0014,REST_052,2026-02-22 02:41:20,148.21,4,Rain,Medium,Delivered,33.0
ORD_04145,CUST_0743,REST_091,2026-05-09 07:56:51,194.11,6,Clear,Medium,Delivered,18.0
ORD_04146,CUST_0669,REST_010,2026-02-05 02:22:43,191.17,5,Rain,Low,Delivered,29.0
ORD_04147,CUST_0500,REST_094,2026-01-18 04:57:10,185.25,2,Clear,High,Delivered,15.0
ORD_04148,CUST_0646,REST_045,2026-04-02 11:20:32,126.62,2,Clear,Medium,Delivered,40.0
ORD_04149,CUST_0391,REST_084,2026-05-17 12:57:12,168.09,5,Clear,Medium,Delivered,19.0
ORD_04150,CUST_0549,REST_029,2026-06-26 05:01:32,164.18,3,Rain,Low,Delivered,26.0
ORD_04151,CUST_0565,REST_053,2026-01-01 23:46:31,180.52,5,Clear,Medium,Delivered,18.0
ORD_04152,CUST_0530,REST_029,2026-01-12 22:51:13,304.58,3,Rain,Low,Delivered,35.0
ORD_04153,CUST_0983,REST_023,2026-06-21 23:44:33,477.4,1,Cloudy,Low,Delivered,36.0
ORD_04154,CUST_0492,REST_057,2026-04-02 09:48:07,114.18,1,Clear,Low,Delivered,19.0
ORD_04155,CUST_0550,REST_050,2026-05-16 22:47:22,146.12,2,Rain,Low,Delivered,22.0
ORD_04156,CUST_0699,REST_021,2026-06-14 02:50:37,115.15,6,Clear,Medium,Delivered,24.0
ORD_04157,CUST_0385,REST_043,2026-06-24 01:26:38,200.92,4,Rain,Medium,Delivered,20.0
ORD_04158,CUST_0196,REST_010,2026-01-24 16:26:56,134.82,6,Clear,High,Delivered,25.0
ORD_04159,CUST_0755,REST_076,2026-03-12 06:30:36,206.83,2,Cloudy,Low,Delivered,13.0
ORD_04160,CUST_0300,REST_030,2026-01-24 06:48:38,332.62,2,Cloudy,Low,Delivered,17.0
ORD_04161,CUST_0815,REST_051,2026-02-06 04:09:44,100.0,6,Rain,High,Delivered,17.0
ORD_04162,CUST_0547,REST_033,2026-06-01 05:47:23,237.57,4,Clear,Low,Delivered,28.0
ORD_04163,CUST_0727,REST_018,2026-06-12 08:18:06,140.74,2,Cloudy,Low,Delivered,36.0
ORD_04164,CUST_0731,REST_078,2026-04-30 16:12:18,233.51,4,Clear,Low,Cancelled,35.0
ORD_04165,CUST_0828,REST_022,2026-02-28 21:01:10,110.71,2,Clear,High,Delivered,19.0
ORD_04166,CUST_0602,REST_064,2026-02-15 22:12:05,350.0,1,Clear,High,Delivered,13.0
ORD_04167,CUST_0308,REST_021,2026-03-18 19:23:26,299.56,3,Clear,Medium,Delivered,19.0
ORD_04168,CUST_0252,REST_001,2026-04-30 10:40:38,247.79,2,Rain,Medium,Delivered,11.0
ORD_04169,CUST_0008,REST_015,2026-06-02 23:25:10,280.42,3,Cloudy,Medium,Delivered,33.0
ORD_04170,CUST_0768,REST_036,2026-05-12 02:21:13,120.29,5,Clear,High,Delivered,14.0
ORD_04171,CUST_0875,REST_047,2026-05-25 20:24:32,128.92,2,Rain,Low,Delivered,28.0
ORD_04172,CUST_0208,REST_054,2026-05-24 07:45:17,274.2,1,Clear,High,Delivered,29.0
ORD_04173,CUST_0937,REST_086,2026-05-09 14:08:31,118.84,4,Cloudy,Low,Delivered,38.0
ORD_04174,CUST_0131,REST_032,2026-04-08 19:48:02,401.46,1,Rain,Medium,Delivered,15.0
ORD_04175,CUST_0736,REST_058,2026-05-02 01:33:35,151.72,3,Rain,Low,Delivered,16.0
ORD_04176,CUST_0709,REST_046,2026-02-26 11:19:37,238.9,4,Clear,Medium,Delivered,19.0
ORD_04177,CUST_0980,REST_054,2026-04-29 14:10:08,575.12,1,Cloudy,Medium,Delivered,27.0
ORD_04178,CUST_0654,REST_033,2026-01-29 14:31:32,122.93,1,Clear,Medium,Delivered,32.0
ORD_04179,CUST_0764,REST_039,2026-01-22 12:17:06,188.26,1,Rain,Medium,Delivered,23.0
ORD_04180,CUST_0608,REST_023,2026-03-03 06:41:52,323.69,6,Cloudy,Medium,Delivered,36.0
ORD_04181,CUST_0026,REST_043,2026-01-30 00:02:57,305.88,4,Rain,High,Delivered,18.0
ORD_04182,CUST_0623,REST_055,2026-03-27 01:32:41,151.37,1,Clear,Low,Delivered,45.0
ORD_04183,CUST_0454,REST_002,2026-06-01 23:35:54,136.43,1,Cloudy,Medium,Delivered,34.0
ORD_04184,CUST_0635,REST_066,2026-04-20 14:34:26,159.46,3,Cloudy,Low,Cancelled,32.0
ORD_04185,CUST_0186,REST_038,2026-03-09 06:28:05,401.95,1,Cloudy,Medium,Delivered,31.0
ORD_04186,CUST_0484,REST_029,2026-02-25 13:38:00,155.48,1,Cloudy,Medium,Cancelled,27.0
ORD_04187,CUST_0680,REST_067,2026-04-14 08:09:57,189.23,5,Rain,Medium,Delivered,11.0
ORD_04188,CUST_0051,REST_071,2026-03-17 04:56:49,143.35,4,Rain,Medium,Delivered,28.0
ORD_04189,CUST_0891,REST_036,2026-03-23 10:38:07,267.21,5,Clear,Medium,Delivered,12.0
ORD_04190,CUST_0005,REST_029,2026-01-19 23:51:29,197.46,6,Rain,Medium,Delivered,29.0
ORD_04191,CUST_0589,REST_037,2026-06-06 02:50:22,104.39,3,Clear,Medium,Delivered,14.0
ORD_04192,CUST_0160,REST_100,2026-04-16 06:47:40,106.39,5,Cloudy,High,Delivered,32.0
ORD_04193,CUST_0208,REST_087,2026-03-02 17:11:08,100.0,6,Rain,Medium,Delivered,10.0
ORD_04194,CUST_0257,REST_045,2026-04-20 15:25:03,114.75,2,Clear,Medium,Delivered,40.0
ORD_04195,CUST_0205,REST_016,2026-03-08 12:08:39,280.53,4,Rain,High,Delivered,23.0
ORD_04196,CUST_0767,REST_031,2026-01-21 06:46:02,375.43,1,Rain,High,Delivered,35.0
ORD_04197,CUST_0950,REST_034,2026-03-23 00:09:43,264.29,5,Cloudy,Medium,Delivered,12.0
ORD_04198,CUST_0011,REST_050,2026-01-01 02:30:13,245.93,5,Clear,Medium,Delivered,27.0
ORD_04199,CUST_0949,REST_065,2026-03-07 16:26:49,169.09,1,Clear,Medium,Delivered,17.0
ORD_04200,CUST_0008,REST_082,2026-05-09 23:44:54,277.61,1,Heavy Rain,Medium,Delivered,38.0
ORD_04201,CUST_0409,REST_062,2026-01-21 20:32:32,212.18,3,Clear,Medium,Delivered,21.0
ORD_04202,CUST_0936,REST_043,2026-05-14 14:09:34,489.04,5,Cloudy,High,Delivered,24.0
ORD_04203,CUST_0032,REST_056,2026-05-02 17:25:28,171.72,5,Clear,Low,Delivered,31.0
ORD_04204,CUST_0984,REST_015,2026-01-31 17:07:48,379.42,2,Clear,Medium,Delivered,27.0
ORD_04205,CUST_0540,REST_048,2026-03-05 13:04:08,293.17,6,Rain,High,Delivered,38.0
ORD_04206,CUST_0718,REST_049,2026-03-13 21:01:35,271.64,2,Clear,Low,Delivered,29.0
ORD_04207,CUST_0387,REST_081,2026-03-30 12:31:13,100.0,5,Heavy Rain,Medium,Delivered,25.0
ORD_04208,CUST_0228,REST_044,2026-01-27 10:26:37,302.19,2,Cloudy,High,Delivered,19.0
ORD_04209,CUST_0640,REST_010,2026-03-13 15:10:23,169.0,5,Cloudy,High,Delivered,29.0
ORD_04210,CUST_0767,REST_020,2026-05-07 02:03:19,142.0,4,Clear,Medium,Delivered,19.0
ORD_04211,CUST_0475,REST_070,2026-01-08 20:34:30,100.0,3,Heavy Rain,Low,Delivered,10.0
ORD_04212,CUST_0724,REST_008,2026-01-26 18:35:54,180.72,2,Clear,Low,Delivered,24.0
ORD_04213,CUST_0751,REST_045,2026-05-24 01:05:01,184.65,5,Cloudy,Medium,Cancelled,33.0
ORD_04214,CUST_0207,REST_034,2026-03-17 21:40:35,100.0,2,Clear,Low,Cancelled,18.0
ORD_04215,CUST_0318,REST_096,2026-02-15 22:56:18,100.0,6,Clear,Low,Delivered,27.0
ORD_04216,CUST_0795,REST_051,2026-04-08 18:16:03,236.9,3,Cloudy,High,Delivered,19.0
ORD_04217,CUST_0757,REST_004,2026-05-30 08:36:03,292.78,4,Cloudy,High,Delivered,11.0
ORD_04218,CUST_0557,REST_039,2026-05-27 05:25:45,201.27,1,Clear,High,Delivered,29.0
ORD_04219,CUST_0617,REST_084,2026-03-23 09:35:05,341.37,1,Clear,Low,Delivered,18.0
ORD_04220,CUST_0348,REST_024,2026-03-26 19:25:11,172.86,2,Rain,Low,Delivered,39.0
ORD_04221,CUST_0793,REST_088,2026-05-24 10:42:20,175.93,5,Clear,High,Delivered,36.0
ORD_04222,CUST_0234,REST_055,2026-02-19 02:12:03,109.47,6,Clear,Medium,Delivered,38.0
ORD_04223,CUST_0701,REST_026,2026-05-10 08:19:57,100.0,3,Clear,High,Delivered,38.0
ORD_04224,CUST_0044,REST_025,2026-03-20 09:47:32,502.74,4,Clear,High,Delivered,36.0
ORD_04225,CUST_0737,REST_036,2026-06-15 20:26:09,337.72,4,Clear,High,Delivered,16.0
ORD_04226,CUST_0942,REST_071,2026-05-28 22:20:12,100.0,4,Clear,Medium,Delivered,26.0
ORD_04227,CUST_0142,REST_074,2026-01-17 20:48:35,197.49,1,Cloudy,Medium,Delivered,12.0
ORD_04228,CUST_0648,REST_058,2026-03-09 02:58:14,171.57,3,Clear,Medium,Delivered,18.0
ORD_04229,CUST_0176,REST_012,2026-05-06 16:48:50,155.91,1,Cloudy,Medium,Delivered,16.0
ORD_04230,CUST_0654,REST_001,2026-01-27 06:40:29,144.75,2,Heavy Rain,Medium,Delivered,16.0
ORD_04231,CUST_0449,REST_050,2026-01-11 14:53:49,223.56,4,Heavy Rain,High,Delivered,21.0
ORD_04232,CUST_0592,REST_025,2026-04-19 23:56:00,284.29,3,Rain,Low,Delivered,34.0
ORD_04233,CUST_0082,REST_080,2026-02-04 03:31:59,226.18,4,Clear,High,Delivered,34.0
ORD_04234,CUST_0135,REST_005,2026-04-12 07:59:08,169.65,1,Clear,Low,Delivered,40.0
ORD_04235,CUST_0719,REST_083,2026-01-25 11:05:27,166.26,1,Rain,Medium,Delivered,20.0
ORD_04236,CUST_0856,REST_068,2026-01-02 13:09:43,303.46,1,Clear,High,Delivered,23.0
ORD_04237,CUST_0177,REST_006,2026-06-18 17:10:14,233.9,4,Clear,Low,Delivered,21.0
ORD_04238,CUST_0383,REST_026,2026-01-04 03:22:06,188.67,3,Cloudy,Medium,Delivered,41.0
ORD_04239,CUST_0243,REST_055,2026-03-09 20:23:54,177.73,3,Clear,Low,Delivered,41.0
ORD_04240,CUST_0567,REST_039,2026-05-25 00:59:29,219.18,2,Rain,High,Delivered,23.0
ORD_04241,CUST_0141,REST_009,2026-06-17 21:27:48,140.11,4,Rain,High,Delivered,23.0
ORD_04242,CUST_0457,REST_045,2026-04-19 12:54:03,284.82,2,Rain,High,Delivered,41.0
ORD_04243,CUST_0440,REST_014,2026-02-11 10:24:54,100.31,6,Rain,High,Delivered,23.0
ORD_04244,CUST_0056,REST_055,2026-06-18 01:48:46,144.56,2,Clear,Medium,Delivered,41.0
ORD_04245,CUST_0527,REST_009,2026-04-21 21:26:16,253.69,2,Cloudy,Low,Delivered,17.0
ORD_04246,CUST_0697,REST_015,2026-03-21 03:24:48,100.0,2,Clear,Medium,Delivered,36.0
ORD_04247,CUST_0826,REST_037,2026-04-09 11:34:38,100.0,1,Cloudy,Medium,Delivered,21.0
ORD_04248,CUST_0419,REST_050,2026-02-14 23:18:26,187.67,6,Clear,Medium,Delivered,29.0
ORD_04249,CUST_0088,REST_084,2026-02-01 21:17:57,100.0,2,Cloudy,High,Delivered,20.0
ORD_04250,CUST_0609,REST_072,2026-01-14 03:58:05,100.0,3,Heavy Rain,Low,Delivered,14.0
ORD_04251,CUST_0656,REST_096,2026-01-18 07:28:54,274.82,2,Clear,Low,Delivered,35.0
ORD_04252,CUST_0008,REST_021,2026-03-02 10:15:01,161.96,1,Clear,Medium,Delivered,17.0
ORD_04253,CUST_0477,REST_057,2026-06-10 02:32:00,367.61,5,Clear,Low,Delivered,21.0
ORD_04254,CUST_0215,REST_019,2026-05-01 03:09:39,100.0,6,Clear,Medium,Delivered,23.0
ORD_04255,CUST_0685,REST_093,2026-03-10 06:17:09,172.14,5,Clear,Medium,Delivered,20.0
ORD_04256,CUST_0735,REST_058,2026-01-04 10:12:23,225.83,5,Rain,Medium,Delivered,19.0
ORD_04257,CUST_0552,REST_095,2026-01-30 14:19:05,100.0,6,Clear,Low,Delivered,30.0
ORD_04258,CUST_0497,REST_006,2026-01-01 09:35:10,319.73,4,Clear,High,Delivered,17.0
ORD_04259,CUST_0694,REST_004,2026-01-18 21:23:25,240.06,3,Cloudy,Low,Delivered,12.0
ORD_04260,CUST_0503,REST_043,2026-05-27 15:40:31,100.0,1,Clear,Medium,Delivered,18.0
ORD_04261,CUST_0782,REST_093,2026-06-09 01:55:31,177.55,6,Clear,Medium,Delivered,26.0
ORD_04262,CUST_0699,REST_042,2026-04-16 13:42:14,224.14,5,Rain,Low,Delivered,34.0
ORD_04263,CUST_0245,REST_003,2026-05-07 05:59:11,131.04,1,Rain,Low,Delivered,12.0
ORD_04264,CUST_0478,REST_001,2026-05-30 06:51:38,100.0,1,Clear,Low,Delivered,16.0
ORD_04265,CUST_0309,REST_055,2026-05-20 02:47:19,211.27,4,Clear,Medium,Cancelled,43.0
ORD_04266,CUST_0231,REST_015,2026-05-02 01:52:32,611.66,5,Clear,High,Delivered,35.0
ORD_04267,CUST_0383,REST_047,2026-03-10 12:51:47,146.52,2,Clear,Medium,Delivered,32.0
ORD_04268,CUST_0155,REST_085,2026-04-07 11:24:07,429.7,1,Clear,Medium,Delivered,14.0
ORD_04269,CUST_0175,REST_046,2026-02-24 02:29:29,119.85,5,Cloudy,Medium,Delivered,22.0
ORD_04270,CUST_0848,REST_058,2026-04-05 20:46:43,204.09,1,Rain,Low,Delivered,21.0
ORD_04271,CUST_0115,REST_095,2026-04-06 11:02:09,277.09,4,Clear,Low,Delivered,25.0
ORD_04272,CUST_0390,REST_071,2026-03-23 23:26:25,180.44,4,Cloudy,High,Delivered,26.0
ORD_04273,CUST_0311,REST_081,2026-01-02 12:27:15,153.89,2,Clear,Low,Delivered,19.0
ORD_04274,CUST_0993,REST_083,2026-05-17 04:37:02,270.26,4,Cloudy,High,Delivered,15.0
ORD_04275,CUST_0300,REST_039,2026-03-18 11:02:20,513.01,5,Cloudy,Low,Delivered,25.0
ORD_04276,CUST_0018,REST_003,2026-01-30 18:48:03,213.86,6,Rain,Medium,Delivered,11.0
ORD_04277,CUST_0784,REST_030,2026-02-21 08:57:51,136.48,4,Clear,High,Delivered,23.0
ORD_04278,CUST_0012,REST_035,2026-01-10 10:47:42,163.31,6,Clear,Medium,Delivered,27.0
ORD_04279,CUST_0404,REST_057,2026-03-27 14:15:45,724.76,2,Cloudy,Medium,Delivered,22.0
ORD_04280,CUST_0813,REST_029,2026-06-18 08:33:10,195.23,3,Clear,Medium,Cancelled,28.0
ORD_04281,CUST_0704,REST_050,2026-06-20 06:05:34,130.72,1,Clear,Medium,Delivered,28.0
ORD_04282,CUST_0232,REST_062,2026-04-18 13:00:05,100.0,1,Clear,Low,Delivered,16.0
ORD_04283,CUST_0955,REST_052,2026-04-21 16:04:47,100.0,5,Cloudy,High,Delivered,23.0
ORD_04284,CUST_0605,REST_014,2026-01-18 00:41:14,221.4,2,Clear,Low,Cancelled,26.0
ORD_04285,CUST_0990,REST_035,2026-02-17 09:18:10,259.84,2,Heavy Rain,Low,Delivered,29.0
ORD_04286,CUST_0730,REST_028,2026-01-28 23:15:51,145.74,2,Clear,High,Delivered,28.0
ORD_04287,CUST_0278,REST_058,2026-01-11 04:07:19,179.79,1,Clear,Medium,Delivered,22.0
ORD_04288,CUST_0353,REST_030,2026-04-27 15:50:24,100.0,4,Cloudy,Medium,Delivered,20.0
ORD_04289,CUST_0999,REST_090,2026-03-20 02:53:22,195.02,1,Clear,High,Delivered,30.0
ORD_04290,CUST_0303,REST_007,2026-05-19 15:14:12,236.23,1,Clear,Medium,Delivered,24.0
ORD_04291,CUST_0541,REST_039,2026-02-05 04:43:55,135.05,1,Clear,Medium,Delivered,22.0
ORD_04292,CUST_0470,REST_095,2026-04-25 13:29:47,459.32,4,Clear,High,Delivered,28.0
ORD_04293,CUST_0813,REST_069,2026-03-13 01:11:48,114.39,3,Rain,Medium,Delivered,33.0
ORD_04294,CUST_0077,REST_035,2026-05-05 16:06:18,211.86,5,Clear,Low,Delivered,31.0
ORD_04295,CUST_0521,REST_052,2026-06-16 19:08:41,289.04,3,Rain,Medium,Delivered,33.0
ORD_04296,CUST_0024,REST_014,2026-03-02 14:01:54,173.73,3,Rain,Medium,Delivered,27.0
ORD_04297,CUST_0015,REST_063,2026-05-22 03:51:26,163.42,1,Clear,Low,Delivered,20.0
ORD_04298,CUST_0676,REST_036,2026-05-25 11:34:32,100.0,3,Clear,Medium,Delivered,18.0
ORD_04299,CUST_0525,REST_091,2026-02-22 01:07:54,382.43,1,Clear,Medium,Delivered,20.0
ORD_04300,CUST_0347,REST_024,2026-04-20 19:12:48,165.1,1,Clear,Low,Delivered,39.0
ORD_04301,CUST_0172,REST_040,2026-06-16 08:55:11,243.61,5,Cloudy,Medium,Delivered,32.0
ORD_04302,CUST_0869,REST_029,2026-01-21 03:52:31,262.43,2,Clear,Low,Delivered,33.0
ORD_04303,CUST_0327,REST_053,2026-02-25 11:04:03,128.31,1,Rain,Medium,Delivered,16.0
ORD_04304,CUST_0712,REST_022,2026-05-27 10:31:05,162.61,3,Clear,Medium,Delivered,27.0
ORD_04305,CUST_0485,REST_072,2026-03-12 21:12:21,377.65,5,Clear,Low,Delivered,21.0
ORD_04306,CUST_0489,REST_015,2026-03-03 15:24:30,100.0,6,Clear,Low,Delivered,27.0
ORD_04307,CUST_0462,REST_069,2026-04-05 02:37:44,584.27,6,Clear,Low,Delivered,24.0
ORD_04308,CUST_0378,REST_064,2026-01-08 20:54:10,120.34,6,Rain,Low,Delivered,9.0
ORD_04309,CUST_0588,REST_004,2026-02-18 11:12:31,100.0,3,Cloudy,Medium,Delivered,14.0
ORD_04310,CUST_0164,REST_075,2026-05-21 19:41:50,194.96,2,Clear,Medium,Delivered,14.0
ORD_04311,CUST_0372,REST_018,2026-01-04 10:11:46,610.69,4,Rain,Low,Delivered,31.0
ORD_04312,CUST_0573,REST_042,2026-03-31 08:46:22,100.0,2,Rain,Medium,Delivered,27.0
ORD_04313,CUST_1000,REST_030,2026-02-26 13:32:43,167.74,5,Rain,High,Delivered,26.0
ORD_04314,CUST_0977,REST_015,2026-05-07 22:22:44,235.56,2,Rain,Low,Delivered,27.0
ORD_04315,CUST_0424,REST_070,2026-04-24 20:47:50,184.66,6,Cloudy,Medium,Delivered,18.0
ORD_04316,CUST_0757,REST_055,2026-03-29 11:23:11,223.64,2,Cloudy,Medium,Delivered,38.0
ORD_04317,CUST_0477,REST_053,2026-02-07 12:14:28,122.13,5,Clear,Low,Delivered,22.0
ORD_04318,CUST_0382,REST_016,2026-06-19 05:53:35,130.34,5,Clear,High,Delivered,25.0
ORD_04319,CUST_0155,REST_073,2026-02-04 08:20:58,167.06,6,Cloudy,High,Delivered,42.0
ORD_04320,CUST_0257,REST_034,2026-05-14 16:42:31,100.0,3,Rain,Low,Cancelled,12.0
ORD_04321,CUST_0756,REST_027,2026-01-23 12:19:48,176.87,1,Cloudy,High,Delivered,24.0
ORD_04322,CUST_0674,REST_013,2026-04-28 10:49:01,146.38,4,Rain,Medium,Delivered,16.0
ORD_04323,CUST_0068,REST_100,2026-06-08 08:22:17,139.98,4,Clear,Low,Delivered,31.0
ORD_04324,CUST_0344,REST_027,2026-02-10 18:29:51,216.22,6,Cloudy,Medium,Delivered,34.0
ORD_04325,CUST_0277,REST_073,2026-03-27 03:18:04,100.0,4,Cloudy,Low,Delivered,34.0
ORD_04326,CUST_0673,REST_069,2026-01-07 17:00:49,159.81,2,Cloudy,Medium,Delivered,28.0
ORD_04327,CUST_0391,REST_086,2026-02-26 09:02:02,648.42,5,Cloudy,Low,Delivered,33.0
ORD_04328,CUST_0449,REST_031,2026-03-14 12:04:10,100.0,5,Clear,Medium,Delivered,28.0
ORD_04329,CUST_0259,REST_003,2026-01-12 02:23:32,367.61,6,Clear,Medium,Delivered,10.0
ORD_04330,CUST_0307,REST_030,2026-01-24 12:57:44,186.8,5,Heavy Rain,Medium,Delivered,22.0
ORD_04331,CUST_0847,REST_021,2026-05-18 23:27:33,130.11,1,Clear,Low,Delivered,25.0
ORD_04332,CUST_0095,REST_099,2026-04-13 11:19:12,100.0,5,Clear,Medium,Delivered,27.0
ORD_04333,CUST_0950,REST_006,2026-02-06 17:25:38,195.75,5,Clear,Low,Delivered,19.0
ORD_04334,CUST_0464,REST_092,2026-01-10 02:08:54,403.17,2,Clear,Medium,Delivered,22.0
ORD_04335,CUST_0970,REST_032,2026-01-23 20:52:55,146.34,3,Rain,Low,Delivered,22.0
ORD_04336,CUST_0246,REST_042,2026-03-05 00:44:54,173.38,4,Cloudy,Medium,Delivered,35.0
ORD_04337,CUST_0733,REST_062,2026-06-26 08:51:16,315.99,2,Rain,Low,Delivered,17.0
ORD_04338,CUST_0635,REST_089,2026-02-04 16:16:46,218.65,2,Clear,Medium,Delivered,18.0
ORD_04339,CUST_0187,REST_032,2026-01-25 05:54:49,100.0,2,Cloudy,Medium,Delivered,21.0
ORD_04340,CUST_0774,REST_099,2026-03-11 12:04:39,191.4,4,Rain,Medium,Delivered,33.0
ORD_04341,CUST_0925,REST_086,2026-06-05 13:22:55,416.43,6,Heavy Rain,Medium,Delivered,33.0
ORD_04342,CUST_0785,REST_088,2026-01-29 23:10:32,177.63,2,Heavy Rain,Medium,Delivered,29.0
ORD_04343,CUST_0373,REST_039,2026-05-29 23:51:34,100.0,3,Cloudy,High,Delivered,21.0
ORD_04344,CUST_0572,REST_064,2026-04-10 19:35:38,224.42,6,Clear,Medium,Delivered,11.0
ORD_04345,CUST_0406,REST_030,2026-04-30 16:22:32,162.53,5,Clear,Medium,Delivered,19.0
ORD_04346,CUST_0408,REST_063,2026-01-28 09:53:52,100.0,3,Rain,High,Delivered,17.0
ORD_04347,CUST_0125,REST_096,2026-05-17 16:28:13,100.0,6,Rain,High,Delivered,29.0
ORD_04348,CUST_0337,REST_031,2026-05-16 21:56:56,309.92,5,Cloudy,Medium,Delivered,28.0
ORD_04349,CUST_0341,REST_087,2026-03-03 22:30:26,121.17,5,Clear,Low,Delivered,15.0
ORD_04350,CUST_0563,REST_040,2026-06-13 11:58:13,110.04,2,Cloudy,Medium,Delivered,30.0
ORD_04351,CUST_0178,REST_033,2026-04-14 11:25:27,177.75,2,Clear,Medium,Delivered,24.0
ORD_04352,CUST_0651,REST_063,2026-02-06 21:33:38,127.19,4,Clear,Medium,Delivered,14.0
ORD_04353,CUST_0952,REST_025,2026-01-12 09:37:23,191.53,1,Clear,Medium,Delivered,28.0
ORD_04354,CUST_0839,REST_036,2026-03-20 08:36:47,162.15,3,Rain,Medium,Delivered,18.0
ORD_04355,CUST_0170,REST_024,2026-01-23 08:37:03,100.0,4,Clear,Medium,Delivered,30.0
ORD_04356,CUST_0039,REST_095,2026-03-16 07:50:30,136.84,4,Cloudy,Medium,Delivered,31.0
ORD_04357,CUST_0069,REST_058,2026-05-14 23:51:23,231.25,3,Clear,Low,Delivered,16.0
ORD_04358,CUST_0236,REST_039,2026-04-02 21:38:14,185.5,6,Cloudy,Low,Delivered,30.0
ORD_04359,CUST_0560,REST_046,2026-01-09 09:16:08,173.28,3,Cloudy,Medium,Delivered,14.0
ORD_04360,CUST_0381,REST_077,2026-02-26 02:35:24,526.14,5,Rain,Medium,Delivered,17.0
ORD_04361,CUST_0057,REST_010,2026-06-11 15:37:06,270.99,1,Clear,High,Delivered,26.0
ORD_04362,CUST_0277,REST_087,2026-06-28 11:11:39,289.7,6,Clear,Low,Delivered,10.0
ORD_04363,CUST_0850,REST_082,2026-02-16 07:26:15,165.46,2,Rain,Low,Delivered,37.0
ORD_04364,CUST_0099,REST_032,2026-01-08 18:10:47,204.6,1,Clear,Medium,Delivered,16.0
ORD_04365,CUST_0916,REST_097,2026-01-19 03:28:12,143.01,1,Clear,Medium,Delivered,13.0
ORD_04366,CUST_0527,REST_036,2026-06-01 16:54:11,278.01,2,Cloudy,Low,Delivered,22.0
ORD_04367,CUST_0325,REST_028,2026-01-18 11:55:18,170.59,1,Cloudy,Medium,Delivered,23.0
ORD_04368,CUST_0461,REST_016,2026-03-05 04:32:03,204.86,6,Clear,Low,Delivered,29.0
ORD_04369,CUST_0179,REST_016,2026-03-05 14:39:56,198.01,6,Clear,Low,Delivered,30.0
ORD_04370,CUST_0844,REST_018,2026-05-29 23:59:07,179.47,6,Rain,Low,Delivered,38.0
ORD_04371,CUST_0574,REST_008,2026-05-23 18:54:08,912.33,4,Cloudy,Medium,Delivered,26.0
ORD_04372,CUST_0119,REST_080,2026-01-07 11:19:28,125.63,4,Clear,High,Delivered,31.0
ORD_04373,CUST_0469,REST_075,2026-01-15 08:20:13,125.01,6,Clear,Low,Delivered,11.0
ORD_04374,CUST_0549,REST_070,2026-01-29 14:12:32,265.54,2,Cloudy,Low,Delivered,13.0
ORD_04375,CUST_0646,REST_001,2026-01-05 01:10:29,130.67,2,Clear,Medium,Delivered,16.0
ORD_04376,CUST_0455,REST_062,2026-01-23 04:11:23,154.43,3,Rain,High,Delivered,20.0
ORD_04377,CUST_0026,REST_076,2026-04-21 07:47:05,100.0,3,Cloudy,Low,Delivered,15.0
ORD_04378,CUST_0490,REST_038,2026-01-21 11:53:46,237.54,6,Clear,Medium,Delivered,37.0
ORD_04379,CUST_0008,REST_092,2026-03-26 06:15:16,239.21,1,Rain,Low,Delivered,26.0
ORD_04380,CUST_0969,REST_045,2026-05-19 20:27:22,152.42,1,Clear,Low,Delivered,32.0
ORD_04381,CUST_0987,REST_058,2026-03-13 11:49:37,268.58,2,Clear,Medium,Delivered,15.0
ORD_04382,CUST_0516,REST_081,2026-02-17 05:09:59,100.0,1,Cloudy,High,Delivered,22.0
ORD_04383,CUST_0533,REST_001,2026-06-13 17:20:24,122.88,5,Cloudy,Medium,Delivered,12.0
ORD_04384,CUST_0927,REST_032,2026-01-31 05:48:22,165.09,4,Clear,High,Delivered,22.0
ORD_04385,CUST_0149,REST_008,2026-03-12 19:16:43,100.0,1,Clear,Medium,Delivered,24.0
ORD_04386,CUST_0488,REST_040,2026-01-19 14:04:29,100.0,1,Clear,High,Delivered,25.0
ORD_04387,CUST_0025,REST_056,2026-01-15 21:21:19,153.03,3,Clear,Low,Delivered,30.0
ORD_04388,CUST_0999,REST_063,2026-02-15 11:42:54,265.53,5,Cloudy,Low,Delivered,19.0
ORD_04389,CUST_0655,REST_088,2026-06-27 10:37:50,366.93,1,Cloudy,Medium,Delivered,30.0
ORD_04390,CUST_0757,REST_074,2026-05-27 20:48:11,134.15,4,Clear,Medium,Delivered,13.0
ORD_04391,CUST_0931,REST_074,2026-02-03 23:05:12,271.31,1,Clear,Medium,Delivered,7.0
ORD_04392,CUST_0945,REST_036,2026-02-26 05:32:35,257.26,2,Clear,Medium,Delivered,15.0
ORD_04393,CUST_0555,REST_089,2026-01-25 09:15:08,354.33,5,Clear,Medium,Delivered,19.0
ORD_04394,CUST_0425,REST_057,2026-04-15 14:09:26,149.51,1,Clear,Medium,Delivered,18.0
ORD_04395,CUST_0293,REST_074,2026-04-05 11:26:12,100.0,5,Clear,Low,Delivered,9.0
ORD_04396,CUST_0185,REST_083,2026-06-14 14:21:40,188.41,1,Clear,High,Delivered,15.0
ORD_04397,CUST_0554,REST_045,2026-06-13 00:32:50,103.79,4,Cloudy,Medium,Cancelled,33.0
ORD_04398,CUST_0431,REST_079,2026-04-02 03:07:27,121.76,4,Rain,Medium,Delivered,24.0
ORD_04399,CUST_0604,REST_080,2026-06-30 20:34:48,153.6,5,Clear,Low,Cancelled,30.0
ORD_04400,CUST_0317,REST_002,2026-02-08 10:15:08,150.44,6,Rain,High,Delivered,36.0
ORD_04401,CUST_0398,REST_093,2026-06-24 00:50:44,195.95,3,Rain,Medium,Delivered,22.0
ORD_04402,CUST_0324,REST_068,2026-01-25 11:08:05,266.86,3,Heavy Rain,Low,Delivered,28.0
ORD_04403,CUST_0565,REST_050,2026-06-01 16:14:42,148.08,2,Rain,Low,Delivered,29.0
ORD_04404,CUST_0596,REST_029,2026-04-09 05:13:45,225.35,6,Cloudy,Low,Delivered,34.0
ORD_04405,CUST_0546,REST_095,2026-04-24 08:10:46,182.76,3,Cloudy,Medium,Delivered,24.0
ORD_04406,CUST_0076,REST_081,2026-04-04 01:18:00,303.24,5,Clear,Medium,Delivered,26.0
ORD_04407,CUST_0865,REST_010,2026-02-02 15:14:32,163.41,3,Cloudy,Low,Delivered,28.0
ORD_04408,CUST_0920,REST_027,2026-06-08 05:45:17,173.57,2,Cloudy,Medium,Delivered,28.0
ORD_04409,CUST_0916,REST_015,2026-04-25 09:02:06,147.54,1,Cloudy,High,Delivered,34.0
ORD_04410,CUST_0709,REST_060,2026-01-05 00:48:12,165.8,3,Cloudy,Low,Delivered,15.0
ORD_04411,CUST_0486,REST_031,2026-02-04 05:17:29,117.81,5,Clear,Medium,Delivered,35.0
ORD_04412,CUST_0798,REST_021,2026-03-31 17:51:41,111.56,5,Cloudy,Medium,Cancelled,27.0
ORD_04413,CUST_0088,REST_060,2026-01-24 09:56:41,277.74,2,Clear,Medium,Delivered,15.0
ORD_04414,CUST_0747,REST_058,2026-03-25 00:01:24,100.0,2,Cloudy,Low,Delivered,19.0
ORD_04415,CUST_0232,REST_041,2026-06-26 03:13:26,152.09,4,Rain,Low,Delivered,30.0
ORD_04416,CUST_0007,REST_046,2026-02-22 09:12:11,316.85,4,Rain,Low,Delivered,23.0
ORD_04417,CUST_0804,REST_045,2026-02-20 05:12:28,149.31,4,Rain,Medium,Delivered,36.0
ORD_04418,CUST_0550,REST_026,2026-02-23 12:46:42,285.95,1,Clear,Medium,Delivered,36.0
ORD_04419,CUST_0976,REST_051,2026-04-30 10:32:05,130.96,5,Rain,Low,Cancelled,18.0
ORD_04420,CUST_0052,REST_036,2026-06-30 05:24:27,101.68,4,Clear,Medium,Delivered,17.0
ORD_04421,CUST_0655,REST_052,2026-02-11 17:52:23,100.0,5,Rain,Medium,Delivered,33.0
ORD_04422,CUST_0942,REST_081,2026-04-27 08:33:16,373.16,2,Clear,High,Delivered,24.0
ORD_04423,CUST_0919,REST_051,2026-05-07 16:18:09,100.0,1,Clear,Low,Delivered,15.0
ORD_04424,CUST_0396,REST_003,2026-05-18 11:10:45,273.4,2,Cloudy,Medium,Delivered,11.0
ORD_04425,CUST_0221,REST_014,2026-04-08 15:56:22,104.59,5,Cloudy,High,Delivered,30.0
ORD_04426,CUST_0428,REST_049,2026-03-19 00:31:07,374.11,6,Clear,High,Delivered,23.0
ORD_04427,CUST_0752,REST_077,2026-06-08 02:52:34,610.17,6,Cloudy,Medium,Delivered,20.0
ORD_04428,CUST_0143,REST_091,2026-06-22 09:18:05,100.0,4,Cloudy,Low,Delivered,15.0
ORD_04429,CUST_0861,REST_001,2026-03-14 14:52:13,100.0,6,Clear,High,Delivered,15.0
ORD_04430,CUST_0363,REST_057,2026-04-09 17:03:45,277.33,2,Cloudy,Medium,Delivered,19.0
ORD_04431,CUST_0382,REST_017,2026-05-26 23:25:30,240.37,6,Clear,Medium,Delivered,12.0
ORD_04432,CUST_0561,REST_050,2026-02-07 08:45:35,277.91,3,Cloudy,Low,Delivered,20.0
ORD_04433,CUST_0277,REST_098,2026-06-02 06:44:34,132.22,1,Clear,Low,Delivered,22.0
ORD_04434,CUST_0271,REST_014,2026-02-04 16:09:02,540.85,5,Cloudy,Medium,Delivered,24.0
ORD_04435,CUST_0014,REST_059,2026-02-11 03:47:54,193.43,4,Clear,High,Delivered,40.0
ORD_04436,CUST_0298,REST_081,2026-05-24 14:23:45,100.0,2,Clear,High,Delivered,19.0
ORD_04437,CUST_0464,REST_003,2026-02-20 01:20:42,157.71,1,Cloudy,High,Delivered,15.0
ORD_04438,CUST_0527,REST_098,2026-01-24 13:05:28,100.0,4,Cloudy,Medium,Delivered,28.0
ORD_04439,CUST_0234,REST_040,2026-05-29 02:36:51,434.86,2,Heavy Rain,Medium,Delivered,31.0
ORD_04440,CUST_0575,REST_089,2026-04-22 16:27:29,126.07,6,Rain,Medium,Delivered,21.0
ORD_04441,CUST_0708,REST_066,2026-06-24 22:31:14,237.67,5,Cloudy,Medium,Delivered,33.0
ORD_04442,CUST_0027,REST_034,2026-05-08 04:52:28,139.93,3,Clear,Medium,Delivered,22.0
ORD_04443,CUST_0471,REST_090,2026-05-09 00:08:03,129.22,3,Clear,High,Delivered,37.0
ORD_04444,CUST_0093,REST_095,2026-02-21 12:36:14,100.0,6,Clear,Medium,Delivered,33.0
ORD_04445,CUST_0617,REST_009,2026-01-23 13:07:11,251.89,5,Clear,Low,Delivered,25.0
ORD_04446,CUST_0309,REST_094,2026-05-30 19:48:13,370.39,1,Rain,High,Delivered,19.0
ORD_04447,CUST_0052,REST_084,2026-03-29 10:06:33,109.53,5,Clear,Low,Delivered,16.0
ORD_04448,CUST_0319,REST_021,2026-02-21 18:44:12,100.0,6,Clear,Medium,Delivered,20.0
ORD_04449,CUST_0969,REST_093,2026-01-20 01:04:53,281.98,2,Clear,High,Delivered,18.0
ORD_04450,CUST_0181,REST_025,2026-03-27 02:33:08,100.0,1,Clear,Medium,Delivered,35.0
ORD_04451,CUST_0569,REST_044,2026-02-23 17:45:38,354.51,3,Clear,High,Delivered,23.0
ORD_04452,CUST_0120,REST_025,2026-06-20 11:41:03,110.23,6,Cloudy,Medium,Delivered,35.0
ORD_04453,CUST_0820,REST_009,2026-01-29 23:35:53,100.0,2,Clear,High,Delivered,26.0
ORD_04454,CUST_0875,REST_062,2026-01-27 08:23:03,207.82,6,Cloudy,Low,Delivered,24.0
ORD_04455,CUST_0043,REST_026,2026-04-13 16:37:11,102.41,4,Cloudy,Medium,Delivered,39.0
ORD_04456,CUST_0647,REST_057,2026-03-05 21:15:18,122.87,4,Rain,Medium,Delivered,22.0
ORD_04457,CUST_0885,REST_037,2026-01-12 00:53:38,220.23,4,Rain,Medium,Delivered,15.0
ORD_04458,CUST_0938,REST_016,2026-06-17 16:17:49,100.0,3,Rain,Medium,Delivered,31.0
ORD_04459,CUST_0260,REST_037,2026-06-09 22:49:50,447.35,5,Clear,High,Delivered,14.0
ORD_04460,CUST_0197,REST_076,2026-01-01 09:06:39,185.68,1,Clear,Medium,Delivered,16.0
ORD_04461,CUST_0645,REST_024,2026-06-17 22:03:28,100.0,3,Rain,High,Delivered,31.0
ORD_04462,CUST_0971,REST_026,2026-03-16 11:08:04,103.6,2,Clear,Medium,Delivered,39.0
ORD_04463,CUST_0255,REST_020,2026-04-06 16:37:20,312.75,2,Clear,Medium,Cancelled,22.0
ORD_04464,CUST_0732,REST_009,2026-01-28 18:39:01,252.29,4,Clear,Low,Delivered,17.0
ORD_04465,CUST_0336,REST_087,2026-06-03 16:06:50,388.67,1,Cloudy,High,Delivered,11.0
ORD_04466,CUST_0553,REST_029,2026-05-07 13:45:58,124.52,4,Clear,Low,Delivered,34.0
ORD_04467,CUST_0502,REST_031,2026-02-22 11:27:42,213.39,2,Cloudy,Medium,Cancelled,33.0
ORD_04468,CUST_0990,REST_019,2026-03-05 06:12:46,229.2,2,Cloudy,Low,Delivered,25.0
ORD_04469,CUST_0900,REST_020,2026-02-07 22:51:55,265.71,5,Clear,Medium,Delivered,23.0
ORD_04470,CUST_0255,REST_087,2026-01-24 19:53:56,336.97,5,Clear,High,Delivered,9.0
ORD_04471,CUST_0514,REST_027,2026-02-09 01:14:27,122.18,5,Cloudy,Medium,Delivered,32.0
ORD_04472,CUST_0707,REST_094,2026-06-30 03:34:25,170.24,4,Clear,High,Delivered,22.0
ORD_04473,CUST_0242,REST_085,2026-01-25 09:59:32,129.6,6,Clear,Medium,Delivered,21.0
ORD_04474,CUST_0149,REST_044,2026-02-21 18:59:20,176.1,1,Clear,High,Delivered,27.0
ORD_04475,CUST_0710,REST_035,2026-04-17 10:33:55,266.17,5,Cloudy,Medium,Delivered,32.0
ORD_04476,CUST_0299,REST_071,2026-04-11 14:10:53,100.0,3,Cloudy,Medium,Cancelled,29.0
ORD_04477,CUST_0757,REST_022,2026-01-25 19:35:24,333.67,5,Clear,Medium,Delivered,19.0
ORD_04478,CUST_0850,REST_074,2026-01-14 01:43:49,100.0,4,Cloudy,Medium,Delivered,9.0
ORD_04479,CUST_0620,REST_087,2026-02-01 17:32:55,153.08,1,Cloudy,Low,Delivered,18.0
ORD_04480,CUST_0453,REST_015,2026-05-27 14:10:16,359.3,5,Clear,Low,Delivered,28.0
ORD_04481,CUST_0393,REST_094,2026-02-27 21:53:10,217.11,1,Clear,Low,Delivered,20.0
ORD_04482,CUST_0212,REST_098,2026-02-07 19:31:41,218.49,3,Rain,Medium,Delivered,27.0
ORD_04483,CUST_0668,REST_013,2026-02-22 09:33:48,100.0,2,Cloudy,Medium,Delivered,12.0
ORD_04484,CUST_0538,REST_004,2026-02-11 07:37:53,102.08,1,Cloudy,Medium,Cancelled,10.0
ORD_04485,CUST_0594,REST_082,2026-02-22 19:28:26,304.2,6,Clear,Medium,Delivered,30.0
ORD_04486,CUST_0595,REST_056,2026-01-31 04:06:44,131.1,5,Rain,High,Delivered,33.0
ORD_04487,CUST_0131,REST_023,2026-01-16 21:45:40,138.08,4,Cloudy,Medium,Delivered,41.0
ORD_04488,CUST_0329,REST_097,2026-06-17 21:51:50,308.02,6,Clear,Medium,Delivered,18.0
ORD_04489,CUST_0612,REST_098,2026-02-16 11:38:04,101.75,6,Rain,Low,Delivered,22.0
ORD_04490,CUST_0256,REST_034,2026-06-29 12:38:06,210.2,4,Clear,Medium,Delivered,14.0
ORD_04491,CUST_0479,REST_100,2026-01-23 09:33:24,185.6,4,Clear,Medium,Delivered,31.0
ORD_04492,CUST_0561,REST_099,2026-06-02 13:02:34,181.0,4,Clear,Low,Delivered,30.0
ORD_04493,CUST_0913,REST_017,2026-01-29 22:43:09,136.3,6,Cloudy,Low,Delivered,17.0
ORD_04494,CUST_0063,REST_028,2026-01-02 08:43:01,131.77,1,Cloudy,Medium,Delivered,25.0
ORD_04495,CUST_0311,REST_014,2026-02-24 14:59:25,100.17,4,Cloudy,High,Delivered,25.0
ORD_04496,CUST_0407,REST_034,2026-04-29 04:27:36,236.39,2,Rain,Medium,Delivered,13.0
ORD_04497,CUST_0802,REST_075,2026-05-17 06:42:26,125.53,6,Clear,High,Delivered,9.0
ORD_04498,CUST_0105,REST_057,2026-02-28 07:52:02,308.84,6,Cloudy,High,Cancelled,22.0
ORD_04499,CUST_0617,REST_077,2026-05-15 17:07:35,160.21,6,Cloudy,Low,Delivered,18.0
ORD_04500,CUST_0837,REST_097,2026-02-06 20:07:05,101.28,3,Heavy Rain,Low,Delivered,16.0
ORD_04501,CUST_0015,REST_055,2026-02-19 22:48:27,159.05,1,Clear,Medium,Delivered,40.0
ORD_04502,CUST_0687,REST_066,2026-05-23 23:56:53,144.61,1,Heavy Rain,Medium,Delivered,24.0
ORD_04503,CUST_0259,REST_098,2026-06-16 02:40:59,315.77,4,Clear,Medium,Delivered,28.0
ORD_04504,CUST_0723,REST_093,2026-01-07 08:40:34,147.98,6,Rain,Low,Delivered,17.0
ORD_04505,CUST_0412,REST_037,2026-02-01 13:31:13,155.72,6,Cloudy,Low,Delivered,23.0
ORD_04506,CUST_0259,REST_068,2026-06-14 16:09:16,394.0,4,Rain,Low,Cancelled,28.0
ORD_04507,CUST_0614,REST_076,2026-02-07 10:55:45,239.74,1,Clear,High,Delivered,16.0
ORD_04508,CUST_0260,REST_026,2026-01-30 09:25:21,452.36,4,Clear,High,Delivered,42.0
ORD_04509,CUST_0856,REST_061,2026-02-05 22:30:38,362.3,4,Clear,Low,Delivered,35.0
ORD_04510,CUST_0671,REST_092,2026-05-14 10:57:40,111.28,4,Cloudy,Low,Delivered,18.0
ORD_04511,CUST_0045,REST_067,2026-01-23 03:05:50,312.46,4,Cloudy,Low,Delivered,10.0
ORD_04512,CUST_0955,REST_084,2026-02-04 14:12:11,419.44,4,Rain,High,Cancelled,23.0
ORD_04513,CUST_0813,REST_074,2026-04-06 02:37:19,421.17,5,Clear,High,Delivered,11.0
ORD_04514,CUST_0763,REST_052,2026-04-29 09:33:08,312.14,5,Clear,Low,Delivered,30.0
ORD_04515,CUST_0331,REST_018,2026-04-29 21:14:39,308.63,6,Clear,Medium,Delivered,35.0
ORD_04516,CUST_0165,REST_053,2026-04-07 07:57:04,153.47,6,Clear,Medium,Delivered,18.0
ORD_04517,CUST_0193,REST_063,2026-06-09 06:38:25,114.37,5,Rain,Medium,Delivered,12.0
ORD_04518,CUST_0521,REST_053,2026-02-04 00:50:39,149.35,1,Rain,Medium,Cancelled,18.0
ORD_04519,CUST_0401,REST_027,2026-04-04 17:40:01,100.0,3,Heavy Rain,Medium,Delivered,24.0
ORD_04520,CUST_0374,REST_031,2026-03-07 23:27:42,379.38,1,Clear,High,Delivered,36.0
ORD_04521,CUST_0065,REST_091,2026-03-28 14:20:35,155.12,6,Clear,Low,Cancelled,20.0
ORD_04522,CUST_0387,REST_001,2026-01-20 19:27:18,368.79,5,Clear,High,Delivered,9.0
ORD_04523,CUST_0495,REST_006,2026-06-02 16:27:14,100.0,1,Cloudy,Medium,Delivered,17.0
ORD_04524,CUST_0794,REST_011,2026-04-18 23:00:52,328.8,3,Heavy Rain,Medium,Delivered,20.0
ORD_04525,CUST_0693,REST_034,2026-05-24 06:23:38,138.08,4,Clear,Medium,Delivered,21.0
ORD_04526,CUST_0415,REST_084,2026-03-23 12:46:32,100.0,2,Clear,High,Delivered,24.0
ORD_04527,CUST_0794,REST_063,2026-02-13 05:34:28,443.6,5,Cloudy,Medium,Cancelled,15.0
ORD_04528,CUST_0791,REST_053,2026-05-02 21:44:24,333.29,5,Cloudy,High,Delivered,20.0
ORD_04529,CUST_0030,REST_085,2026-06-08 09:03:28,203.67,3,Clear,High,Delivered,11.0
ORD_04530,CUST_0266,REST_085,2026-05-15 14:27:57,184.69,4,Rain,Medium,Delivered,12.0
ORD_04531,CUST_0328,REST_018,2026-02-27 14:33:08,230.84,4,Clear,High,Delivered,32.0
ORD_04532,CUST_0492,REST_021,2026-01-10 03:10:31,201.75,2,Rain,High,Delivered,23.0
ORD_04533,CUST_0217,REST_019,2026-06-11 19:41:08,117.24,4,Clear,Medium,Delivered,23.0
ORD_04534,CUST_0320,REST_004,2026-05-23 04:42:21,144.51,3,Clear,Medium,Delivered,14.0
ORD_04535,CUST_0918,REST_077,2026-01-09 13:34:39,532.93,6,Clear,High,Delivered,19.0
ORD_04536,CUST_0399,REST_082,2026-02-26 18:43:49,788.15,4,Clear,High,Delivered,31.0
ORD_04537,CUST_0891,REST_029,2026-01-15 08:01:43,428.15,6,Cloudy,Medium,Delivered,33.0
ORD_04538,CUST_0105,REST_025,2026-04-22 22:40:33,235.81,6,Cloudy,High,Delivered,33.0
ORD_04539,CUST_0696,REST_056,2026-03-20 21:16:02,150.54,3,Clear,High,Delivered,29.0
ORD_04540,CUST_0330,REST_077,2026-06-21 10:26:34,116.86,5,Cloudy,Low,Delivered,14.0
ORD_04541,CUST_0660,REST_063,2026-02-11 06:15:36,121.18,5,Clear,Medium,Delivered,18.0
ORD_04542,CUST_0617,REST_027,2026-04-25 03:43:00,133.71,5,Clear,Low,Delivered,32.0
ORD_04543,CUST_0047,REST_060,2026-01-04 20:31:00,591.78,1,Heavy Rain,Low,Delivered,24.0
ORD_04544,CUST_0599,REST_083,2026-03-10 16:20:40,489.53,5,Rain,Medium,Delivered,15.0
ORD_04545,CUST_0821,REST_049,2026-01-23 14:50:01,273.27,3,Clear,High,Delivered,32.0
ORD_04546,CUST_0949,REST_065,2026-05-09 02:40:18,106.88,2,Clear,Low,Delivered,15.0
ORD_04547,CUST_0641,REST_038,2026-03-29 10:45:55,296.24,4,Cloudy,High,Delivered,32.0
ORD_04548,CUST_0770,REST_083,2026-04-22 23:13:51,158.98,5,Clear,Medium,Delivered,21.0
ORD_04549,CUST_0314,REST_052,2026-03-24 08:29:35,100.0,1,Cloudy,High,Delivered,27.0
ORD_04550,CUST_0147,REST_001,2026-04-09 18:10:23,212.28,6,Cloudy,High,Cancelled,10.0
ORD_04551,CUST_0958,REST_040,2026-03-20 13:30:39,114.09,1,Clear,High,Delivered,26.0
ORD_04552,CUST_0462,REST_081,2026-05-03 13:08:22,116.23,3,Clear,High,Delivered,19.0
ORD_04553,CUST_0584,REST_021,2026-05-09 03:25:05,157.95,2,Rain,High,Delivered,22.0
ORD_04554,CUST_0486,REST_086,2026-06-11 00:34:28,137.82,5,Clear,Low,Delivered,42.0
ORD_04555,CUST_0652,REST_015,2026-05-24 18:31:58,177.89,5,Clear,Medium,Cancelled,36.0
ORD_04556,CUST_0410,REST_050,2026-01-18 22:02:40,173.25,1,Cloudy,Low,Cancelled,23.0
ORD_04557,CUST_0027,REST_048,2026-02-03 12:09:38,100.0,3,Cloudy,Medium,Delivered,28.0
ORD_04558,CUST_0029,REST_032,2026-02-10 06:40:30,418.28,1,Clear,Low,Delivered,24.0
ORD_04559,CUST_0271,REST_049,2026-03-20 19:29:28,105.55,1,Rain,Low,Delivered,28.0
ORD_04560,CUST_0686,REST_068,2026-04-12 13:36:52,107.36,2,Cloudy,High,Delivered,22.0
ORD_04561,CUST_0501,REST_045,2026-06-27 06:09:11,151.3,3,Clear,Medium,Cancelled,36.0
ORD_04562,CUST_0253,REST_032,2026-01-22 12:44:48,170.79,2,Clear,High,Delivered,16.0
ORD_04563,CUST_0385,REST_004,2026-05-03 19:13:01,404.41,3,Cloudy,Low,Delivered,9.0
ORD_04564,CUST_0060,REST_065,2026-03-29 20:07:34,210.23,5,Clear,Medium,Delivered,21.0
ORD_04565,CUST_0107,REST_097,2026-04-21 02:55:02,247.54,4,Clear,Low,Delivered,13.0
ORD_04566,CUST_0220,REST_071,2026-04-30 20:37:27,210.82,6,Cloudy,Low,Delivered,23.0
ORD_04567,CUST_0441,REST_073,2026-05-18 08:17:22,205.88,4,Cloudy,Low,Delivered,37.0
ORD_04568,CUST_0771,REST_065,2026-03-31 18:38:08,214.94,3,Cloudy,Medium,Delivered,17.0
ORD_04569,CUST_0883,REST_080,2026-03-26 14:49:46,100.0,4,Cloudy,Low,Delivered,31.0
ORD_04570,CUST_0658,REST_018,2026-04-19 14:27:58,157.99,1,Clear,Medium,Delivered,36.0
ORD_04571,CUST_0564,REST_054,2026-01-28 22:00:08,343.52,5,Clear,Medium,Delivered,27.0
ORD_04572,CUST_0572,REST_047,2026-06-04 17:19:44,1584.91,6,Cloudy,Low,Delivered,31.0
ORD_04573,CUST_0546,REST_006,2026-06-12 01:46:50,100.0,6,Rain,Medium,Delivered,16.0
ORD_04574,CUST_0096,REST_066,2026-01-31 05:19:33,228.76,6,Cloudy,Medium,Cancelled,29.0
ORD_04575,CUST_0989,REST_009,2026-04-04 02:10:48,132.41,5,Clear,High,Delivered,27.0
ORD_04576,CUST_0089,REST_068,2026-01-20 19:08:45,559.03,4,Heavy Rain,Medium,Delivered,26.0
ORD_04577,CUST_0828,REST_023,2026-02-03 22:23:45,100.0,6,Clear,High,Delivered,33.0
ORD_04578,CUST_0922,REST_043,2026-06-16 19:10:43,255.63,6,Clear,High,Delivered,23.0
ORD_04579,CUST_0231,REST_051,2026-06-26 05:53:05,100.0,3,Clear,Medium,Delivered,16.0
ORD_04580,CUST_0968,REST_072,2026-06-21 19:55:47,152.14,1,Clear,Medium,Delivered,16.0
ORD_04581,CUST_0275,REST_025,2026-04-17 06:53:37,177.88,3,Cloudy,Low,Delivered,33.0
ORD_04582,CUST_0246,REST_080,2026-04-14 03:28:27,326.47,4,Clear,Medium,Cancelled,32.0
ORD_04583,CUST_0111,REST_035,2026-05-16 09:58:56,100.24,5,Clear,Medium,Delivered,31.0
ORD_04584,CUST_0234,REST_017,2026-03-22 05:04:10,261.09,5,Clear,High,Delivered,17.0
ORD_04585,CUST_0278,REST_018,2026-05-11 03:34:26,183.15,3,Cloudy,Medium,Delivered,37.0
ORD_04586,CUST_0477,REST_027,2026-06-26 16:28:23,210.62,2,Rain,High,Delivered,24.0
ORD_04587,CUST_0417,REST_015,2026-06-05 19:14:12,307.07,3,Rain,High,Delivered,35.0
ORD_04588,CUST_0678,REST_081,2026-02-11 14:49:35,100.0,2,Clear,High,Delivered,28.0
ORD_04589,CUST_0128,REST_069,2026-01-07 16:01:55,283.11,3,Cloudy,Medium,Delivered,33.0
ORD_04590,CUST_0237,REST_080,2026-02-11 05:34:12,132.57,2,Clear,Low,Delivered,33.0
ORD_04591,CUST_0803,REST_015,2026-01-24 09:23:33,331.2,2,Clear,High,Delivered,30.0
ORD_04592,CUST_0619,REST_042,2026-02-13 09:48:37,217.89,6,Rain,High,Delivered,28.0
ORD_04593,CUST_0128,REST_034,2026-01-26 01:38:44,161.54,6,Clear,Low,Delivered,13.0
ORD_04594,CUST_0707,REST_048,2026-01-31 12:30:51,131.04,2,Clear,High,Delivered,29.0
ORD_04595,CUST_0851,REST_083,2026-04-09 20:46:02,285.09,2,Clear,Medium,Delivered,19.0
ORD_04596,CUST_0394,REST_008,2026-06-29 11:38:19,362.68,1,Clear,Low,Delivered,28.0
ORD_04597,CUST_0475,REST_010,2026-03-23 08:16:21,135.22,2,Clear,Medium,Delivered,26.0
ORD_04598,CUST_0655,REST_005,2026-01-18 13:06:48,100.0,6,Clear,High,Delivered,36.0
ORD_04599,CUST_0395,REST_048,2026-02-20 04:38:36,265.55,2,Clear,Medium,Delivered,36.0
ORD_04600,CUST_0111,REST_026,2026-01-05 03:39:33,100.0,5,Rain,High,Cancelled,42.0
ORD_04601,CUST_0090,REST_086,2026-06-11 19:24:35,100.0,1,Cloudy,Low,Delivered,41.0
ORD_04602,CUST_0763,REST_023,2026-03-12 15:33:16,101.04,2,Rain,Medium,Delivered,40.0
ORD_04603,CUST_0280,REST_062,2026-01-17 10:15:30,144.24,6,Rain,High,Delivered,25.0
ORD_04604,CUST_0333,REST_013,2026-03-13 04:14:04,100.0,6,Cloudy,Medium,Delivered,17.0
ORD_04605,CUST_0224,REST_009,2026-02-07 08:52:43,100.0,4,Clear,Medium,Delivered,27.0
ORD_04606,CUST_0101,REST_020,2026-04-17 09:40:05,100.0,6,Clear,Medium,Delivered,18.0
ORD_04607,CUST_0132,REST_092,2026-04-27 13:26:34,258.1,1,Cloudy,High,Delivered,22.0
ORD_04608,CUST_0013,REST_057,2026-05-26 04:03:22,100.0,6,Clear,Low,Delivered,18.0
ORD_04609,CUST_0457,REST_024,2026-01-13 18:24:51,150.33,5,Clear,Medium,Delivered,39.0
ORD_04610,CUST_0441,REST_033,2026-05-23 03:09:08,528.84,3,Clear,Low,Delivered,32.0
ORD_04611,CUST_0098,REST_020,2026-04-09 08:34:14,176.44,5,Cloudy,Medium,Delivered,20.0
ORD_04612,CUST_0120,REST_060,2026-04-02 09:00:00,218.85,5,Heavy Rain,Medium,Delivered,15.0
ORD_04613,CUST_0293,REST_048,2026-03-10 20:59:27,107.74,1,Clear,High,Delivered,34.0
ORD_04614,CUST_0816,REST_064,2026-01-01 16:36:29,595.8,1,Cloudy,Medium,Delivered,9.0
ORD_04615,CUST_0711,REST_030,2026-06-28 02:15:26,134.6,4,Rain,Medium,Delivered,20.0
ORD_04616,CUST_0001,REST_073,2026-06-20 06:44:15,159.9,6,Clear,High,Delivered,40.0
ORD_04617,CUST_0572,REST_017,2026-02-01 00:42:08,374.05,4,Clear,Medium,Delivered,10.0
ORD_04618,CUST_0250,REST_100,2026-03-11 03:15:22,164.03,1,Clear,Medium,Delivered,33.0
ORD_04619,CUST_0652,REST_014,2026-05-16 10:24:12,186.11,6,Rain,High,Delivered,24.0
ORD_04620,CUST_0149,REST_019,2026-04-16 05:59:28,155.26,1,Clear,Medium,Delivered,22.0
ORD_04621,CUST_0395,REST_071,2026-04-18 04:54:57,155.84,1,Clear,Low,Delivered,27.0
ORD_04622,CUST_0044,REST_059,2026-05-22 15:34:32,222.24,3,Clear,Medium,Delivered,32.0
ORD_04623,CUST_0883,REST_067,2026-02-28 20:00:12,245.7,5,Rain,Medium,Delivered,13.0
ORD_04624,CUST_0698,REST_097,2026-01-31 02:44:15,127.26,4,Rain,Low,Delivered,10.0
ORD_04625,CUST_0620,REST_044,2026-01-11 18:25:40,118.94,4,Clear,High,Delivered,23.0
ORD_04626,CUST_0044,REST_032,2026-05-21 10:19:09,129.67,2,Rain,Medium,Delivered,23.0
ORD_04627,CUST_0078,REST_011,2026-05-24 05:03:36,100.0,3,Clear,High,Delivered,17.0
ORD_04628,CUST_0226,REST_002,2026-03-21 01:04:44,100.0,1,Clear,Low,Delivered,42.0
ORD_04629,CUST_0162,REST_090,2026-02-16 14:51:16,213.46,1,Rain,High,Cancelled,34.0
ORD_04630,CUST_0793,REST_068,2026-03-10 10:02:22,303.76,3,Cloudy,High,Delivered,26.0
ORD_04631,CUST_0253,REST_017,2026-01-27 17:25:17,292.68,6,Clear,High,Delivered,17.0
ORD_04632,CUST_0132,REST_081,2026-02-11 13:17:58,100.0,4,Clear,Medium,Delivered,19.0
ORD_04633,CUST_0448,REST_092,2026-01-14 10:54:53,158.41,1,Rain,Medium,Delivered,19.0
ORD_04634,CUST_0884,REST_094,2026-06-30 21:03:43,100.0,2,Rain,Medium,Delivered,21.0
ORD_04635,CUST_0887,REST_040,2026-05-21 17:50:54,196.18,4,Rain,High,Delivered,25.0
ORD_04636,CUST_0474,REST_087,2026-05-08 17:21:09,144.06,5,Cloudy,High,Delivered,13.0
ORD_04637,CUST_0656,REST_046,2026-06-20 15:22:09,251.02,3,Rain,Low,Delivered,13.0
ORD_04638,CUST_0778,REST_088,2026-04-14 04:00:15,179.37,4,Cloudy,High,Delivered,36.0
ORD_04639,CUST_0109,REST_093,2026-04-10 13:45:22,100.0,5,Cloudy,High,Delivered,17.0
ORD_04640,CUST_0706,REST_004,2026-03-13 13:38:44,106.5,2,Rain,Medium,Delivered,9.0
ORD_04641,CUST_0035,REST_038,2026-04-09 14:52:29,181.85,6,Clear,Low,Delivered,31.0
ORD_04642,CUST_0467,REST_063,2026-01-31 23:22:34,190.48,3,Clear,High,Delivered,17.0
ORD_04643,CUST_0902,REST_029,2026-01-13 23:37:41,100.0,6,Clear,Medium,Delivered,34.0
ORD_04644,CUST_0275,REST_019,2026-04-11 06:34:47,100.0,1,Cloudy,High,Delivered,21.0
ORD_04645,CUST_0187,REST_091,2026-04-01 16:47:19,186.97,6,Clear,High,Delivered,18.0
ORD_04646,CUST_0949,REST_029,2026-05-12 20:19:14,100.0,1,Clear,Low,Delivered,27.0
ORD_04647,CUST_0243,REST_100,2026-06-02 05:07:15,100.0,5,Clear,Medium,Delivered,35.0
ORD_04648,CUST_0264,REST_035,2026-04-12 14:10:39,141.91,4,Clear,Medium,Delivered,27.0
ORD_04649,CUST_0974,REST_070,2026-03-12 21:32:48,138.57,2,Cloudy,High,Delivered,16.0
ORD_04650,CUST_0522,REST_023,2026-06-24 18:46:57,111.82,5,Clear,Low,Delivered,41.0
ORD_04651,CUST_0963,REST_046,2026-05-29 21:13:16,123.09,2,Clear,Low,Delivered,22.0
ORD_04652,CUST_0678,REST_044,2026-06-05 07:14:06,182.66,6,Cloudy,High,Delivered,24.0
ORD_04653,CUST_0541,REST_048,2026-06-08 16:16:11,121.99,2,Rain,Low,Delivered,30.0
ORD_04654,CUST_0783,REST_052,2026-06-04 02:25:13,188.46,6,Clear,Medium,Delivered,25.0
ORD_04655,CUST_0087,REST_008,2026-01-22 00:21:29,147.05,2,Clear,Medium,Delivered,24.0
ORD_04656,CUST_0535,REST_055,2026-02-11 20:29:37,198.78,3,Rain,Medium,Delivered,42.0
ORD_04657,CUST_0210,REST_066,2026-03-01 14:11:55,293.83,5,Clear,Medium,Delivered,24.0
ORD_04658,CUST_0046,REST_077,2026-05-04 01:20:53,287.6,3,Rain,Medium,Delivered,18.0
ORD_04659,CUST_0467,REST_040,2026-02-10 01:50:53,368.16,4,Clear,High,Delivered,33.0
ORD_04660,CUST_0540,REST_085,2026-04-14 05:46:23,287.43,4,Clear,Low,Delivered,17.0
ORD_04661,CUST_0026,REST_031,2026-05-01 20:28:06,206.69,1,Clear,Medium,Delivered,32.0
ORD_04662,CUST_0266,REST_048,2026-06-11 01:40:21,142.82,1,Clear,Medium,Delivered,31.0
ORD_04663,CUST_0175,REST_100,2026-06-12 23:18:47,146.46,1,Rain,Medium,Delivered,34.0
ORD_04664,CUST_0516,REST_061,2026-05-07 07:12:56,111.86,4,Heavy Rain,Medium,Delivered,40.0
ORD_04665,CUST_0311,REST_052,2026-03-10 07:00:39,181.72,2,Heavy Rain,Low,Delivered,33.0
ORD_04666,CUST_0322,REST_038,2026-05-16 13:32:04,266.02,6,Rain,High,Delivered,37.0
ORD_04667,CUST_0579,REST_091,2026-02-18 07:06:31,121.62,2,Rain,Medium,Delivered,18.0
ORD_04668,CUST_0135,REST_036,2026-06-17 21:13:13,177.6,5,Cloudy,Medium,Delivered,18.0
ORD_04669,CUST_0055,REST_087,2026-02-11 13:30:06,124.89,4,Rain,Medium,Delivered,13.0
ORD_04670,CUST_0976,REST_055,2026-06-21 05:49:34,203.39,6,Clear,Low,Delivered,39.0
ORD_04671,CUST_0543,REST_085,2026-06-21 14:51:20,134.0,6,Clear,Low,Delivered,20.0
ORD_04672,CUST_0586,REST_013,2026-06-25 08:09:35,120.7,6,Cloudy,Low,Delivered,17.0
ORD_04673,CUST_0531,REST_037,2026-04-10 05:59:57,124.71,1,Rain,Low,Delivered,20.0
ORD_04674,CUST_0156,REST_047,2026-06-21 01:04:55,239.09,6,Cloudy,Low,Delivered,33.0
ORD_04675,CUST_0849,REST_090,2026-02-02 10:09:37,171.88,6,Rain,Medium,Delivered,31.0
ORD_04676,CUST_0668,REST_071,2026-01-06 09:45:53,143.22,4,Clear,Medium,Delivered,25.0
ORD_04677,CUST_0147,REST_022,2026-02-02 18:01:47,209.3,2,Cloudy,Medium,Delivered,24.0
ORD_04678,CUST_0485,REST_039,2026-01-06 19:04:02,144.32,2,Heavy Rain,Low,Delivered,25.0
ORD_04679,CUST_0599,REST_087,2026-05-08 14:12:22,336.83,3,Clear,High,Delivered,13.0
ORD_04680,CUST_0020,REST_058,2026-03-07 13:40:56,106.1,3,Rain,High,Delivered,15.0
ORD_04681,CUST_0269,REST_030,2026-03-30 14:27:51,163.56,5,Cloudy,High,Delivered,18.0
ORD_04682,CUST_0333,REST_018,2026-02-24 22:51:04,100.0,4,Cloudy,Medium,Delivered,33.0
ORD_04683,CUST_0555,REST_018,2026-03-09 08:59:49,149.79,3,Rain,Medium,Delivered,37.0
ORD_04684,CUST_0907,REST_074,2026-01-03 13:25:20,100.0,3,Clear,Low,Delivered,14.0
ORD_04685,CUST_0944,REST_039,2026-01-13 12:37:01,273.27,4,Clear,High,Delivered,25.0
ORD_04686,CUST_0911,REST_094,2026-01-01 05:52:59,276.32,2,Cloudy,Low,Delivered,19.0
ORD_04687,CUST_0401,REST_026,2026-02-18 10:41:51,279.02,5,Clear,Medium,Delivered,40.0
ORD_04688,CUST_0950,REST_071,2026-02-24 17:41:23,184.17,5,Clear,Medium,Delivered,30.0
ORD_04689,CUST_0306,REST_007,2026-01-08 13:35:24,111.73,5,Clear,Medium,Delivered,22.0
ORD_04690,CUST_0028,REST_069,2026-02-09 10:02:13,116.72,3,Rain,Medium,Delivered,32.0
ORD_04691,CUST_0467,REST_065,2026-03-29 09:59:10,420.56,2,Clear,Low,Delivered,25.0
ORD_04692,CUST_0260,REST_046,2026-04-22 21:51:23,399.26,5,Clear,Medium,Delivered,23.0
ORD_04693,CUST_0534,REST_018,2026-06-23 11:11:59,193.91,4,Rain,High,Delivered,33.0
ORD_04694,CUST_0982,REST_013,2026-06-11 21:50:13,136.51,5,Rain,High,Delivered,18.0
ORD_04695,CUST_0887,REST_025,2026-05-16 11:14:06,384.81,1,Cloudy,Medium,Cancelled,33.0
ORD_04696,CUST_0101,REST_008,2026-02-27 22:28:23,123.72,2,Cloudy,Medium,Delivered,32.0
ORD_04697,CUST_0551,REST_074,2026-01-07 09:32:46,205.59,1,Clear,Low,Delivered,6.0
ORD_04698,CUST_0802,REST_032,2026-04-25 10:09:35,381.3,2,Clear,Low,Delivered,18.0
ORD_04699,CUST_0353,REST_017,2026-01-12 10:28:48,114.44,6,Clear,Low,Delivered,11.0
ORD_04700,CUST_0300,REST_079,2026-01-04 12:01:16,286.02,4,Rain,Medium,Delivered,30.0
ORD_04701,CUST_0682,REST_079,2026-03-25 12:27:06,241.36,6,Clear,Medium,Delivered,27.0
ORD_04702,CUST_0296,REST_048,2026-02-15 23:11:13,177.37,3,Cloudy,Medium,Delivered,33.0
ORD_04703,CUST_0353,REST_063,2026-03-15 08:22:36,104.96,3,Clear,Low,Delivered,17.0
ORD_04704,CUST_0908,REST_040,2026-06-22 11:13:25,121.7,6,Clear,Medium,Delivered,28.0
ORD_04705,CUST_0130,REST_084,2026-06-19 10:23:57,212.55,2,Cloudy,Low,Delivered,18.0
ORD_04706,CUST_0156,REST_015,2026-05-03 19:57:01,100.0,5,Rain,High,Cancelled,31.0
ORD_04707,CUST_0074,REST_099,2026-03-21 08:40:42,194.79,1,Clear,Low,Delivered,25.0
ORD_04708,CUST_0342,REST_006,2026-06-26 01:44:06,244.1,4,Clear,Medium,Delivered,21.0
ORD_04709,CUST_0465,REST_094,2026-02-18 07:44:49,311.65,5,Clear,Medium,Delivered,25.0
ORD_04710,CUST_0090,REST_063,2026-04-16 09:35:48,100.0,3,Clear,Low,Delivered,19.0
ORD_04711,CUST_0579,REST_008,2026-04-10 01:09:41,373.88,5,Cloudy,Low,Delivered,34.0
ORD_04712,CUST_0455,REST_095,2026-01-14 22:38:27,460.56,6,Clear,Medium,Cancelled,30.0
ORD_04713,CUST_0748,REST_032,2026-06-17 23:51:44,227.14,6,Clear,Low,Delivered,18.0
ORD_04714,CUST_0712,REST_045,2026-05-11 22:26:58,102.42,1,Rain,Medium,Delivered,40.0
ORD_04715,CUST_0980,REST_052,2026-04-14 09:33:19,151.34,3,Cloudy,High,Delivered,28.0
ORD_04716,CUST_0332,REST_079,2026-02-28 20:20:29,176.59,2,Clear,Medium,Delivered,29.0
ORD_04717,CUST_0739,REST_082,2026-02-23 19:22:17,210.35,4,Clear,Medium,Delivered,31.0
ORD_04718,CUST_0977,REST_013,2026-02-26 19:34:52,183.48,6,Clear,High,Delivered,15.0
ORD_04719,CUST_0348,REST_024,2026-04-03 13:49:57,211.59,4,Clear,Medium,Delivered,33.0
ORD_04720,CUST_0233,REST_040,2026-06-18 18:40:03,172.45,3,Cloudy,High,Delivered,23.0
ORD_04721,CUST_0778,REST_014,2026-05-23 00:23:38,209.73,2,Cloudy,Low,Cancelled,29.0
ORD_04722,CUST_0598,REST_092,2026-05-08 13:34:36,140.71,6,Clear,Medium,Delivered,25.0
ORD_04723,CUST_0102,REST_075,2026-03-22 02:03:19,150.51,1,Cloudy,Medium,Delivered,12.0
ORD_04724,CUST_0953,REST_070,2026-05-16 19:51:37,132.05,4,Clear,High,Delivered,16.0
ORD_04725,CUST_0481,REST_062,2026-02-21 15:42:46,520.35,3,Clear,Low,Delivered,21.0
ORD_04726,CUST_0214,REST_089,2026-02-20 12:11:07,405.51,4,Rain,Low,Delivered,19.0
ORD_04727,CUST_0108,REST_061,2026-03-04 06:58:18,246.02,2,Clear,Low,Delivered,34.0
ORD_04728,CUST_0165,REST_001,2026-01-19 05:04:34,375.75,1,Clear,High,Delivered,7.0
ORD_04729,CUST_0973,REST_089,2026-03-20 04:15:10,281.22,2,Rain,Medium,Delivered,17.0
ORD_04730,CUST_0603,REST_066,2026-05-30 01:36:07,200.28,6,Clear,High,Delivered,25.0
ORD_04731,CUST_0704,REST_032,2026-04-21 16:33:23,100.0,5,Clear,Low,Delivered,19.0
ORD_04732,CUST_0335,REST_013,2026-04-29 07:51:13,156.93,2,Cloudy,Low,Cancelled,17.0
ORD_04733,CUST_0086,REST_033,2026-06-22 13:55:06,150.77,2,Cloudy,Low,Cancelled,31.0
ORD_04734,CUST_0734,REST_032,2026-02-15 23:53:56,100.0,4,Rain,Medium,Delivered,19.0
ORD_04735,CUST_0875,REST_056,2026-03-08 03:51:28,100.0,2,Clear,High,Delivered,32.0
ORD_04736,CUST_0424,REST_024,2026-04-10 19:37:00,237.7,3,Clear,Medium,Delivered,35.0
ORD_04737,CUST_0613,REST_091,2026-05-29 10:46:47,216.69,6,Clear,High,Delivered,13.0
ORD_04738,CUST_0738,REST_004,2026-05-12 01:08:45,100.0,4,Cloudy,Low,Delivered,16.0
ORD_04739,CUST_0364,REST_088,2026-02-12 11:07:19,120.27,4,Clear,Medium,Delivered,39.0
ORD_04740,CUST_0060,REST_023,2026-06-28 02:05:22,343.32,5,Cloudy,Medium,Delivered,37.0
ORD_04741,CUST_0482,REST_029,2026-03-18 19:49:52,111.86,6,Clear,Low,Delivered,35.0
ORD_04742,CUST_0250,REST_098,2026-06-26 11:02:43,199.13,3,Clear,Low,Delivered,18.0
ORD_04743,CUST_0560,REST_021,2026-02-25 10:11:04,163.31,6,Clear,Medium,Delivered,22.0
ORD_04744,CUST_0117,REST_030,2026-06-03 00:56:47,239.49,2,Heavy Rain,Low,Delivered,18.0
ORD_04745,CUST_0739,REST_090,2026-03-17 17:11:36,113.2,5,Rain,High,Delivered,33.0
ORD_04746,CUST_0874,REST_020,2026-04-20 17:22:38,190.48,3,Heavy Rain,High,Delivered,25.0
ORD_04747,CUST_0915,REST_016,2026-06-27 17:21:20,198.9,5,Clear,Medium,Delivered,26.0
ORD_04748,CUST_0968,REST_067,2026-04-25 22:59:06,205.74,6,Clear,Medium,Delivered,19.0
ORD_04749,CUST_0999,REST_049,2026-04-19 05:29:02,189.33,1,Clear,Low,Delivered,32.0
ORD_04750,CUST_0545,REST_058,2026-03-09 16:45:51,219.1,6,Cloudy,Low,Delivered,19.0
ORD_04751,CUST_0044,REST_044,2026-05-18 01:31:43,605.15,2,Clear,High,Delivered,26.0
ORD_04752,CUST_0509,REST_025,2026-03-18 23:54:23,741.53,5,Clear,Medium,Delivered,27.0
ORD_04753,CUST_0988,REST_023,2026-04-04 22:52:06,127.54,1,Clear,Medium,Delivered,37.0
ORD_04754,CUST_0165,REST_059,2026-04-18 08:24:37,100.0,2,Clear,High,Delivered,40.0
ORD_04755,CUST_0368,REST_001,2026-06-13 04:25:01,251.52,5,Clear,Medium,Delivered,9.0
ORD_04756,CUST_0857,REST_097,2026-04-22 17:41:10,200.83,5,Clear,Low,Delivered,17.0
ORD_04757,CUST_0292,REST_015,2026-02-07 04:26:46,324.92,6,Clear,High,Delivered,31.0
ORD_04758,CUST_0849,REST_081,2026-03-25 04:00:55,212.02,5,Clear,Medium,Delivered,21.0
ORD_04759,CUST_0856,REST_098,2026-05-09 05:13:19,187.21,5,Cloudy,High,Delivered,20.0
ORD_04760,CUST_0917,REST_081,2026-01-11 08:48:39,337.28,4,Cloudy,Medium,Delivered,23.0
ORD_04761,CUST_0898,REST_052,2026-02-20 05:04:41,364.25,5,Clear,Low,Delivered,28.0
ORD_04762,CUST_0799,REST_058,2026-03-14 19:20:13,100.0,6,Rain,Low,Delivered,18.0
ORD_04763,CUST_0876,REST_041,2026-03-08 15:07:54,115.68,4,Clear,Medium,Delivered,34.0
ORD_04764,CUST_0737,REST_044,2026-03-12 00:48:33,171.04,4,Clear,Medium,Delivered,19.0
ORD_04765,CUST_0286,REST_004,2026-03-28 03:42:03,191.36,1,Cloudy,Medium,Delivered,18.0
ORD_04766,CUST_0204,REST_077,2026-05-04 21:18:51,160.09,2,Heavy Rain,Medium,Delivered,15.0
ORD_04767,CUST_0684,REST_068,2026-02-14 11:14:03,230.17,4,Cloudy,Medium,Delivered,25.0
ORD_04768,CUST_0524,REST_007,2026-02-08 18:16:19,313.52,3,Clear,Low,Delivered,23.0
ORD_04769,CUST_0819,REST_046,2026-06-26 12:53:07,467.54,4,Cloudy,Medium,Delivered,13.0
ORD_04770,CUST_0121,REST_009,2026-05-01 02:58:52,249.24,3,Clear,Low,Delivered,20.0
ORD_04771,CUST_0945,REST_087,2026-02-21 17:01:34,113.43,1,Clear,Medium,Delivered,9.0
ORD_04772,CUST_0756,REST_033,2026-04-11 03:40:10,167.16,3,Clear,Medium,Delivered,26.0
ORD_04773,CUST_0664,REST_033,2026-01-19 03:28:57,173.91,1,Cloudy,Low,Delivered,27.0
ORD_04774,CUST_0664,REST_084,2026-04-22 10:06:03,240.58,1,Clear,Medium,Delivered,15.0
ORD_04775,CUST_0188,REST_004,2026-01-13 04:56:44,224.41,1,Cloudy,Medium,Delivered,13.0
ORD_04776,CUST_0907,REST_065,2026-01-15 20:29:59,559.88,3,Cloudy,Low,Delivered,21.0
ORD_04777,CUST_0013,REST_034,2026-01-28 21:46:37,140.63,3,Clear,High,Delivered,16.0
ORD_04778,CUST_0603,REST_091,2026-01-25 05:51:56,223.99,1,Rain,Low,Delivered,16.0
ORD_04779,CUST_0200,REST_085,2026-05-05 00:58:04,661.88,1,Cloudy,Medium,Delivered,19.0
ORD_04780,CUST_0586,REST_088,2026-03-22 11:25:22,131.39,2,Clear,Low,Delivered,36.0
ORD_04781,CUST_0768,REST_079,2026-05-12 16:45:47,196.34,1,Clear,High,Delivered,24.0
ORD_04782,CUST_0456,REST_099,2026-06-25 16:34:36,107.8,5,Cloudy,High,Delivered,34.0
ORD_04783,CUST_0448,REST_064,2026-04-17 12:18:38,189.64,2,Clear,Medium,Delivered,15.0
ORD_04784,CUST_0788,REST_025,2026-01-11 03:34:36,118.02,2,Rain,High,Delivered,27.0
ORD_04785,CUST_0840,REST_055,2026-04-11 06:25:15,322.38,2,Clear,Low,Delivered,40.0
ORD_04786,CUST_0841,REST_009,2026-04-27 23:23:30,196.57,5,Clear,Low,Delivered,21.0
ORD_04787,CUST_0071,REST_017,2026-06-20 15:31:08,108.37,2,Rain,Medium,Delivered,10.0
ORD_04788,CUST_0590,REST_021,2026-03-04 00:08:33,287.81,2,Heavy Rain,Medium,Delivered,18.0
ORD_04789,CUST_0796,REST_060,2026-01-25 20:01:36,200.1,3,Clear,Medium,Delivered,16.0
ORD_04790,CUST_0130,REST_013,2026-04-06 04:38:31,306.14,6,Cloudy,Medium,Delivered,17.0
ORD_04791,CUST_0889,REST_003,2026-02-06 09:51:57,100.0,3,Clear,Medium,Delivered,11.0
ORD_04792,CUST_0043,REST_068,2026-02-27 18:48:08,222.04,1,Cloudy,Medium,Delivered,24.0
ORD_04793,CUST_0520,REST_004,2026-06-10 16:27:36,277.37,1,Rain,Low,Cancelled,14.0
ORD_04794,CUST_0013,REST_092,2026-04-20 07:31:06,143.62,4,Clear,Low,Delivered,20.0
ORD_04795,CUST_0725,REST_007,2026-06-29 04:52:55,100.0,6,Clear,Medium,Delivered,21.0
ORD_04796,CUST_0623,REST_026,2026-02-15 10:41:56,177.17,5,Clear,Medium,Delivered,35.0
ORD_04797,CUST_0988,REST_075,2026-05-12 21:20:48,356.19,3,Clear,Low,Delivered,9.0
ORD_04798,CUST_0803,REST_024,2026-03-20 09:52:40,336.72,1,Clear,Low,Delivered,32.0
ORD_04799,CUST_0535,REST_010,2026-01-19 05:07:43,143.22,5,Rain,Medium,Delivered,34.0
ORD_04800,CUST_0302,REST_013,2026-02-05 22:39:33,100.0,2,Clear,Low,Delivered,15.0
ORD_04801,CUST_0766,REST_044,2026-04-03 10:20:11,143.0,5,Clear,High,Delivered,17.0
ORD_04802,CUST_0527,REST_039,2026-05-31 07:14:22,140.1,3,Rain,Low,Delivered,22.0
ORD_04803,CUST_0642,REST_019,2026-06-11 11:19:50,231.72,6,Clear,Low,Delivered,26.0
ORD_04804,CUST_0573,REST_051,2026-01-16 20:32:23,171.1,4,Clear,Medium,Delivered,18.0
ORD_04805,CUST_0115,REST_019,2026-05-10 22:15:40,119.79,3,Clear,High,Delivered,26.0
ORD_04806,CUST_0460,REST_076,2026-05-18 00:20:36,332.73,6,Cloudy,Medium,Delivered,20.0
ORD_04807,CUST_0832,REST_052,2026-02-23 05:03:49,195.83,1,Clear,Medium,Delivered,25.0
ORD_04808,CUST_0505,REST_086,2026-03-03 17:45:47,230.32,1,Rain,Low,Delivered,41.0
ORD_04809,CUST_0308,REST_047,2026-02-16 19:01:19,100.0,5,Clear,Medium,Delivered,33.0
ORD_04810,CUST_0932,REST_030,2026-01-08 03:01:32,100.0,3,Cloudy,Low,Delivered,27.0
ORD_04811,CUST_0963,REST_046,2026-01-21 15:21:58,100.0,1,Cloudy,Medium,Delivered,22.0
ORD_04812,CUST_0325,REST_076,2026-05-17 00:46:41,139.17,2,Cloudy,Medium,Delivered,15.0
ORD_04813,CUST_0579,REST_093,2026-03-07 13:21:49,248.89,2,Clear,Low,Delivered,19.0
ORD_04814,CUST_0761,REST_021,2026-01-02 04:36:58,100.0,4,Clear,Low,Delivered,23.0
ORD_04815,CUST_0175,REST_075,2026-05-28 10:00:59,435.31,5,Rain,High,Cancelled,12.0
ORD_04816,CUST_0851,REST_048,2026-04-10 15:38:53,199.1,1,Clear,Medium,Cancelled,37.0
ORD_04817,CUST_0514,REST_062,2026-04-02 03:42:08,383.05,4,Clear,High,Delivered,17.0
ORD_04818,CUST_0172,REST_058,2026-02-18 22:58:31,111.35,2,Cloudy,Low,Delivered,22.0
ORD_04819,CUST_0997,REST_018,2026-04-08 19:18:12,239.16,4,Rain,Medium,Delivered,35.0
ORD_04820,CUST_0960,REST_059,2026-05-19 11:17:13,189.97,4,Clear,Low,Delivered,31.0
ORD_04821,CUST_0502,REST_091,2026-04-29 15:29:02,284.21,1,Cloudy,Low,Cancelled,19.0
ORD_04822,CUST_0977,REST_048,2026-01-07 05:24:49,159.4,1,Cloudy,Medium,Delivered,30.0
ORD_04823,CUST_0334,REST_063,2026-01-20 15:30:58,235.16,1,Clear,High,Delivered,16.0
ORD_04824,CUST_0284,REST_012,2026-02-03 09:18:39,332.36,5,Cloudy,Medium,Delivered,20.0
ORD_04825,CUST_0475,REST_087,2026-06-15 14:53:09,126.7,4,Rain,High,Delivered,16.0
ORD_04826,CUST_0054,REST_034,2026-04-02 03:50:33,207.11,4,Heavy Rain,Medium,Delivered,12.0
ORD_04827,CUST_0458,REST_061,2026-03-02 19:09:41,100.0,5,Clear,Medium,Delivered,36.0
ORD_04828,CUST_0579,REST_087,2026-04-21 23:01:27,266.77,2,Cloudy,High,Delivered,18.0
ORD_04829,CUST_0420,REST_053,2026-03-23 05:41:40,531.16,3,Clear,Medium,Delivered,24.0
ORD_04830,CUST_0614,REST_025,2026-04-27 11:38:12,100.0,2,Clear,Medium,Delivered,32.0
ORD_04831,CUST_0632,REST_062,2026-01-18 02:44:22,172.39,5,Cloudy,Medium,Delivered,17.0
ORD_04832,CUST_0703,REST_004,2026-03-22 23:16:41,294.2,4,Clear,Medium,Delivered,15.0
ORD_04833,CUST_0409,REST_094,2026-04-12 22:57:19,184.43,4,Clear,High,Delivered,16.0
ORD_04834,CUST_0982,REST_094,2026-06-14 13:24:46,198.5,1,Clear,Low,Delivered,24.0
ORD_04835,CUST_0304,REST_013,2026-04-07 23:25:56,146.2,1,Clear,Low,Delivered,9.0
ORD_04836,CUST_0935,REST_042,2026-06-28 16:23:59,143.24,4,Clear,High,Delivered,27.0
ORD_04837,CUST_0559,REST_049,2026-03-15 00:57:51,172.83,4,Clear,High,Delivered,25.0
ORD_04838,CUST_0222,REST_078,2026-06-16 09:52:46,185.47,6,Cloudy,Medium,Delivered,31.0
ORD_04839,CUST_0533,REST_056,2026-04-15 20:06:32,100.0,1,Clear,Low,Delivered,34.0
ORD_04840,CUST_0158,REST_047,2026-01-01 21:22:29,174.81,1,Cloudy,Medium,Delivered,34.0
ORD_04841,CUST_0348,REST_008,2026-05-12 09:54:07,429.53,2,Rain,Low,Delivered,31.0
ORD_04842,CUST_0159,REST_055,2026-04-19 16:38:14,143.95,4,Clear,Medium,Delivered,38.0
ORD_04843,CUST_0889,REST_088,2026-02-02 09:13:15,100.0,4,Cloudy,Low,Delivered,29.0
ORD_04844,CUST_0884,REST_018,2026-06-05 23:13:43,166.79,5,Cloudy,Medium,Delivered,32.0
ORD_04845,CUST_0922,REST_035,2026-01-25 02:50:20,122.36,2,Cloudy,Low,Delivered,25.0
ORD_04846,CUST_0235,REST_089,2026-01-09 17:08:52,100.0,3,Clear,Medium,Cancelled,17.0
ORD_04847,CUST_0662,REST_081,2026-03-29 09:01:01,195.69,3,Cloudy,Medium,Delivered,27.0
ORD_04848,CUST_0405,REST_032,2026-04-24 21:35:11,122.65,3,Clear,Medium,Delivered,21.0
ORD_04849,CUST_0257,REST_024,2026-06-27 09:17:30,128.56,6,Clear,Low,Delivered,37.0
ORD_04850,CUST_0677,REST_007,2026-02-17 06:12:35,197.23,1,Cloudy,Low,Delivered,25.0
ORD_04851,CUST_0589,REST_013,2026-02-14 02:47:26,100.0,3,Clear,Medium,Delivered,17.0
ORD_04852,CUST_0597,REST_091,2026-04-25 21:49:31,100.0,5,Cloudy,Medium,Delivered,11.0
ORD_04853,CUST_0558,REST_069,2026-03-20 19:19:07,262.17,1,Cloudy,Medium,Delivered,28.0
ORD_04854,CUST_0905,REST_100,2026-04-02 01:01:13,100.0,1,Rain,Low,Delivered,28.0
ORD_04855,CUST_0913,REST_090,2026-03-19 16:08:40,105.94,3,Clear,Medium,Delivered,31.0
ORD_04856,CUST_0047,REST_042,2026-04-23 12:43:14,100.0,1,Heavy Rain,Medium,Delivered,30.0
ORD_04857,CUST_0213,REST_031,2026-04-14 21:44:11,138.74,2,Cloudy,Medium,Delivered,35.0
ORD_04858,CUST_0479,REST_074,2026-05-03 02:12:35,229.39,2,Clear,Medium,Delivered,5.0
ORD_04859,CUST_0487,REST_026,2026-01-24 15:10:36,192.83,3,Clear,High,Delivered,39.0
ORD_04860,CUST_0571,REST_086,2026-03-29 10:31:18,675.55,5,Cloudy,High,Delivered,38.0
ORD_04861,CUST_0566,REST_076,2026-01-20 02:39:01,329.57,1,Rain,High,Cancelled,12.0
ORD_04862,CUST_0342,REST_032,2026-05-07 17:29:13,108.62,4,Cloudy,Medium,Cancelled,23.0
ORD_04863,CUST_0524,REST_091,2026-06-15 00:35:21,100.0,3,Cloudy,High,Delivered,10.0
ORD_04864,CUST_0704,REST_097,2026-04-24 08:57:19,803.26,6,Clear,Low,Delivered,19.0
ORD_04865,CUST_0503,REST_052,2026-03-09 12:09:30,325.19,1,Clear,Medium,Delivered,26.0
ORD_04866,CUST_0006,REST_020,2026-06-19 00:26:08,250.67,3,Clear,Medium,Delivered,19.0
ORD_04867,CUST_0821,REST_040,2026-04-23 04:13:03,188.89,3,Cloudy,Medium,Delivered,33.0
ORD_04868,CUST_0144,REST_059,2026-01-17 14:27:47,210.7,5,Clear,Medium,Delivered,38.0
ORD_04869,CUST_0858,REST_077,2026-01-15 03:16:21,100.0,4,Clear,Low,Delivered,13.0
ORD_04870,CUST_0261,REST_014,2026-05-20 17:37:22,197.63,1,Clear,High,Delivered,31.0
ORD_04871,CUST_0585,REST_044,2026-06-22 20:29:18,188.51,3,Rain,Medium,Delivered,17.0
ORD_04872,CUST_0686,REST_086,2026-05-02 20:18:25,110.25,3,Cloudy,High,Delivered,36.0
ORD_04873,CUST_0232,REST_082,2026-02-02 22:32:09,134.8,1,Clear,Low,Delivered,38.0
ORD_04874,CUST_0270,REST_048,2026-02-02 11:31:39,417.11,3,Rain,Medium,Delivered,34.0
ORD_04875,CUST_0940,REST_093,2026-04-18 02:52:43,169.21,3,Clear,Medium,Delivered,19.0
ORD_04876,CUST_0447,REST_043,2026-06-03 19:45:07,566.31,3,Clear,Medium,Delivered,22.0
ORD_04877,CUST_0874,REST_016,2026-03-18 20:50:04,100.0,2,Clear,Medium,Delivered,29.0
ORD_04878,CUST_0222,REST_035,2026-05-13 17:54:08,136.02,2,Clear,Low,Delivered,29.0
ORD_04879,CUST_0052,REST_053,2026-06-06 20:41:18,100.0,4,Clear,Low,Delivered,20.0
ORD_04880,CUST_0116,REST_034,2026-05-19 11:35:05,100.0,5,Cloudy,Medium,Delivered,21.0
ORD_04881,CUST_0538,REST_003,2026-03-14 17:52:49,114.95,1,Cloudy,Medium,Delivered,9.0
ORD_04882,CUST_0565,REST_068,2026-03-19 03:17:35,215.6,5,Cloudy,Low,Delivered,25.0
ORD_04883,CUST_0877,REST_005,2026-02-05 17:51:40,209.93,5,Cloudy,Medium,Delivered,34.0
ORD_04884,CUST_0541,REST_010,2026-04-09 11:15:05,124.76,2,Rain,Medium,Delivered,31.0
ORD_04885,CUST_0019,REST_052,2026-01-13 16:41:18,100.0,4,Clear,Medium,Delivered,23.0
ORD_04886,CUST_0815,REST_029,2026-06-15 06:12:17,408.6,5,Cloudy,Low,Delivered,35.0
ORD_04887,CUST_0392,REST_096,2026-04-28 16:52:03,154.91,5,Cloudy,Medium,Delivered,26.0
ORD_04888,CUST_0791,REST_031,2026-05-19 07:26:27,100.0,3,Rain,Medium,Delivered,27.0
ORD_04889,CUST_0629,REST_066,2026-06-26 15:28:00,210.86,1,Clear,Medium,Delivered,28.0
ORD_04890,CUST_0618,REST_076,2026-03-12 22:11:50,202.85,4,Clear,High,Delivered,16.0
ORD_04891,CUST_0419,REST_091,2026-04-17 04:57:58,151.79,1,Cloudy,Medium,Delivered,19.0
ORD_04892,CUST_0991,REST_069,2026-03-05 03:13:29,196.7,2,Cloudy,Medium,Delivered,33.0
ORD_04893,CUST_0309,REST_037,2026-05-24 13:06:18,100.0,5,Clear,Low,Delivered,20.0
ORD_04894,CUST_0739,REST_027,2026-05-16 04:00:57,275.32,5,Cloudy,Medium,Cancelled,25.0
ORD_04895,CUST_0864,REST_087,2026-06-02 08:46:33,104.77,6,Clear,Low,Delivered,16.0
ORD_04896,CUST_0186,REST_033,2026-04-03 22:49:36,129.92,1,Heavy Rain,High,Delivered,24.0
ORD_04897,CUST_0261,REST_068,2026-05-18 07:18:34,259.0,2,Clear,High,Delivered,18.0
ORD_04898,CUST_0528,REST_059,2026-02-12 15:31:35,351.49,6,Clear,Medium,Delivered,31.0
ORD_04899,CUST_0273,REST_064,2026-02-09 20:12:57,433.62,6,Clear,Low,Delivered,16.0
ORD_04900,CUST_0160,REST_085,2026-01-16 18:21:01,323.98,3,Clear,Low,Delivered,13.0
ORD_04901,CUST_0870,REST_088,2026-06-01 08:33:17,151.68,6,Clear,High,Delivered,34.0
ORD_04902,CUST_0762,REST_044,2026-01-07 15:37:42,100.0,6,Cloudy,High,Delivered,23.0
ORD_04903,CUST_0224,REST_095,2026-02-28 04:35:34,392.6,3,Rain,Low,Delivered,33.0
ORD_04904,CUST_0256,REST_088,2026-03-26 07:52:10,385.25,5,Clear,Medium,Delivered,34.0
ORD_04905,CUST_0180,REST_049,2026-03-29 02:46:45,125.26,5,Cloudy,Low,Delivered,23.0
ORD_04906,CUST_0020,REST_053,2026-06-21 22:39:55,300.86,4,Clear,Low,Delivered,24.0
ORD_04907,CUST_0624,REST_074,2026-02-24 23:56:10,151.0,6,Clear,Low,Delivered,12.0
ORD_04908,CUST_0632,REST_049,2026-03-25 18:08:55,413.93,1,Clear,Medium,Delivered,24.0
ORD_04909,CUST_0706,REST_066,2026-01-17 21:52:01,136.57,5,Clear,Low,Delivered,23.0
ORD_04910,CUST_0468,REST_095,2026-02-11 14:56:38,538.22,2,Cloudy,Low,Delivered,29.0
ORD_04911,CUST_0623,REST_063,2026-03-05 09:24:02,279.32,1,Clear,Low,Delivered,12.0
ORD_04912,CUST_0210,REST_025,2026-03-19 02:16:13,487.19,4,Rain,Medium,Delivered,28.0
ORD_04913,CUST_0513,REST_004,2026-06-13 15:49:38,140.46,6,Cloudy,Medium,Delivered,19.0
ORD_04914,CUST_0058,REST_051,2026-03-17 07:22:37,226.5,3,Cloudy,Low,Delivered,20.0
ORD_04915,CUST_0093,REST_011,2026-05-04 21:23:18,106.37,4,Rain,High,Delivered,21.0
ORD_04916,CUST_0221,REST_017,2026-01-20 09:50:03,288.36,1,Rain,Low,Cancelled,11.0
ORD_04917,CUST_0723,REST_066,2026-03-03 20:12:50,297.22,3,Cloudy,Medium,Delivered,27.0
ORD_04918,CUST_0940,REST_070,2026-04-19 13:29:34,677.47,2,Clear,Low,Delivered,13.0
ORD_04919,CUST_0232,REST_073,2026-03-08 11:24:30,236.3,3,Clear,Low,Delivered,32.0
ORD_04920,CUST_0774,REST_069,2026-03-27 15:16:23,269.95,3,Cloudy,Low,Delivered,29.0
ORD_04921,CUST_0364,REST_084,2026-05-23 09:39:08,139.92,2,Cloudy,Low,Delivered,20.0
ORD_04922,CUST_0615,REST_029,2026-05-19 10:58:43,244.14,5,Rain,High,Delivered,35.0
ORD_04923,CUST_0562,REST_085,2026-01-08 16:20:22,147.09,5,Clear,Medium,Delivered,11.0
ORD_04924,CUST_0374,REST_073,2026-05-25 14:51:50,193.2,3,Clear,High,Delivered,38.0
ORD_04925,CUST_0622,REST_092,2026-01-27 00:43:29,199.53,3,Clear,Low,Delivered,23.0
ORD_04926,CUST_0456,REST_072,2026-06-17 16:05:51,149.34,4,Rain,Medium,Cancelled,17.0
ORD_04927,CUST_0088,REST_095,2026-02-22 12:27:51,187.66,5,Clear,Low,Delivered,29.0
ORD_04928,CUST_0020,REST_020,2026-04-26 05:00:41,147.46,2,Clear,Medium,Delivered,17.0
ORD_04929,CUST_0014,REST_027,2026-05-08 23:01:31,147.11,6,Clear,High,Delivered,33.0
ORD_04930,CUST_0133,REST_008,2026-01-15 10:28:25,327.72,6,Clear,High,Delivered,34.0
ORD_04931,CUST_0937,REST_085,2026-04-26 08:04:14,199.63,3,Clear,Low,Delivered,16.0
ORD_04932,CUST_0808,REST_061,2026-04-03 07:51:41,219.4,3,Cloudy,Medium,Delivered,36.0
ORD_04933,CUST_0034,REST_028,2026-05-01 04:42:48,100.0,6,Clear,Low,Delivered,28.0
ORD_04934,CUST_0892,REST_087,2026-06-16 17:35:33,228.81,4,Cloudy,Low,Delivered,13.0
ORD_04935,CUST_0208,REST_070,2026-02-17 12:30:21,242.68,4,Heavy Rain,Low,Delivered,12.0
ORD_04936,CUST_0813,REST_003,2026-01-08 06:31:32,145.61,4,Heavy Rain,Low,Cancelled,16.0
ORD_04937,CUST_0199,REST_069,2026-01-31 19:17:20,570.64,1,Cloudy,Medium,Delivered,28.0
ORD_04938,CUST_0592,REST_073,2026-04-15 08:18:08,100.0,2,Cloudy,Medium,Delivered,32.0
ORD_04939,CUST_0583,REST_007,2026-03-20 11:51:20,279.05,1,Clear,Medium,Delivered,21.0
ORD_04940,CUST_0155,REST_060,2026-02-06 10:06:53,268.28,3,Heavy Rain,High,Delivered,20.0
ORD_04941,CUST_0590,REST_004,2026-03-02 02:33:55,244.17,4,Clear,Low,Delivered,13.0
ORD_04942,CUST_0078,REST_005,2026-05-25 07:10:40,199.72,4,Clear,Low,Delivered,35.0
ORD_04943,CUST_0172,REST_011,2026-02-04 12:12:58,245.4,6,Clear,Medium,Delivered,18.0
ORD_04944,CUST_0289,REST_015,2026-06-13 00:21:45,292.22,6,Clear,Medium,Delivered,32.0
ORD_04945,CUST_0545,REST_064,2026-05-28 20:48:43,121.6,4,Clear,Low,Delivered,9.0
ORD_04946,CUST_0812,REST_098,2026-03-08 16:37:22,213.7,5,Cloudy,High,Delivered,24.0
ORD_04947,CUST_0788,REST_013,2026-03-23 06:16:37,163.89,6,Cloudy,Medium,Delivered,12.0
ORD_04948,CUST_0879,REST_007,2026-04-30 16:28:45,100.0,2,Cloudy,Medium,Delivered,22.0
ORD_04949,CUST_0420,REST_006,2026-06-05 23:27:38,268.93,1,Clear,Medium,Delivered,16.0
ORD_04950,CUST_0007,REST_056,2026-03-31 23:40:44,132.9,2,Rain,Medium,Delivered,36.0
ORD_04951,CUST_0160,REST_064,2026-02-12 07:33:00,100.0,6,Clear,Medium,Delivered,7.0
ORD_04952,CUST_0240,REST_050,2026-06-29 19:48:26,134.76,4,Clear,Medium,Delivered,21.0
ORD_04953,CUST_0963,REST_030,2026-03-20 06:52:55,116.82,3,Cloudy,Low,Delivered,23.0
ORD_04954,CUST_0423,REST_022,2026-05-10 13:15:08,319.15,5,Rain,High,Delivered,25.0
ORD_04955,CUST_0989,REST_025,2026-04-27 22:30:57,197.21,6,Clear,Medium,Delivered,32.0
ORD_04956,CUST_0536,REST_028,2026-03-15 19:02:05,387.73,2,Cloudy,Medium,Delivered,24.0
ORD_04957,CUST_0726,REST_084,2026-02-15 16:14:52,125.64,3,Cloudy,Medium,Delivered,17.0
ORD_04958,CUST_0070,REST_039,2026-05-27 06:30:07,293.18,6,Rain,Medium,Delivered,24.0
ORD_04959,CUST_0880,REST_067,2026-05-05 02:26:41,864.19,4,Clear,Low,Delivered,19.0
ORD_04960,CUST_0216,REST_005,2026-01-05 14:55:19,220.48,4,Clear,High,Delivered,32.0
ORD_04961,CUST_0104,REST_065,2026-06-28 23:36:22,291.17,4,Clear,Medium,Delivered,23.0
ORD_04962,CUST_0727,REST_015,2026-01-11 12:21:18,265.45,4,Clear,Low,Delivered,31.0
ORD_04963,CUST_0054,REST_090,2026-04-06 18:10:36,100.0,6,Clear,Low,Delivered,38.0
ORD_04964,CUST_0806,REST_067,2026-04-07 05:59:11,250.18,5,Heavy Rain,High,Delivered,18.0
ORD_04965,CUST_0330,REST_040,2026-03-30 18:29:03,214.55,5,Clear,High,Delivered,29.0
ORD_04966,CUST_0848,REST_098,2026-05-30 09:29:29,157.14,2,Rain,Medium,Delivered,22.0
ORD_04967,CUST_0203,REST_069,2026-02-21 00:35:45,111.47,6,Clear,Medium,Delivered,27.0
ORD_04968,CUST_0288,REST_095,2026-02-25 07:00:31,265.52,4,Rain,High,Delivered,23.0
ORD_04969,CUST_0045,REST_077,2026-01-18 17:08:40,106.18,5,Cloudy,Low,Cancelled,20.0
ORD_04970,CUST_0829,REST_043,2026-03-14 06:57:40,586.11,6,Clear,Medium,Delivered,20.0
ORD_04971,CUST_0198,REST_001,2026-02-15 05:31:51,193.02,3,Cloudy,Medium,Delivered,8.0
ORD_04972,CUST_0216,REST_022,2026-02-17 03:10:20,100.0,5,Clear,Medium,Delivered,23.0
ORD_04973,CUST_0481,REST_062,2026-06-12 00:07:15,136.63,5,Clear,Low,Delivered,20.0
ORD_04974,CUST_0309,REST_079,2026-03-26 21:25:01,155.56,2,Clear,Medium,Delivered,27.0
ORD_04975,CUST_0896,REST_026,2026-01-26 04:20:40,683.21,5,Clear,Medium,Delivered,37.0
ORD_04976,CUST_0435,REST_018,2026-02-10 12:26:17,111.44,3,Cloudy,High,Delivered,41.0
ORD_04977,CUST_0332,REST_048,2026-05-08 02:06:14,170.05,4,Rain,Medium,Delivered,33.0
ORD_04978,CUST_0696,REST_009,2026-02-21 14:43:45,134.85,1,Clear,High,Delivered,21.0
ORD_04979,CUST_0027,REST_001,2026-06-30 08:22:26,238.55,2,Rain,High,Delivered,7.0
ORD_04980,CUST_0166,REST_009,2026-05-17 05:17:17,136.04,3,Rain,Medium,Delivered,19.0
ORD_04981,CUST_0318,REST_023,2026-02-10 01:48:33,100.0,2,Clear,Low,Delivered,38.0
ORD_04982,CUST_0274,REST_045,2026-01-29 20:07:16,162.81,6,Clear,Medium,Delivered,33.0
ORD_04983,CUST_0383,REST_002,2026-02-28 23:20:01,153.75,4,Clear,High,Delivered,41.0
ORD_04984,CUST_0365,REST_014,2026-01-19 20:01:35,130.88,5,Cloudy,Low,Delivered,32.0
ORD_04985,CUST_0103,REST_038,2026-06-10 23:59:48,134.78,6,Clear,Medium,Delivered,30.0
ORD_04986,CUST_0960,REST_040,2026-01-20 23:05:00,347.78,5,Clear,Low,Delivered,30.0
ORD_04987,CUST_0503,REST_063,2026-05-28 20:18:16,152.04,3,Cloudy,Low,Delivered,16.0
ORD_04988,CUST_0845,REST_082,2026-02-17 11:53:37,100.0,4,Cloudy,Medium,Delivered,33.0
ORD_04989,CUST_0373,REST_016,2026-05-10 02:55:52,140.59,1,Clear,Medium,Delivered,32.0
ORD_04990,CUST_0616,REST_093,2026-04-28 21:52:38,186.77,1,Rain,Medium,Delivered,20.0
ORD_04991,CUST_0926,REST_075,2026-05-22 14:43:18,100.0,5,Cloudy,High,Delivered,12.0
ORD_04992,CUST_0245,REST_006,2026-05-22 05:19:41,443.32,6,Clear,Low,Delivered,16.0
ORD_04993,CUST_0817,REST_003,2026-06-16 23:41:56,292.12,4,Cloudy,Low,Delivered,15.0
ORD_04994,CUST_0169,REST_014,2026-06-18 02:01:43,398.06,4,Clear,High,Delivered,23.0
ORD_04995,CUST_0628,REST_066,2026-03-09 16:29:42,224.9,3,Clear,Medium,Delivered,26.0
ORD_04996,CUST_0653,REST_096,2026-02-02 05:30:29,100.0,6,Clear,Low,Delivered,27.0
ORD_04997,CUST_0418,REST_095,2026-03-25 16:15:13,421.76,1,Clear,Medium,Delivered,26.0
ORD_04998,CUST_0356,REST_075,2026-03-05 22:49:09,112.73,3,Clear,High,Cancelled,7.0
ORD_04999,CUST_0478,REST_086,2026-03-31 14:04:29,117.9,2,Clear,Medium,Delivered,42.0
ORD_05000,CUST_0125,REST_067,2026-02-24 00:44:01,197.55,4,Cloudy,High,Delivered,13.0
